Subject,Predicate,Object,SourceName,SourceChapter,SourceType
肥大性脊椎炎,疾病表现症状,腰部沉重冷痛,万友生医生病例集,例2,现代临床
肥大性脊椎炎,疾病表现症状,不能转侧俯仰,万友生医生病例集,例2,现代临床
肥大性脊椎炎,疾病表现症状,形寒,万友生医生病例集,例2,现代临床
肥大性脊椎炎,疾病表现症状,不渴,万友生医生病例集,例2,现代临床
肥大性脊椎炎,疾病表现症状,小便清利,万友生医生病例集,例2,现代临床
肥大性脊椎炎,疾病导致舌象,舌体胖润,万友生医生病例集,例2,现代临床
肥大性脊椎炎,疾病导致脉象,脉象沉细,万友生医生病例集,例2,现代临床
甘姜苓术汤加附桂,证候采用方剂,腰部沉重冷痛,万友生医生病例集,例2,现代临床
甘姜苓术汤加附桂,方剂组成药材,熟附子,万友生医生病例集,例2,现代临床
甘姜苓术汤加附桂,方剂组成药材,肉桂,万友生医生病例集,例2,现代临床
甘姜苓术汤加附桂,方剂组成药材,干姜,万友生医生病例集,例2,现代临床
甘姜苓术汤加附桂,方剂组成药材,白术,万友生医生病例集,例2,现代临床
甘姜苓术汤加附桂,方剂组成药材,云苓,万友生医生病例集,例2,现代临床
甘姜苓术汤加附桂,方剂组成药材,炙甘草,万友生医生病例集,例2,现代临床
寒湿着于肾之外府,证候导致舌象,舌体胖润,万友生医生病例集,例2,现代临床
寒湿着于肾之外府,证候导致脉象,脉象沉细,万友生医生病例集,例2,现代临床
肾之中脏阳虚之症,证候导致舌象,舌体胖润,万友生医生病例集,例2,现代临床
肾之中脏阳虚之症,证候导致脉象,脉象沉细,万友生医生病例集,例2,现代临床
右胫腓骨硬化性骨炎,疾病表现症状,患处隆起,万友生医生病例集,例2,现代临床
右胫腓骨硬化性骨炎,疾病表现症状,疼痛酸胀,万友生医生病例集,例2,现代临床
右胫腓骨硬化性骨炎,疾病表现症状,日轻夜重,万友生医生病例集,例2,现代临床
右胫腓骨硬化性骨炎,疾病表现症状,难以入寐,万友生医生病例集,例2,现代临床
右胫腓骨硬化性骨炎,疾病表现症状,痛引左膝关节,万友生医生病例集,例2,现代临床
右胫腓骨硬化性骨炎,疾病表现症状,手冷,万友生医生病例集,例2,现代临床
右胫腓骨硬化性骨炎,疾病表现症状,肌瘦,万友生医生病例集,例2,现代临床
右胫腓骨硬化性骨炎,疾病导致舌象,舌苔稍呈灰白色,万友生医生病例集,例2,现代临床
右胫腓骨硬化性骨炎,疾病导致脉象,脉弦细缓,万友生医生病例集,例2,现代临床
当归四逆汤加鹿茸,证候采用方剂,寒凝血脉,万友生医生病例集,例2,现代临床
当归四逆汤加鹿茸,方剂组成药材,当归,万友生医生病例集,例2,现代临床
当归四逆汤加鹿茸,方剂组成药材,桂枝,万友生医生病例集,例2,现代临床
当归四逆汤加鹿茸,方剂组成药材,赤白芍,万友生医生病例集,例2,现代临床
当归四逆汤加鹿茸,方剂组成药材,细辛,万友生医生病例集,例2,现代临床
当归四逆汤加鹿茸,方剂组成药材,炙甘草,万友生医生病例集,例2,现代临床
当归四逆汤加鹿茸,方剂组成药材,木通,万友生医生病例集,例2,现代临床
当归四逆汤加鹿茸,方剂组成药材,红枣,万友生医生病例集,例2,现代临床
当归四逆汤加鹿茸,方剂组成药材,鹿茸,万友生医生病例集,例2,现代临床
寒凝血脉,证候导致舌象,舌苔稍呈灰白色,万友生医生病例集,例2,现代临床
寒凝血脉,证候导致脉象,脉弦细缓,万友生医生病例集,例2,现代临床
肝肾阳虚,证候导致舌象,舌苔稍呈灰白色,万友生医生病例集,例2,现代临床
肝肾阳虚,证候导致脉象,脉弦细缓,万友生医生病例集,例2,现代临床
桂枝汤加味,证候采用方剂,外伤之痛症,万友生医生病例集,例2,现代临床
桂枝汤加味,方剂组成药材,桂枝,万友生医生病例集,例2,现代临床
桂枝汤加味,方剂组成药材,赤白芍,万友生医生病例集,例2,现代临床
桂枝汤加味,方剂组成药材,炙甘草,万友生医生病例集,例2,现代临床
桂枝汤加味,方剂组成药材,生姜,万友生医生病例集,例2,现代临床
桂枝汤加味,方剂组成药材,红枣,万友生医生病例集,例2,现代临床
桂枝汤加味,方剂组成药材,当归,万友生医生病例集,例2,现代临床
桂枝汤加味,方剂组成药材,川牛膝,万友生医生病例集,例2,现代临床
桂枝汤加味,方剂组成药材,木瓜,万友生医生病例集,例2,现代临床
桂枝汤加味,方剂组成药材,生茂仁,万友生医生病例集,例2,现代临床
桂枝汤加味,方剂组成药材,茯苓,万友生医生病例集,例2,现代临床
万友生医生病例集,名医经验总结,肥大性脊椎炎,万友生医生病例集,例2,现代临床
万友生医生病例集,名医经验总结,右胫腓骨硬化性骨炎,万友生医生病例集,例2,现代临床
万友生医生病例集,名医经验总结,外伤之痛症,万友生医生病例集,例2,现代临床
左小腿灼热疼痛,疾病表现症状,左小腿昼凉夜热,万友生医生病例集,例1,现代临床
左小腿灼热疼痛,疾病表现症状,热甚时需浸入冷水桶内二三十分钟,万友生医生病例集,例1,现代临床
左小腿灼热疼痛,疾病表现症状,热处作痒、钻痛,万友生医生病例集,例1,现代临床
左小腿灼热疼痛,疾病表现症状,热退后仍需将左脚伸出被外,万友生医生病例集,例1,现代临床
左小腿灼热疼痛,疾病表现症状,唇赤,万友生医生病例集,例1,现代临床
左小腿灼热疼痛,疾病表现症状,口干反不渴饮,万友生医生病例集,例1,现代临床
左小腿灼热疼痛,疾病表现症状,纳少,万友生医生病例集,例1,现代临床
左小腿灼热疼痛,疾病表现症状,大便澹软而四五日一行,万友生医生病例集,例1,现代临床
左小腿灼热疼痛,疾病表现症状,尿频量少而色正常,万友生医生病例集,例1,现代临床
左小腿灼热疼痛,疾病导致舌象,舌红边有瘀斑,万友生医生病例集,例1,现代临床
左小腿灼热疼痛,疾病导致脉象,脉结代,万友生医生病例集,例1,现代临床
左小腿昼凉夜热,症状辨证证候,心所主的血脉中蕴有瘀热而下流于阴分,万友生医生病例集,例1,现代临床
口干反不渴饮,症状辨证证候,热在血分,万友生医生病例集,例1,现代临床
舌红有瘀斑,舌象辨证证候,血脉瘀滞,万友生医生病例集,例1,现代临床
脉结代,脉象辨证证候,血脉瘀滞,万友生医生病例集,例1,现代临床
左小腿灼热疼痛,综合辨证证候,心所主的血脉中蕴有瘀热而下流于阴分,万友生医生病例集,例1,现代临床
心所主的血脉中蕴有瘀热而下流于阴分,证候采用方剂,桃红四物汤加减,万友生医生病例集,例1,现代临床
桃红四物汤加减,方剂组成药材,桃仁、红花、当归、赤白芍、生地、丹皮、丹参、银花、生甘草、川牛膝、黄柏,万友生医生病例集,例1,现代临床
丹参、生地、赤白芍、丹皮、桃仁、红花、黄柏、银花、甘草,药材具有功效,凉血化瘀，清热解毒,万友生医生病例集,例1,现代临床
黄芷、当归,药材具有功效,补养气血,万友生医生病例集,例1,现代临床
川牛膝,药材具有功效,引药力下行,万友生医生病例集,例1,现代临床
黄苗、当归,药材具有功效,补气生血，和血化瘀,万友生医生病例集,例1,现代临床
左小腿灼热疼痛,临床验证理论,王某,万友生医生病例集,例1,现代临床
万友生医生病例集,名医经验总结,左小腿灼热疼痛治疗经验,万友生医生病例集,例1,现代临床
胃溃疡病,疾病表现症状,心下脐上刀口处一团硬结胀满疼痛拒按,万友生医生病例集,例2,现代临床
胃溃疡病,疾病表现症状,呻吟床褥,万友生医生病例集,例2,现代临床
胃溃疡病,疾病表现症状,难以转侧,万友生医生病例集,例2,现代临床
胃溃疡病,疾病导致舌象,舌红苔黄,万友生医生病例集,例2,现代临床
胃溃疡病,疾病导致脉象,脉弦,万友生医生病例集,例2,现代临床
瘀血作痛,证候导致舌象,舌红苔黄,万友生医生病例集,例2,现代临床
瘀血作痛,证候导致脉象,脉弦,万友生医生病例集,例2,现代临床
瘀血作痛,证候采用方剂,失笑散和金铃子散、芍药甘草汤加味,万友生医生病例集,例2,现代临床
失笑散和金铃子散、芍药甘草汤加味,方剂组成药材,生蒲黄、五灵脂、延胡索、川楝子、丹参、山楂肉、赤白芍、生甘草、三七末,万友生医生病例集,例2,现代临床
丹参,药材具有功效,活血化瘀,万友生医生病例集,例2,现代临床
三七,药材具有功效,活血化瘀,万友生医生病例集,例2,现代临床
山楂,药材具有功效,活血化瘀,万友生医生病例集,例2,现代临床
万友生医生病例集,名医经验总结,药量必须与病情相当的重要性和必要性,万友生医生病例集,例2,现代临床
万友生医生病例集,名医经验总结,前人所谓四两拨千斤之法，对急性重病往往是杯水车薪，无济于事,万友生医生病例集,例2,现代临床
误被气枪击伤,疾病表现症状,左腰胀痛,万友生医生病例集,例4,现代临床
误被气枪击伤,疾病表现症状,尿时茎中痛,万友生医生病例集,例4,现代临床
误被气枪击伤,疾病表现症状,小便黄而短涩,万友生医生病例集,例4,现代临床
误被气枪击伤,疾病表现症状,尿时常见大量红、白细胞和脓球,万友生医生病例集,例4,现代临床
误被气枪击伤,疾病表现症状,入暮口干,万友生医生病例集,例4,现代临床
八正散加减,证候采用方剂,淋症,万友生医生病例集,例4,现代临床
八正散加减,方剂组成药材,木通,万友生医生病例集,例4,现代临床
八正散加减,方剂组成药材,车前草,万友生医生病例集,例4,现代临床
八正散加减,方剂组成药材,篇蓄,万友生医生病例集,例4,现代临床
八正散加减,方剂组成药材,瞿麦,万友生医生病例集,例4,现代临床
八正散加减,方剂组成药材,石韦,万友生医生病例集,例4,现代临床
八正散加减,方剂组成药材,白茅根,万友生医生病例集,例4,现代临床
八正散加减,方剂组成药材,金钱草,万友生医生病例集,例4,现代临床
八正散加减,方剂组成药材,海金沙,万友生医生病例集,例4,现代临床
八正散加减,方剂组成药材,生甘草,万友生医生病例集,例4,现代临床
木通,药材具有功效,利尿通淋,万友生医生病例集,例4,现代临床
车前草,药材具有功效,清热利尿,万友生医生病例集,例4,现代临床
篇蓄,药材具有功效,利尿通淋,万友生医生病例集,例4,现代临床
瞿麦,药材具有功效,利尿通淋,万友生医生病例集,例4,现代临床
石韦,药材具有功效,利尿通淋,万友生医生病例集,例4,现代临床
白茅根,药材具有功效,清热生津,万友生医生病例集,例4,现代临床
金钱草,药材具有功效,利尿排石,万友生医生病例集,例4,现代临床
海金沙,药材具有功效,利尿通淋,万友生医生病例集,例4,现代临床
生甘草,药材具有功效,和中解毒,万友生医生病例集,例4,现代临床
万友生,名医经验总结,寒温统一和内外统一的热病学术思想,万友生医生病例集,例4,现代临床
万友生,名医经验总结,伤寒知要,万友生医生病例集,例4,现代临床
万友生,名医经验总结,寒温纵横论,万友生医生病例集,例4,现代临床
万友生,名医经验总结,温病概说,万友生医生病例集,例4,现代临床
万友生,名医经验总结,温热论初探,万友生医生病例集,例4,现代临床
万友生,名医经验总结,寒温统一的理论与临床,万友生医生病例集,例4,现代临床
万友生,名医经验总结,漫话寒温统一,万友生医生病例集,例4,现代临床
万友生,名医经验总结,再谈寒温统一,万友生医生病例集,例4,现代临床
万友生,名医经验总结,寒温统一论,万友生医生病例集,例4,现代临床
万友生,名医经验总结,热病学,万友生医生病例集,例4,现代临床
万友生,名医经验总结,论热病的寒温统一和内外统一,万友生医生病例集,例4,现代临床
辨证输液,理论指导实践,适量输液,万友生医生病例集,例4,现代临床
辨证输液,理论指导实践,温控输液,万友生医生病例集,例4,现代临床
湿重于热证,证候导致舌象,舌苔转腻,万友生医生病例集,例4,现代临床
厥阴病,归属于经典,内经,万友生医生病例集,例4,现代临床
厥阴病,归属于经典,伤寒论,万友生医生病例集,例4,现代临床
厥阴病,归属于经典,温病学说,万友生医生病例集,例4,现代临床
厥阴病,症状伴随症状,昏厥,万友生医生病例集,例4,现代临床
厥阴病,症状伴随症状,痉厥,万友生医生病例集,例4,现代临床
厥阴病,症状伴随症状,舌卷,万友生医生病例集,例4,现代临床
厥阴病,症状伴随症状,囊缩,万友生医生病例集,例4,现代临床
厥阴病,症状伴随症状,不知人,万友生医生病例集,例4,现代临床
厥阴病,症状伴随症状,神昏,万友生医生病例集,例4,现代临床
厥阴病,症状伴随症状,痉厥,万友生医生病例集,例4,现代临床
厥阴病,症状伴随症状,舌卷囊缩,万友生医生病例集,例4,现代临床
厥阴病,症状伴随症状,热盛神昏鼾睡,万友生医生病例集,例4,现代临床
厥阴病,症状伴随症状,语言难出,万友生医生病例集,例4,现代临床
厥阴病,症状伴随症状,直视,万友生医生病例集,例4,现代临床
厥阴病,症状伴随症状,惊悸谐语,万友生医生病例集,例4,现代临床
厥阴病,症状伴随症状,昏厥肤冷,万友生医生病例集,例4,现代临床
厥阴病,症状伴随症状,躁无暂安时,万友生医生病例集,例4,现代临床
厥阴病,症状伴随症状,痛引少腹入阴筋,万友生医生病例集,例4,现代临床
厥阴病,症状伴随症状,少腹里急引阴中拘挛,万友生医生病例集,例4,现代临床
厥阴病,症状伴随症状,身灼热,万友生医生病例集,例4,现代临床
厥阴病,症状伴随症状,多眠睡,万友生医生病例集,例4,现代临床
厥阴病,症状伴随症状,鼻息必鼾,万友生医生病例集,例4,现代临床
厥阴病,症状伴随症状,如惊痫时癒源,万友生医生病例集,例4,现代临床
厥阴病,症状伴随症状,神昏谐语,万友生医生病例集,例4,现代临床
厥阴病,症状伴随症状,手足癒痕,万友生医生病例集,例4,现代临床
厥阴病,症状伴随症状,面目俱赤,万友生医生病例集,例4,现代临床
厥阴病,症状伴随症状,肢厥,万友生医生病例集,例4,现代临床
厥阴病,症状伴随症状,通体皆厥,万友生医生病例集,例4,现代临床
万友生,名医经验总结,辨证输液,万友生医生病例集,例4,现代临床
万友生,名医经验总结,治湿不远温,万友生医生病例集,例4,现代临床
万友生,名医经验总结,厥阴病理论的继承和发展,万友生医生病例集,例4,现代临床
温病学家,理论指导实践,温邪上受，首先犯肺，逆传心包,万友生医生病例集,例4,现代临床
太阴温病,证候导致舌象,神昏谐语,万友生医生病例集,例4,现代临床
太阴温病,证候采用方剂,清宫汤,万友生医生病例集,例4,现代临床
大人暑痫,症状伴随症状,热初入营，肝风内动，手足癒痕,万友生医生病例集,例4,现代临床
大人暑痫,证候采用方剂,清宫汤加钩藤、丹皮、羚羊角,万友生医生病例集,例4,现代临床
阳明温病,疾病导致舌象,面目俱赤，肢厥，甚则通体皆厥,万友生医生病例集,例4,现代临床
阳明温病,疾病导致脉象,神昏，不大便七八日以外，小便赤,万友生医生病例集,例4,现代临床
少阴温病,证候导致舌象,阴虚阳亢证,万友生医生病例集,例4,现代临床
少阴温病,证候采用方剂,加减复脉汤,万友生医生病例集,例4,现代临床
厥阴温病,证候导致舌象,阴虚风动证,万友生医生病例集,例4,现代临床
厥阴温病,证候采用方剂,大定风珠,万友生医生病例集,例4,现代临床
厥阴病,疾病导致舌象,痉厥神昏,万友生医生病例集,例4,现代临床
厥阴病,疾病导致脉象,舌短烦躁,万友生医生病例集,例4,现代临床
厥阴寒化危证,疾病表现症状,伤寒脉微而厥，至七八日肤冷，其人躁无暂安时,万友生医生病例集,例4,现代临床
厥阴寒化危证,症状伴随症状,少阴病陷厥阴的寒化恶候,万友生医生病例集,例4,现代临床
厥阴病,综合辨证证候,阴盛阳竭或阳盛阴竭或阴竭阳脱,万友生医生病例集,例4,现代临床
厥阴病,临床验证理论,流行性出血热,万友生医生病例集,例4,现代临床
万友生医生病例集,名医经验总结,厥阴病的治疗,万友生医生病例集,例4,现代临床
疫邪直中少阴,疾病表现症状,阴盛格阳证,万友生医生病例集,例4,现代临床
阴盛格阳证,症状伴随症状,淡漠,万友生医生病例集,例4,现代临床
阴盛格阳证,症状伴随症状,烦躁,万友生医生病例集,例4,现代临床
阴盛格阳证,症状伴随症状,恍惚,万友生医生病例集,例4,现代临床
阴盛格阳证,症状伴随症状,躁扰,万友生医生病例集,例4,现代临床
阴盛格阳证,症状伴随症状,神昏,万友生医生病例集,例4,现代临床
疫邪逆传心包,疾病表现症状,高热,万友生医生病例集,例4,现代临床
疫邪逆传心包,疾病表现症状,昏迷,万友生医生病例集,例4,现代临床
疫邪逆传心包,疾病表现症状,澹语,万友生医生病例集,例4,现代临床
疫邪逆传心包,疾病表现症状,躁扰,万友生医生病例集,例4,现代临床
疫邪逆传心包,疾病表现症状,出血,万友生医生病例集,例4,现代临床
疫邪逆传心包,疾病表现症状,尿少,万友生医生病例集,例4,现代临床
邪热与瘀血、水湿内结阳明胃肠,疾病表现症状,二便不通,万友生医生病例集,例4,现代临床
邪热与瘀血、水湿内结阳明胃肠,症状伴随症状,势成关格,万友生医生病例集,例4,现代临床
邪热与瘀血、水湿内结阳明胃肠,症状伴随症状,瘀热内闭心窍,万友生医生病例集,例4,现代临床
邪热与瘀血、水湿内结阳明胃肠,症状伴随症状,谐语,万友生医生病例集,例4,现代临床
邪热与瘀血、水湿内结阳明胃肠,症状伴随症状,躁扰,万友生医生病例集,例4,现代临床
邪热与瘀血、水湿内结阳明胃肠,症状伴随症状,神昏,万友生医生病例集,例4,现代临床
尿毒症不解,疾病表现症状,痰热水内结,万友生医生病例集,例4,现代临床
尿毒症不解,疾病表现症状,阴液大量耗伤,万友生医生病例集,例4,现代临床
尿毒症不解,疾病表现症状,正气日见亏竭,万友生医生病例集,例4,现代临床
尿毒症不解,疾病表现症状,极度衰竭,万友生医生病例集,例4,现代临床
尿毒症不解,疾病表现症状,体温不升,万友生医生病例集,例4,现代临床
尿毒症不解,疾病表现症状,阴竭阳脱证,万友生医生病例集,例4,现代临床
先兆厥阴热厥证,症状伴随症状,逆传心包,万友生医生病例集,例4,现代临床
先兆厥阴热厥证,治疗原则,救阴津、开热闭、息阳风,万友生医生病例集,例4,现代临床
先兆厥阴寒厥证,治疗原则,回阳救逆、开寒闭、息阴风,万友生医生病例集,例4,现代临床
先兆阴竭阳脱证,治疗原则,综合前述二证治法,万友生医生病例集,例4,现代临床
慢性肝炎,疾病导致舌象,舌苔微黄,万友生医生病例集,例4,现代临床
慢性肝炎,疾病导致脉象,脉迟,万友生医生病例集,例4,现代临床
慢性肝炎,证候采用方剂,四君子汤合白茅根汤、麻黄附子甘草汤,万友生医生病例集,例4,现代临床
四君子汤合白茅根汤、麻黄附子甘草汤,方剂组成药材,白芍、浮萍,万友生医生病例集,例4,现代临床
四君子汤合白茅根汤、麻黄附子甘草汤,药材具有功效,健脾助运,万友生医生病例集,例4,现代临床
胃下垂,疾病导致脉象,脉弦有力,万友生医生病例集,例4,现代临床
胃下垂,证候采用方剂,升麻、柴胡、葛根、陈皮、枳壳,万友生医生病例集,例4,现代临床
急性肠梗阻,疾病表现症状,腹胀,万友生医生病例集,例4,现代临床
急性肠梗阻,疾病表现症状,腹痛,万友生医生病例集,例4,现代临床
急性肠梗阻,疾病导致舌象,舌苔白黄厚腻,万友生医生病例集,例4,现代临床
急性肠梗阻,疾病导致脉象,脉缓,万友生医生病例集,例4,现代临床
呕吐,疾病表现症状,呕吐物为酸苦水和白痰,万友生医生病例集,例4,现代临床
呕吐,疾病导致舌象,舌苔黑润滑,万友生医生病例集,例4,现代临床
呕吐,疾病导致舌象,舌根苔黄腻,万友生医生病例集,例4,现代临床
呕吐,疾病导致舌象,舌质红,万友生医生病例集,例4,现代临床
呕吐,疾病导致脉象,脉滑,万友生医生病例集,例4,现代临床
呕吐,证候采用方剂,苓连二陈汤合小半夏汤,万友生医生病例集,例4,现代临床
苓连二陈汤合小半夏汤,方剂组成药材,半夏、陈皮、茯苓、黄连、黄苓、生姜、生甘草,万友生医生病例集,例4,现代临床
苓连二陈汤合小半夏汤,药材具有功效,止呕,万友生医生病例集,例4,现代临床
呕吐,疾病表现症状,脐腹剧痛,万友生医生病例集,例4,现代临床
呕吐,疾病表现症状,口干渴喜热饮,万友生医生病例集,例4,现代临床
呕吐,疾病表现症状,口淡乏味,万友生医生病例集,例4,现代临床
呕吐,疾病表现症状,食下即腕胀,万友生医生病例集,例4,现代临床
呕吐,疾病表现症状,噫气,万友生医生病例集,例4,现代临床
呕吐,疾病表现症状,肠鸣,万友生医生病例集,例4,现代临床
呕吐,疾病表现症状,大便软条色黄,万友生医生病例集,例4,现代临床
呕吐,疾病导致舌象,舌苔黑润滑,万友生医生病例集,例4,现代临床
呕吐,疾病导致舌象,舌心余少许,万友生医生病例集,例4,现代临床
呕吐,疾病导致舌象,舌根苔黄腻,万友生医生病例集,例4,现代临床
呕吐,疾病导致舌象,舌质红,万友生医生病例集,例4,现代临床
呕吐,疾病导致脉象,脉滑,万友生医生病例集,例4,现代临床
噫气,疾病表现症状,动则增剧,万友生医生病例集,例4,现代临床
噫气,疾病表现症状,静则稍减,万友生医生病例集,例4,现代临床
噫气,疾病表现症状,心下痞硬,万友生医生病例集,例4,现代临床
噫气,疾病表现症状,不思食,万友生医生病例集,例4,现代临床
噫气,疾病表现症状,口干渴饮,万友生医生病例集,例4,现代临床
胃溃疡,疾病表现症状,心下脐上刀口处一团硬结胀满疼痛拒按,万友生医生病例集,例4,现代临床
胃溃疡,疾病表现症状,呻吟床褥,万友生医生病例集,例4,现代临床
胃溃疡,疾病表现症状,难以转侧,万友生医生病例集,例4,现代临床
胃溃疡,疾病导致舌象,舌红苔黄,万友生医生病例集,例4,现代临床
胃溃疡,疾病导致脉象,脉弦,万友生医生病例集,例4,现代临床
阴火虚证,证候导致舌象,发热,万友生医生病例集,例4,现代临床
阴火虚证,证候导致舌象,胃中灼热,万友生医生病例集,例4,现代临床
阴火实证,证候导致舌象,发热,万友生医生病例集,例4,现代临床
阴火实证,证候导致舌象,胃中灼热,万友生医生病例集,例4,现代临床
阴火与阳火相兼证,证候导致舌象,发热,万友生医生病例集,例4,现代临床
阴火与阳火相兼证,证候导致舌象,胃中灼热,万友生医生病例集,例4,现代临床
苓连二陈汤合小半夏汤,证候采用方剂,呕吐,万友生医生病例集,例4,现代临床
苓连二陈汤合小半夏汤,方剂组成药材,半夏,万友生医生病例集,例4,现代临床
苓连二陈汤合小半夏汤,方剂组成药材,陈皮,万友生医生病例集,例4,现代临床
苓连二陈汤合小半夏汤,方剂组成药材,茯苓,万友生医生病例集,例4,现代临床
苓连二陈汤合小半夏汤,方剂组成药材,黄连,万友生医生病例集,例4,现代临床
苓连二陈汤合小半夏汤,方剂组成药材,黄苓,万友生医生病例集,例4,现代临床
苓连二陈汤合小半夏汤,方剂组成药材,生姜,万友生医生病例集,例4,现代临床
苓连二陈汤合小半夏汤,方剂组成药材,生甘草,万友生医生病例集,例4,现代临床
旋覆代赭汤合橘皮竹茹汤加减,证候采用方剂,噫气,万友生医生病例集,例4,现代临床
旋覆代赭汤合橘皮竹茹汤加减,方剂组成药材,旋覆花,万友生医生病例集,例4,现代临床
旋覆代赭汤合橘皮竹茹汤加减,方剂组成药材,代赭石,万友生医生病例集,例4,现代临床
旋覆代赭汤合橘皮竹茹汤加减,方剂组成药材,陈皮,万友生医生病例集,例4,现代临床
旋覆代赭汤合橘皮竹茹汤加减,方剂组成药材,竹茹,万友生医生病例集,例4,现代临床
旋覆代赭汤合橘皮竹茹汤加减,方剂组成药材,半夏,万友生医生病例集,例4,现代临床
旋覆代赭汤合橘皮竹茹汤加减,方剂组成药材,枳壳,万友生医生病例集,例4,现代临床
旋覆代赭汤合橘皮竹茹汤加减,方剂组成药材,麦冬,万友生医生病例集,例4,现代临床
旋覆代赭汤合橘皮竹茹汤加减,方剂组成药材,枇杷叶,万友生医生病例集,例4,现代临床
芍药甘草汤合失笑散、金铃子散加味,证候采用方剂,胃溃疡,万友生医生病例集,例4,现代临床
芍药甘草汤合失笑散、金铃子散加味,方剂组成药材,赤白芍,万友生医生病例集,例4,现代临床
芍药甘草汤合失笑散、金铃子散加味,方剂组成药材,生甘草,万友生医生病例集,例4,现代临床
芍药甘草汤合失笑散、金铃子散加味,方剂组成药材,生蒲黄,万友生医生病例集,例4,现代临床
芍药甘草汤合失笑散、金铃子散加味,方剂组成药材,五灵脂,万友生医生病例集,例4,现代临床
芍药甘草汤合失笑散、金铃子散加味,方剂组成药材,元胡索,万友生医生病例集,例4,现代临床
芍药甘草汤合失笑散、金铃子散加味,方剂组成药材,川楝子,万友生医生病例集,例4,现代临床
芍药甘草汤合失笑散、金铃子散加味,方剂组成药材,丹参,万友生医生病例集,例4,现代临床
芍药甘草汤合失笑散、金铃子散加味,方剂组成药材,三七末,万友生医生病例集,例4,现代临床
芍药甘草汤合失笑散、金铃子散加味,方剂组成药材,山楂肉,万友生医生病例集,例4,现代临床
阴火理论,归属于经典,李杲,万友生医生病例集,例4,现代临床
万友生医生病例集,名医经验总结,阴火理论,万友生医生病例集,例4,现代临床
阴火实证,症状伴随症状,阳火实证,万友生医生病例集,例4,现代临床
阴火虚实相兼证,症状伴随症状,阴阳虚实错杂证,万友生医生病例集,例4,现代临床
脾虚阴火证,证候导致舌象,舌体胖淡而嫩,万友生医生病例集,例4,现代临床
脾虚阴火证,证候导致舌象,边有齿痕,万友生医生病例集,例4,现代临床
脾虚阴火证,证候导致舌象,苔白,万友生医生病例集,例4,现代临床
阴火虚证,症状伴随症状,便秘,万友生医生病例集,例4,现代临床
阴火虚证,症状伴随症状,尿灼,万友生医生病例集,例4,现代临床
阴火虚证,症状伴随症状,脉数,万友生医生病例集,例4,现代临床
阴火虚证,症状伴随症状,发热,万友生医生病例集,例4,现代临床
阴火虚证,症状伴随症状,胃中灼热,万友生医生病例集,例4,现代临床
阴火虚证,症状伴随症状,口苫干渴,万友生医生病例集,例4,现代临床
阴火虚证,症状伴随症状,舌糜,万友生医生病例集,例4,现代临床
阴火虚证,症状伴随症状,口疮,万友生医生病例集,例4,现代临床
阴火虚证,症状伴随症状,牙龈肿痛,万友生医生病例集,例4,现代临床
阴火虚证,症状伴随症状,咽痛,万友生医生病例集,例4,现代临床
阴火虚证,证候导致脉象,脉数,万友生医生病例集,例4,现代临床
脾虚阴火证,证候采用方剂,补中益气汤,万友生医生病例集,例4,现代临床
补中益气汤,方剂组成药材,黄芷,万友生医生病例集,例4,现代临床
补中益气汤,方剂组成药材,人参,万友生医生病例集,例4,现代临床
补中益气汤,方剂组成药材,炙甘草,万友生医生病例集,例4,现代临床
补中益气汤,方剂组成药材,升麻,万友生医生病例集,例4,现代临床
补中益气汤,方剂组成药材,柴胡,万友生医生病例集,例4,现代临床
补中益气汤,方剂组成药材,当归,万友生医生病例集,例4,现代临床
补中益气汤,方剂组成药材,陈皮,万友生医生病例集,例4,现代临床
黄芷,药材具有功效,甘温补脾益气除热,万友生医生病例集,例4,现代临床
人参,药材具有功效,补气,万友生医生病例集,例4,现代临床
炙甘草,药材具有功效,泻阴火,万友生医生病例集,例4,现代临床
升麻,药材具有功效,升阳解郁,万友生医生病例集,例4,现代临床
柴胡,药材具有功效,升阳解郁,万友生医生病例集,例4,现代临床
当归,药材具有功效,补血和血,万友生医生病例集,例4,现代临床
脾虚阴火证,归属于经典,脾胃论,万友生医生病例集,例4,现代临床
甘温除热法,理论指导实践,脾虚阴火证治疗,万友生医生病例集,例4,现代临床
万友生医生病例集,名医经验总结,阴火虚证治疗,万友生医生病例集,例4,现代临床
大叶性肺炎,疾病表现症状,高热,万友生医生病例集,例一,现代临床
大叶性肺炎,疾病表现症状,多汗肢冷,万友生医生病例集,例一,现代临床
大叶性肺炎,疾病表现症状,面白如纸,万友生医生病例集,例一,现代临床
大叶性肺炎,疾病表现症状,声音低微,万友生医生病例集,例一,现代临床
大叶性肺炎,疾病表现症状,极度疲乏,万友生医生病例集,例一,现代临床
大叶性肺炎,疾病表现症状,恶心厌食,万友生医生病例集,例一,现代临床
大叶性肺炎,疾病表现症状,咳嗽胸痛,万友生医生病例集,例一,现代临床
大叶性肺炎,疾病表现症状,咯铁锈色痰,万友生医生病例集,例一,现代临床
脾虚阴火证,证候导致舌象,舌红,万友生医生病例集,例一,现代临床
脾虚阴火证,证候导致脉象,脉虚弱,万友生医生病例集,例一,现代临床
脾虚阴火证,证候采用方剂,大剂补中益气汤,万友生医生病例集,例一,现代临床
大剂补中益气汤,方剂组成药材,红参,万友生医生病例集,例一,现代临床
大剂补中益气汤,方剂组成药材,洋参,万友生医生病例集,例一,现代临床
大剂补中益气汤,方剂组成药材,党参,万友生医生病例集,例一,现代临床
大剂补中益气汤,方剂组成药材,黄芪,万友生医生病例集,例一,现代临床
感冒,疾病表现症状,高热,万友生医生病例集,例一,现代临床
感冒,疾病表现症状,不恶寒,万友生医生病例集,例一,现代临床
感冒,疾病表现症状,咳嗽痰少,万友生医生病例集,例一,现代临床
感冒,疾病表现症状,头身沉重,万友生医生病例集,例一,现代临床
感冒,疾病表现症状,双腿难提,万友生医生病例集,例一,现代临床
感冒,疾病导致舌象,苔白腻,万友生医生病例集,例一,现代临床
感冒,疾病导致舌象,舌红,万友生医生病例集,例一,现代临床
感冒,疾病导致脉象,脉数而弱,万友生医生病例集,例一,现代临床
脾虚阴火证,证候导致舌象,苔白腻,万友生医生病例集,例一,现代临床
脾虚阴火证,证候导致舌象,舌红,万友生医生病例集,例一,现代临床
脾虚阴火证,证候导致脉象,脉数而弱,万友生医生病例集,例一,现代临床
脾虚阴火证,证候采用方剂,大剂补中益气汤加葛根,万友生医生病例集,例一,现代临床
大剂补中益气汤加葛根,方剂组成药材,葛根,万友生医生病例集,例一,现代临床
败血症,疾病表现症状,发热不退,万友生医生病例集,例一,现代临床
败血症,疾病表现症状,便泄日五六行,万友生医生病例集,例一,现代临床
败血症,疾病表现症状,神萎,万友生医生病例集,例一,现代临床
败血症,疾病表现症状,食少,万友生医生病例集,例一,现代临床
败血症,疾病导致舌象,舌红苔黄,万友生医生病例集,例一,现代临床
败血症,疾病导致脉象,指纹紫红,万友生医生病例集,例一,现代临床
脾虚阴火证,证候导致舌象,舌红苔黄,万友生医生病例集,例一,现代临床
脾虚阴火证,证候采用方剂,大剂补中益气汤去当归,万友生医生病例集,例一,现代临床
脾虚阴火证,证候采用方剂,生脉散,万友生医生病例集,例一,现代临床
脾虚阴火证,证候采用方剂,附子理中汤,万友生医生病例集,例一,现代临床
回归热型结节性非化脓性脂膜炎,疾病表现症状,寒战高热,万友生医生病例集,例一,现代临床
回归热型结节性非化脓性脂膜炎,疾病表现症状,肢厥,万友生医生病例集,例一,现代临床
回归热型结节性非化脓性脂膜炎,疾病表现症状,皮下结节多发,万友生医生病例集,例一,现代临床
回归热型结节性非化脓性脂膜炎,疾病表现症状,身疼咽痛,万友生医生病例集,例一,现代临床
回归热型结节性非化脓性脂膜炎,疾病表现症状,渴喜沸汤,万友生医生病例集,例一,现代临床
回归热型结节性非化脓性脂膜炎,疾病导致舌象,舌淡苔白厚而滑,万友生医生病例集,例一,现代临床
回归热型结节性非化脓性脂膜炎,疾病导致脉象,脉微细数,万友生医生病例集,例一,现代临床
真寒假热证,证候采用方剂,大剂四逆汤加味,万友生医生病例集,例一,现代临床
真寒假热证,证候导致舌象,舌淡苔白厚而滑,万友生医生病例集,例一,现代临床
真寒假热证,证候导致脉象,脉微细数,万友生医生病例集,例一,现代临床
阴火阳火虚实错杂证,证候导致舌象,舌苔厚腻边黄中黑多黄少,万友生医生病例集,例一,现代临床
阴火阳火虚实错杂证,证候导致脉象,脉浮弦,万友生医生病例集,例一,现代临床
阴火阳火虚实错杂证,证候采用方剂,升阳散火汤去参芍,万友生医生病例集,例一,现代临床
升阳散火汤去参芍,方剂组成药材,连翘,万友生医生病例集,例一,现代临床
升阳散火汤去参芍,方剂组成药材,薄荷,万友生医生病例集,例一,现代临床
升阳散火汤去参芍,方剂组成药材,僵蚕,万友生医生病例集,例一,现代临床
升阳散火汤去参芍,方剂组成药材,蝉衣,万友生医生病例集,例一,现代临床
升阳散火汤去参芍,方剂组成药材,篓皮,万友生医生病例集,例一,现代临床
阴火阳火虚实错杂证,证候采用方剂,三拗汤加桔梗,万友生医生病例集,例一,现代临床
三拗汤加桔梗,方剂组成药材,桔梗,万友生医生病例集,例一,现代临床
便秘,疾病表现症状,恒1周一便,万友生医生病例集,例一,现代临床
便秘,疾病表现症状,质硬色黄黑难下,万友生医生病例集,例一,现代临床
便秘,症状伴随症状,渴喜冷饮,万友生医生病例集,例一,现代临床
便秘,症状伴随症状,时腹胀满,万友生医生病例集,例一,现代临床
便秘,症状伴随症状,左腹痛,万友生医生病例集,例一,现代临床
便秘,症状伴随症状,纳少,万友生医生病例集,例一,现代临床
便秘,症状伴随症状,困倦乏力,万友生医生病例集,例一,现代临床
便秘,症状伴随症状,形寒,万友生医生病例集,例一,现代临床
便秘,症状伴随症状,动则气短难续,万友生医生病例集,例一,现代临床
便秘,疾病导致舌象,舌淡苔白,万友生医生病例集,例一,现代临床
便秘,疾病导致脉象,脉弱,万友生医生病例集,例一,现代临床
脾虚致滞，滞久生热的阴火阳火虚实错杂证,证候导致舌象,舌淡苔白,万友生医生病例集,例一,现代临床
脾虚致滞，滞久生热的阴火阳火虚实错杂证,证候导致脉象,脉弱,万友生医生病例集,例一,现代临床
免疫功能低下患者的合并感染,症状伴随症状,感染高热,万友生医生病例集,例一,现代临床
老年慢性支气管炎急性发作,症状伴随症状,外感表寒或表热或表寒郁热之证,万友生医生病例集,例一,现代临床
老年慢性支气管炎急性发作,症状伴随症状,内伤里寒或里热或里寒热错杂之证,万友生医生病例集,例一,现代临床
慢性风湿性关节炎急性发作,症状伴随症状,风寒湿痹,万友生医生病例集,例一,现代临床
慢性风湿性关节炎急性发作,症状伴随症状,风湿热痹,万友生医生病例集,例一,现代临床
阴寒体质者,症状伴随症状,患病多从寒化,万友生医生病例集,例一,现代临床
阳热体质者,症状伴随症状,患病多从热化,万友生医生病例集,例一,现代临床
顽固头痛,症状伴随症状,头痛日轻夜重,万友生医生病例集,例一,现代临床
顽固头痛,症状伴随症状,痛时头如火灼,万友生医生病例集,例一,现代临床
顽固头痛,症状伴随症状,头晕不能起床,万友生医生病例集,例一,现代临床
脾肿大,症状伴随症状,两胁疼痛,万友生医生病例集,例一,现代临床
脾肿大,症状伴随症状,头顶痛,万友生医生病例集,例一,现代临床
脾肿大,症状伴随症状,特别嗜睡,万友生医生病例集,例一,现代临床
下肢游火,症状伴随症状,左下肢阵发游走性肌肉间如火灼,万友生医生病例集,例一,现代临床
红斑狼疮,症状伴随症状,红斑散布于眉心、前额、口角等处,万友生医生病例集,例一,现代临床
红斑狼疮,症状伴随症状,有灼热、麻辣、痒感,万友生医生病例集,例一,现代临床
红斑狼疮,症状伴随症状,怕日晒和近火,万友生医生病例集,例一,现代临床
红斑狼疮,症状伴随症状,头晕时痛,万友生医生病例集,例一,现代临床
红斑狼疮,症状伴随症状,烦躁出汗,万友生医生病例集,例一,现代临床
红斑狼疮,症状伴随症状,夜寐不安,万友生医生病例集,例一,现代临床
红斑狼疮,症状伴随症状,手足心热,万友生医生病例集,例一,现代临床
红斑狼疮,症状伴随症状,上下肢关节疼痛,万友生医生病例集,例一,现代临床
红斑狼疮,症状伴随症状,腰痛,万友生医生病例集,例一,现代临床
红斑狼疮,症状伴随症状,面浮脚肿,万友生医生病例集,例一,现代临床
红斑狼疮,症状伴随症状,神疲肢倦,万友生医生病例集,例一,现代临床
红斑狼疮,症状伴随症状,食欲极差,万友生医生病例集,例一,现代临床
红斑狼疮,症状伴随症状,大便秘结,万友生医生病例集,例一,现代临床
红斑狼疮,症状伴随症状,月经不通,万友生医生病例集,例一,现代临床
脾虚致滞，滞久生热的阴火阳火虚实错杂证,证候采用方剂,补中益气汤合小承气汤,万友生医生病例集,例一,现代临床
免疫功能低下患者的合并感染,证候采用方剂,补中益气汤,万友生医生病例集,例一,现代临床
老年慢性支气管炎急性发作,证候采用方剂,白果三拗三子六君汤方,万友生医生病例集,例一,现代临床
风寒湿痹,证候采用方剂,桂枝附子汤,万友生医生病例集,例一,现代临床
风湿热痹,证候采用方剂,麻杏该甘汤,万友生医生病例集,例一,现代临床
顽固头痛,证候采用方剂,芍药甘草汤加味,万友生医生病例集,例一,现代临床
脾肿大,证候采用方剂,芍药甘草汤加味,万友生医生病例集,例一,现代临床
下肢游火,证候采用方剂,芍药甘草汤,万友生医生病例集,例一,现代临床
红斑狼疮,证候采用方剂,升麻、鳖甲、犀角、生地、赤白芍、丹皮、桃仁、红花、当归、丹参、紫草、紫地丁、紫荆皮、鸡血藤、秦充、桑枝、桑寄生、白鲜皮、刺茨藜、白茅根、生茵仁、赤小豆、党参、黄芷、山楂、六曲、谷麦芽、鸡内金等,万友生医生病例集,例一,现代临床
补中益气汤合小承气汤,方剂组成药材,黄苗、人参、白术、当归、甘草,万友生医生病例集,例一,现代临床
补中益气汤合小承气汤,方剂组成药材,升麻、柴胡,万友生医生病例集,例一,现代临床
芍药甘草汤加味,方剂组成药材,白芍、生甘草、川萼,万友生医生病例集,例一,现代临床
芍药甘草汤加味,方剂组成药材,白芍、甘草、柴胡、枳实、白芷,万友生医生病例集,例一,现代临床
芍药甘草汤,方剂组成药材,白芍、赤芍、生甘草,万友生医生病例集,例一,现代临床
黄苗,药材具有功效,提高免疫功能,万友生医生病例集,例一,现代临床
人参,药材具有功效,提高免疫功能,万友生医生病例集,例一,现代临床
白术,药材具有功效,提高免疫功能,万友生医生病例集,例一,现代临床
当归,药材具有功效,提高免疫功能,万友生医生病例集,例一,现代临床
甘草,药材具有功效,提高免疫功能,万友生医生病例集,例一,现代临床
升麻,药材具有功效,抗感染,万友生医生病例集,例一,现代临床
柴胡,药材具有功效,抗感染,万友生医生病例集,例一,现代临床
万友生医生病例集,名医经验总结,脾虚致滞，滞久生热的阴火阳火虚实错杂证的治疗经验,万友生医生病例集,例一,现代临床
万友生医生病例集,名医经验总结,免疫功能低下患者的合并感染的治疗经验,万友生医生病例集,例一,现代临床
万友生医生病例集,名医经验总结,老年慢性支气管炎急性发作的治疗经验,万友生医生病例集,例一,现代临床
万友生医生病例集,名医经验总结,慢性风湿性关节炎急性发作的治疗经验,万友生医生病例集,例一,现代临床
万友生医生病例集,名医经验总结,红斑狼疮的治疗经验,万友生医生病例集,例一,现代临床
大便秘结,疾病导致舌象,舌质紫暗多瘀斑,万友生医生病例集,例一,现代临床
大便秘结,疾病导致脉象,脉细弱,万友生医生病例集,例一,现代临床
月经不通,疾病导致舌象,舌质紫暗多瘀斑,万友生医生病例集,例一,现代临床
月经不通,疾病导致脉象,脉细弱,万友生医生病例集,例一,现代临床
活血化瘀、清热解毒、利水消肿、祛风去湿、通经活络、补气补血、健脾助运,证候采用方剂,升麻、鳖甲、犀角、生地、赤白芍、丹皮、桃仁、红花、当归、丹参、紫草、紫地丁、紫荆皮、鸡血藤、秦充、桑枝、桑寄生、白鲜皮、刺茨藜、白茅根、生茵仁、赤小豆、党参、黄芷、山楂、六曲、谷麦芽、鸡内金,万友生医生病例集,例一,现代临床
脑颅外伤综合征、外伤后神经官能症,疾病表现症状,头昏、头胀,万友生医生病例集,例一,现代临床
脑颅外伤综合征、外伤后神经官能症,疾病表现症状,脑鸣目胀,万友生医生病例集,例一,现代临床
脑颅外伤综合征、外伤后神经官能症,疾病表现症状,项强不能左顾右盼,万友生医生病例集,例一,现代临床
脑颅外伤综合征、外伤后神经官能症,疾病表现症状,右边头皮麻木,万友生医生病例集,例一,现代临床
脑颅外伤综合征、外伤后神经官能症,疾病表现症状,后脑连项、背直至足跟有拘急感,万友生医生病例集,例一,现代临床
脑颅外伤综合征、外伤后神经官能症,疾病表现症状,记忆力及思维能力极差,万友生医生病例集,例一,现代临床
脑颅外伤综合征、外伤后神经官能症,疾病表现症状,动作迟钝,万友生医生病例集,例一,现代临床
脑颅外伤综合征、外伤后神经官能症,疾病表现症状,目不欲睁,万友生医生病例集,例一,现代临床
脑颅外伤综合征、外伤后神经官能症,疾病表现症状,口不欲言,万友生医生病例集,例一,现代临床
脑颅外伤综合征、外伤后神经官能症,疾病表现症状,身不欲动,万友生医生病例集,例一,现代临床
脑颅外伤综合征、外伤后神经官能症,疾病表现症状,夜寐时常突然感到舌边刀划样疼痛,万友生医生病例集,例一,现代临床
脑颅外伤综合征、外伤后神经官能症,疾病导致舌象,舌正红、苔微黄,万友生医生病例集,例一,现代临床
脑颅外伤综合征、外伤后神经官能症,疾病导致脉象,脉缓耐按而欠流利,万友生医生病例集,例一,现代临床
活血化瘀为主，辅以通经活络，平肝熄风，健脾益气,证候采用方剂,桃仁、红花、当归、赤白芍、川尊、生地、丹参、地龙、山甲珠、橘络、丝瓜络、葛根、枸杞子、菊花、党参、焦白术、山药、莲子、甘草,万友生医生病例集,例一,现代临床
万友生医生病例集,名医经验总结,治病诸药，只有当脾胃能够受纳、运化、吸收时，才能发挥作用,万友生医生病例集,例一,现代临床
万友生医生病例集,名医经验总结,只要存在脾胃功能不正常，就一定要以调治脾胃为主,万友生医生病例集,例一,现代临床
万友生医生病例集,名医经验总结,阳气是人生命活动的原动力,万友生医生病例集,例一,现代临床
万友生医生病例集,名医经验总结,治病有方，若即生效，自不难守方,万友生医生病例集,例一,现代临床
万友生医生病例集,名医经验总结,慢性疾病或疑难杂症，病史长，疗程用药杂，不仅该病本身病情顽固，且多兼有医源性，药源性及患者耐药性等因素，治疗常难速效，必须耐心调治，切忌急躁图功,万友生医生病例集,例一,现代临床
万友生医生病例集,名医经验总结,一方下去，只要患者能够接受，无不良反应，虽无起色，也是佳兆，应坚持守方,万友生医生病例集,例一,现代临床
心阳虚证,症状伴随症状,心悸,万友生医生病例集,例一,现代临床
心阳虚证,证候采用方剂,桂枝甘草汤,万友生医生病例集,例一,现代临床
桂枝甘草汤,方剂组成药材,桂枝,万友生医生病例集,例一,现代临床
桂枝甘草汤,方剂组成药材,炙甘草,万友生医生病例集,例一,现代临床
风湿热,疾病表现症状,膝、踝关节红肿热痛,万友生医生病例集,例一,现代临床
风湿热,疾病表现症状,左下肢内翻、跛行,万友生医生病例集,例一,现代临床
风湿热,证候采用方剂,桂枝芍药知母汤,万友生医生病例集,例一,现代临床
乙肝,归属于经典,肝郁脾虚,万友生医生病例集,例一,现代临床
肝郁脾虚,症状伴随症状,肝区时痛,万友生医生病例集,例一,现代临床
肝郁脾虚,症状伴随症状,神疲肢倦,万友生医生病例集,例一,现代临床
肝郁脾虚,症状伴随症状,纳少乏味,万友生医生病例集,例一,现代临床
肝郁脾虚,症状伴随症状,口苦齿峋,万友生医生病例集,例一,现代临床
肝郁脾虚,症状伴随症状,心情抑郁,万友生医生病例集,例一,现代临床
肝郁脾虚,症状伴随症状,多愁善感,万友生医生病例集,例一,现代临床
肝郁脾虚,证候采用方剂,逍遥散,万友生医生病例集,例一,现代临床
肝郁脾虚,证候采用方剂,四君子汤,万友生医生病例集,例一,现代临床
肝郁脾虚,证候采用方剂,金铃子散,万友生医生病例集,例一,现代临床
逍遥散,方剂组成药材,柴胡,万友生医生病例集,例一,现代临床
逍遥散,方剂组成药材,枳壳,万友生医生病例集,例一,现代临床
逍遥散,方剂组成药材,白芍,万友生医生病例集,例一,现代临床
逍遥散,方剂组成药材,当归,万友生医生病例集,例一,现代临床
四君子汤,方剂组成药材,太子参,万友生医生病例集,例一,现代临床
四君子汤,方剂组成药材,白术,万友生医生病例集,例一,现代临床
四君子汤,方剂组成药材,茯苓,万友生医生病例集,例一,现代临床
四君子汤,方剂组成药材,甘草,万友生医生病例集,例一,现代临床
金铃子散,方剂组成药材,元胡索,万友生医生病例集,例一,现代临床
金铃子散,方剂组成药材,金铃子,万友生医生病例集,例一,现代临床
万友生医生病例集,名医经验总结,临床验证理论,万友生医生病例集,例一,现代临床
脾胃不健,疾病表现症状,形体清瘦,丁光迪医生病例集,例二,现代临床
脾胃不健,疾病表现症状,面色就白,丁光迪医生病例集,例二,现代临床
脾胃不健,疾病表现症状,时易感冒,丁光迪医生病例集,例二,现代临床
脾胃不健,疾病表现症状,易汗、自汗、盗汗,丁光迪医生病例集,例二,现代临床
脾胃不健,疾病表现症状,纳谷不香,丁光迪医生病例集,例二,现代临床
脾胃不健,疾病表现症状,时易便搪,丁光迪医生病例集,例二,现代临床
脾胃不健,疾病导致舌象,舌苔薄白,丁光迪医生病例集,例二,现代临床
脾胃不健,疾病导致脉象,脉细略数而虚,丁光迪医生病例集,例二,现代临床
内伤脾胃之证,证候导致舌象,舌苔薄白,丁光迪医生病例集,例二,现代临床
内伤脾胃之证,证候导致脉象,脉细略数而虚,丁光迪医生病例集,例二,现代临床
内伤脾胃之证,症状辨证证候,元气不足,丁光迪医生病例集,例二,现代临床
内伤脾胃之证,症状辨证证候,营卫交虚,丁光迪医生病例集,例二,现代临床
内伤脾胃之证,症状辨证证候,无阳以卫护其外,丁光迪医生病例集,例二,现代临床
内伤脾胃之证,症状辨证证候,气虚不能摄津,丁光迪医生病例集,例二,现代临床
内伤脾胃之证,证候采用方剂,补中益气汤加味,丁光迪医生病例集,例二,现代临床
补中益气汤加味,方剂组成药材,升麻,丁光迪医生病例集,例二,现代临床
补中益气汤加味,方剂组成药材,柴胡,丁光迪医生病例集,例二,现代临床
补中益气汤加味,方剂组成药材,黄耆,丁光迪医生病例集,例二,现代临床
补中益气汤加味,方剂组成药材,白术,丁光迪医生病例集,例二,现代临床
补中益气汤加味,方剂组成药材,炙甘草,丁光迪医生病例集,例二,现代临床
补中益气汤加味,方剂组成药材,党参,丁光迪医生病例集,例二,现代临床
补中益气汤加味,方剂组成药材,陈皮,丁光迪医生病例集,例二,现代临床
补中益气汤加味,方剂组成药材,当归,丁光迪医生病例集,例二,现代临床
补中益气汤加味,方剂组成药材,炮姜,丁光迪医生病例集,例二,现代临床
补中益气汤加味,方剂组成药材,防风,丁光迪医生病例集,例二,现代临床
补中益气汤加味,方剂组成药材,生姜,丁光迪医生病例集,例二,现代临床
补中益气汤加味,方剂组成药材,大枣,丁光迪医生病例集,例二,现代临床
黄耆,药材具有功效,补中益气,丁光迪医生病例集,例二,现代临床
岳某,临床验证理论,李东垣肺之脾胃虚的论证,丁光迪医生病例集,例二,现代临床
肺部感染,疾病表现症状,发热咳嗽,丁光迪医生病例集,例三,现代临床
肺部感染,疾病导致舌象,舌色正，苔薄腻,丁光迪医生病例集,例三,现代临床
肺部感染,疾病导致脉象,脉稍浮略弦,丁光迪医生病例集,例三,现代临床
肺部感染,症状伴随症状,畏寒微热,丁光迪医生病例集,例三,现代临床
肺部感染,症状伴随症状,喉痒咳嗽,丁光迪医生病例集,例三,现代临床
肺部感染,症状伴随症状,晨晚咽干作呛,丁光迪医生病例集,例三,现代临床
肺部感染,症状伴随症状,面色尚和,丁光迪医生病例集,例三,现代临床
肺部感染,症状伴随症状,有些愁容,丁光迪医生病例集,例三,现代临床
肺部感染,症状伴随症状,平时血压略偏高,丁光迪医生病例集,例三,现代临床
肺部感染,症状辨证证候,肺感微寒，郁于气分,丁光迪医生病例集,例三,现代临床
肺部感染,症状辨证证候,卫失宣畅，肺欠肃降,丁光迪医生病例集,例三,现代临床
肺部感染,证候采用方剂,止嗽散加减,丁光迪医生病例集,例三,现代临床
止嗽散加减,方剂组成药材,前胡1克,丁光迪医生病例集,例三,现代临床
止嗽散加减,方剂组成药材,荆芥10克,丁光迪医生病例集,例三,现代临床
止嗽散加减,方剂组成药材,紫菟10克,丁光迪医生病例集,例三,现代临床
止嗽散加减,方剂组成药材,苦桔梗7克,丁光迪医生病例集,例三,现代临床
止嗽散加减,方剂组成药材,炙甘草4克,丁光迪医生病例集,例三,现代临床
止嗽散加减,方剂组成药材,橘红5克,丁光迪医生病例集,例三,现代临床
止嗽散加减,方剂组成药材,茯苓10克,丁光迪医生病例集,例三,现代临床
止嗽散加减,方剂组成药材,赤芍10克,丁光迪医生病例集,例三,现代临床
止嗽散加减,方剂组成药材,黄苓10克,丁光迪医生病例集,例三,现代临床
止嗽散加减,方剂组成药材,鲜枇杷叶（去毛，包）15克,丁光迪医生病例集,例三,现代临床
肺部感染,临床验证理论,王某,丁光迪医生病例集,例三,现代临床
丁光迪,名医经验总结,肺部感染,丁光迪医生病例集,例三,现代临床
慢性咽炎,疾病表现症状,咽部干灼,丁光迪医生病例集,例一,现代临床
慢性咽炎,症状伴随症状,作痒不适,丁光迪医生病例集,例一,现代临床
慢性咽炎,症状伴随症状,反复急性发作,丁光迪医生病例集,例一,现代临床
慢性咽炎,症状伴随症状,咽喉红肿哽宠,丁光迪医生病例集,例一,现代临床
慢性咽炎,症状伴随症状,气息不利,丁光迪医生病例集,例一,现代临床
慢性咽炎,症状伴随症状,局部干灼作痒,丁光迪医生病例集,例一,现代临床
慢性咽炎,症状伴随症状,哽痛,丁光迪医生病例集,例一,现代临床
慢性咽炎,症状伴随症状,咽喉壁有撕破感,丁光迪医生病例集,例一,现代临床
慢性咽炎,症状伴随症状,不能吃干硬食物,丁光迪医生病例集,例一,现代临床
慢性咽炎,症状伴随症状,饮食过热过冷亦不适,丁光迪医生病例集,例一,现代临床
慢性咽炎,症状伴随症状,周身不舒,丁光迪医生病例集,例一,现代临床
慢性咽炎,症状伴随症状,形寒背冷,丁光迪医生病例集,例一,现代临床
慢性咽炎,症状伴随症状,发热,丁光迪医生病例集,例一,现代临床
慢性咽炎,症状伴随症状,无汗,丁光迪医生病例集,例一,现代临床
慢性咽炎,症状伴随症状,日夜频作呛咳,丁光迪医生病例集,例一,现代临床
慢性咽炎,症状伴随症状,不得安寐,丁光迪医生病例集,例一,现代临床
慢性咽炎,症状伴随症状,语言微有嘶音,丁光迪医生病例集,例一,现代临床
慢性咽炎,症状伴随症状,情绪急躁,丁光迪医生病例集,例一,现代临床
喉痹,证候导致舌象,舌苔薄白,丁光迪医生病例集,例一,现代临床
喉痹,证候导致舌象,舌尖赤,丁光迪医生病例集,例一,现代临床
喉痹,证候导致脉象,脉浮数,丁光迪医生病例集,例一,现代临床
喉痹,脉象表现特征,有弦意,丁光迪医生病例集,例一,现代临床
喉痹,综合辨证证候,风邪上犯,丁光迪医生病例集,例一,现代临床
喉痹,综合辨证证候,郁热化毒,丁光迪医生病例集,例一,现代临床
喉痹,综合辨证证候,阻于关隘,丁光迪医生病例集,例一,现代临床
喉痹,综合辨证证候,妨碍出入,丁光迪医生病例集,例一,现代临床
喉痹,综合辨证证候,新感引动宿疾,丁光迪医生病例集,例一,现代临床
喉痹,综合辨证证候,兼夹相火,丁光迪医生病例集,例一,现代临床
喉痹,综合辨证证候,胆胃有热,丁光迪医生病例集,例一,现代临床
喉痹,综合辨证证候,肺肾阴伤,丁光迪医生病例集,例一,现代临床
喉痹,证候采用方剂,清咽桔甘汤加味,丁光迪医生病例集,例一,现代临床
清咽桔甘汤加味,方剂组成药材,苦桔梗,丁光迪医生病例集,例一,现代临床
清咽桔甘汤加味,方剂组成药材,生甘草,丁光迪医生病例集,例一,现代临床
清咽桔甘汤加味,方剂组成药材,升麻,丁光迪医生病例集,例一,现代临床
清咽桔甘汤加味,方剂组成药材,炒牛莠子,丁光迪医生病例集,例一,现代临床
清咽桔甘汤加味,方剂组成药材,淡豆豉,丁光迪医生病例集,例一,现代临床
清咽桔甘汤加味,方剂组成药材,薄荷,丁光迪医生病例集,例一,现代临床
清咽桔甘汤加味,方剂组成药材,炙僵蚕,丁光迪医生病例集,例一,现代临床
清咽桔甘汤加味,方剂组成药材,蝉衣,丁光迪医生病例集,例一,现代临床
清咽桔甘汤加味,方剂组成药材,马勃,丁光迪医生病例集,例一,现代临床
清咽桔甘汤加味,方剂组成药材,板蓝根,丁光迪医生病例集,例一,现代临床
清咽桔甘汤加味,方剂组成药材,蚤休,丁光迪医生病例集,例一,现代临床
清咽桔甘汤加味,方剂组成药材,玄参,丁光迪医生病例集,例一,现代临床
清咽桔甘汤加味,方剂组成药材,地骨皮,丁光迪医生病例集,例一,现代临床
清咽桔甘汤加味,方剂组成药材,鲜枇杷叶,丁光迪医生病例集,例一,现代临床
苦桔梗,药材具有功效,利咽解毒,丁光迪医生病例集,例一,现代临床
炙僵蚕,药材具有功效,增强清咽散结的作用,丁光迪医生病例集,例一,现代临床
喉痹,证候采用方剂,元明粉水,丁光迪医生病例集,例一,现代临床
喉痹,证候采用方剂,南北沙参,丁光迪医生病例集,例一,现代临床
喉痹,证候采用方剂,麦冬,丁光迪医生病例集,例一,现代临床
喉痹,证候采用方剂,鲜芦根,丁光迪医生病例集,例一,现代临床
喉痹,证候采用方剂,玄参,丁光迪医生病例集,例一,现代临床
喉痹,证候采用方剂,赤芍,丁光迪医生病例集,例一,现代临床
喉痹,证候采用方剂,地骨皮,丁光迪医生病例集,例一,现代临床
喉痹,证候采用方剂,络石藤,丁光迪医生病例集,例一,现代临床
喉痹,证候采用方剂,枇杷叶,丁光迪医生病例集,例一,现代临床
喉痹,证候采用方剂,芦根,丁光迪医生病例集,例一,现代临床
喉痹,证候采用方剂,清润善后方,丁光迪医生病例集,例一,现代临床
喉痹,证候采用方剂,苦桔梗,丁光迪医生病例集,例一,现代临床
喉痹,证候采用方剂,甘草,丁光迪医生病例集,例一,现代临床
喉痹,证候采用方剂,玄参,丁光迪医生病例集,例一,现代临床
喉痹,证候采用方剂,地骨皮,丁光迪医生病例集,例一,现代临床
喉痹,证候采用方剂,鲜枇杷叶,丁光迪医生病例集,例一,现代临床
喉痹,证候采用方剂,清润生津方,丁光迪医生病例集,例一,现代临床
喉痹,证候采用方剂,北沙参,丁光迪医生病例集,例一,现代临床
喉痹,证候采用方剂,麦冬,丁光迪医生病例集,例一,现代临床
喉痹,证候采用方剂,天花粉,丁光迪医生病例集,例一,现代临床
喉痹,证候采用方剂,鲜芦根,丁光迪医生病例集,例一,现代临床
喉痹,证候采用方剂,川百合,丁光迪医生病例集,例一,现代临床
喉痹,证候采用方剂,鲜石斛,丁光迪医生病例集,例一,现代临床
喉痹,证候采用方剂,养阴清热方,丁光迪医生病例集,例一,现代临床
喉痹,证候采用方剂,玄参,丁光迪医生病例集,例一,现代临床
喉痹,证候采用方剂,地骨皮,丁光迪医生病例集,例一,现代临床
喉痹,证候采用方剂,生地,丁光迪医生病例集,例一,现代临床
喉痹,证候采用方剂,大冬,丁光迪医生病例集,例一,现代临床
喉痹,证候采用方剂,人中黄,丁光迪医生病例集,例一,现代临床
喉痹,证候采用方剂,人中白,丁光迪医生病例集,例一,现代临床
喉痹,证候采用方剂,知母,丁光迪医生病例集,例一,现代临床
喉痹,证候采用方剂,黄柏,丁光迪医生病例集,例一,现代临床
喉痹,证候采用方剂,滋阴八味煎,丁光迪医生病例集,例一,现代临床
喉痹,证候采用方剂,加减一阴煎,丁光迪医生病例集,例一,现代临床
喉痹,证候采用方剂,温阳祛寒方,丁光迪医生病例集,例一,现代临床
喉痹,证候采用方剂,麻黄附子细辛汤,丁光迪医生病例集,例一,现代临床
喉痹,证候采用方剂,附子理中汤,丁光迪医生病例集,例一,现代临床
喉痹,证候采用方剂,理中汤加肉桂,丁光迪医生病例集,例一,现代临床
喉痹,证候采用方剂,景岳新方镇阴煎,丁光迪医生病例集,例一,现代临床
咽喉肿痛,疾病表现症状,声音嘶哑,丁光迪医生病例集,例二,现代临床
咽喉肿痛,疾病表现症状,暗音不扬,丁光迪医生病例集,例二,现代临床
咽喉肿痛,疾病表现症状,欲咳不舞,丁光迪医生病例集,例二,现代临床
咽喉肿痛,疾病表现症状,痰涎缠于喉舌,丁光迪医生病例集,例二,现代临床
咽喉肿痛,疾病表现症状,勺水不能下咽,丁光迪医生病例集,例二,现代临床
咽喉肿痛,疾病表现症状,气息如梗,丁光迪医生病例集,例二,现代临床
咽喉肿痛,疾病表现症状,呼吸几乎欲绝,丁光迪医生病例集,例二,现代临床
咽喉肿痛,疾病表现症状,畏寒肢冷,丁光迪医生病例集,例二,现代临床
咽喉肿痛,疾病表现症状,小便短涩,丁光迪医生病例集,例二,现代临床
咽喉肿痛,疾病表现症状,神萎气怯,丁光迪医生病例集,例二,现代临床
咽喉肿痛,疾病表现症状,问对声哑,丁光迪医生病例集,例二,现代临床
咽喉肿痛,疾病导致舌象,舌色青淡,丁光迪医生病例集,例二,现代临床
咽喉肿痛,疾病导致舌象,苔滑腻,丁光迪医生病例集,例二,现代临床
咽喉肿痛,疾病导致脉象,脉沉而细,丁光迪医生病例集,例二,现代临床
阴寒克中少阴之络,证候导致舌象,舌色青淡,丁光迪医生病例集,例二,现代临床
阴寒克中少阴之络,证候导致舌象,苔滑腻,丁光迪医生病例集,例二,现代临床
阴寒克中少阴之络,证候导致脉象,脉沉而细,丁光迪医生病例集,例二,现代临床
阴寒克中少阴之络,综合辨证证候,伤寒喉痹,丁光迪医生病例集,例二,现代临床
阴寒克中少阴之络,证候采用方剂,麻黄附子细辛汤,丁光迪医生病例集,例二,现代临床
麻黄附子细辛汤,方剂组成药材,麻黄,丁光迪医生病例集,例二,现代临床
麻黄附子细辛汤,方剂组成药材,细辛,丁光迪医生病例集,例二,现代临床
麻黄附子细辛汤,方剂组成药材,制附块,丁光迪医生病例集,例二,现代临床
麻黄附子细辛汤,方剂组成药材,姜半夏,丁光迪医生病例集,例二,现代临床
麻黄附子细辛汤,方剂组成药材,矶郁金,丁光迪医生病例集,例二,现代临床
麻黄附子细辛汤,方剂组成药材,茯苓,丁光迪医生病例集,例二,现代临床
麻黄附子细辛汤,方剂组成药材,甘草,丁光迪医生病例集,例二,现代临床
麻黄附子细辛汤,方剂组成药材,赤芍,丁光迪医生病例集,例二,现代临床
麻黄附子细辛汤,方剂组成药材,桂枝,丁光迪医生病例集,例二,现代临床
麻黄附子细辛汤,方剂组成药材,制僵蚕,丁光迪医生病例集,例二,现代临床
麻黄附子细辛汤,方剂组成药材,生姜,丁光迪医生病例集,例二,现代临床
麻黄,药材具有功效,发汗解表,丁光迪医生病例集,例二,现代临床
细辛,药材具有功效,温经散寒,丁光迪医生病例集,例二,现代临床
制附块,药材具有功效,回阳救逆,丁光迪医生病例集,例二,现代临床
阴寒克中少阴之络,症状伴随症状,畏寒肢冷,丁光迪医生病例集,例二,现代临床
阴寒克中少阴之络,症状伴随症状,小便短涩,丁光迪医生病例集,例二,现代临床
阴寒克中少阴之络,症状伴随症状,神萎气怯,丁光迪医生病例集,例二,现代临床
阴寒克中少阴之络,症状伴随症状,问对声哑,丁光迪医生病例集,例二,现代临床
阴寒克中少阴之络,症状辨证证候,寒凝脉络,丁光迪医生病例集,例二,现代临床
阴寒克中少阴之络,症状辨证证候,气血交阻,丁光迪医生病例集,例二,现代临床
阴寒克中少阴之络,症状辨证证候,痹肿咽塞,丁光迪医生病例集,例二,现代临床
阴寒克中少阴之络,症状辨证证候,升降闭绝之危,丁光迪医生病例集,例二,现代临床
阴寒克中少阴之络,证候导致舌象,舌尚淡滑,丁光迪医生病例集,例二,现代临床
阴寒克中少阴之络,证候导致脉象,脉右手转见Y滑象,丁光迪医生病例集,例二,现代临床
阴寒克中少阴之络,证候导致脉象,左尚细,丁光迪医生病例集,例二,现代临床
阴寒克中少阴之络,症状伴随症状,尚感形寒,丁光迪医生病例集,例二,现代临床
阴寒克中少阴之络,症状伴随症状,骨寒已除,丁光迪医生病例集,例二,现代临床
阴寒克中少阴之络,症状伴随症状,两手亦略温,丁光迪医生病例集,例二,现代临床
阴寒克中少阴之络,症状伴随症状,畏寒尚未解,丁光迪医生病例集,例二,现代临床
阴寒克中少阴之络,症状伴随症状,微咳有痰,丁光迪医生病例集,例二,现代临床
阴寒克中少阴之络,症状伴随症状,咽屮尚耒完全爽利,丁光迪医生病例集,例二,现代临床
阴寒克中少阴之络,症状伴随症状,小便转很畅行,丁光迪医生病例集,例二,现代临床
阴寒克中少阴之络,症状伴随症状,自觉冇一股热气向下,丁光迪医生病例集,例二,现代临床
阴寒克中少阴之络,症状伴随症状,尿冇酒药之气,丁光迪医生病例集,例二,现代临床
阴寒克中少阴之络,症状伴随症状,周身腹中殊感舒适,丁光迪医生病例集,例二,现代临床
阴寒克中少阴之络,症状伴随症状,口中亦自清爽,丁光迪医生病例集,例二,现代临床
阴寒克中少阴之络,症状伴随症状,惟尚感疲乏,丁光迪医生病例集,例二,现代临床
阴寒克中少阴之络,症状伴随症状,欲得温卧,丁光迪医生病例集,例二,现代临床
阴寒克中少阴之络,证候采用方剂,桂苓吴仙散,丁光迪医生病例集,例二,现代临床
阴寒克中少阴之络,证候采用方剂,甘草干姜汤,丁光迪医生病例集,例二,现代临床
甘草干姜汤,方剂组成药材,炙甘草,丁光迪医生病例集,例二,现代临床
甘草干姜汤,方剂组成药材,干姜,丁光迪医生病例集,例二,现代临床
甘草干姜汤,方剂组成药材,姜半夏,丁光迪医生病例集,例二,现代临床
甘草干姜汤,方剂组成药材,陈皮,丁光迪医生病例集,例二,现代临床
甘草干姜汤,方剂组成药材,茯苓,丁光迪医生病例集,例二,现代临床
甘草干姜汤,方剂组成药材,白术,丁光迪医生病例集,例二,现代临床
甘草干姜汤,方剂组成药材,炙黄芪,丁光迪医生病例集,例二,现代临床
甘草干姜汤,方剂组成药材,炒当归,丁光迪医生病例集,例二,现代临床
甘草干姜汤,方剂组成药材,生姜,丁光迪医生病例集,例二,现代临床
甘草干姜汤,方剂组成药材,大枣,丁光迪医生病例集,例二,现代临床
甘草,药材具有功效,和中益气,丁光迪医生病例集,例二,现代临床
干姜,药材具有功效,温中散寒,丁光迪医生病例集,例二,现代临床
丁光迪,名医经验总结,急与温通少阴之络，叠进麻黄附子细辛汤；照顾寒饮之体，又佐以桂苓吴仙散，见效亦迅速。最后复入甘草干姜汤，恢复胸中之阳，以资巩固。,丁光迪医生病例集,例二,现代临床
风寒头痛发热,疾病表现症状,咽喉如塞,丁光迪医生病例集,例三,现代临床
风寒头痛发热,疾病表现症状,气逆作咳,丁光迪医生病例集,例三,现代临床
风寒头痛发热,疾病表现症状,痰稠不爽,丁光迪医生病例集,例三,现代临床
风寒头痛发热,症状伴随症状,发热已减,丁光迪医生病例集,例三,现代临床
风寒头痛发热,症状伴随症状,喉肿加甚,丁光迪医生病例集,例三,现代临床
风寒头痛发热,症状伴随症状,声音不出,丁光迪医生病例集,例三,现代临床
风寒头痛发热,症状伴随症状,胸闷不畅,丁光迪医生病例集,例三,现代临床
风寒头痛发热,症状伴随症状,失音更增烦剧,丁光迪医生病例集,例三,现代临床
风寒头痛发热,疾病导致舌象,舌苔白腻,丁光迪医生病例集,例三,现代临床
风寒头痛发热,疾病导致脉象,脉浮而紧,丁光迪医生病例集,例三,现代临床
外感失音,证候导致舌象,舌苔白腻,丁光迪医生病例集,例三,现代临床
外感失音,证候导致脉象,脉浮而紧,丁光迪医生病例集,例三,现代临床
外感失音,症状辨证证候,表邪束肺,丁光迪医生病例集,例三,现代临床
外感失音,症状辨证证候,气道被遏,丁光迪医生病例集,例三,现代临床
外感失音,症状辨证证候,邪郁则喉肿,丁光迪医生病例集,例三,现代临床
外感失音,症状辨证证候,气滞则痰聚,丁光迪医生病例集,例三,现代临床
外感失音,症状辨证证候,喉肿技浊,丁光迪医生病例集,例三,现代临床
外感失音,症状辨证证候,阻于清空,丁光迪医生病例集,例三,现代临床
外感失音,证候采用方剂,羌辛桔甘汤加味,丁光迪医生病例集,例三,现代临床
羌辛桔甘汤加味,方剂组成药材,羌活,丁光迪医生病例集,例三,现代临床
羌辛桔甘汤加味,方剂组成药材,荆芥,丁光迪医生病例集,例三,现代临床
羌辛桔甘汤加味,方剂组成药材,细辛,丁光迪医生病例集,例三,现代临床
羌辛桔甘汤加味,方剂组成药材,桔梗,丁光迪医生病例集,例三,现代临床
羌辛桔甘汤加味,方剂组成药材,炙甘草,丁光迪医生病例集,例三,现代临床
羌辛桔甘汤加味,方剂组成药材,炒牛莠子,丁光迪医生病例集,例三,现代临床
羌辛桔甘汤加味,方剂组成药材,净蝉衣,丁光迪医生病例集,例三,现代临床
羌辛桔甘汤加味,方剂组成药材,制僵蚕,丁光迪医生病例集,例三,现代临床
羌辛桔甘汤加味,方剂组成药材,石菖蒲,丁光迪医生病例集,例三,现代临床
羌辛桔甘汤加味,方剂组成药材,生萝卜,丁光迪医生病例集,例三,现代临床
羌活,药材具有功效,祛邪宣肺,丁光迪医生病例集,例三,现代临床
荆芥,药材具有功效,祛邪宣肺,丁光迪医生病例集,例三,现代临床
细辛,药材具有功效,祛邪宣肺,丁光迪医生病例集,例三,现代临床
桔梗,药材具有功效,化痰消肿,丁光迪医生病例集,例三,现代临床
炙甘草,药材具有功效,开窍以发声音,丁光迪医生病例集,例三,现代临床
净蝉衣,药材具有功效,开窍以发声音,丁光迪医生病例集,例三,现代临床
制僵蚕,药材具有功效,开窍以发声音,丁光迪医生病例集,例三,现代临床
石菖蒲,药材具有功效,开窍以发声音,丁光迪医生病例集,例三,现代临床
生萝卜,药材具有功效,化痰消肿,丁光迪医生病例集,例三,现代临床
慢性支气管炎并发急性感染,疾病表现症状,咳嗽多年,丁光迪医生病例集,例一,现代临床
慢性支气管炎并发急性感染,疾病表现症状,遇寒加甚,丁光迪医生病例集,例一,现代临床
慢性支气管炎并发急性感染,疾病表现症状,咳嗽气急,丁光迪医生病例集,例一,现代临床
慢性支气管炎并发急性感染,疾病表现症状,痰涎甚多,丁光迪医生病例集,例一,现代临床
慢性支气管炎并发急性感染,疾病表现症状,恶寒战栗,丁光迪医生病例集,例一,现代临床
慢性支气管炎并发急性感染,疾病表现症状,高热,丁光迪医生病例集,例一,现代临床
慢性支气管炎并发急性感染,疾病表现症状,气息急促,丁光迪医生病例集,例一,现代临床
慢性支气管炎并发急性感染,疾病表现症状,二寒发热,丁光迪医生病例集,例一,现代临床
慢性支气管炎并发急性感染,疾病表现症状,头额稍有汗,丁光迪医生病例集,例一,现代临床
慢性支气管炎并发急性感染,疾病表现症状,身无汗,丁光迪医生病例集,例一,现代临床
慢性支气管炎并发急性感染,疾病表现症状,身困拘急,丁光迪医生病例集,例一,现代临床
慢性支气管炎并发急性感染,疾病表现症状,神识微见迷糊,丁光迪医生病例集,例一,现代临床
慢性支气管炎并发急性感染,疾病表现症状,烦躁不安,丁光迪医生病例集,例一,现代临床
慢性支气管炎并发急性感染,疾病表现症状,胸闷微痛,丁光迪医生病例集,例一,现代临床
慢性支气管炎并发急性感染,疾病表现症状,咯痰不爽,丁光迪医生病例集,例一,现代临床
慢性支气管炎并发急性感染,疾病表现症状,痰多稠沫,丁光迪医生病例集,例一,现代临床
慢性支气管炎并发急性感染,疾病表现症状,不欲饮食,丁光迪医生病例集,例一,现代临床
慢性支气管炎并发急性感染,疾病表现症状,大小便不畅,丁光迪医生病例集,例一,现代临床
慢性支气管炎并发急性感染,疾病导致舌象,舌淡,丁光迪医生病例集,例一,现代临床
慢性支气管炎并发急性感染,疾病导致舌象,有紫气,丁光迪医生病例集,例一,现代临床
慢性支气管炎并发急性感染,疾病导致舌象,苔薄腻罩微黄,丁光迪医生病例集,例一,现代临床
慢性支气管炎并发急性感染,疾病导致脉象,脉弦细数,丁光迪医生病例集,例一,现代临床
表里寒热错杂证候,证候导致舌象,舌淡,丁光迪医生病例集,例一,现代临床
表里寒热错杂证候,证候导致舌象,有紫气,丁光迪医生病例集,例一,现代临床
表里寒热错杂证候,证候导致舌象,苔薄腻罩微黄,丁光迪医生病例集,例一,现代临床
表里寒热错杂证候,证候导致脉象,脉弦细数,丁光迪医生病例集,例一,现代临床
大青龙汤加味,证候采用方剂,表里寒热错杂证候,丁光迪医生病例集,例一,现代临床
大青龙汤加味,方剂组成药材,麻黄,丁光迪医生病例集,例一,现代临床
大青龙汤加味,方剂组成药材,桂枝,丁光迪医生病例集,例一,现代临床
大青龙汤加味,方剂组成药材,炙甘草,丁光迪医生病例集,例一,现代临床
大青龙汤加味,方剂组成药材,生石膏,丁光迪医生病例集,例一,现代临床
大青龙汤加味,方剂组成药材,光杏仁,丁光迪医生病例集,例一,现代临床
大青龙汤加味,方剂组成药材,生姜,丁光迪医生病例集,例一,现代临床
大青龙汤加味,方剂组成药材,姜半夏,丁光迪医生病例集,例一,现代临床
大青龙汤加味,方剂组成药材,赤芍,丁光迪医生病例集,例一,现代临床
大青龙汤加味,方剂组成药材,黄苓,丁光迪医生病例集,例一,现代临床
大青龙汤加味,方剂组成药材,石菖蒲,丁光迪医生病例集,例一,现代临床
大青龙汤加味,方剂组成药材,郁金,丁光迪医生病例集,例一,现代临床
大青龙汤加味,方剂组成药材,茯苓,丁光迪医生病例集,例一,现代临床
大青龙汤加味,方剂组成药材,陈皮,丁光迪医生病例集,例一,现代临床
麻黄,药材具有功效,解表泄热,丁光迪医生病例集,例一,现代临床
桂枝,药材具有功效,调和营卫,丁光迪医生病例集,例一,现代临床
生姜,药材具有功效,温化痰饮,丁光迪医生病例集,例一,现代临床
丁光迪医生病例集,归属于经典,例一,丁光迪医生病例集,例一,现代临床
晚间受凉,疾病表现症状,喉中燥痒,丁光迪医生病例集,例二,现代临床
晚间受凉,疾病表现症状,干咳无痰,丁光迪医生病例集,例二,现代临床
晚间受凉,疾病表现症状,痒甚咳甚,丁光迪医生病例集,例二,现代临床
晚间受凉,疾病表现症状,晨晚为剧,丁光迪医生病例集,例二,现代临床
晚间受凉,疾病表现症状,得温饮略縫,丁光迪医生病例集,例二,现代临床
晚间受凉,疾病表现症状,咳甚气逆,丁光迪医生病例集,例二,现代临床
晚间受凉,疾病表现症状,甚至小便自遗,丁光迪医生病例集,例二,现代临床
晚间受凉,疾病表现症状,胸膺隐痛,丁光迪医生病例集,例二,现代临床
晚间受凉,疾病表现症状,咳声嘶急,丁光迪医生病例集,例二,现代临床
晚间受凉,疾病表现症状,有时涎中见血丝,丁光迪医生病例集,例二,现代临床
晚间受凉,疾病导致舌象,舌净苔薄,丁光迪医生病例集,例二,现代临床
晚间受凉,疾病导致舌象,有津,丁光迪医生病例集,例二,现代临床
晚间受凉,疾病导致脉象,脉细见弦象,丁光迪医生病例集,例二,现代临床
凉燥束肺,证候导致舌象,舌净苔薄,丁光迪医生病例集,例二,现代临床
凉燥束肺,证候导致舌象,有津,丁光迪医生病例集,例二,现代临床
凉燥束肺,证候导致脉象,脉细见弦象,丁光迪医生病例集,例二,现代临床
凉燥束肺,综合辨证证候,气逆致咳,丁光迪医生病例集,例二,现代临床
凉燥束肺,证候采用方剂,辛润理肺汤,丁光迪医生病例集,例二,现代临床
辛润理肺汤,方剂组成药材,带节麻黄,丁光迪医生病例集,例二,现代临床
辛润理肺汤,方剂组成药材,带皮杏仁,丁光迪医生病例集,例二,现代临床
辛润理肺汤,方剂组成药材,井草,丁光迪医生病例集,例二,现代临床
辛润理肺汤,方剂组成药材,桔梗,丁光迪医生病例集,例二,现代临床
辛润理肺汤,方剂组成药材,佛耳草,丁光迪医生病例集,例二,现代临床
辛润理肺汤,方剂组成药材,橘红,丁光迪医生病例集,例二,现代临床
辛润理肺汤,方剂组成药材,当归,丁光迪医生病例集,例二,现代临床
辛润理肺汤,方剂组成药材,炮姜,丁光迪医生病例集,例二,现代临床
辛润理肺汤,方剂组成药材,生姜,丁光迪医生病例集,例二,现代临床
甘草干姜,药材具有功效,温胸中之阳,丁光迪医生病例集,例二,现代临床
甘草干姜,药材具有功效,辛润肺气,丁光迪医生病例集,例二,现代临床
甘草干姜,药材具有功效,解除凉燥,丁光迪医生病例集,例二,现代临床
甘草干姜,药材具有功效,调和菅卫,丁光迪医生病例集,例二,现代临床
甘草,药材具有功效,治咳,丁光迪医生病例集,例二,现代临床
当归,药材具有功效,温润,丁光迪医生病例集,例二,现代临床
当归,药材具有功效,理肺止咳,丁光迪医生病例集,例二,现代临床
麻黄,药材具有功效,利咽喉,丁光迪医生病例集,例二,现代临床
麻黄,药材具有功效,治咳嗽,丁光迪医生病例集,例二,现代临床
甘草干姜,药材具有功效,益肺气而摄下焦,丁光迪医生病例集,例二,现代临床
五味子,药材具有功效,益肺气而摄下焦,丁光迪医生病例集,例二,现代临床
广郁金,药材具有功效,解肺气闭郁,丁光迪医生病例集,例二,现代临床
荆芥炭,药材具有功效,折火迫,丁光迪医生病例集,例二,现代临床
法半夏,药材具有功效,减少痰,丁光迪医生病例集,例二,现代临床
丁光迪,名医经验总结,辛润理肺汤,丁光迪医生病例集,例二,现代临床
咳嗽,疾病表现症状,咽喉作痒,丁光迪医生病例集,例四,现代临床
咳嗽,疾病表现症状,阵发剧咳,丁光迪医生病例集,例四,现代临床
咳嗽,疾病表现症状,咳甚并且恶心欲吐,丁光迪医生病例集,例四,现代临床
咳嗽,疾病表现症状,痰出白沫,丁光迪医生病例集,例四,现代临床
咳嗽,症状伴随症状,面目浮肿,丁光迪医生病例集,例四,现代临床
咳嗽,症状伴随症状,形体疲乏,丁光迪医生病例集,例四,现代临床
咳嗽,疾病导致舌象,苔薄,丁光迪医生病例集,例四,现代临床
咳嗽,疾病导致舌象,舌边多齿痕,丁光迪医生病例集,例四,现代临床
咳嗽,疾病导致脉象,脉细,丁光迪医生病例集,例四,现代临床
咳嗽,疾病导致脉象,左手有滑象,丁光迪医生病例集,例四,现代临床
肺虚夹邪咳嗽,证候导致舌象,苔薄,丁光迪医生病例集,例四,现代临床
肺虚夹邪咳嗽,证候导致舌象,舌边多齿痕,丁光迪医生病例集,例四,现代临床
肺虚夹邪咳嗽,证候导致脉象,脉细,丁光迪医生病例集,例四,现代临床
肺虚夹邪咳嗽,证候导致脉象,左手有滑象,丁光迪医生病例集,例四,现代临床
肺虚夹邪咳嗽,综合辨证证候,不足中尚有余邪,丁光迪医生病例集,例四,现代临床
肺虚夹邪咳嗽,证候采用方剂,丁戒邪.止嗽散,丁光迪医生病例集,例四,现代临床
丁戒邪.止嗽散,方剂组成药材,炒荆芥,丁光迪医生病例集,例四,现代临床
丁戒邪.止嗽散,方剂组成药材,白前,丁光迪医生病例集,例四,现代临床
丁戒邪.止嗽散,方剂组成药材,前胡,丁光迪医生病例集,例四,现代临床
丁戒邪.止嗽散,方剂组成药材,紫菀,丁光迪医生病例集,例四,现代临床
丁戒邪.止嗽散,方剂组成药材,茯冬,丁光迪医生病例集,例四,现代临床
丁戒邪.止嗽散,方剂组成药材,法半夏,丁光迪医生病例集,例四,现代临床
丁戒邪.止嗽散,方剂组成药材,陈皮,丁光迪医生病例集,例四,现代临床
丁戒邪.止嗽散,方剂组成药材,妙白术,丁光迪医生病例集,例四,现代临床
丁戒邪.止嗽散,方剂组成药材,炙甘草,丁光迪医生病例集,例四,现代临床
丁戒邪.止嗽散,方剂组成药材,炒当归,丁光迪医生病例集,例四,现代临床
丁戒邪.止嗽散,方剂组成药材,冬瓜子皮,丁光迪医生病例集,例四,现代临床
肺虚夹邪咳嗽,症状辨证证候,咳嗽略减,丁光迪医生病例集,例四,现代临床
肺虚夹邪咳嗽,症状辨证证候,咽粘痰多,丁光迪医生病例集,例四,现代临床
肺虚夹邪咳嗽,症状辨证证候,咯出不爽,丁光迪医生病例集,例四,现代临床
肺虚夹邪咳嗽,症状辨证证候,咳嗽大减,丁光迪医生病例集,例四,现代临床
肺虚夹邪咳嗽,症状辨证证候,泡沫痰已极少,丁光迪医生病例集,例四,现代临床
肺虚夹邪咳嗽,症状辨证证候,透明痰块,丁光迪医生病例集,例四,现代临床
肺虚夹邪咳嗽,症状辨证证候,咽干作呛,丁光迪医生病例集,例四,现代临床
肺虚夹邪咳嗽,症状辨证证候,下午面部有烘热,丁光迪医生病例集,例四,现代临床
肺虚夹邪咳嗽,症状辨证证候,汗出较多,丁光迪医生病例集,例四,现代临床
肺虚夹邪咳嗽,症状辨证证候,皮毛畏风,丁光迪医生病例集,例四,现代临床
肺虚夹邪咳嗽,症状辨证证候,咳嗽又减,丁光迪医生病例集,例四,现代临床
肺虚夹邪咳嗽,症状辨证证候,偶尔发作,丁光迪医生病例集,例四,现代临床
肺虚夹邪咳嗽,症状辨证证候,咽喉干呛,丁光迪医生病例集,例四,现代临床
肺虚夹邪咳嗽,症状辨证证候,面烘热,丁光迪医生病例集,例四,现代临床
肺虚夹邪咳嗽,症状辨证证候,易汗出,丁光迪医生病例集,例四,现代临床
肺虚夹邪咳嗽,症状辨证证候,面目浮肿,丁光迪医生病例集,例四,现代临床
肺虚夹邪咳嗽,症状辨证证候,咳时喉中有腥气,丁光迪医生病例集,例四,现代临床
肺虚夹邪咳嗽,证候采用方剂,顾本兼调气阴方,丁光迪医生病例集,例四,现代临床
顾本兼调气阴方,方剂组成药材,炒荆芥,丁光迪医生病例集,例四,现代临床
顾本兼调气阴方,方剂组成药材,炙诃子皮,丁光迪医生病例集,例四,现代临床
顾本兼调气阴方,方剂组成药材,炙甘草,丁光迪医生病例集,例四,现代临床
顾本兼调气阴方,方剂组成药材,桔梗,丁光迪医生病例集,例四,现代临床
顾本兼调气阴方,方剂组成药材,佛耳草,丁光迪医生病例集,例四,现代临床
顾本兼调气阴方,方剂组成药材,枇杷叶,丁光迪医生病例集,例四,现代临床
顾本兼调气阴方,方剂组成药材,法半夏,丁光迪医生病例集,例四,现代临床
顾本兼调气阴方,方剂组成药材,橘红,丁光迪医生病例集,例四,现代临床
顾本兼调气阴方,方剂组成药材,茯苓,丁光迪医生病例集,例四,现代临床
顾本兼调气阴方,方剂组成药材,炒百合,丁光迪医生病例集,例四,现代临床
顾本兼调气阴方,方剂组成药材,炒山药,丁光迪医生病例集,例四,现代临床
顾本兼调气阴方,方剂组成药材,生黄芷,丁光迪医生病例集,例四,现代临床
顾本兼调气阴方,方剂组成药材,炒麦冬,丁光迪医生病例集,例四,现代临床
肺虚夹邪咳嗽,证候采用方剂,促康复方,丁光迪医生病例集,例四,现代临床
促康复方,方剂组成药材,炒当归,丁光迪医生病例集,例四,现代临床
促康复方,方剂组成药材,冬瓜子,丁光迪医生病例集,例四,现代临床
肺虚夹邪咳嗽,归属于经典,丹溪心法,丁光迪医生病例集,例四,现代临床
肺虚夹邪咳嗽,理论指导实践,邪正兼顾,丁光迪医生病例集,例四,现代临床
丁光迪,名医经验总结,肺虚夹邪咳嗽,丁光迪医生病例集,例四,现代临床
过敏性咳嗽,疾病表现症状,喉痒咳嗽,丁光迪医生病例集,例五,现代临床
过敏性咳嗽,症状伴随症状,复发作,丁光迪医生病例集,例五,现代临床
过敏性咳嗽,症状伴随症状,不能闻油烟气,丁光迪医生病例集,例五,现代临床
过敏性咳嗽,症状伴随症状,咳嗽始终无痰,丁光迪医生病例集,例五,现代临床
过敏性咳嗽,症状伴随症状,咳多胁肋间痛,丁光迪医生病例集,例五,现代临床
过敏性咳嗽,症状伴随症状,食欲日差,丁光迪医生病例集,例五,现代临床
过敏性咳嗽,症状伴随症状,形体痿弱,丁光迪医生病例集,例五,现代临床
过敏性咳嗽,症状伴随症状,面色虚黄,丁光迪医生病例集,例五,现代临床
过敏性咳嗽,症状伴随症状,目胞肿,丁光迪医生病例集,例五,现代临床
过敏性咳嗽,症状伴随症状,头面五官均作痒,丁光迪医生病例集,例五,现代临床
过敏性咳嗽,疾病导致舌象,舌苔薄白,丁光迪医生病例集,例五,现代临床
过敏性咳嗽,疾病导致脉象,脉细见涩象,丁光迪医生病例集,例五,现代临床
过敏性咳嗽,脉象表现特征,按之少力,丁光迪医生病例集,例五,现代临床
过敏性咳嗽,症状辨证证候,风邪上受,丁光迪医生病例集,例五,现代临床
过敏性咳嗽,症状辨证证候,肺脾两虚,丁光迪医生病例集,例五,现代临床
肺脾两虚,证候导致舌象,舌苔薄白,丁光迪医生病例集,例五,现代临床
肺脾两虚,证候导致脉象,脉细见涩象,丁光迪医生病例集,例五,现代临床
肺脾两虚,综合辨证证候,形体畏寒,丁光迪医生病例集,例五,现代临床
肺脾两虚,综合辨证证候,久咳不愈,丁光迪医生病例集,例五,现代临床
肺脾两虚,综合辨证证候,力疲神萎,丁光迪医生病例集,例五,现代临床
肺脾两虚,综合辨证证候,营卫气血渐损,丁光迪医生病例集,例五,现代临床
肺脾两虚,综合辨证证候,正不胜邪,丁光迪医生病例集,例五,现代临床
肺脾两虚,综合辨证证候,过敏症,丁光迪医生病例集,例五,现代临床
肺脾两虚,综合辨证证候,头面空窍肌肤作痒,丁光迪医生病例集,例五,现代临床
肺脾两虚,证候采用方剂,辛润理肺方,丁光迪医生病例集,例五,现代临床
辛润理肺方,方剂组成药材,炒荆芥,丁光迪医生病例集,例五,现代临床
辛润理肺方,方剂组成药材,防风,丁光迪医生病例集,例五,现代临床
辛润理肺方,方剂组成药材,薄荷,丁光迪医生病例集,例五,现代临床
辛润理肺方,方剂组成药材,炒牛蒡子,丁光迪医生病例集,例五,现代临床
辛润理肺方,方剂组成药材,苦桔梗,丁光迪医生病例集,例五,现代临床
辛润理肺方,方剂组成药材,炙甘草,丁光迪医生病例集,例五,现代临床
辛润理肺方,方剂组成药材,当归,丁光迪医生病例集,例五,现代临床
辛润理肺方,方剂组成药材,桃仁泥,丁光迪医生病例集,例五,现代临床
辛润理肺方,方剂组成药材,杏仁泥,丁光迪医生病例集,例五,现代临床
辛润理肺方,方剂组成药材,橘红,丁光迪医生病例集,例五,现代临床
辛润理肺方,方剂组成药材,茯苓,丁光迪医生病例集,例五,现代临床
辛润理肺方,方剂组成药材,厚朴花,丁光迪医生病例集,例五,现代临床
辛润理肺方,方剂组成药材,炙枇杷叶,丁光迪医生病例集,例五,现代临床
荆芥,药材具有功效,祛风利窍,丁光迪医生病例集,例五,现代临床
防风,药材具有功效,祛风利窍,丁光迪医生病例集,例五,现代临床
薄荷,药材具有功效,祛风利窍,丁光迪医生病例集,例五,现代临床
甘草,药材具有功效,润肺止咳,丁光迪医生病例集,例五,现代临床
桔梗,药材具有功效,润肺止咳,丁光迪医生病例集,例五,现代临床
当归,药材具有功效,润肺止咳,丁光迪医生病例集,例五,现代临床
桃仁,药材具有功效,润肺止咳,丁光迪医生病例集,例五,现代临床
杏仁,药材具有功效,润肺止咳,丁光迪医生病例集,例五,现代临床
枇杷叶,药材具有功效,润肺止咳,丁光迪医生病例集,例五,现代临床
厚朴花,药材具有功效,开胃运脾,丁光迪医生病例集,例五,现代临床
茯苓,药材具有功效,开胃运脾,丁光迪医生病例集,例五,现代临床
过敏性咳嗽,证候采用方剂,三豆汤,丁光迪医生病例集,例五,现代临床
三豆汤,方剂组成药材,黄豆,丁光迪医生病例集,例五,现代临床
三豆汤,方剂组成药材,绿豆,丁光迪医生病例集,例五,现代临床
三豆汤,方剂组成药材,赤豆,丁光迪医生病例集,例五,现代临床
三豆汤,药材具有功效,补脾胃,丁光迪医生病例集,例五,现代临床
三豆汤,药材具有功效,清热解毒,丁光迪医生病例集,例五,现代临床
过敏性咳嗽,证候采用方剂,金匮肾气丸,丁光迪医生病例集,例五,现代临床
过敏性咳嗽,证候采用方剂,杞菊地黄丸,丁光迪医生病例集,例五,现代临床
两感咳嗽,疾病表现症状,干咳咯血,丁光迪医生病例集,例七,现代临床
两感咳嗽,疾病表现症状,懒倦身疼,丁光迪医生病例集,例七,现代临床
两感咳嗽,疾病表现症状,干咳无痰,丁光迪医生病例集,例七,现代临床
两感咳嗽,疾病表现症状,身热,丁光迪医生病例集,例七,现代临床
两感咳嗽,疾病表现症状,心烦少寐,丁光迪医生病例集,例七,现代临床
两感咳嗽,疾病表现症状,梦遗,丁光迪医生病例集,例七,现代临床
两感咳嗽,疾病导致舌象,舌心剥蚀,丁光迪医生病例集,例七,现代临床
两感咳嗽,疾病导致舌象,舌面干灼,丁光迪医生病例集,例七,现代临床
两感咳嗽,疾病导致舌象,舌心剥,丁光迪医生病例集,例七,现代临床
两感咳嗽,疾病导致脉象,脉细滑,丁光迪医生病例集,例七,现代临床
两感咳嗽,疾病导致脉象,脉稍弦,丁光迪医生病例集,例七,现代临床
两感咳嗽,症状伴随症状,小便黄赤,丁光迪医生病例集,例七,现代临床
两感咳嗽,症状伴随症状,皮肤干燥,丁光迪医生病例集,例七,现代临床
两感咳嗽,症状伴随症状,舌质赤少津,丁光迪医生病例集,例七,现代临床
两感咳嗽,症状伴随症状,苔薄微黄,丁光迪医生病例集,例七,现代临床
两感咳嗽,症状辨证证候,外感时邪,丁光迪医生病例集,例七,现代临床
两感咳嗽,症状辨证证候,引动伏温,丁光迪医生病例集,例七,现代临床
两感咳嗽,症状辨证证候,肺肾两伤,丁光迪医生病例集,例七,现代临床
两感咳嗽,症状辨证证候,气逆作咳,丁光迪医生病例集,例七,现代临床
两感咳嗽,症状辨证证候,咳震络伤,丁光迪医生病例集,例七,现代临床
两感咳嗽,证候采用方剂,清肺养阴止咳汤,丁光迪医生病例集,例七,现代临床
清肺养阴止咳汤,方剂组成药材,冬桑叶,丁光迪医生病例集,例七,现代临床
清肺养阴止咳汤,方剂组成药材,薄荷,丁光迪医生病例集,例七,现代临床
清肺养阴止咳汤,方剂组成药材,桔梗,丁光迪医生病例集,例七,现代临床
清肺养阴止咳汤,方剂组成药材,甘草,丁光迪医生病例集,例七,现代临床
清肺养阴止咳汤,方剂组成药材,杏仁,丁光迪医生病例集,例七,现代临床
清肺养阴止咳汤,方剂组成药材,黑山梔,丁光迪医生病例集,例七,现代临床
清肺养阴止咳汤,方剂组成药材,淡豆豉,丁光迪医生病例集,例七,现代临床
清肺养阴止咳汤,方剂组成药材,生地,丁光迪医生病例集,例七,现代临床
清肺养阴止咳汤,方剂组成药材,百合,丁光迪医生病例集,例七,现代临床
清肺养阴止咳汤,方剂组成药材,炙百部,丁光迪医生病例集,例七,现代临床
清肺养阴止咳汤,方剂组成药材,白茅花,丁光迪医生病例集,例七,现代临床
冬桑叶,药材具有功效,辛凉解表,丁光迪医生病例集,例七,现代临床
薄荷,药材具有功效,辛凉解表,丁光迪医生病例集,例七,现代临床
甘草,药材具有功效,理肺止咳,丁光迪医生病例集,例七,现代临床
杏仁,药材具有功效,理肺止咳,丁光迪医生病例集,例七,现代临床
淡豆豉,药材具有功效,清热并从阴中透出伏温,丁光迪医生病例集,例七,现代临床
生地,药材具有功效,清热并从阴中透出伏温,丁光迪医生病例集,例七,现代临床
两感咳嗽,理论指导实践,治宜清肺养阴，表里兼顾,丁光迪医生病例集,例七,现代临床
丁光迪,名医经验总结,两感咳嗽,丁光迪医生病例集,例七,现代临床
支饮咳嗽,疾病表现症状,秋冬剧，春夏差,丁光迪医生病例集,例一7,现代临床
支饮咳嗽,疾病表现症状,喉痒作咳,丁光迪医生病例集,例一7,现代临床
支饮咳嗽,疾病表现症状,寒甚咳甚,丁光迪医生病例集,例一7,现代临床
支饮咳嗽,疾病表现症状,痰务，有时咯吐不爽,丁光迪医生病例集,例一7,现代临床
支饮咳嗽,疾病表现症状,咳引胁痛,丁光迪医生病例集,例一7,现代临床
支饮咳嗽,疾病表现症状,顿咳作呕,丁光迪医生病例集,例一7,现代临床
支饮咳嗽,疾病表现症状,咳甚见喘,丁光迪医生病例集,例一7,现代临床
支饮咳嗽,疾病表现症状,气喘心慌,丁光迪医生病例集,例一7,现代临床
支饮咳嗽,疾病表现症状,小便自遗,丁光迪医生病例集,例一7,现代临床
支饮咳嗽,疾病表现症状,纳谷日少,丁光迪医生病例集,例一7,现代临床
支饮咳嗽,疾病表现症状,精力疲乏,丁光迪医生病例集,例一7,现代临床
支饮咳嗽,疾病表现症状,头目曾眩,丁光迪医生病例集,例一7,现代临床
支饮咳嗽,疾病表现症状,痰多，形如泡沫,丁光迪医生病例集,例一7,现代临床
支饮咳嗽,疾病表现症状,胸闷气短,丁光迪医生病例集,例一7,现代临床
支饮咳嗽,疾病表现症状,形寒背冷,丁光迪医生病例集,例一7,现代临床
支饮咳嗽,疾病表现症状,睡眠只能半卧位,丁光迪医生病例集,例一7,现代临床
支饮咳嗽,疾病表现症状,饮食日少,丁光迪医生病例集,例一7,现代临床
支饮咳嗽,疾病表现症状,小便很少,丁光迪医生病例集,例一7,现代临床
支饮咳嗽,疾病表现症状,目胞、两足亦肿,丁光迪医生病例集,例一7,现代临床
支饮咳嗽,疾病表现症状,面色虚浮晦滞,丁光迪医生病例集,例一7,现代临床
支饮咳嗽,疾病表现症状,下午两颊色赤,丁光迪医生病例集,例一7,现代临床
支饮咳嗽,疾病表现症状,自感面热足冷,丁光迪医生病例集,例一7,现代临床
支饮咳嗽,疾病导致舌象,舌胖淡水滑,丁光迪医生病例集,例一7,现代临床
支饮咳嗽,疾病导致舌象,苔腻,丁光迪医生病例集,例一7,现代临床
支饮咳嗽,疾病导致脉象,脉细而滑,丁光迪医生病例集,例一7,现代临床
支饮上凌心肺,证候导致舌象,舌胖淡水滑,丁光迪医生病例集,例一7,现代临床
支饮上凌心肺,证候导致舌象,苔腻,丁光迪医生病例集,例一7,现代临床
支饮上凌心肺,证候导致脉象,脉细而滑,丁光迪医生病例集,例一7,现代临床
支饮上凌心肺,综合辨证证候,阴邪遏抑阳气,丁光迪医生病例集,例一7,现代临床
支饮上凌心肺,综合辨证证候,心脾肺肾交伤,丁光迪医生病例集,例一7,现代临床
支饮上凌心肺,综合辨证证候,虚阳有飞越之危,丁光迪医生病例集,例一7,现代临床
支饮上凌心肺,证候采用方剂,泽泻汤、甘草干姜汤、桂苓五味姜辛半夏汤,丁光迪医生病例集,例一7,现代临床
泽泻汤、甘草干姜汤、桂苓五味姜辛半夏汤,方剂组成药材,泽泻、白术、甘草、干姜、桂枝、茯苓、五味子、细辛、姜半夏、生姜,丁光迪医生病例集,例一7,现代临床
甘草干姜汤,药材具有功效,恢复胸中之阳,丁光迪医生病例集,例一7,现代临床
甘草干姜汤,药材具有功效,驱散阴霾,丁光迪医生病例集,例一7,现代临床
甘草干姜汤,药材具有功效,守住中焦之阳,丁光迪医生病例集,例一7,现代临床
甘草干姜汤,药材具有功效,恢复升降之常,丁光迪医生病例集,例一7,现代临床
桂苓五味姜辛半夏汤,药材具有功效,通下焦之阳,丁光迪医生病例集,例一7,现代临床
桂苓五味姜辛半夏汤,药材具有功效,使膀胱气化能够畅行,丁光迪医生病例集,例一7,现代临床
桂苓五味姜辛半夏汤,药材具有功效,阴邪有去路,丁光迪医生病例集,例一7,现代临床
泽泻汤,药材具有功效,治头眩,丁光迪医生病例集,例一7,现代临床
甘草干姜汤,药材具有功效,温心肺而去多唾,丁光迪医生病例集,例一7,现代临床
辛姜五味,药材具有功效,开阖肺气,丁光迪医生病例集,例一7,现代临床
生姜半夏,药材具有功效,散水降逆,丁光迪医生病例集,例一7,现代临床
四苓,药材具有功效,通阳化气利小便,丁光迪医生病例集,例一7,现代临床
金匮肾气丸,药材具有功效,温阳化水而固其根本,丁光迪医生病例集,例一7,现代临床
丁光迪,名医经验总结,咳喘病证，临床较为多见，尤其秋冬季节，老年人，每为多发病，甚至危及生命的。此证病情，易认难治。易认的是，病经多年，证候大多典型，一发就易入手，俗话说轻车熟路，多是反复打交道的；难治的是，病情顽固，病根难拔，缓解了，又易反复。有十年的，二十年的，甚至三十多年的，病情有增无减。此例发作较严重，饮邪根深蒂固，泛逆上凌，一身阳气俱为阴邪遏抑。如饮邪蒙清空，则发眩晕；遏抑胸阳，则胸满短气，多唾浊沫；胃阳为遏，则食入作胀；下焦之阳被遏，则小便少而脚冷。仅有的凡微之阳，上浮面颊，亦将飞越而去了！其病的危险程度，可想而知。饮为实邪，到此地步，既不可逐，又不能补，实在两难。唯一希望，能够离照当空，则阴霾自释，所以通阳化气，才为唯一生路。方用甘草干姜汤，恢复胸中之阳，使能离照当空，可以驱散阴霾；重用甘草、干姜，又伍以白术，亦是守住中焦之阳，能恢复升降之常。重用桂、苓，通下焦之阳，使膀胱气化能够畅行，则阴邪有去路。以上是此方的重点。因为脉细滑而舌质亦水滑，是阴虚而饮水为甚之象，必须温阳化气，为针对之治。同时伍用细辛，大辛大温，其成首功就是治咳逆上气。本经又能温中下气，破痰纹利水道，开胸中滞结。别录温少阴之经，散水饮以去内寒。元素为更用泽泻汤泻水，能治头眩；甘草干姜汤，又能温心肺而去多唾；辛姜五味，能开阖肺气；生姜半夏，能散水降逆；四苓又能通阳化气利小便，综合为方，着眼重通阳化气，扶正祛邪，斡旋气机，破除阴结。俟得效以后，又配伍金匮肾气丸，温阳化水而固其根本。如此治标顾本，紧而有力，竟能冲破难关，挽回败局，获得转机，化险为夷，经方的卓效，再一次得到发挥。,丁光迪医生病例集,例一7,现代临床
老慢支并发肺炎,疾病表现症状,咳喘,丁光迪医生病例集,例二,现代临床
老慢支并发肺炎,疾病表现症状,痰多稠白,丁光迪医生病例集,例二,现代临床
老慢支并发肺炎,疾病表现症状,形寒背冷,丁光迪医生病例集,例二,现代临床
老慢支并发肺炎,疾病表现症状,自烦躁,丁光迪医生病例集,例二,现代临床
老慢支并发肺炎,疾病表现症状,气息急促,丁光迪医生病例集,例二,现代临床
老慢支并发肺炎,疾病表现症状,食减,丁光迪医生病例集,例二,现代临床
老慢支并发肺炎,疾病表现症状,多食易作胀,丁光迪医生病例集,例二,现代临床
老慢支并发肺炎,疾病表现症状,不得平卧,丁光迪医生病例集,例二,现代临床
老慢支并发肺炎,疾病表现症状,寒战发热,丁光迪医生病例集,例二,现代临床
老慢支并发肺炎,疾病表现症状,有汗尚然畏寒,丁光迪医生病例集,例二,现代临床
老慢支并发肺炎,疾病表现症状,痰多气塞,丁光迪医生病例集,例二,现代临床
老慢支并发肺炎,疾病表现症状,烦躁不寐,丁光迪医生病例集,例二,现代临床
老慢支并发肺炎,疾病表现症状,胸脱痞闷,丁光迪医生病例集,例二,现代临床
老慢支并发肺炎,疾病表现症状,二便不畅,丁光迪医生病例集,例二,现代临床
老慢支并发肺炎,疾病导致舌象,舌红,丁光迪医生病例集,例二,现代临床
老慢支并发肺炎,疾病导致舌象,苔滑腻,丁光迪医生病例集,例二,现代临床
老慢支并发肺炎,疾病导致舌象,罩浅黄色,丁光迪医生病例集,例二,现代临床
老慢支并发肺炎,疾病导致脉象,脉浮滑而数,丁光迪医生病例集,例二,现代临床
饮热互结，气痞不通,证候导致舌象,舌红,丁光迪医生病例集,例二,现代临床
饮热互结，气痞不通,证候导致舌象,苔滑腻,丁光迪医生病例集,例二,现代临床
饮热互结，气痞不通,证候导致舌象,罩浅黄色,丁光迪医生病例集,例二,现代临床
饮热互结，气痞不通,证候导致脉象,脉浮滑而数,丁光迪医生病例集,例二,现代临床
老慢支并发肺炎,证候采用方剂,厚朴麻黄汤加味,丁光迪医生病例集,例二,现代临床
厚朴麻黄汤加味,方剂组成药材,姜川朴,丁光迪医生病例集,例二,现代临床
厚朴麻黄汤加味,方剂组成药材,麻黄,丁光迪医生病例集,例二,现代临床
厚朴麻黄汤加味,方剂组成药材,光杏仁,丁光迪医生病例集,例二,现代临床
厚朴麻黄汤加味,方剂组成药材,桂枝,丁光迪医生病例集,例二,现代临床
厚朴麻黄汤加味,方剂组成药材,赤芍,丁光迪医生病例集,例二,现代临床
厚朴麻黄汤加味,方剂组成药材,生石膏,丁光迪医生病例集,例二,现代临床
厚朴麻黄汤加味,方剂组成药材,黄苓,丁光迪医生病例集,例二,现代临床
厚朴麻黄汤加味,方剂组成药材,姜半夏,丁光迪医生病例集,例二,现代临床
厚朴麻黄汤加味,方剂组成药材,细辛,丁光迪医生病例集,例二,现代临床
厚朴麻黄汤加味,方剂组成药材,干姜,丁光迪医生病例集,例二,现代临床
厚朴麻黄汤加味,方剂组成药材,五味子,丁光迪医生病例集,例二,现代临床
厚朴麻黄汤加味,方剂组成药材,茯苓,丁光迪医生病例集,例二,现代临床
厚朴麻黄汤加味,方剂组成药材,鱼腥草,丁光迪医生病例集,例二,现代临床
厚朴麻黄汤加味,方剂组成药材,金养麦,丁光迪医生病例集,例二,现代临床
老慢支并发肺炎,证候采用方剂,小青龙汤,丁光迪医生病例集,例二,现代临床
小青龙汤,方剂组成药材,桂枝,丁光迪医生病例集,例二,现代临床
小青龙汤,方剂组成药材,白芍,丁光迪医生病例集,例二,现代临床
小青龙汤,方剂组成药材,炙甘草,丁光迪医生病例集,例二,现代临床
小青龙汤,方剂组成药材,干姜,丁光迪医生病例集,例二,现代临床
小青龙汤,方剂组成药材,细辛,丁光迪医生病例集,例二,现代临床
小青龙汤,方剂组成药材,五味子,丁光迪医生病例集,例二,现代临床
小青龙汤,方剂组成药材,姜半夏,丁光迪医生病例集,例二,现代临床
小青龙汤,方剂组成药材,姜川朴,丁光迪医生病例集,例二,现代临床
小青龙汤,方剂组成药材,茯苓,丁光迪医生病例集,例二,现代临床
小青龙汤,方剂组成药材,陈皮,丁光迪医生病例集,例二,现代临床
小青龙汤,方剂组成药材,鱼腥草,丁光迪医生病例集,例二,现代临床
小青龙汤,方剂组成药材,金养麦,丁光迪医生病例集,例二,现代临床
老慢支并发肺炎,证候采用方剂,上方去川朴加白术,丁光迪医生病例集,例二,现代临床
上方去川朴加白术,方剂组成药材,白术,丁光迪医生病例集,例二,现代临床
丁光迪,名医经验总结,老慢支并发肺炎治疗经验,丁光迪医生病例集,例二,现代临床
老慢支、肺心病,疾病表现症状,咳嗽多年,丁光迪医生病例集,例二,现代临床
老慢支、肺心病,疾病表现症状,时发时平,丁光迪医生病例集,例二,现代临床
老慢支、肺心病,疾病表现症状,近年咳甚又喘,丁光迪医生病例集,例二,现代临床
老慢支、肺心病,疾病表现症状,痰稠壅盛,丁光迪医生病例集,例二,现代临床
老慢支、肺心病,疾病表现症状,塞逆胸膺,丁光迪医生病例集,例二,现代临床
老慢支、肺心病,疾病表现症状,气逆不能平卧,丁光迪医生病例集,例二,现代临床
老慢支、肺心病,疾病表现症状,心慌,丁光迪医生病例集,例二,现代临床
老慢支、肺心病,疾病表现症状,口唇紫鉗,丁光迪医生病例集,例二,现代临床
老慢支、肺心病,疾病表现症状,畏寒喜阳光,丁光迪医生病例集,例二,现代临床
老慢支、肺心病,疾病表现症状,四肢逆冷,丁光迪医生病例集,例二,现代临床
老慢支、肺心病,疾病表现症状,纳谷日少,丁光迪医生病例集,例二,现代临床
老慢支、肺心病,疾病表现症状,不能饮冷,丁光迪医生病例集,例二,现代临床
老慢支、肺心病,疾病表现症状,欲得温暖,丁光迪医生病例集,例二,现代临床
老慢支、肺心病,疾病表现症状,小便少,丁光迪医生病例集,例二,现代临床
老慢支、肺心病,疾病表现症状,有时自遗,丁光迪医生病例集,例二,现代临床
老慢支、肺心病,疾病表现症状,大便不爽,丁光迪医生病例集,例二,现代临床
老慢支、肺心病,疾病表现症状,无力努挣,丁光迪医生病例集,例二,现代临床
老慢支、肺心病,疾病表现症状,行动气促,丁光迪医生病例集,例二,现代临床
老慢支、肺心病,疾病表现症状,时自烦躁,丁光迪医生病例集,例二,现代临床
老慢支、肺心病,疾病表现症状,额上汗冷,丁光迪医生病例集,例二,现代临床
老慢支、肺心病,疾病表现症状,自感身重,丁光迪医生病例集,例二,现代临床
老慢支、肺心病,疾病导致舌象,舌有紫气,丁光迪医生病例集,例二,现代临床
老慢支、肺心病,疾病导致脉象,脉细,丁光迪医生病例集,例二,现代临床
老慢支、肺心病,疾病导致脉象,不流利,丁光迪医生病例集,例二,现代临床
老慢支、肺心病,疾病导致脉象,间有歇止,丁光迪医生病例集,例二,现代临床
老慢支、肺心病,疾病导致脉象,脉见滑象,丁光迪医生病例集,例二,现代临床
老慢支、肺心病,疾病导致脉象,歇止显著减少,丁光迪医生病例集,例二,现代临床
寒饮上逆,证候导致舌象,舌有紫气,丁光迪医生病例集,例二,现代临床
寒饮上逆,证候导致脉象,脉细,丁光迪医生病例集,例二,现代临床
寒饮上逆,证候导致脉象,不流利,丁光迪医生病例集,例二,现代临床
寒饮上逆,证候导致脉象,间有歇止,丁光迪医生病例集,例二,现代临床
寒饮上逆,证候导致舌象,苔滑,丁光迪医生病例集,例二,现代临床
寒饮上逆,证候导致舌象,苔转薄白,丁光迪医生病例集,例二,现代临床
寒饮上逆,证候导致脉象,脉见滑象,丁光迪医生病例集,例二,现代临床
寒饮上逆,证候导致脉象,歇止显著减少,丁光迪医生病例集,例二,现代临床
寒饮上逆,综合辨证证候,心肺脾肾俱衰,丁光迪医生病例集,例二,现代临床
寒饮上逆,综合辨证证候,气不归原,丁光迪医生病例集,例二,现代临床
寒饮上逆,综合辨证证候,络脉瘀塞,丁光迪医生病例集,例二,现代临床
寒饮上逆,证候采用方剂,茯苓四逆合小青龙汤加味,丁光迪医生病例集,例二,现代临床
茯苓四逆合小青龙汤加味,方剂组成药材,茯苓15克,丁光迪医生病例集,例二,现代临床
茯苓四逆合小青龙汤加味,方剂组成药材,制附块15克,丁光迪医生病例集,例二,现代临床
茯苓四逆合小青龙汤加味,方剂组成药材,炙甘草10克,丁光迪医生病例集,例二,现代临床
茯苓四逆合小青龙汤加味,方剂组成药材,干姜10克,丁光迪医生病例集,例二,现代临床
茯苓四逆合小青龙汤加味,方剂组成药材,麻黄4克,丁光迪医生病例集,例二,现代临床
茯苓四逆合小青龙汤加味,方剂组成药材,桂枝10克,丁光迪医生病例集,例二,现代临床
茯苓四逆合小青龙汤加味,方剂组成药材,细辛4克,丁光迪医生病例集,例二,现代临床
茯苓四逆合小青龙汤加味,方剂组成药材,五味子6克,丁光迪医生病例集,例二,现代临床
茯苓四逆合小青龙汤加味,方剂组成药材,白芍10克,丁光迪医生病例集,例二,现代临床
茯苓四逆合小青龙汤加味,方剂组成药材,姜半夏10克,丁光迪医生病例集,例二,现代临床
茯苓四逆合小青龙汤加味,方剂组成药材,肉桂（后下）6克,丁光迪医生病例集,例二,现代临床
茯苓四逆合小青龙汤加味,方剂组成药材,桃仁泥1克,丁光迪医生病例集,例二,现代临床
茯苓四逆合小青龙汤加味,方剂组成药材,红花1克,丁光迪医生病例集,例二,现代临床
茯苓四逆合小青龙汤加味,方剂组成药材,红参7克,丁光迪医生病例集,例二,现代临床
茯苓四逆合小青龙汤加味,方剂组成药材,丹参10克,丁光迪医生病例集,例二,现代临床
茯苓,药材具有功效,利水渗湿,丁光迪医生病例集,例二,现代临床
制附块,药材具有功效,温阳散寒,丁光迪医生病例集,例二,现代临床
炙甘草,药材具有功效,补脾益气,丁光迪医生病例集,例二,现代临床
干姜,药材具有功效,温中散寒,丁光迪医生病例集,例二,现代临床
麻黄,药材具有功效,发汗解表,丁光迪医生病例集,例二,现代临床
桂枝,药材具有功效,温经通脉,丁光迪医生病例集,例二,现代临床
细辛,药材具有功效,散寒止痛,丁光迪医生病例集,例二,现代临床
五味子,药材具有功效,敛肺止咳,丁光迪医生病例集,例二,现代临床
白芍,药材具有功效,养血柔肝,丁光迪医生病例集,例二,现代临床
姜半夏,药材具有功效,燥湿化痰,丁光迪医生病例集,例二,现代临床
肉桂,药材具有功效,温补肾阳,丁光迪医生病例集,例二,现代临床
桃仁泥,药材具有功效,活血化瘀,丁光迪医生病例集,例二,现代临床
红花,药材具有功效,活血通经,丁光迪医生病例集,例二,现代临床
红参,药材具有功效,大补元气,丁光迪医生病例集,例二,现代临床
丹参,药材具有功效,活血化瘀,丁光迪医生病例集,例二,现代临床
老慢支、肺心病,理论指导实践,回阳救逆，化饮纳气，参以通络,丁光迪医生病例集,例二,现代临床
丁光迪,名医经验总结,咳喘病久，反复发作，每见口唇紫紺，舌多紫气，甚至出现杵状指的。在病情上，除见阴寒邪盛，阳气日衰而外，有兼见气虚络瘀证候的。此时兼参通络活血之药，与温阳救逆药同用，每每能够增进疗效。此法从王清任的急救回阳汤得到启悟，履履获效，特为拈出，共享其成,丁光迪医生病例集,例二,现代临床
咳喘,疾病表现症状,时发时平,丁光迪医生病例集,例四,现代临床
咳喘,症状伴随症状,气上攻,丁光迪医生病例集,例四,现代临床
咳喘,症状伴随症状,暧气,丁光迪医生病例集,例四,现代临床
咳喘,症状伴随症状,胱腹部胀,丁光迪医生病例集,例四,现代临床
咳喘,症状伴随症状,不欲饮食,丁光迪医生病例集,例四,现代临床
咳喘,症状伴随症状,大小便不利,丁光迪医生病例集,例四,现代临床
咳喘,症状伴随症状,卧起不安,丁光迪医生病例集,例四,现代临床
咳喘,症状伴随症状,肢面浮肿,丁光迪医生病例集,例四,现代临床
咳喘,症状伴随症状,喘逆暧气,丁光迪医生病例集,例四,现代临床
咳喘,症状伴随症状,小便反少,丁光迪医生病例集,例四,现代临床
咳喘,症状伴随症状,大便频而不爽,丁光迪医生病例集,例四,现代临床
咳喘,症状伴随症状,腹中不适,丁光迪医生病例集,例四,现代临床
咳喘,症状伴随症状,咳痰清稀,丁光迪医生病例集,例四,现代临床
咳喘,症状伴随症状,痰稠色白,丁光迪医生病例集,例四,现代临床
痰饮阻气,证候导致舌象,舌胖,丁光迪医生病例集,例四,现代临床
痰饮阻气,证候导致舌象,苔腻,丁光迪医生病例集,例四,现代临床
痰饮阻气,证候导致脉象,脉细弦,丁光迪医生病例集,例四,现代临床
咳喘,症状辨证证候,痰饮阻气,丁光迪医生病例集,例四,现代临床
痰饮阻气,综合辨证证候,上盛下虚,丁光迪医生病例集,例四,现代临床
痰饮阻气,综合辨证证候,虚中夹实,丁光迪医生病例集,例四,现代临床
痰饮阻气,综合辨证证候,标本虚实错杂证候,丁光迪医生病例集,例四,现代临床
痰饮阻气,证候采用方剂,苓甘五味姜辛夏杏汤合肾气丸,丁光迪医生病例集,例四,现代临床
苓甘五味姜辛夏杏汤合肾气丸,方剂组成药材,炙甘草,丁光迪医生病例集,例四,现代临床
苓甘五味姜辛夏杏汤合肾气丸,方剂组成药材,炙苏子,丁光迪医生病例集,例四,现代临床
苓甘五味姜辛夏杏汤合肾气丸,方剂组成药材,姜川朴,丁光迪医生病例集,例四,现代临床
苓甘五味姜辛夏杏汤合肾气丸,方剂组成药材,淮山药,丁光迪医生病例集,例四,现代临床
干姜,药材具有功效,温肺化饮,丁光迪医生病例集,例四,现代临床
甘草干姜,药材具有功效,恢复胸中之阳,丁光迪医生病例集,例四,现代临床
半夏苏子厚朴,药材具有功效,化痰降气,丁光迪医生病例集,例四,现代临床
补骨脂胡芦巴,药材具有功效,温命门而纳腎气,丁光迪医生病例集,例四,现代临床
肉桂茯苓,药材具有功效,温下焦而化膀胱之气,丁光迪医生病例集,例四,现代临床
熟地山药,药材具有功效,补肾脾而纳气固本,丁光迪医生病例集,例四,现代临床
丁光迪,名医经验总结,咳喘治气,丁光迪医生病例集,例四,现代临床
病毒性心肌炎,疾病表现症状,心悸,丁光迪医生病例集,例一,现代临床
病毒性心肌炎,疾病表现症状,胸闷憋气,丁光迪医生病例集,例一,现代临床
病毒性心肌炎,疾病表现症状,气短,丁光迪医生病例集,例一,现代临床
病毒性心肌炎,疾病表现症状,头昏,丁光迪医生病例集,例一,现代临床
病毒性心肌炎,疾病表现症状,睡眠差,丁光迪医生病例集,例一,现代临床
病毒性心肌炎,疾病表现症状,疲乏身重,丁光迪医生病例集,例一,现代临床
病毒性心肌炎,疾病表现症状,动则气短,丁光迪医生病例集,例一,现代临床
病毒性心肌炎,疾病表现症状,畏寒,丁光迪医生病例集,例一,现代临床
病毒性心肌炎,疾病表现症状,纳谷不香,丁光迪医生病例集,例一,现代临床
病毒性心肌炎,疾病表现症状,大便艰行,丁光迪医生病例集,例一,现代临床
病毒性心肌炎,疾病表现症状,咽中作干,丁光迪医生病例集,例一,现代临床
病毒性心肌炎,疾病导致舌象,舌嫩而淡,丁光迪医生病例集,例一,现代临床
病毒性心肌炎,疾病导致舌象,苔薄腻,丁光迪医生病例集,例一,现代临床
病毒性心肌炎,疾病导致脉象,脉细而迟,丁光迪医生病例集,例一,现代临床
气阴两虚的心悸,证候导致舌象,舌嫩而淡,丁光迪医生病例集,例一,现代临床
气阴两虚的心悸,证候导致舌象,苔薄腻,丁光迪医生病例集,例一,现代临床
气阴两虚的心悸,证候导致脉象,脉细而迟,丁光迪医生病例集,例一,现代临床
气阴两虚的心悸,证候采用方剂,保元汤合苓桂甘枣汤加味,丁光迪医生病例集,例一,现代临床
保元汤合苓桂甘枣汤加味,方剂组成药材,党参,丁光迪医生病例集,例一,现代临床
保元汤合苓桂甘枣汤加味,方剂组成药材,炙黄芪,丁光迪医生病例集,例一,现代临床
保元汤合苓桂甘枣汤加味,方剂组成药材,炙甘草,丁光迪医生病例集,例一,现代临床
保元汤合苓桂甘枣汤加味,方剂组成药材,桂枝,丁光迪医生病例集,例一,现代临床
保元汤合苓桂甘枣汤加味,方剂组成药材,茯苓,丁光迪医生病例集,例一,现代临床
保元汤合苓桂甘枣汤加味,方剂组成药材,大枣,丁光迪医生病例集,例一,现代临床
保元汤合苓桂甘枣汤加味,方剂组成药材,当归,丁光迪医生病例集,例一,现代临床
保元汤合苓桂甘枣汤加味,方剂组成药材,川芎,丁光迪医生病例集,例一,现代临床
保元汤合苓桂甘枣汤加味,方剂组成药材,丹参,丁光迪医生病例集,例一,现代临床
保元汤合苓桂甘枣汤加味,方剂组成药材,炒麦冬,丁光迪医生病例集,例一,现代临床
保元汤合苓桂甘枣汤加味,方剂组成药材,夜交藤,丁光迪医生病例集,例一,现代临床
保元汤合苓桂甘枣汤加味,方剂组成药材,佛手片,丁光迪医生病例集,例一,现代临床
党参,药材具有功效,益气,丁光迪医生病例集,例一,现代临床
炙黄芪,药材具有功效,益气,丁光迪医生病例集,例一,现代临床
炙甘草,药材具有功效,养营,丁光迪医生病例集,例一,现代临床
茯苓,药材具有功效,健脾,丁光迪医生病例集,例一,现代临床
大枣,药材具有功效,补中益气,丁光迪医生病例集,例一,现代临床
当归,药材具有功效,养血,丁光迪医生病例集,例一,现代临床
川芎,药材具有功效,活血,丁光迪医生病例集,例一,现代临床
丹参,药材具有功效,活血化瘀,丁光迪医生病例集,例一,现代临床
炒麦冬,药材具有功效,养阴,丁光迪医生病例集,例一,现代临床
夜交藤,药材具有功效,安神,丁光迪医生病例集,例一,现代临床
佛手片,药材具有功效,理气,丁光迪医生病例集,例一,现代临床
病毒性心肌炎,症状伴随症状,头昏不能转动,丁光迪医生病例集,例一,现代临床
病毒性心肌炎,症状伴随症状,大便艰行则全身有轻松感,丁光迪医生病例集,例一,现代临床
病毒性心肌炎,症状伴随症状,大便通顺则胃纳香,丁光迪医生病例集,例一,现代临床
病毒性心肌炎,症状伴随症状,咽中作干但不欲饮,丁光迪医生病例集,例一,现代临床
气阴两虚的心悸,症状辨证证候,心悸气短,丁光迪医生病例集,例一,现代临床
气阴两虚的心悸,症状辨证证候,胸闷气短,丁光迪医生病例集,例一,现代临床
气阴两虚的心悸,舌象辨证证候,舌嫩而淡,丁光迪医生病例集,例一,现代临床
气阴两虚的心悸,舌象辨证证候,苔薄腻,丁光迪医生病例集,例一,现代临床
气阴两虚的心悸,脉象辨证证候,脉细而迟,丁光迪医生病例集,例一,现代临床
气阴两虚的心悸,综合辨证证候,心气不足,丁光迪医生病例集,例一,现代临床
丁光迪,名医经验总结,病毒性心肌炎伴发心动过缓，见心悸气短，大多属于中医心悸病范围。此病初起，为外感时邪引发，常以客邪为主，未能及时疏解，其邪由表人里，侵犯于心，耗气伤阴，形成久虚不复之候。心气不足，所以心悸；气机不展，又致胸闷气短。病历半年余，舌嫩而淡，脉细而迟，显然已非邪实气痹为患了。只宜益气养营，宁心安神，补其不足，甘守津还，才能合拍。至于大便艰行，亦是由于气阴不足，脾胃失于煦濡，宗气不能下及之变。治宜遵《内经》之旨，实则治腑，虚则治脏，虚者补之，益气养营，煦濡脾胃，不用通下，而大便自然能解。这是中医整体观念的又一妙法，不可不知。又，心悸病，临床每见大便艰行之症，病理变化，亦每由于宗气不足而致不能作为实证处理，更不能轻易通下，曾见勉强努挣，因而暴脱致危的，特为拈出。,丁光迪医生病例集,例一,现代临床
心肌梗塞,疾病表现症状,心悸,丁光迪医生病例集,例二,现代临床
心肌梗塞,疾病表现症状,头昏眩晕,丁光迪医生病例集,例二,现代临床
心肌梗塞,疾病表现症状,突然眩晕冃黑,丁光迪医生病例集,例二,现代临床
心肌梗塞,疾病表现症状,耳鸣欲倒,丁光迪医生病例集,例二,现代临床
心肌梗塞,疾病表现症状,瞑目畏光,丁光迪医生病例集,例二,现代临床
心肌梗塞,疾病表现症状,短气不欲言,丁光迪医生病例集,例二,现代临床
心肌梗塞,疾病表现症状,身如在浮云中,丁光迪医生病例集,例二,现代临床
心肌梗塞,疾病表现症状,软散如瘫,丁光迪医生病例集,例二,现代临床
心肌梗塞,疾病表现症状,畏寒,丁光迪医生病例集,例二,现代临床
心肌梗塞,疾病表现症状,心慌不安,丁光迪医生病例集,例二,现代临床
心肌梗塞,疾病导致舌象,舌嫩少苔,丁光迪医生病例集,例二,现代临床
心肌梗塞,疾病导致舌象,隐显紫气,丁光迪医生病例集,例二,现代临床
心肌梗塞,疾病导致脉象,脉细而迟,丁光迪医生病例集,例二,现代临床
心肌梗塞,疾病导致脉象,微弦,丁光迪医生病例集,例二,现代临床
气虚,证候导致舌象,舌嫩少苔,丁光迪医生病例集,例二,现代临床
血虚,证候导致舌象,隐显紫气,丁光迪医生病例集,例二,现代临床
气虚,证候导致脉象,脉细而迟,丁光迪医生病例集,例二,现代临床
血虚,证候导致脉象,微弦,丁光迪医生病例集,例二,现代临床
气虚血瘀,综合辨证证候,虚实错杂,丁光迪医生病例集,例二,现代临床
气虚血瘀,证候采用方剂,生脉散,丁光迪医生病例集,例二,现代临床
气虚血瘀,证候采用方剂,当归补血汤,丁光迪医生病例集,例二,现代临床
气虚血瘀,证候采用方剂,川萼散,丁光迪医生病例集,例二,现代临床
生脉散,方剂组成药材,西洋参,丁光迪医生病例集,例二,现代临床
生脉散,方剂组成药材,麦冬,丁光迪医生病例集,例二,现代临床
生脉散,方剂组成药材,五味子,丁光迪医生病例集,例二,现代临床
当归补血汤,方剂组成药材,黄茂,丁光迪医生病例集,例二,现代临床
当归补血汤,方剂组成药材,当归,丁光迪医生病例集,例二,现代临床
川萼散,方剂组成药材,炙甘草,丁光迪医生病例集,例二,现代临床
川萼散,方剂组成药材,炙远志,丁光迪医生病例集,例二,现代临床
川萼散,方剂组成药材,石莒蒲,丁光迪医生病例集,例二,现代临床
川萼散,方剂组成药材,川苓,丁光迪医生病例集,例二,现代临床
川萼散,方剂组成药材,赤芍,丁光迪医生病例集,例二,现代临床
川萼散,方剂组成药材,柴胡,丁光迪医生病例集,例二,现代临床
川萼散,方剂组成药材,升麻,丁光迪医生病例集,例二,现代临床
西洋参,药材具有功效,益气,丁光迪医生病例集,例二,现代临床
麦冬,药材具有功效,养阴,丁光迪医生病例集,例二,现代临床
五味子,药材具有功效,敛汗,丁光迪医生病例集,例二,现代临床
黄茂,药材具有功效,补气,丁光迪医生病例集,例二,现代临床
当归,药材具有功效,补血,丁光迪医生病例集,例二,现代临床
炙甘草,药材具有功效,调和诸药,丁光迪医生病例集,例二,现代临床
炙远志,药材具有功效,安神,丁光迪医生病例集,例二,现代临床
石莒蒲,药材具有功效,开窍,丁光迪医生病例集,例二,现代临床
川苓,药材具有功效,利水,丁光迪医生病例集,例二,现代临床
赤芍,药材具有功效,活血,丁光迪医生病例集,例二,现代临床
柴胡,药材具有功效,疏肝解郁,丁光迪医生病例集,例二,现代临床
升麻,药材具有功效,升阳,丁光迪医生病例集,例二,现代临床
丁光迪,名医经验总结,心肌梗塞后气血两伤，气虚不能上升而眩，血虚不能养心而悸。同时，病发以前每有气郁，心伤以后，亦兼络瘀，实际是虚实错杂的病情仲急者先治，治以益气升阳，养心复脉为法,丁光迪医生病例集,例二,现代临床
冠心病,疾病表现症状,心悸发慌,丁光迪医生病例集,例三,现代临床
冠心病,疾病表现症状,恐惧感,丁光迪医生病例集,例三,现代临床
冠心病,疾病表现症状,胸闷隐痛,丁光迪医生病例集,例三,现代临床
冠心病,疾病表现症状,气短懒言,丁光迪医生病例集,例三,现代临床
冠心病,疾病表现症状,面色憔悴,丁光迪医生病例集,例三,现代临床
冠心病,疾病表现症状,不能多动,丁光迪医生病例集,例三,现代临床
冠心病,疾病表现症状,头犖飘浮,丁光迪医生病例集,例三,现代临床
冠心病,疾病表现症状,两脚无力,丁光迪医生病例集,例三,现代临床
冠心病,疾病表现症状,不能自主,丁光迪医生病例集,例三,现代临床
冠心病,疾病表现症状,欲得扶持而行,丁光迪医生病例集,例三,现代临床
冠心病,疾病表现症状,缓步稍适,丁光迪医生病例集,例三,现代临床
冠心病,疾病表现症状,下午脚肿,丁光迪医生病例集,例三,现代临床
冠心病,疾病表现症状,睡眠不安,丁光迪医生病例集,例三,现代临床
冠心病,疾病导致舌象,舌淡质嫩,丁光迪医生病例集,例三,现代临床
冠心病,疾病导致舌象,有紫气紫斑,丁光迪医生病例集,例三,现代临床
冠心病,疾病导致舌象,苔薄罩浮黄,丁光迪医生病例集,例三,现代临床
冠心病,疾病导致脉象,脉细而迟,丁光迪医生病例集,例三,现代临床
冠心病,疾病导致脉象,结代并见,丁光迪医生病例集,例三,现代临床
心悸,症状伴随症状,胸闷隐痛,丁光迪医生病例集,例三,现代临床
心悸,症状伴随症状,气短懒言,丁光迪医生病例集,例三,现代临床
心悸,症状伴随症状,面色憔悴,丁光迪医生病例集,例三,现代临床
心悸,症状伴随症状,不能多动,丁光迪医生病例集,例三,现代临床
心悸,症状伴随症状,头犖飘浮,丁光迪医生病例集,例三,现代临床
心悸,症状伴随症状,两脚无力,丁光迪医生病例集,例三,现代临床
心悸,症状伴随症状,不能自主,丁光迪医生病例集,例三,现代临床
心悸,症状伴随症状,欲得扶持而行,丁光迪医生病例集,例三,现代临床
心悸,症状伴随症状,缓步稍适,丁光迪医生病例集,例三,现代临床
心悸,症状伴随症状,下午脚肿,丁光迪医生病例集,例三,现代临床
心悸,症状伴随症状,睡眠不安,丁光迪医生病例集,例三,现代临床
心悸,症状辨证证候,心肺俱损,丁光迪医生病例集,例三,现代临床
心悸,症状辨证证候,气虚血滞,丁光迪医生病例集,例三,现代临床
心悸,症状辨证证候,标本虚实错杂,丁光迪医生病例集,例三,现代临床
心悸,证候导致舌象,舌淡质嫩,丁光迪医生病例集,例三,现代临床
心悸,证候导致舌象,有紫气紫斑,丁光迪医生病例集,例三,现代临床
心悸,证候导致舌象,苔薄罩浮黄,丁光迪医生病例集,例三,现代临床
心悸,证候导致脉象,脉细而迟,丁光迪医生病例集,例三,现代临床
心悸,证候导致脉象,结代并见,丁光迪医生病例集,例三,现代临床
心悸,证候采用方剂,生脉散合当归补血汤,丁光迪医生病例集,例三,现代临床
生脉散合当归补血汤,方剂组成药材,西洋参,丁光迪医生病例集,例三,现代临床
生脉散合当归补血汤,方剂组成药材,麦冬,丁光迪医生病例集,例三,现代临床
生脉散合当归补血汤,方剂组成药材,当归,丁光迪医生病例集,例三,现代临床
生脉散合当归补血汤,方剂组成药材,五味子,丁光迪医生病例集,例三,现代临床
生脉散合当归补血汤,方剂组成药材,炙黄芪,丁光迪医生病例集,例三,现代临床
生脉散合当归补血汤,方剂组成药材,炙甘草,丁光迪医生病例集,例三,现代临床
生脉散合当归补血汤,方剂组成药材,川苓,丁光迪医生病例集,例三,现代临床
生脉散合当归补血汤,方剂组成药材,赤芍,丁光迪医生病例集,例三,现代临床
生脉散合当归补血汤,方剂组成药材,降香,丁光迪医生病例集,例三,现代临床
生脉散合当归补血汤,方剂组成药材,茯苓,丁光迪医生病例集,例三,现代临床
生脉散合当归补血汤,方剂组成药材,炙远志,丁光迪医生病例集,例三,现代临床
生脉散合当归补血汤,方剂组成药材,独活,丁光迪医生病例集,例三,现代临床
生脉散合当归补血汤,方剂组成药材,菖蒲,丁光迪医生病例集,例三,现代临床
生脉散合当归补血汤,方剂组成药材,大枣,丁光迪医生病例集,例三,现代临床
西洋参,药材具有功效,益气宁心,丁光迪医生病例集,例三,现代临床
麦冬,药材具有功效,养阴生津,丁光迪医生病例集,例三,现代临床
当归,药材具有功效,养血复脉,丁光迪医生病例集,例三,现代临床
五味子,药材具有功效,敛心安神,丁光迪医生病例集,例三,现代临床
炙黄芪,药材具有功效,补气固表,丁光迪医生病例集,例三,现代临床
炙甘草,药材具有功效,调和诸药,丁光迪医生病例集,例三,现代临床
川苓,药材具有功效,利水渗湿,丁光迪医生病例集,例三,现代临床
赤芍,药材具有功效,清热凉血,丁光迪医生病例集,例三,现代临床
降香,药材具有功效,活血化瘀,丁光迪医生病例集,例三,现代临床
茯苓,药材具有功效,健脾利湿,丁光迪医生病例集,例三,现代临床
炙远志,药材具有功效,宁心安神,丁光迪医生病例集,例三,现代临床
独活,药材具有功效,祛风湿,丁光迪医生病例集,例三,现代临床
菖蒲,药材具有功效,开窍醒神,丁光迪医生病例集,例三,现代临床
大枣,药材具有功效,补中益气,丁光迪医生病例集,例三,现代临床
丁光迪,名医经验总结,处理心悸病证时，须注意明辨病情的邪正虚实，分析药物与病情的相互关系，筛选最佳治疗方案,丁光迪医生病例集,例三,现代临床
气营先虚,疾病导致舌象,舌质稍淡,丁光迪医生病例集,例四,现代临床
气营先虚,疾病导致舌象,薄腻,丁光迪医生病例集,例四,现代临床
气营先虚,疾病导致脉象,脉较缓,丁光迪医生病例集,例四,现代临床
气营先虚,疾病导致脉象,连续歇止,丁光迪医生病例集,例四,现代临床
气营先虚,疾病导致脉象,按之少力,丁光迪医生病例集,例四,现代临床
气营先虚,症状伴随症状,胸闷心慌,丁光迪医生病例集,例四,现代临床
气营先虚,症状伴随症状,头昏,丁光迪医生病例集,例四,现代临床
气营先虚,症状伴随症状,疲乏,丁光迪医生病例集,例四,现代临床
气营先虚,症状伴随症状,欲得安睡,丁光迪医生病例集,例四,现代临床
气营先虚,症状伴随症状,足凉,丁光迪医生病例集,例四,现代临床
气营先虚,证候导致舌象,舌质稍淡,丁光迪医生病例集,例四,现代临床
气营先虚,证候导致舌象,薄腻,丁光迪医生病例集,例四,现代临床
气营先虚,证候导致脉象,脉较缓,丁光迪医生病例集,例四,现代临床
气营先虚,证候导致脉象,连续歇止,丁光迪医生病例集,例四,现代临床
气营先虚,证候导致脉象,按之少力,丁光迪医生病例集,例四,现代临床
气营先虚,证候采用方剂,炙甘草汤,丁光迪医生病例集,例四,现代临床
炙甘草汤,方剂组成药材,炙甘草,丁光迪医生病例集,例四,现代临床
炙甘草汤,方剂组成药材,太子参,丁光迪医生病例集,例四,现代临床
炙甘草汤,方剂组成药材,五味子,丁光迪医生病例集,例四,现代临床
炙甘草汤,方剂组成药材,炙黄芪,丁光迪医生病例集,例四,现代临床
炙甘草汤,方剂组成药材,麦冬,丁光迪医生病例集,例四,现代临床
炙甘草汤,方剂组成药材,茯苓,丁光迪医生病例集,例四,现代临床
炙甘草汤,方剂组成药材,当归,丁光迪医生病例集,例四,现代临床
炙甘草汤,方剂组成药材,丹皮,丁光迪医生病例集,例四,现代临床
炙甘草汤,方剂组成药材,炒百合,丁光迪医生病例集,例四,现代临床
炙甘草汤,方剂组成药材,独活,丁光迪医生病例集,例四,现代临床
炙甘草汤,方剂组成药材,丹参,丁光迪医生病例集,例四,现代临床
痰浊凝聚,证候导致舌象,舌苔薄白,丁光迪医生病例集,例四,现代临床
痰浊凝聚,证候导致脉象,脉见弦象,丁光迪医生病例集,例四,现代临床
痰浊凝聚,症状伴随症状,胸闷心慌,丁光迪医生病例集,例四,现代临床
痰浊凝聚,症状伴随症状,大便艰解,丁光迪医生病例集,例四,现代临床
痰浊凝聚,症状伴随症状,纳谷亦差,丁光迪医生病例集,例四,现代临床
痰浊凝聚,证候采用方剂,炙甘草汤,丁光迪医生病例集,例四,现代临床
炙甘草汤,方剂组成药材,川苓,丁光迪医生病例集,例四,现代临床
炙甘草汤,方剂组成药材,全瓜蒌,丁光迪医生病例集,例四,现代临床
炙甘草汤,方剂组成药材,薤白头,丁光迪医生病例集,例四,现代临床
气营见和,证候导致舌象,舌苔薄白,丁光迪医生病例集,例四,现代临床
气营见和,证候导致脉象,脉转缓滑,丁光迪医生病例集,例四,现代临床
气营见和,症状伴随症状,大便通顺,丁光迪医生病例集,例四,现代临床
气营见和,症状伴随症状,眠食均可,丁光迪医生病例集,例四,现代临床
气营见和,证候采用方剂,炙甘草汤,丁光迪医生病例集,例四,现代临床
炙甘草汤,方剂组成药材,炙远志,丁光迪医生病例集,例四,现代临床
炙甘草汤,方剂组成药材,洋参片,丁光迪医生病例集,例四,现代临床
气营见和,证候导致舌象,舌质小有隐紫气,丁光迪医生病例集,例四,现代临床
气营见和,证候导致脉象,脉尚小缓,丁光迪医生病例集,例四,现代临床
气营见和,症状伴随症状,眠食均佳,丁光迪医生病例集,例四,现代临床
气营见和,证候采用方剂,炙甘草汤,丁光迪医生病例集,例四,现代临床
炙甘草汤,方剂组成药材,黄芪,丁光迪医生病例集,例四,现代临床
炙甘草汤,方剂组成药材,远志肉,丁光迪医生病例集,例四,现代临床
炙甘草汤,方剂组成药材,柏子仁,丁光迪医生病例集,例四,现代临床
炙甘草汤,方剂组成药材,大枣,丁光迪医生病例集,例四,现代临床
心脏神经官能症,疾病表现症状,胸闷心悸,丁光迪医生病例集,例五,现代临床
心脏神经官能症,疾病表现症状,胸中隐痛,丁光迪医生病例集,例五,现代临床
心脏神经官能症,疾病表现症状,不能入寐,丁光迪医生病例集,例五,现代临床
心脏神经官能症,疾病表现症状,白天自烦胸闷,丁光迪医生病例集,例五,现代临床
心脏神经官能症,疾病表现症状,心悸不宁,丁光迪医生病例集,例五,现代临床
心脏神经官能症,疾病表现症状,形寒疲乏,丁光迪医生病例集,例五,现代临床
心脏神经官能症,疾病表现症状,脚软不能登楼,丁光迪医生病例集,例五,现代临床
心脏神经官能症,疾病表现症状,情绪低落,丁光迪医生病例集,例五,现代临床
心脏神经官能症,疾病表现症状,纳谷不贪,丁光迪医生病例集,例五,现代临床
心脏神经官能症,疾病表现症状,谷入有时作胀,丁光迪医生病例集,例五,现代临床
心脏神经官能症,疾病表现症状,大便艰解,丁光迪医生病例集,例五,现代临床
心脏神经官能症,疾病表现症状,面色晦滞,丁光迪医生病例集,例五,现代临床
心脏神经官能症,疾病导致舌象,舌苔白腻,丁光迪医生病例集,例五,现代临床
心脏神经官能症,疾病导致脉象,两手脉细,丁光迪医生病例集,例五,现代临床
心脏神经官能症,证候导致舌象,气机郁滞,丁光迪医生病例集,例五,现代临床
心脏神经官能症,证候导致舌象,痰湿相阻,丁光迪医生病例集,例五,现代临床
心脏神经官能症,证候导致脉象,脉细欠流利,丁光迪医生病例集,例五,现代临床
心脏神经官能症,综合辨证证候,气机郁滞，痰湿相阻,丁光迪医生病例集,例五,现代临床
心脏神经官能症,证候采用方剂,半夏厚朴汤合瓜篓蓬白半夏汤,丁光迪医生病例集,例五,现代临床
半夏厚朴汤合瓜篓蓬白半夏汤,方剂组成药材,姜半夏,丁光迪医生病例集,例五,现代临床
半夏厚朴汤合瓜篓蓬白半夏汤,方剂组成药材,厚朴花,丁光迪医生病例集,例五,现代临床
半夏厚朴汤合瓜篓蓬白半夏汤,方剂组成药材,陈皮,丁光迪医生病例集,例五,现代临床
半夏厚朴汤合瓜篓蓬白半夏汤,方剂组成药材,茯苓神,丁光迪医生病例集,例五,现代临床
半夏厚朴汤合瓜篓蓬白半夏汤,方剂组成药材,嫩苏梗,丁光迪医生病例集,例五,现代临床
半夏厚朴汤合瓜篓蓬白半夏汤,方剂组成药材,广郁金,丁光迪医生病例集,例五,现代临床
半夏厚朴汤合瓜篓蓬白半夏汤,方剂组成药材,橘叶,丁光迪医生病例集,例五,现代临床
半夏厚朴汤合瓜篓蓬白半夏汤,方剂组成药材,全瓜萎,丁光迪医生病例集,例五,现代临床
半夏厚朴汤合瓜篓蓬白半夏汤,方剂组成药材,蔬白头,丁光迪医生病例集,例五,现代临床
半夏厚朴汤合瓜篓蓬白半夏汤,方剂组成药材,炒枳壳,丁光迪医生病例集,例五,现代临床
半夏厚朴汤合瓜篓蓬白半夏汤,方剂组成药材,合欢皮,丁光迪医生病例集,例五,现代临床
半夏厚朴汤合瓜篓蓬白半夏汤,方剂组成药材,玫瑰花,丁光迪医生病例集,例五,现代临床
姜半夏,药材具有功效,宽胸理气,丁光迪医生病例集,例五,现代临床
心脏神经官能症,名医经验总结,丁光迪,丁光迪医生病例集,例五,现代临床
心悸,疾病表现症状,心虚悸动,丁光迪医生病例集,例六,现代临床
心悸,疾病表现症状,神思恍惚,丁光迪医生病例集,例六,现代临床
心悸,疾病表现症状,冬恐惧感,丁光迪医生病例集,例六,现代临床
心悸,疾病表现症状,头晕目花,丁光迪医生病例集,例六,现代临床
心悸,疾病表现症状,恶心欲吐,丁光迪医生病例集,例六,现代临床
心悸,疾病表现症状,不能平卧,丁光迪医生病例集,例六,现代临床
心悸,疾病表现症状,睡眠不安,丁光迪医生病例集,例六,现代临床
心悸,症状伴随症状,胸臆如案,丁光迪医生病例集,例六,现代临床
心悸,症状伴随症状,似乎心跳欲从L1中冲出,丁光迪医生病例集,例六,现代临床
心悸,症状伴随症状,面色浮白,丁光迪医生病例集,例六,现代临床
心悸,症状伴随症状,网觀浮红,丁光迪医生病例集,例六,现代临床
心悸,疾病导致舌象,舌嫩红少苔,丁光迪医生病例集,例六,现代临床
心悸,疾病导致脉象,脉细数疾,丁光迪医生病例集,例六,现代临床
心悸,证候导致舌象,舌润,丁光迪医生病例集,例六,现代临床
心悸,证候导致脉象,脉细,丁光迪医生病例集,例六,现代临床
心悸,证候导致脉象,数疾大缓,丁光迪医生病例集,例六,现代临床
心悸,症状辨证证候,阴血亏虚，阳浮心悸,丁光迪医生病例集,例六,现代临床
阴血亏虚，阳浮心悸,证候采用方剂,养血宁心汤,丁光迪医生病例集,例六,现代临床
养血宁心汤,方剂组成药材,生地,丁光迪医生病例集,例六,现代临床
养血宁心汤,方剂组成药材,熟地,丁光迪医生病例集,例六,现代临床
养血宁心汤,方剂组成药材,当归,丁光迪医生病例集,例六,现代临床
养血宁心汤,方剂组成药材,麦冬,丁光迪医生病例集,例六,现代临床
养血宁心汤,方剂组成药材,炒枣仁,丁光迪医生病例集,例六,现代临床
养血宁心汤,方剂组成药材,炙甘草,丁光迪医生病例集,例六,现代临床
养血宁心汤,方剂组成药材,远志肉,丁光迪医生病例集,例六,现代临床
养血宁心汤,方剂组成药材,茯苓,丁光迪医生病例集,例六,现代临床
养血宁心汤,方剂组成药材,太子参,丁光迪医生病例集,例六,现代临床
养血宁心汤,方剂组成药材,合欢皮,丁光迪医生病例集,例六,现代临床
养血宁心汤,方剂组成药材,法半夏,丁光迪医生病例集,例六,现代临床
养血宁心汤,方剂组成药材,橘皮,丁光迪医生病例集,例六,现代临床
养血宁心汤,方剂组成药材,橘叶,丁光迪医生病例集,例六,现代临床
养血宁心汤,方剂组成药材,五味子,丁光迪医生病例集,例六,现代临床
养血宁心汤,方剂组成药材,独活,丁光迪医生病例集,例六,现代临床
生地,药材具有功效,滋阴凉血,丁光迪医生病例集,例六,现代临床
熟地,药材具有功效,养血填精,丁光迪医生病例集,例六,现代临床
当归,药材具有功效,补血调经,丁光迪医生病例集,例六,现代临床
麦冬,药材具有功效,养阴生津,丁光迪医生病例集,例六,现代临床
炒枣仁,药材具有功效,养心安神,丁光迪医生病例集,例六,现代临床
炙甘草,药材具有功效,补脾益气,丁光迪医生病例集,例六,现代临床
远志肉,药材具有功效,宁心安神,丁光迪医生病例集,例六,现代临床
茯苓,药材具有功效,健脾利湿,丁光迪医生病例集,例六,现代临床
太子参,药材具有功效,补气生津,丁光迪医生病例集,例六,现代临床
合欢皮,药材具有功效,解郁安神,丁光迪医生病例集,例六,现代临床
法半夏,药材具有功效,燥湿化痰,丁光迪医生病例集,例六,现代临床
橘皮,药材具有功效,理气调中,丁光迪医生病例集,例六,现代临床
橘叶,药材具有功效,疏肝解郁,丁光迪医生病例集,例六,现代临床
五味子,药材具有功效,敛肺生津,丁光迪医生病例集,例六,现代临床
独活,药材具有功效,祛风湿止痛,丁光迪医生病例集,例六,现代临床
丁光迪,名医经验总结,养血宁心汤治疗心悸,丁光迪医生病例集,例六,现代临床
心脏房颤,疾病表现症状,心悸,丁光迪医生病例集,例七,现代临床
心脏房颤,疾病表现症状,惊慌,丁光迪医生病例集,例七,现代临床
心脏房颤,疾病表现症状,胸闷如噎,丁光迪医生病例集,例七,现代临床
心脏房颤,疾病表现症状,昏厥,丁光迪医生病例集,例七,现代临床
心脏房颤,疾病表现症状,胸中如热汤沸扬,丁光迪医生病例集,例七,现代临床
心脏房颤,疾病表现症状,心动不安,丁光迪医生病例集,例七,现代临床
心脏房颤,疾病表现症状,四肢微麻,丁光迪医生病例集,例七,现代临床
心脏房颤,疾病表现症状,劳累感明显,丁光迪医生病例集,例七,现代临床
心脏房颤,疾病表现症状,不欲多言,丁光迪医生病例集,例七,现代临床
心脏房颤,疾病表现症状,气短,丁光迪医生病例集,例七,现代临床
心脏房颤,疾病表现症状,时欲太息,丁光迪医生病例集,例七,现代临床
心脏房颤,疾病表现症状,眠食较差,丁光迪医生病例集,例七,现代临床
心脏房颤,疾病表现症状,心神不宁,丁光迪医生病例集,例七,现代临床
心脏房颤,疾病表现症状,行动语言乏力,丁光迪医生病例集,例七,现代临床
心脏房颤,疾病表现症状,兴趣不高,丁光迪医生病例集,例七,现代临床
心脏房颤,疾病表现症状,头轻脚重,丁光迪医生病例集,例七,现代临床
心脏房颤,疾病表现症状,身困易忘,丁光迪医生病例集,例七,现代临床
心脏房颤,疾病表现症状,多恐惧感,丁光迪医生病例集,例七,现代临床
心脏房颤,疾病导致舌象,舌净嫩,丁光迪医生病例集,例七,现代临床
心脏房颤,疾病导致舌象,罩薄白苔,丁光迪医生病例集,例七,现代临床
心脏房颤,疾病导致脉象,脉细数疾,丁光迪医生病例集,例七,现代临床
心脏房颤,疾病导致脉象,按之参伍不调,丁光迪医生病例集,例七,现代临床
心脏房颤,证候导致舌象,舌质嫩红欠润,丁光迪医生病例集,例七,现代临床
心脏房颤,证候导致脉象,脉数,丁光迪医生病例集,例七,现代临床
心脏房颤,证候导致脉象,脉数而弦,丁光迪医生病例集,例七,现代临床
心脏房颤,证候导致脉象,脉迟,丁光迪医生病例集,例七,现代临床
心脏房颤,证候导致脉象,脉迟见结代,丁光迪医生病例集,例七,现代临床
心脏房颤,综合辨证证候,怔忡,丁光迪医生病例集,例七,现代临床
心脏房颤,综合辨证证候,心肾交病,丁光迪医生病例集,例七,现代临床
心脏房颤,证候采用方剂,养血宁心汤,丁光迪医生病例集,例七,现代临床
心脏房颤,证候采用方剂,益气复脉汤,丁光迪医生病例集,例七,现代临床
养血宁心汤,方剂组成药材,熟地,丁光迪医生病例集,例七,现代临床
养血宁心汤,方剂组成药材,当归,丁光迪医生病例集,例七,现代临床
养血宁心汤,方剂组成药材,麦冬,丁光迪医生病例集,例七,现代临床
养血宁心汤,方剂组成药材,炒枣仁,丁光迪医生病例集,例七,现代临床
养血宁心汤,方剂组成药材,炙甘草,丁光迪医生病例集,例七,现代临床
养血宁心汤,方剂组成药材,远志肉,丁光迪医生病例集,例七,现代临床
养血宁心汤,方剂组成药材,茯苓,丁光迪医生病例集,例七,现代临床
养血宁心汤,方剂组成药材,太子参,丁光迪医生病例集,例七,现代临床
养血宁心汤,方剂组成药材,五味子,丁光迪医生病例集,例七,现代临床
养血宁心汤,方剂组成药材,丹参,丁光迪医生病例集,例七,现代临床
养血宁心汤,方剂组成药材,独活,丁光迪医生病例集,例七,现代临床
益气复脉汤,方剂组成药材,炙甘草,丁光迪医生病例集,例七,现代临床
益气复脉汤,方剂组成药材,桂枝,丁光迪医生病例集,例七,现代临床
益气复脉汤,方剂组成药材,麦门冬,丁光迪医生病例集,例七,现代临床
益气复脉汤,方剂组成药材,炙黄芪,丁光迪医生病例集,例七,现代临床
益气复脉汤,方剂组成药材,五味子,丁光迪医生病例集,例七,现代临床
益气复脉汤,方剂组成药材,茯苓,丁光迪医生病例集,例七,现代临床
益气复脉汤,方剂组成药材,远志肉,丁光迪医生病例集,例七,现代临床
益气复脉汤,方剂组成药材,石菖蒲,丁光迪医生病例集,例七,现代临床
益气复脉汤,方剂组成药材,川芎,丁光迪医生病例集,例七,现代临床
益气复脉汤,方剂组成药材,生姜,丁光迪医生病例集,例七,现代临床
益气复脉汤,方剂组成药材,大枣,丁光迪医生病例集,例七,现代临床
熟地,药材具有功效,滋养阴血,丁光迪医生病例集,例七,现代临床
当归,药材具有功效,滋养阴血,丁光迪医生病例集,例七,现代临床
麦冬,药材具有功效,滋养阴血,丁光迪医生病例集,例七,现代临床
五味子,药材具有功效,交济心肾,丁光迪医生病例集,例七,现代临床
炙甘草,药材具有功效,甘以缓急,丁光迪医生病例集,例七,现代临床
合欢皮,药材具有功效,宁心安神,丁光迪医生病例集,例七,现代临床
独活,药材具有功效,搜风以制浮越之气,丁光迪医生病例集,例七,现代临床
炙甘草湯,归属于经典,伤寒论,丁光迪医生病例集,例七,现代临床
黄茂桂枝五物汤,归属于经典,金匮要略,丁光迪医生病例集,例七,现代临床
保元汤,归属于经典,景岳全书,丁光迪医生病例集,例七,现代临床
生脉散,归属于经典,温病条辨,丁光迪医生病例集,例七,现代临床
定志丸,归属于经典,景岳全书,丁光迪医生病例集,例七,现代临床
丁光迪,名医经验总结,心脏房颤治疗经验,丁光迪医生病例集,例七,现代临床
风火痰浊上扰,疾病表现症状,面赤升火,丁光迪医生病例集,例一,现代临床
风火痰浊上扰,疾病表现症状,头痛,丁光迪医生病例集,例一,现代临床
风火痰浊上扰,疾病表现症状,气急,丁光迪医生病例集,例一,现代临床
风火痰浊上扰,疾病表现症状,性情躁急,丁光迪医生病例集,例一,现代临床
风火痰浊上扰,疾病表现症状,胃部不舒,丁光迪医生病例集,例一,现代临床
风火痰浊上扰,疾病表现症状,夜寐多汗,丁光迪医生病例集,例一,现代临床
风火痰浊上扰,疾病表现症状,小便臊臭,丁光迪医生病例集,例一,现代临床
风火痰浊上扰,疾病表现症状,腿足发软,丁光迪医生病例集,例一,现代临床
风火痰浊上扰,疾病表现症状,脚冷,丁光迪医生病例集,例一,现代临床
风火痰浊上扰,疾病导致脉象,脉弦硬,丁光迪医生病例集,例一,现代临床
风火痰浊上扰,疾病导致舌象,苔腻中厚,丁光迪医生病例集,例一,现代临床
风火痰浊上扰,症状伴随症状,呼吸似困难,丁光迪医生病例集,例一,现代临床
风火痰浊上扰,症状伴随症状,时欲太息,丁光迪医生病例集,例一,现代临床
风火痰浊上扰,症状伴随症状,得暧乃适,丁光迪医生病例集,例一,现代临床
风火痰浊上扰,症状伴随症状,脚软,丁光迪医生病例集,例一,现代临床
风火痰浊上扰,症状伴随症状,耳鸣轰热,丁光迪医生病例集,例一,现代临床
风火痰浊上扰,症状伴随症状,气急,丁光迪医生病例集,例一,现代临床
风火痰浊上扰,症状伴随症状,自感有火气下行,丁光迪医生病例集,例一,现代临床
风火痰浊上扰,症状伴随症状,胃腕宽,丁光迪医生病例集,例一,现代临床
风火痰浊上扰,症状伴随症状,舌中厚腻苔化,丁光迪医生病例集,例一,现代临床
风火痰浊上扰,症状伴随症状,精神放松,丁光迪医生病例集,例一,现代临床
风火痰浊上扰,证候采用方剂,镇肝熄风方,丁光迪医生病例集,例一,现代临床
镇肝熄风方,方剂组成药材,夏枯草,丁光迪医生病例集,例一,现代临床
镇肝熄风方,方剂组成药材,丹皮,丁光迪医生病例集,例一,现代临床
镇肝熄风方,方剂组成药材,黑山梔,丁光迪医生病例集,例一,现代临床
镇肝熄风方,方剂组成药材,生白芍,丁光迪医生病例集,例一,现代临床
镇肝熄风方,方剂组成药材,橘叶,丁光迪医生病例集,例一,现代临床
镇肝熄风方,方剂组成药材,橘皮,丁光迪医生病例集,例一,现代临床
镇肝熄风方,方剂组成药材,茯苓,丁光迪医生病例集,例一,现代临床
镇肝熄风方,方剂组成药材,泽泻,丁光迪医生病例集,例一,现代临床
镇肝熄风方,方剂组成药材,竹沥半夏,丁光迪医生病例集,例一,现代临床
镇肝熄风方,方剂组成药材,双钩藤,丁光迪医生病例集,例一,现代临床
镇肝熄风方,方剂组成药材,生牡蛎,丁光迪医生病例集,例一,现代临床
镇肝熄风方,方剂组成药材,龙骨,丁光迪医生病例集,例一,现代临床
镇肝熄风方,方剂组成药材,磁石,丁光迪医生病例集,例一,现代临床
镇肝熄风方,方剂组成药材,淮牛膝,丁光迪医生病例集,例一,现代临床
镇肝熄风方,方剂组成药材,炒车前子,丁光迪医生病例集,例一,现代临床
风火痰浊上扰,证候导致舌象,苔腻中厚,丁光迪医生病例集,例一,现代临床
风火痰浊上扰,证候导致脉象,脉弦硬,丁光迪医生病例集,例一,现代临床
风火痰浊上扰,综合辨证证候,肝肾两虚,丁光迪医生病例集,例一,现代临床
风火痰浊上扰,综合辨证证候,火升气逆,丁光迪医生病例集,例一,现代临床
风火痰浊上扰,综合辨证证候,实下虚,丁光迪医生病例集,例一,现代临床
风火痰浊上扰,综合辨证证候,风火未靖,丁光迪医生病例集,例一,现代临床
丁光迪,名医经验总结,看病要知人，心病要用心药医,丁光迪医生病例集,例一,现代临床
风火痰浊上扰,证候导致舌象,舌中厚腻苔化,丁光迪医生病例集,例一,现代临床
慢性肝炎,疾病表现症状,高血压,丁光迪医生病例集,例二,现代临床
慢性肝炎,疾病表现症状,糖尿病,丁光迪医生病例集,例二,现代临床
慢性肝炎,疾病表现症状,前列腺肥大,丁光迪医生病例集,例二,现代临床
慢性肝炎,疾病导致舌象,舌红质暗,丁光迪医生病例集,例二,现代临床
慢性肝炎,疾病导致舌象,苔薄罩黄色,丁光迪医生病例集,例二,现代临床
慢性肝炎,疾病导致脉象,脉弦滑,丁光迪医生病例集,例二,现代临床
慢性肝炎,症状伴随症状,神情紧张,丁光迪医生病例集,例二,现代临床
慢性肝炎,症状伴随症状,寝食不安,丁光迪医生病例集,例二,现代临床
慢性肝炎,症状伴随症状,面色泛红,丁光迪医生病例集,例二,现代临床
慢性肝炎,症状伴随症状,目睛混浊,丁光迪医生病例集,例二,现代临床
慢性肝炎,症状伴随症状,头昏痛冒火,丁光迪医生病例集,例二,现代临床
慢性肝炎,症状伴随症状,意烦寐差,丁光迪医生病例集,例二,现代临床
慢性肝炎,症状伴随症状,两胁不舒,丁光迪医生病例集,例二,现代临床
慢性肝炎,症状伴随症状,口干吐沫,丁光迪医生病例集,例二,现代临床
慢性肝炎,症状伴随症状,小便次多量少,丁光迪医生病例集,例二,现代临床
慢性肝炎,证候导致舌象,舌红质暗,丁光迪医生病例集,例二,现代临床
慢性肝炎,证候导致舌象,苔薄罩黄色,丁光迪医生病例集,例二,现代临床
慢性肝炎,证候导致脉象,脉弦滑,丁光迪医生病例集,例二,现代临床
慢性肝炎,综合辨证证候,肝肾两经风火痰浊上逆,丁光迪医生病例集,例二,现代临床
慢性肝炎,综合辨证证候,本虚标实,丁光迪医生病例集,例二,现代临床
慢性肝炎,综合辨证证候,气滞导致络瘀,丁光迪医生病例集,例二,现代临床
慢性肝炎,综合辨证证候,左右升降乖常,丁光迪医生病例集,例二,现代临床
慢性肝炎,综合辨证证候,肝阳有余,丁光迪医生病例集,例二,现代临床
慢性肝炎,证候采用方剂,六味地黄丸加减,丁光迪医生病例集,例二,现代临床
六味地黄丸加减,方剂组成药材,炒生地,丁光迪医生病例集,例二,现代临床
六味地黄丸加减,方剂组成药材,女贞子,丁光迪医生病例集,例二,现代临床
六味地黄丸加减,方剂组成药材,丹皮,丁光迪医生病例集,例二,现代临床
六味地黄丸加减,方剂组成药材,赤芍,丁光迪医生病例集,例二,现代临床
六味地黄丸加减,方剂组成药材,白芍,丁光迪医生病例集,例二,现代临床
六味地黄丸加减,方剂组成药材,生牡蛎,丁光迪医生病例集,例二,现代临床
六味地黄丸加减,方剂组成药材,炙鳖甲,丁光迪医生病例集,例二,现代临床
六味地黄丸加减,方剂组成药材,广郁金,丁光迪医生病例集,例二,现代临床
六味地黄丸加减,方剂组成药材,茯苓,丁光迪医生病例集,例二,现代临床
六味地黄丸加减,方剂组成药材,泽泻,丁光迪医生病例集,例二,现代临床
六味地黄丸加减,方剂组成药材,竹沥半夏,丁光迪医生病例集,例二,现代临床
六味地黄丸加减,方剂组成药材,生山药,丁光迪医生病例集,例二,现代临床
六味地黄丸加减,方剂组成药材,谷芽,丁光迪医生病例集,例二,现代临床
六味地黄丸加减,方剂组成药材,麦芽,丁光迪医生病例集,例二,现代临床
六味地黄丸加减,方剂组成药材,海蛰头,丁光迪医生病例集,例二,现代临床
六味地黄丸加减,方剂组成药材,鲜大華,丁光迪医生病例集,例二,现代临床
六味地黄丸加减,方剂组成药材,干地龙,丁光迪医生病例集,例二,现代临床
六味地黄丸加减,方剂组成药材,制首乌,丁光迪医生病例集,例二,现代临床
六味地黄丸加减,方剂组成药材,桃仁泥,丁光迪医生病例集,例二,现代临床
六味地黄丸加减,方剂组成药材,淮牛膝,丁光迪医生病例集,例二,现代临床
炒生地,药材具有功效,凉血滋阴,丁光迪医生病例集,例二,现代临床
女贞子,药材具有功效,滋补肝肾,丁光迪医生病例集,例二,现代临床
丹皮,药材具有功效,清热凉血,丁光迪医生病例集,例二,现代临床
赤芍,药材具有功效,活血化瘀,丁光迪医生病例集,例二,现代临床
白芍,药材具有功效,养血柔肝,丁光迪医生病例集,例二,现代临床
生牡蛎,药材具有功效,平肝潜阳,丁光迪医生病例集,例二,现代临床
炙鳖甲,药材具有功效,滋阴潜阳,丁光迪医生病例集,例二,现代临床
广郁金,药材具有功效,疏肝解郁,丁光迪医生病例集,例二,现代临床
茯苓,药材具有功效,健脾利湿,丁光迪医生病例集,例二,现代临床
泽泻,药材具有功效,利水渗湿,丁光迪医生病例集,例二,现代临床
竹沥半夏,药材具有功效,燥湿化痰,丁光迪医生病例集,例二,现代临床
生山药,药材具有功效,补脾益肾,丁光迪医生病例集,例二,现代临床
谷芽,药材具有功效,消食和中,丁光迪医生病例集,例二,现代临床
麦芽,药材具有功效,消食和中,丁光迪医生病例集,例二,现代临床
海蛰头,药材具有功效,清热化痰,丁光迪医生病例集,例二,现代临床
鲜大華,药材具有功效,清热生津,丁光迪医生病例集,例二,现代临床
干地龙,药材具有功效,清火熄风止痉,丁光迪医生病例集,例二,现代临床
制首乌,药材具有功效,滋补肝肾,丁光迪医生病例集,例二,现代临床
桃仁泥,药材具有功效,活血化瘀,丁光迪医生病例集,例二,现代临床
淮牛膝,药材具有功效,补肝肾强筋骨,丁光迪医生病例集,例二,现代临床
丁光迪,名医经验总结,中医看病，擅用四诊八纲，了解病情，分析归纳，找出重点，辨证论治，可以取得疗效,丁光迪医生病例集,例二,现代临床
高血压,疾病表现症状,头昏目糊,丁光迪医生病例集,例三,现代临床
高血压,疾病表现症状,间或掣痛,丁光迪医生病例集,例三,现代临床
高血压,疾病表现症状,耳鸣作胀失聪,丁光迪医生病例集,例三,现代临床
高血压,疾病表现症状,火气上升,丁光迪医生病例集,例三,现代临床
高血压,疾病表现症状,筋脉掣引,丁光迪医生病例集,例三,现代临床
高血压,疾病表现症状,自感摇幌不稳,丁光迪医生病例集,例三,现代临床
高血压,疾病表现症状,两足发翼,丁光迪医生病例集,例三,现代临床
高血压,疾病表现症状,夜寐不宁,丁光迪医生病例集,例三,现代临床
高血压,疾病表现症状,乱梦纷纭,丁光迪医生病例集,例三,现代临床
高血压,疾病表现症状,情绪易躁,丁光迪医生病例集,例三,现代临床
高血压,疾病表现症状,大便艰,丁光迪医生病例集,例三,现代临床
高血压,疾病导致舌象,舌赤苔腻,丁光迪医生病例集,例三,现代临床
高血压,疾病导致脉象,脉弦左细,丁光迪医生病例集,例三,现代临床
上盛下虚,证候导致舌象,舌赤苔腻,丁光迪医生病例集,例三,现代临床
上盛下虚,证候导致脉象,脉弦左细,丁光迪医生病例集,例三,现代临床
上盛下虚,综合辨证证候,肝肾先虚，风火痰浊上僭,丁光迪医生病例集,例三,现代临床
清肝泻火，熄风化痰,证候采用方剂,羚角钩藤合黄连温胆加味,丁光迪医生病例集,例三,现代临床
羚角钩藤合黄连温胆加味,方剂组成药材,羚羊角粉,丁光迪医生病例集,例三,现代临床
羚角钩藤合黄连温胆加味,方剂组成药材,双钩藤,丁光迪医生病例集,例三,现代临床
羚角钩藤合黄连温胆加味,方剂组成药材,干地龙,丁光迪医生病例集,例三,现代临床
羚角钩藤合黄连温胆加味,方剂组成药材,丹皮,丁光迪医生病例集,例三,现代临床
羚角钩藤合黄连温胆加味,方剂组成药材,黑山梔,丁光迪医生病例集,例三,现代临床
羚角钩藤合黄连温胆加味,方剂组成药材,川淮牛膝,丁光迪医生病例集,例三,现代临床
羚角钩藤合黄连温胆加味,方剂组成药材,泽泻,丁光迪医生病例集,例三,现代临床
羚角钩藤合黄连温胆加味,方剂组成药材,川连,丁光迪医生病例集,例三,现代临床
羚角钩藤合黄连温胆加味,方剂组成药材,竹沥半复,丁光迪医生病例集,例三,现代临床
羚角钩藤合黄连温胆加味,方剂组成药材,橘红,丁光迪医生病例集,例三,现代临床
羚角钩藤合黄连温胆加味,方剂组成药材,茯苓,丁光迪医生病例集,例三,现代临床
羚角钩藤合黄连温胆加味,方剂组成药材,焦枳实,丁光迪医生病例集,例三,现代临床
羚角钩藤合黄连温胆加味,方剂组成药材,淡竹茹,丁光迪医生病例集,例三,现代临床
羚角钩藤合黄连温胆加味,方剂组成药材,石决明,丁光迪医生病例集,例三,现代临床
羚羊角粉,药材具有功效,清肝泻火,丁光迪医生病例集,例三,现代临床
双钩藤,药材具有功效,熄风化痰,丁光迪医生病例集,例三,现代临床
二诊,症状伴随症状,心惊胆怯,丁光迪医生病例集,例三,现代临床
二诊,症状伴随症状,肉晌肢麻,丁光迪医生病例集,例三,现代临床
二诊,症状辨证证候,肝阳痰火,丁光迪医生病例集,例三,现代临床
三诊,症状伴随症状,性情易躁急,丁光迪医生病例集,例三,现代临床
三诊,症状伴随症状,偶尔肉瞩筋惕,丁光迪医生病例集,例三,现代临床
三诊,症状辨证证候,虚风虚阳未靖,丁光迪医生病例集,例三,现代临床
三诊,症状辨证证候,阴不足而阳有余,丁光迪医生病例集,例三,现代临床
四诊,症状辨证证候,一切正常,丁光迪医生病例集,例三,现代临床
四诊,症状辨证证候,心境舒泰,丁光迪医生病例集,例三,现代临床
风火头痛,疾病表现症状,头痛脑动,丁光迪医生病例集,例四,现代临床
风火头痛,疾病表现症状,日眩旋转,丁光迪医生病例集,例四,现代临床
风火头痛,疾病表现症状,几欲跌倒,丁光迪医生病例集,例四,现代临床
风火头痛,疾病表现症状,起则天旋地转,丁光迪医生病例集,例四,现代临床
风火头痛,疾病表现症状,泛恶欲吐,丁光迪医生病例集,例四,现代临床
风火头痛,疾病表现症状,头痛如裂,丁光迪医生病例集,例四,现代临床
风火头痛,疾病表现症状,不欲进食,丁光迪医生病例集,例四,现代临床
风火头痛,疾病表现症状,小便赤涩,丁光迪医生病例集,例四,现代临床
风火头痛,疾病导致舌象,舌赤,丁光迪医生病例集,例四,现代临床
风火头痛,疾病导致舌象,苔黄腻根厚,丁光迪医生病例集,例四,现代临床
风火头痛,疾病导致脉象,脉弦滑数,丁光迪医生病例集,例四,现代临床
风火头痛,证候导致舌象,舌红稍暗,丁光迪医生病例集,例四,现代临床
风火头痛,证候导致舌象,欠津,丁光迪医生病例集,例四,现代临床
风火头痛,证候导致脉象,脉弦见缓,丁光迪医生病例集,例四,现代临床
风火头痛,综合辨证证候,风阳突然掀旋，夹痰火以上逆,丁光迪医生病例集,例四,现代临床
风火头痛,综合辨证证候,清空之窍被邪堵塞,丁光迪医生病例集,例四,现代临床
风火头痛,综合辨证证候,气逆血逆,丁光迪医生病例集,例四,现代临床
风火头痛,综合辨证证候,火去风靖，阴津损伤,丁光迪医生病例集,例四,现代临床
风火头痛,证候采用方剂,当归龙荟丸,丁光迪医生病例集,例四,现代临床
风火头痛,证候采用方剂,六味地黄丸,丁光迪医生病例集,例四,现代临床
当归龙荟丸,方剂组成药材,龙胆草,丁光迪医生病例集,例四,现代临床
当归龙荟丸,方剂组成药材,黄苓,丁光迪医生病例集,例四,现代临床
当归龙荟丸,方剂组成药材,黛黑梔,丁光迪医生病例集,例四,现代临床
当归龙荟丸,方剂组成药材,川连,丁光迪医生病例集,例四,现代临床
当归龙荟丸,方剂组成药材,黄柏,丁光迪医生病例集,例四,现代临床
当归龙荟丸,方剂组成药材,生大黄,丁光迪医生病例集,例四,现代临床
当归龙荟丸,方剂组成药材,芦荟,丁光迪医生病例集,例四,现代临床
当归龙荟丸,方剂组成药材,竹沥半夏,丁光迪医生病例集,例四,现代临床
当归龙荟丸,方剂组成药材,制乳香,丁光迪医生病例集,例四,现代临床
当归龙荟丸,方剂组成药材,当归,丁光迪医生病例集,例四,现代临床
当归龙荟丸,方剂组成药材,赤白芍,丁光迪医生病例集,例四,现代临床
当归龙荟丸,方剂组成药材,炙甘卓,丁光迪医生病例集,例四,现代临床
六味地黄丸,方剂组成药材,丹皮,丁光迪医生病例集,例四,现代临床
六味地黄丸,方剂组成药材,黑山梔,丁光迪医生病例集,例四,现代临床
六味地黄丸,方剂组成药材,白芍,丁光迪医生病例集,例四,现代临床
六味地黄丸,方剂组成药材,川淮牛膝,丁光迪医生病例集,例四,现代临床
六味地黄丸,方剂组成药材,决明子,丁光迪医生病例集,例四,现代临床
六味地黄丸,方剂组成药材,女贞子,丁光迪医生病例集,例四,现代临床
六味地黄丸,方剂组成药材,墨旱莲,丁光迪医生病例集,例四,现代临床
六味地黄丸,方剂组成药材,北沙参,丁光迪医生病例集,例四,现代临床
六味地黄丸,方剂组成药材,麦冬,丁光迪医生病例集,例四,现代临床
六味地黄丸,方剂组成药材,白术,丁光迪医生病例集,例四,现代临床
六味地黄丸,方剂组成药材,茯苓,丁光迪医生病例集,例四,现代临床
六味地黄丸,方剂组成药材,炙甘草,丁光迪医生病例集,例四,现代临床
风火头痛,归属于经典,难经,丁光迪医生病例集,例四,现代临床
风火头痛,理论指导实践,泻南方，补北方,丁光迪医生病例集,例四,现代临床
风火头痛,名医经验总结,丁光迪,丁光迪医生病例集,例四,现代临床
头风痛,疾病表现症状,头痛,丁光迪医生病例集,例五,现代临床
头风痛,疾病表现症状,头脑沉重,丁光迪医生病例集,例五,现代临床
头风痛,疾病表现症状,畏寒,丁光迪医生病例集,例五,现代临床
头风痛,疾病表现症状,欲得紧缚,丁光迪医生病例集,例五,现代临床
头风痛,疾病表现症状,戴厚帽,丁光迪医生病例集,例五,现代临床
头风痛,疾病表现症状,愁眉触额,丁光迪医生病例集,例五,现代临床
头风痛,疾病表现症状,不能抬举,丁光迪医生病例集,例五,现代临床
头风痛,疾病表现症状,两手捧头,丁光迪医生病例集,例五,现代临床
头风痛,疾病表现症状,欲得安静,丁光迪医生病例集,例五,现代临床
头风痛,疾病表现症状,恶闻吵闹声,丁光迪医生病例集,例五,现代临床
头风痛,疾病表现症状,欲闭户独处,丁光迪医生病例集,例五,现代临床
头风痛,疾病表现症状,疲乏欲寐,丁光迪医生病例集,例五,现代临床
头风痛,疾病表现症状,便泄,丁光迪医生病例集,例五,现代临床
头风痛,疾病导致舌象,舌色晦滞,丁光迪医生病例集,例五,现代临床
头风痛,疾病导致舌象,苔薄腻,丁光迪医生病例集,例五,现代临床
头风痛,疾病导致脉象,脉来稍缓,丁光迪医生病例集,例五,现代临床
头风痛,疾病导致脉象,按之微紧,丁光迪医生病例集,例五,现代临床
头风痛,证候导致舌象,舌色晦滞,丁光迪医生病例集,例五,现代临床
头风痛,证候导致舌象,苔薄腻,丁光迪医生病例集,例五,现代临床
头风痛,证候导致脉象,脉来稍缓,丁光迪医生病例集,例五,现代临床
头风痛,证候导致脉象,按之微紧,丁光迪医生病例集,例五,现代临床
头风痛,综合辨证证候,肝脾两病,丁光迪医生病例集,例五,现代临床
头风痛,综合辨证证候,寒束于哀,丁光迪医生病例集,例五,现代临床
头风痛,综合辨证证候,络脉痉急,丁光迪医生病例集,例五,现代临床
头风痛,综合辨证证候,上部畝涩,丁光迪医生病例集,例五,现代临床
头风痛,综合辨证证候,气失荣润,丁光迪医生病例集,例五,现代临床
头风痛,综合辨证证候,不通则痛,丁光迪医生病例集,例五,现代临床
头风痛,综合辨证证候,脾虚生湿,丁光迪医生病例集,例五,现代临床
头风痛,综合辨证证候,大便易泄,丁光迪医生病例集,例五,现代临床
头风痛,证候采用方剂,槟氏黑散,丁光迪医生病例集,例五,现代临床
槟氏黑散,方剂组成药材,甘菊花,丁光迪医生病例集,例五,现代临床
槟氏黑散,方剂组成药材,防风,丁光迪医生病例集,例五,现代临床
槟氏黑散,方剂组成药材,川苓,丁光迪医生病例集,例五,现代临床
槟氏黑散,方剂组成药材,细辛,丁光迪医生病例集,例五,现代临床
槟氏黑散,方剂组成药材,桂枝,丁光迪医生病例集,例五,现代临床
槟氏黑散,方剂组成药材,当归,丁光迪医生病例集,例五,现代临床
槟氏黑散,方剂组成药材,白术,丁光迪医生病例集,例五,现代临床
槟氏黑散,方剂组成药材,茯苓,丁光迪医生病例集,例五,现代临床
槟氏黑散,方剂组成药材,炙甘草,丁光迪医生病例集,例五,现代临床
槟氏黑散,方剂组成药材,赤芍,丁光迪医生病例集,例五,现代临床
槟氏黑散,方剂组成药材,红花,丁光迪医生病例集,例五,现代临床
槟氏黑散,方剂组成药材,桃仁泥,丁光迪医生病例集,例五,现代临床
槟氏黑散,方剂组成药材,葱白头,丁光迪医生病例集,例五,现代临床
槟氏黑散,方剂组成药材,黄酒,丁光迪医生病例集,例五,现代临床
甘菊花,药材具有功效,祛风寒,丁光迪医生病例集,例五,现代临床
防风,药材具有功效,祛风寒,丁光迪医生病例集,例五,现代临床
川苓,药材具有功效,调脾胃,丁光迪医生病例集,例五,现代临床
白术,药材具有功效,调脾胃,丁光迪医生病例集,例五,现代临床
槟氏黑散,归属于经典,侯氏黑散,丁光迪医生病例集,例五,现代临床
头风痛,临床验证理论,钱某,丁光迪医生病例集,例五,现代临床
丁光迪,名医经验总结,头风痛的治疗经验,丁光迪医生病例集,例五,现代临床
头痛耳鸣,疾病表现症状,心悸少寐,丁光迪医生病例集,例六,现代临床
头痛耳鸣,症状伴随症状,工作稍烦,丁光迪医生病例集,例六,现代临床
头痛耳鸣,症状伴随症状,头脑胀痛,丁光迪医生病例集,例六,现代临床
头痛耳鸣,症状伴随症状,耳闻嗜杂之声,丁光迪医生病例集,例六,现代临床
头痛耳鸣,症状伴随症状,不能多思考,丁光迪医生病例集,例六,现代临床
头痛耳鸣,症状伴随症状,乱梦纷纭,丁光迪医生病例集,例六,现代临床
头痛耳鸣,症状伴随症状,口舌作干,丁光迪医生病例集,例六,现代临床
头痛耳鸣,症状伴随症状,大便偏结,丁光迪医生病例集,例六,现代临床
头痛耳鸣,疾病导致脉象,脉细弦略数,丁光迪医生病例集,例六,现代临床
头痛耳鸣,疾病导致舌象,舌嫩少苔,丁光迪医生病例集,例六,现代临床
头痛耳鸣,综合辨证证候,阴虚阳浮,丁光迪医生病例集,例六,现代临床
头痛耳鸣,综合辨证证候,心肝肾俱稿,丁光迪医生病例集,例六,现代临床
阴虚阳浮,证候导致舌象,舌嫩少苔,丁光迪医生病例集,例六,现代临床
阴虚阳浮,证候导致脉象,脉细弦略数,丁光迪医生病例集,例六,现代临床
头痛耳鸣,证候采用方剂,杞葡地黄合磁朱丸加味,丁光迪医生病例集,例六,现代临床
杞葡地黄合磁朱丸加味,方剂组成药材,甘菊花,丁光迪医生病例集,例六,现代临床
杞葡地黄合磁朱丸加味,方剂组成药材,枸杞子,丁光迪医生病例集,例六,现代临床
杞葡地黄合磁朱丸加味,方剂组成药材,生地,丁光迪医生病例集,例六,现代临床
杞葡地黄合磁朱丸加味,方剂组成药材,女贞子,丁光迪医生病例集,例六,现代临床
杞葡地黄合磁朱丸加味,方剂组成药材,珍珠母,丁光迪医生病例集,例六,现代临床
杞葡地黄合磁朱丸加味,方剂组成药材,生白芍,丁光迪医生病例集,例六,现代临床
杞葡地黄合磁朱丸加味,方剂组成药材,茯苓,丁光迪医生病例集,例六,现代临床
杞葡地黄合磁朱丸加味,方剂组成药材,炒枣仁,丁光迪医生病例集,例六,现代临床
杞葡地黄合磁朱丸加味,方剂组成药材,麦冬,丁光迪医生病例集,例六,现代临床
杞葡地黄合磁朱丸加味,方剂组成药材,炙甘草,丁光迪医生病例集,例六,现代临床
杞葡地黄合磁朱丸加味,方剂组成药材,泽泻,丁光迪医生病例集,例六,现代临床
杞葡地黄合磁朱丸加味,方剂组成药材,丹皮,丁光迪医生病例集,例六,现代临床
杞葡地黄合磁朱丸加味,方剂组成药材,淮牛膝,丁光迪医生病例集,例六,现代临床
杞葡地黄合磁朱丸加味,方剂组成药材,磁朱丸,丁光迪医生病例集,例六,现代临床
甘菊花,药材具有功效,养阴柔肝,丁光迪医生病例集,例六,现代临床
枸杞子,药材具有功效,养阴柔肝,丁光迪医生病例集,例六,现代临床
生地,药材具有功效,养阴柔肝,丁光迪医生病例集,例六,现代临床
女贞子,药材具有功效,养阴柔肝,丁光迪医生病例集,例六,现代临床
珍珠母,药材具有功效,宁心安神,丁光迪医生病例集,例六,现代临床
生白芍,药材具有功效,宁心安神,丁光迪医生病例集,例六,现代临床
茯苓,药材具有功效,宁心安神,丁光迪医生病例集,例六,现代临床
炒枣仁,药材具有功效,宁心安神,丁光迪医生病例集,例六,现代临床
麦冬,药材具有功效,宁心安神,丁光迪医生病例集,例六,现代临床
炙甘草,药材具有功效,宁心安神,丁光迪医生病例集,例六,现代临床
泽泻,药材具有功效,宁心安神,丁光迪医生病例集,例六,现代临床
丹皮,药材具有功效,宁心安神,丁光迪医生病例集,例六,现代临床
淮牛膝,药材具有功效,宁心安神,丁光迪医生病例集,例六,现代临床
磁朱丸,药材具有功效,宁心安神,丁光迪医生病例集,例六,现代临床
丁光迪,名医经验总结,头痛耳鸣,丁光迪医生病例集,例六,现代临床
风火头痛,疾病表现症状,头偏左痛,丁光迪医生病例集,例七,现代临床
风火头痛,疾病表现症状,耳鸣,丁光迪医生病例集,例七,现代临床
风火头痛,疾病表现症状,脑中轰然,丁光迪医生病例集,例七,现代临床
风火头痛,疾病表现症状,左半头面掣痛,丁光迪医生病例集,例七,现代临床
风火头痛,疾病表现症状,血管跳动,丁光迪医生病例集,例七,现代临床
风火头痛,疾病表现症状,目眶胀痛,丁光迪医生病例集,例七,现代临床
风火头痛,疾病表现症状,烦躁不寐,丁光迪医生病例集,例七,现代临床
风火头痛,疾病表现症状,大便艰行,丁光迪医生病例集,例七,现代临床
风火头痛,疾病导致舌象,舌质赤,丁光迪医生病例集,例七,现代临床
风火头痛,疾病导致脉象,两手脉弦,丁光迪医生病例集,例七,现代临床
风火头痛,证候导致舌象,舌质赤,丁光迪医生病例集,例七,现代临床
风火头痛,证候导致脉象,两手脉弦,丁光迪医生病例集,例七,现代临床
风火头痛,综合辨证证候,风火相煽，上壅头目,丁光迪医生病例集,例七,现代临床
风火头痛,证候采用方剂,当归龙荟丸,丁光迪医生病例集,例七,现代临床
当归龙荟丸,方剂组成药材,当归,丁光迪医生病例集,例七,现代临床
当归龙荟丸,方剂组成药材,龙荟,丁光迪医生病例集,例七,现代临床
当归龙荟丸,方剂组成药材,牛膝,丁光迪医生病例集,例七,现代临床
当归龙荟丸,方剂组成药材,赤芍,丁光迪医生病例集,例七,现代临床
当归龙荟丸,方剂组成药材,生白芍,丁光迪医生病例集,例七,现代临床
当归龙荟丸,方剂组成药材,炙甘草,丁光迪医生病例集,例七,现代临床
当归龙荟丸,方剂组成药材,制乳香,丁光迪医生病例集,例七,现代临床
当归龙荟丸,方剂组成药材,川萼,丁光迪医生病例集,例七,现代临床
当归龙荟丸,方剂组成药材,柴胡,丁光迪医生病例集,例七,现代临床
当归龙荟丸,方剂组成药材,决明子,丁光迪医生病例集,例七,现代临床
当归龙荟丸,方剂组成药材,丹皮,丁光迪医生病例集,例七,现代临床
当归龙荟丸,方剂组成药材,黄苓,丁光迪医生病例集,例七,现代临床
当归龙荟丸,方剂组成药材,干地龙,丁光迪医生病例集,例七,现代临床
当归,药材具有功效,补血调经,丁光迪医生病例集,例七,现代临床
龙荟,药材具有功效,清热泻火,丁光迪医生病例集,例七,现代临床
牛膝,药材具有功效,活血化瘀,丁光迪医生病例集,例七,现代临床
赤芍,药材具有功效,清热凉血,丁光迪医生病例集,例七,现代临床
生白芍,药材具有功效,养血柔肝,丁光迪医生病例集,例七,现代临床
炙甘草,药材具有功效,调和诸药,丁光迪医生病例集,例七,现代临床
制乳香,药材具有功效,活血止痛,丁光迪医生病例集,例七,现代临床
川萼,药材具有功效,开窍醒神,丁光迪医生病例集,例七,现代临床
柴胡,药材具有功效,疏肝解郁,丁光迪医生病例集,例七,现代临床
决明子,药材具有功效,清肝明目,丁光迪医生病例集,例七,现代临床
丹皮,药材具有功效,清热凉血,丁光迪医生病例集,例七,现代临床
黄苓,药材具有功效,清热燥湿,丁光迪医生病例集,例七,现代临床
干地龙,药材具有功效,活血通络,丁光迪医生病例集,例七,现代临床
丁光迪,名医经验总结,风火头痛治疗经验,丁光迪医生病例集,例七,现代临床
血管神经性头痛,疾病表现症状,偏头痛,丁光迪医生病例集,例八,现代临床
血管神经性头痛,疾病表现症状,频频发作,丁光迪医生病例集,例八,现代临床
血管神经性头痛,疾病表现症状,头痛以左侧为剧,丁光迪医生病例集,例八,现代临床
血管神经性头痛,疾病表现症状,大发作时，右侧亦觉痛,丁光迪医生病例集,例八,现代临床
血管神经性头痛,疾病表现症状,痛如锥刺,丁光迪医生病例集,例八,现代临床
血管神经性头痛,疾病表现症状,太阳穴筋脉跳动,丁光迪医生病例集,例八,现代临床
血管神经性头痛,疾病表现症状,夜分痛甚,丁光迪医生病例集,例八,现代临床
血管神经性头痛,疾病表现症状,局部不能触摸,丁光迪医生病例集,例八,现代临床
血管神经性头痛,疾病表现症状,不能着枕,丁光迪医生病例集,例八,现代临床
血管神经性头痛,疾病表现症状,烦躁失眠,丁光迪医生病例集,例八,现代临床
血管神经性头痛,疾病表现症状,眼冒火星,丁光迪医生病例集,例八,现代临床
血管神经性头痛,疾病表现症状,恶心呕吐,丁光迪医生病例集,例八,现代临床
血管神经性头痛,疾病表现症状,大便秘结,丁光迪医生病例集,例八,现代临床
血管神经性头痛,疾病表现症状,每次发作持续2-3天或4-5天甚至10多天才缓解,丁光迪医生病例集,例八,现代临床
血管神经性头痛,疾病导致舌象,舌嫩而暗,丁光迪医生病例集,例八,现代临床
血管神经性头痛,疾病导致舌象,苔薄黄腻,丁光迪医生病例集,例八,现代临床
血管神经性头痛,疾病导致脉象,脉细而弦,丁光迪医生病例集,例八,现代临床
风火头痛,证候导致舌象,舌暗,丁光迪医生病例集,例八,现代临床
风火头痛,证候导致舌象,苔黄腻,丁光迪医生病例集,例八,现代临床
风火头痛,证候导致脉象,脉细弦,丁光迪医生病例集,例八,现代临床
风火头痛,综合辨证证候,既有风阳上逆，肝火犯胃的症状，又有久痛入络，经络瘀阻的变化,丁光迪医生病例集,例八,现代临床
风火头痛,证候采用方剂,柴胡清肝散,丁光迪医生病例集,例八,现代临床
柴胡清肝散,方剂组成药材,柴胡,丁光迪医生病例集,例八,现代临床
柴胡清肝散,方剂组成药材,夏枯草,丁光迪医生病例集,例八,现代临床
柴胡清肝散,方剂组成药材,川楝子,丁光迪医生病例集,例八,现代临床
柴胡清肝散,方剂组成药材,醋制香附,丁光迪医生病例集,例八,现代临床
柴胡清肝散,方剂组成药材,钩藤,丁光迪医生病例集,例八,现代临床
柴胡清肝散,方剂组成药材,制全蝎,丁光迪医生病例集,例八,现代临床
柴胡清肝散,方剂组成药材,牡蛎,丁光迪医生病例集,例八,现代临床
柴胡清肝散,方剂组成药材,淮牛膝,丁光迪医生病例集,例八,现代临床
柴胡清肝散,方剂组成药材,泽泻,丁光迪医生病例集,例八,现代临床
柴胡清肝散,方剂组成药材,丹皮,丁光迪医生病例集,例八,现代临床
柴胡清肝散,方剂组成药材,赤芍,丁光迪医生病例集,例八,现代临床
柴胡清肝散,方剂组成药材,白芍,丁光迪医生病例集,例八,现代临床
柴胡清肝散,方剂组成药材,姜半夏,丁光迪医生病例集,例八,现代临床
柴胡清肝散,方剂组成药材,川连,丁光迪医生病例集,例八,现代临床
柴胡清肝散,方剂组成药材,炙甘草,丁光迪医生病例集,例八,现代临床
风火头痛,证候采用方剂,杞菊地黄丸,丁光迪医生病例集,例八,现代临床
杞菊地黄丸,方剂组成药材,甘杞子,丁光迪医生病例集,例八,现代临床
杞菊地黄丸,方剂组成药材,甘菊花,丁光迪医生病例集,例八,现代临床
杞菊地黄丸,方剂组成药材,炒生地,丁光迪医生病例集,例八,现代临床
杞菊地黄丸,方剂组成药材,女贞子,丁光迪医生病例集,例八,现代临床
杞菊地黄丸,方剂组成药材,炒山药,丁光迪医生病例集,例八,现代临床
杞菊地黄丸,方剂组成药材,丹皮,丁光迪医生病例集,例八,现代临床
杞菊地黄丸,方剂组成药材,泽泻,丁光迪医生病例集,例八,现代临床
杞菊地黄丸,方剂组成药材,淮牛膝,丁光迪医生病例集,例八,现代临床
杞菊地黄丸,方剂组成药材,赤芍,丁光迪医生病例集,例八,现代临床
杞菊地黄丸,方剂组成药材,白芍,丁光迪医生病例集,例八,现代临床
杞菊地黄丸,方剂组成药材,炙甘草,丁光迪医生病例集,例八,现代临床
杞菊地黄丸,方剂组成药材,川芎,丁光迪医生病例集,例八,现代临床
杞菊地黄丸,方剂组成药材,桃仁泥,丁光迪医生病例集,例八,现代临床
杞菊地黄丸,方剂组成药材,红花,丁光迪医生病例集,例八,现代临床
杞菊地黄丸,方剂组成药材,北沙参,丁光迪医生病例集,例八,现代临床
杞菊地黄丸,方剂组成药材,川石斛,丁光迪医生病例集,例八,现代临床
杞菊地黄丸,方剂组成药材,野黑豆,丁光迪医生病例集,例八,现代临床
杞菊地黄丸,方剂组成药材,谷芽,丁光迪医生病例集,例八,现代临床
杞菊地黄丸,方剂组成药材,麦芽,丁光迪医生病例集,例八,现代临床
风火头痛,名医经验总结,丁光迪,丁光迪医生病例集,例八,现代临床
高血压,疾病表现症状,头晕,丁光迪医生病例集,例一,现代临床
高血压,疾病表现症状,视物目不清明,丁光迪医生病例集,例一,现代临床
高血压,疾病表现症状,瞌睡,丁光迪医生病例集,例一,现代临床
高血压,疾病表现症状,小便滴沥,丁光迪医生病例集,例一,现代临床
高血压,疾病表现症状,滑精,丁光迪医生病例集,例一,现代临床
高血压,疾病表现症状,心悸,丁光迪医生病例集,例一,现代临床
高血压,疾病表现症状,睡眠不实,丁光迪医生病例集,例一,现代临床
高血压,疾病表现症状,饮食不能多食,丁光迪医生病例集,例一,现代临床
高血压,疾病表现症状,心胸痞闷,丁光迪医生病例集,例一,现代临床
高血压,疾病表现症状,大便时濾,丁光迪医生病例集,例一,现代临床
胃下垂,疾病表现症状,肮腹痞胀,丁光迪医生病例集,例一,现代临床
胃下垂,疾病表现症状,呕吐,丁光迪医生病例集,例一,现代临床
慢性肠炎,疾病表现症状,大便时濾,丁光迪医生病例集,例一,现代临床
慢性肠炎,疾病表现症状,粪便夹粘液,丁光迪医生病例集,例一,现代临床
留饮为患,证候导致舌象,苔腻水滑,丁光迪医生病例集,例一,现代临床
留饮为患,证候导致舌象,舌胖而暗,丁光迪医生病例集,例一,现代临床
留饮为患,证候导致脉象,脉两手弦滑,丁光迪医生病例集,例一,现代临床
留饮为患,证候导致脉象,脉间有歇止,丁光迪医生病例集,例一,现代临床
泽泻汤合苓桂术甘汤,证候采用方剂,留饮为患,丁光迪医生病例集,例一,现代临床
泽泻汤合苓桂术甘汤,方剂组成药材,泽泻,丁光迪医生病例集,例一,现代临床
泽泻汤合苓桂术甘汤,方剂组成药材,白术,丁光迪医生病例集,例一,现代临床
泽泻汤合苓桂术甘汤,方剂组成药材,茯苓,丁光迪医生病例集,例一,现代临床
泽泻汤合苓桂术甘汤,方剂组成药材,桂枝,丁光迪医生病例集,例一,现代临床
泽泻汤合苓桂术甘汤,方剂组成药材,炙甘草,丁光迪医生病例集,例一,现代临床
泽泻汤合苓桂术甘汤,方剂组成药材,姜半夏,丁光迪医生病例集,例一,现代临床
泽泻汤合苓桂术甘汤,方剂组成药材,生姜,丁光迪医生病例集,例一,现代临床
泽泻汤合苓桂术甘汤,方剂组成药材,防风,丁光迪医生病例集,例一,现代临床
泽泻汤合苓桂术甘汤,方剂组成药材,椒目,丁光迪医生病例集,例一,现代临床
泽泻汤合苓桂术甘汤,方剂组成药材,石菖蒲,丁光迪医生病例集,例一,现代临床
泽泻汤合苓桂术甘汤,方剂组成药材,远志,丁光迪医生病例集,例一,现代临床
控涎丹,证候采用方剂,留饮为患,丁光迪医生病例集,例一,现代临床
控涎丹,方剂组成药材,白芥子,丁光迪医生病例集,例一,现代临床
控涎丹,方剂组成药材,火戟,丁光迪医生病例集,例一,现代临床
控涎丹,方剂组成药材,甘遂,丁光迪医生病例集,例一,现代临床
丁光迪,名医经验总结,本例为痰饮上逆的眩晕，汤丸并进而见愈,丁光迪医生病例集,例一,现代临床
丁光迪,名医经验总结,常移用于胃下垂病之有积液潴留的，作眩作吐的，亦获效验,丁光迪医生病例集,例一,现代临床
丁光迪,名医经验总结,曾以此治疗血吸虫病晚期肝腹水 （除外有食道下端静脉曲张较重的），上为痞胀，下又二便失V畅的，亦曾取斂,丁光迪医生病例集,例一,现代临床
丁光迪,名医经验总结,又曾移用于精神分裂症，吐下去痰饮，亦取得一时疗效,丁光迪医生病例集,例一,现代临床
卜二指肠球部溃疡、胃下垂、胃中潴留积液,疾病表现症状,淹缠不愈,丁光迪医生病例集,例二,现代临床
卜二指肠球部溃疡、胃下垂、胃中潴留积液,疾病导致舌象,舌嫩少苔,丁光迪医生病例集,例二,现代临床
卜二指肠球部溃疡、胃下垂、胃中潴留积液,疾病导致脉象,脉细,丁光迪医生病例集,例二,现代临床
眩晕,症状伴随症状,不能自主,丁光迪医生病例集,例二,现代临床
眩晕,症状伴随症状,跌倒,丁光迪医生病例集,例二,现代临床
眩晕,症状伴随症状,动作稍快或突然站起时目黑头晕,丁光迪医生病例集,例二,现代临床
眩晕,症状伴随症状,纳谷尚町,丁光迪医生病例集,例二,现代临床
眩晕,症状伴随症状,食量较少,丁光迪医生病例集,例二,现代临床
眩晕,症状伴随症状,自感疲乏,丁光迪医生病例集,例二,现代临床
眩晕,症状伴随症状,大便时结时澹,丁光迪医生病例集,例二,现代临床
眩晕,症状伴随症状,易于感冒,丁光迪医生病例集,例二,现代临床
眩晕,症状伴随症状,时自形寒,丁光迪医生病例集,例二,现代临床
眩晕,症状伴随症状,间有虚热,丁光迪医生病例集,例二,现代临床
眩晕,症状辨证证候,气血两伤之证,丁光迪医生病例集,例二,现代临床
眩晕,证候导致舌象,舌嫩少苔,丁光迪医生病例集,例二,现代临床
眩晕,证候导致脉象,脉细,丁光迪医生病例集,例二,现代临床
眩晕,综合辨证证候,中焦受损，荣卫不足,丁光迪医生病例集,例二,现代临床
眩晕,综合辨证证候,清阳不能上升，虚风反易浮越,丁光迪医生病例集,例二,现代临床
眩晕,证候采用方剂,薯菴丸,丁光迪医生病例集,例二,现代临床
薯菴丸,方剂组成药材,山药,丁光迪医生病例集,例二,现代临床
薯菴丸,方剂组成药材,白术,丁光迪医生病例集,例二,现代临床
薯菴丸,方剂组成药材,党参,丁光迪医生病例集,例二,现代临床
薯菴丸,方剂组成药材,干姜,丁光迪医生病例集,例二,现代临床
薯菴丸,方剂组成药材,甘草,丁光迪医生病例集,例二,现代临床
薯菴丸,方剂组成药材,茯苓,丁光迪医生病例集,例二,现代临床
薯菴丸,方剂组成药材,神曲,丁光迪医生病例集,例二,现代临床
薯菴丸,方剂组成药材,大豆黄卷,丁光迪医生病例集,例二,现代临床
薯菴丸,方剂组成药材,当归,丁光迪医生病例集,例二,现代临床
薯菴丸,方剂组成药材,白芍,丁光迪医生病例集,例二,现代临床
薯菴丸,方剂组成药材,川芎,丁光迪医生病例集,例二,现代临床
薯菴丸,方剂组成药材,麦冬,丁光迪医生病例集,例二,现代临床
薯菴丸,方剂组成药材,柴胡,丁光迪医生病例集,例二,现代临床
薯菴丸,方剂组成药材,桂枝,丁光迪医生病例集,例二,现代临床
薯菴丸,方剂组成药材,防风,丁光迪医生病例集,例二,现代临床
薯菴丸,方剂组成药材,桔梗,丁光迪医生病例集,例二,现代临床
山药,药材具有功效,补虚羸,丁光迪医生病例集,例二,现代临床
山药,药材具有功效,除寒热邪气,丁光迪医生病例集,例二,现代临床
山药,药材具有功效,久服耳目聪明气,丁光迪医生病例集,例二,现代临床
山药,药材具有功效,主头而游风,丁光迪医生病例集,例二,现代临床
山药,药材具有功效,头风眼眩气,丁光迪医生病例集,例二,现代临床
薯菴丸,归属于经典,金匮要略,丁光迪医生病例集,例二,现代临床
丁光迪,名医经验总结,虚风眩晕，临床并不少见，尤其脾骨虚弱之体，最易患此。证情亦并不过于复杂，而治疗效果往往较差，并多反复。如此例，亦已一年多了，治而不愈。其症状见于头目，而病本实在中焦。用薯後丸为治，最称合拍。仲景谓其治虚劳诸不足，风气百疾，正合虚风病情。其方用药，补中升阳，两调肝脾，路子亦很清楚。主药薯预，即是山药，本经谓能补虚羸，除寒热邪气，久服耳目聪明气。别录更谓主头而游风，头风眼眩气乃治虚风眩晕的妙药。配伍理中、姜、枣、获苓、豆卷、神曲，调补脾胃，振奋中阳，升发营卫气血之源，是抓住根本的。同时用柴胡、防风、川夸、桔梗，引升清阳；桂枝汤调和营能治虚寒虚热，并使升发之气大旺。更用当也、麦冬协同萼、芍，滋阴养血，使气行而血亦旺，肝脾得以两调，当然气虚得复，则虚风亦自靖。这种方法，是易学亦易用的，处方在薯贾丸中去干地黄、阿胶、杏仁，是嫌其阴柔油润，易于下行，有碍于升发阳气；白敛亦去之，这里不需要匸这是用药的从权之法，并非对原方的改变，而是更加突出此法的重点。关于食药方法，寓药于食，以食运药，更能适应胃喜，获取疗效。余在临床，每用此法，取得病员配合，往往见功。此法在唐宋诸方书，早已开始运用，至于寿亲养老诸书，宫庭膳食，和儿科方面，元明更多采用，并演化为药膳一门学科，这在脾胃虚弱病，以及诸多慢性病，调理康复，是大有运用价值，而且确有疗效。顺此略释其义，以资推广。总之，眩晕是风病，责之于肝，一般常用平肝熄风，或益气补血，养肝与目，固然多数如此，临床亦有效；倡须注意，眩晕亦不尽是风病，不全属肝阳，上文诸病例，即是明证，临床应该知常达变，灵活认证施治。素问至真要大论云：谨守病机，各司其属。有者求之，无者求之，盛者责之，虚者责之。必先五胜，疏其血气，令其调达，而致和平，此之谓也。信乎确论，临床务须识此。,丁光迪医生病例集,例二,现代临床
工作疲劳,疾病表现症状,心情不畅,丁光迪医生病例集,例一,现代临床
工作疲劳,疾病表现症状,时感跡痛,丁光迪医生病例集,例一,现代临床
心情不畅,症状伴随症状,时感跡痛,丁光迪医生病例集,例一,现代临床
肝郁气滯,疾病导致舌象,舌红,丁光迪医生病例集,例一,现代临床
肝郁气滯,疾病导致舌象,苔薄白,丁光迪医生病例集,例一,现代临床
肝郁气滯,疾病导致脉象,脉细,丁光迪医生病例集,例一,现代临床
肝郁气滯,疾病导致脉象,脉弦,丁光迪医生病例集,例一,现代临床
肝郁气滯,疾病表现症状,头昏乏力,丁光迪医生病例集,例一,现代临床
肝郁气滯,疾病表现症状,懒不欲动,丁光迪医生病例集,例一,现代临床
肝郁气滯,疾病表现症状,睡眠不实,丁光迪医生病例集,例一,现代临床
肝郁气滯,疾病表现症状,纳谷乏味,丁光迪医生病例集,例一,现代临床
肝郁气滯,疾病表现症状,时欲太息,丁光迪医生病例集,例一,现代临床
肝郁气滯,症状辨证证候,胁痛,丁光迪医生病例集,例一,现代临床
舌红苔薄白,舌象辨证证候,肝郁气滯,丁光迪医生病例集,例一,现代临床
脉细弦,脉象辨证证候,肝郁气滯,丁光迪医生病例集,例一,现代临床
肝郁气滯,综合辨证证候,络脉不和,丁光迪医生病例集,例一,现代临床
肝郁气滯络脉不和,证候采用方剂,升降汤,丁光迪医生病例集,例一,现代临床
升降汤,方剂组成药材,柴胡,丁光迪医生病例集,例一,现代临床
升降汤,方剂组成药材,炒枳壳,丁光迪医生病例集,例一,现代临床
升降汤,方剂组成药材,炙甘草,丁光迪医生病例集,例一,现代临床
升降汤,方剂组成药材,广祁金,丁光迪医生病例集,例一,现代临床
升降汤,方剂组成药材,青橘叶,丁光迪医生病例集,例一,现代临床
升降汤,方剂组成药材,厚朴花,丁光迪医生病例集,例一,现代临床
升降汤,方剂组成药材,佛手花,丁光迪医生病例集,例一,现代临床
升降汤,方剂组成药材,炙枇杷叶,丁光迪医生病例集,例一,现代临床
升降汤,方剂组成药材,丹皮,丁光迪医生病例集,例一,现代临床
升降汤,方剂组成药材,黑山梃,丁光迪医生病例集,例一,现代临床
升降汤,方剂组成药材,炒谷麦芽,丁光迪医生病例集,例一,现代临床
柴胡,药材具有功效,升降气机,丁光迪医生病例集,例一,现代临床
枳壳,药材具有功效,升降气机,丁光迪医生病例集,例一,现代临床
甘草,药材具有功效,调和阴阳二气,丁光迪医生病例集,例一,现代临床
丹皮,药材具有功效,柔肝泄热,丁光迪医生病例集,例一,现代临床
郁金,药材具有功效,通结气,丁光迪医生病例集,例一,现代临床
枇杷叶,药材具有功效,下气去肺热而和胃,丁光迪医生病例集,例一,现代临床
升降汤,归属于经典,丁光迪医生病例集,丁光迪医生病例集,例一,现代临床
丁光迪,名医经验总结,升降汤,丁光迪医生病例集,例一,现代临床
郁怒伤肝,疾病导致舌象,舌苔薄白，质红尖赤,丁光迪医生病例集,例二,现代临床
郁怒伤肝,疾病导致脉象,两脉弦而带涩,丁光迪医生病例集,例二,现代临床
郁怒伤肝,疾病表现症状,腹里拘急,丁光迪医生病例集,例二,现代临床
郁怒伤肝,疾病表现症状,两胁肋作胀作痛,丁光迪医生病例集,例二,现代临床
郁怒伤肝,疾病表现症状,欲得叹息,丁光迪医生病例集,例二,现代临床
郁怒伤肝,疾病表现症状,气至胸肮,丁光迪医生病例集,例二,现代临床
郁怒伤肝,疾病表现症状,气塞,丁光迪医生病例集,例二,现代临床
郁怒伤肝,疾病表现症状,纳谷无味,丁光迪医生病例集,例二,现代临床
郁怒伤肝,疾病表现症状,二便不爽,丁光迪医生病例集,例二,现代临床
郁怒伤肝,疾病表现症状,神识默然,丁光迪医生病例集,例二,现代临床
郁怒伤肝,疾病表现症状,间或躁怒,丁光迪医生病例集,例二,现代临床
郁怒伤肝,疾病表现症状,常欲独卧,丁光迪医生病例集,例二,现代临床
郁怒伤肝,症状伴随症状,精神抑郁,丁光迪医生病例集,例二,现代临床
升降汤加味,证候采用方剂,郁怒伤肝,丁光迪医生病例集,例二,现代临床
升降汤加味,方剂组成药材,柴胡,丁光迪医生病例集,例二,现代临床
升降汤加味,方剂组成药材,炒枳壳,丁光迪医生病例集,例二,现代临床
升降汤加味,方剂组成药材,炙甘草,丁光迪医生病例集,例二,现代临床
升降汤加味,方剂组成药材,广郁金,丁光迪医生病例集,例二,现代临床
升降汤加味,方剂组成药材,佛手花,丁光迪医生病例集,例二,现代临床
升降汤加味,方剂组成药材,丹皮,丁光迪医生病例集,例二,现代临床
升降汤加味,方剂组成药材,黑山梔,丁光迪医生病例集,例二,现代临床
升降汤加味,方剂组成药材,泽泻,丁光迪医生病例集,例二,现代临床
升降汤加味,方剂组成药材,全瓜篓,丁光迪医生病例集,例二,现代临床
升降汤加味,方剂组成药材,川连,丁光迪医生病例集,例二,现代临床
升降汤加味,方剂组成药材,橘叶,丁光迪医生病例集,例二,现代临床
升降汤加味,方剂组成药材,橘络,丁光迪医生病例集,例二,现代临床
升降汤加味,方剂组成药材,鲜枇杷叶,丁光迪医生病例集,例二,现代临床
柴胡,药材具有功效,升降气机,丁光迪医生病例集,例二,现代临床
炒枳壳,药材具有功效,升降气机,丁光迪医生病例集,例二,现代临床
炙甘草,药材具有功效,调和肝胆肺胃气机,丁光迪医生病例集,例二,现代临床
广郁金,药材具有功效,调和肝胆肺胃气机,丁光迪医生病例集,例二,现代临床
丹皮,药材具有功效,清肝解郁,丁光迪医生病例集,例二,现代临床
黑山梔,药材具有功效,清肝解郁,丁光迪医生病例集,例二,现代临床
郁怒伤肝,症状辨证证候,气脉失和,丁光迪医生病例集,例二,现代临床
郁怒伤肝,症状辨证证候,疏泄失常,丁光迪医生病例集,例二,现代临床
郁怒伤肝,症状辨证证候,伤阴化火趋势,丁光迪医生病例集,例二,现代临床
丁光迪,名医经验总结,郁怒伤肝,丁光迪医生病例集,例二,现代临床
两足丹毒,疾病表现症状,抓痒流脂水不愈,丁光迪医生病例集,例三,现代临床
慢性胆囊炎,疾病表现症状,胁肋疼痛,丁光迪医生病例集,例三,现代临床
慢性胆囊炎,症状伴随症状,不能转侧,丁光迪医生病例集,例三,现代临床
慢性胆囊炎,症状伴随症状,胃部作胀,丁光迪医生病例集,例三,现代临床
慢性胆囊炎,症状伴随症状,食入胀加,丁光迪医生病例集,例三,现代临床
慢性胆囊炎,症状伴随症状,大便时澹,丁光迪医生病例集,例三,现代临床
慢性胆囊炎,症状伴随症状,甚时发热,丁光迪医生病例集,例三,现代临床
肝胃不和，湿浊阻滞,证候导致舌象,舌苔厚膩而板,丁光迪医生病例集,例三,现代临床
肝胃不和，湿浊阻滞,证候导致脉象,脉弦而滑,丁光迪医生病例集,例三,现代临床
肝胃不和，湿浊阻滞,证候采用方剂,四逆散，平胃散,丁光迪医生病例集,例三,现代临床
四逆散，平胃散,方剂组成药材,如味寸,丁光迪医生病例集,例三,现代临床
如味寸,药材具有功效,疏理气机，开化湿浊,丁光迪医生病例集,例三,现代临床
陈某,临床验证理论,肝胃不和，湿浊阻滞,丁光迪医生病例集,例三,现代临床
丁光迪,名医经验总结,治以疏理气机，开化湿浊,丁光迪医生病例集,例三,现代临床
十二指肠球部溃疡,疾病表现症状,右胁上腹部胀痛,丁光迪医生病例集,例四,现代临床
胆结石病,疾病表现症状,右胁上腹部胀痛,丁光迪医生病例集,例四,现代临床
胆结石病,症状伴随症状,恶心欲吐,丁光迪医生病例集,例四,现代临床
胆结石病,症状伴随症状,胃不欲纳,丁光迪医生病例集,例四,现代临床
胆结石病,症状伴随症状,谷入胀加,丁光迪医生病例集,例四,现代临床
胆结石病,症状伴随症状,大便失调,丁光迪医生病例集,例四,现代临床
胆结石病,症状伴随症状,烦躁寐差,丁光迪医生病例集,例四,现代临床
胆结石病,症状伴随症状,低热,丁光迪医生病例集,例四,现代临床
胆结石病,疾病导致舌象,舌苔厚腻,丁光迪医生病例集,例四,现代临床
胆结石病,疾病导致舌象,舌质呆滞,丁光迪医生病例集,例四,现代临床
胆结石病,疾病导致脉象,脉弦右滑,丁光迪医生病例集,例四,现代临床
湿积阻滞,证候导致舌象,舌苔厚腻,丁光迪医生病例集,例四,现代临床
湿积阻滞,证候导致舌象,舌质呆滞,丁光迪医生病例集,例四,现代临床
湿积阻滞,证候导致脉象,脉弦右滑,丁光迪医生病例集,例四,现代临床
湿积阻滞,综合辨证证候,升降乖常,丁光迪医生病例集,例四,现代临床
湿积阻滞,综合辨证证候,腑气失于通降,丁光迪医生病例集,例四,现代临床
湿积阻滞,证候采用方剂,黄连温胆汤合硝金散,丁光迪医生病例集,例四,现代临床
黄连温胆汤合硝金散,方剂组成药材,姜川连,丁光迪医生病例集,例四,现代临床
黄连温胆汤合硝金散,方剂组成药材,制半夏,丁光迪医生病例集,例四,现代临床
黄连温胆汤合硝金散,方剂组成药材,茯苓,丁光迪医生病例集,例四,现代临床
黄连温胆汤合硝金散,方剂组成药材,陈皮,丁光迪医生病例集,例四,现代临床
黄连温胆汤合硝金散,方剂组成药材,青皮,丁光迪医生病例集,例四,现代临床
黄连温胆汤合硝金散,方剂组成药材,姜川朴,丁光迪医生病例集,例四,现代临床
黄连温胆汤合硝金散,方剂组成药材,焦枳实,丁光迪医生病例集,例四,现代临床
黄连温胆汤合硝金散,方剂组成药材,石菖蒲,丁光迪医生病例集,例四,现代临床
黄连温胆汤合硝金散,方剂组成药材,矶郁金,丁光迪医生病例集,例四,现代临床
黄连温胆汤合硝金散,方剂组成药材,炒川楝子,丁光迪医生病例集,例四,现代临床
黄连温胆汤合硝金散,方剂组成药材,醋炒玄胡,丁光迪医生病例集,例四,现代临床
黄连温胆汤合硝金散,方剂组成药材,金钱草,丁光迪医生病例集,例四,现代临床
黄连温胆汤合硝金散,方剂组成药材,姜竹茹,丁光迪医生病例集,例四,现代临床
火硝,药材具有功效,利胆化石,丁光迪医生病例集,例四,现代临床
鸡内金,药材具有功效,助运化谷,丁光迪医生病例集,例四,现代临床
金钱草,药材具有功效,清利湿热,丁光迪医生病例集,例四,现代临床
硝金散,归属于经典,金匮要略,丁光迪医生病例集,例四,现代临床
硝金散,理论指导实践,黄胆病篇硝石矶石散,丁光迪医生病例集,例四,现代临床
丁光迪,名医经验总结,硝金散对胆石病有很好疗效,丁光迪医生病例集,例四,现代临床
慢性胆囊炎,疾病表现症状,右胁胀痛,丁光迪医生病例集,例五,现代临床
慢性胆囊炎,疾病表现症状,放射右肩背,丁光迪医生病例集,例五,现代临床
慢性胆囊炎,疾病表现症状,右胁内灼热,丁光迪医生病例集,例五,现代临床
慢性胆囊炎,疾病表现症状,背部烘热,丁光迪医生病例集,例五,现代临床
慢性胆囊炎,疾病表现症状,恶心,丁光迪医生病例集,例五,现代临床
慢性胆囊炎,疾病表现症状,口苦,丁光迪医生病例集,例五,现代临床
慢性胆囊炎,疾病表现症状,胃纳乏味,丁光迪医生病例集,例五,现代临床
慢性胆囊炎,疾病表现症状,不能吃油腻或油炸过的食物,丁光迪医生病例集,例五,现代临床
慢性胆囊炎,疾病表现症状,胃中板滞不适,丁光迪医生病例集,例五,现代临床
慢性胆囊炎,疾病表现症状,泛泛欲吐,丁光迪医生病例集,例五,现代临床
慢性胆囊炎,疾病表现症状,时见突然寒热,丁光迪医生病例集,例五,现代临床
慢性胆囊炎,疾病表现症状,下午低热,丁光迪医生病例集,例五,现代临床
慢性胆囊炎,疾病表现症状,大便时泄时秘,丁光迪医生病例集,例五,现代临床
慢性胆囊炎,疾病表现症状,胁痛口苦,丁光迪医生病例集,例五,现代临床
慢性胆囊炎,疾病表现症状,大便四日未解,丁光迪医生病例集,例五,现代临床
慢性胆囊炎,疾病表现症状,脫腹痞闷,丁光迪医生病例集,例五,现代临床
慢性胆囊炎,疾病表现症状,面黄肌瘦,丁光迪医生病例集,例五,现代临床
慢性胆囊炎,疾病表现症状,睡眠很差,丁光迪医生病例集,例五,现代临床
慢性胆囊炎,疾病表现症状,月经推迟,丁光迪医生病例集,例五,现代临床
慢性胆囊炎,疾病表现症状,经量少,丁光迪医生病例集,例五,现代临床
慢性胆囊炎,疾病表现症状,经前乳胀腹痛,丁光迪医生病例集,例五,现代临床
湿热中阻,证候导致舌象,舌尖赤,丁光迪医生病例集,例五,现代临床
湿热中阻,证候导致舌象,苔黄膩报厚,丁光迪医生病例集,例五,现代临床
湿热中阻,证候导致脉象,脉弦细略数,丁光迪医生病例集,例五,现代临床
胆胃两病,证候导致舌象,舌尖赤,丁光迪医生病例集,例五,现代临床
胆胃两病,证候导致舌象,苔黄膩报厚,丁光迪医生病例集,例五,现代临床
胆胃两病,证候导致脉象,脉弦细略数,丁光迪医生病例集,例五,现代临床
胆胃失于通降,证候导致症状,恶心欲吐,丁光迪医生病例集,例五,现代临床
胆胃失于通降,证候导致症状,口苦纳差,丁光迪医生病例集,例五,现代临床
胆胃失于通降,证候导致症状,大便秘结,丁光迪医生病例集,例五,现代临床
胆胃失于通降,证候导致症状,浊气上逆,丁光迪医生病例集,例五,现代临床
胆胃湿浊未净,证候导致症状,右胁板滞,丁光迪医生病例集,例五,现代临床
胆胃湿浊未净,证候导致症状,钝痛,丁光迪医生病例集,例五,现代临床
胆胃湿浊未净,证候导致症状,欲得温按,丁光迪医生病例集,例五,现代临床
胆胃湿浊未净,证候导致症状,胃不欲纳,丁光迪医生病例集,例五,现代临床
胆胃湿浊未净,证候导致症状,日泛清水,丁光迪医生病例集,例五,现代临床
胆胃湿浊未净,证候导致症状,大便虽通量少不爽,丁光迪医生病例集,例五,现代临床
胆胃湿浊未净,证候导致症状,时当初夏反何形寒,丁光迪医生病例集,例五,现代临床
中阳受损,证候导致症状,形寒,丁光迪医生病例集,例五,现代临床
中阳受损,证候导致舌象,苔变薄滑,丁光迪医生病例集,例五,现代临床
中阳受损,证候导致脉象,脉转细,丁光迪医生病例集,例五,现代临床
胆胃湿浊未净,证候导致脉象,脉转细,丁光迪医生病例集,例五,现代临床
胆胃湿浊未净,证候导致舌象,苔变薄滑,丁光迪医生病例集,例五,现代临床
湿热中阻,证候采用方剂,大柴胡汤合硝金散,丁光迪医生病例集,例五,现代临床
大柴胡汤合硝金散,方剂组成药材,柴胡,丁光迪医生病例集,例五,现代临床
大柴胡汤合硝金散,方剂组成药材,赤芍,丁光迪医生病例集,例五,现代临床
大柴胡汤合硝金散,方剂组成药材,焦枳实,丁光迪医生病例集,例五,现代临床
大柴胡汤合硝金散,方剂组成药材,黄苓,丁光迪医生病例集,例五,现代临床
大柴胡汤合硝金散,方剂组成药材,大黄,丁光迪医生病例集,例五,现代临床
大柴胡汤合硝金散,方剂组成药材,姜川朴,丁光迪医生病例集,例五,现代临床
大柴胡汤合硝金散,方剂组成药材,姜半夏,丁光迪医生病例集,例五,现代临床
大柴胡汤合硝金散,方剂组成药材,陈皮,丁光迪医生病例集,例五,现代临床
大柴胡汤合硝金散,方剂组成药材,矶郁金,丁光迪医生病例集,例五,现代临床
大柴胡汤合硝金散,方剂组成药材,炒川楝子,丁光迪医生病例集,例五,现代临床
大柴胡汤合硝金散,方剂组成药材,醋炒延胡,丁光迪医生病例集,例五,现代临床
大柴胡汤合硝金散,方剂组成药材,六散,丁光迪医生病例集,例五,现代临床
大柴胡汤合硝金散,方剂组成药材,金钱草,丁光迪医生病例集,例五,现代临床
大柴胡汤合硝金散,方剂组成药材,火硝,丁光迪医生病例集,例五,现代临床
大柴胡汤合硝金散,方剂组成药材,炙泻金粉,丁光迪医生病例集,例五,现代临床
柴胡,药材具有功效,疏泄,丁光迪医生病例集,例五,现代临床
赤芍,药材具有功效,疏泄,丁光迪医生病例集,例五,现代临床
焦枳实,药材具有功效,疏泄,丁光迪医生病例集,例五,现代临床
黄苓,药材具有功效,疏泄,丁光迪医生病例集,例五,现代临床
大黄,药材具有功效,疏泄,丁光迪医生病例集,例五,现代临床
姜川朴,药材具有功效,疏泄,丁光迪医生病例集,例五,现代临床
姜半夏,药材具有功效,疏泄,丁光迪医生病例集,例五,现代临床
陈皮,药材具有功效,疏泄,丁光迪医生病例集,例五,现代临床
矶郁金,药材具有功效,疏泄,丁光迪医生病例集,例五,现代临床
炒川楝子,药材具有功效,疏泄,丁光迪医生病例集,例五,现代临床
醋炒延胡,药材具有功效,疏泄,丁光迪医生病例集,例五,现代临床
六散,药材具有功效,疏泄,丁光迪医生病例集,例五,现代临床
金钱草,药材具有功效,疏泄,丁光迪医生病例集,例五,现代临床
火硝,药材具有功效,疏泄,丁光迪医生病例集,例五,现代临床
炙泻金粉,药材具有功效,疏泄,丁光迪医生病例集,例五,现代临床
丁光迪医生病例集,归属于经典,例五,丁光迪医生病例集,例五,现代临床
胆结石病,疾病表现症状,胁痛胱胀,丁光迪医生病例集,例六,现代临床
胆结石病,疾病表现症状,身热而又肢凉,丁光迪医生病例集,例六,现代临床
胆结石病,疾病表现症状,烦躁不寐,丁光迪医生病例集,例六,现代临床
胆结石病,疾病表现症状,大便不通,丁光迪医生病例集,例六,现代临床
胆结石病,疾病表现症状,小水赤涩,丁光迪医生病例集,例六,现代临床
胆结石病,疾病导致舌象,舌色呆滞,丁光迪医生病例集,例六,现代临床
胆结石病,疾病导致脉象,脉来弦滑有力,丁光迪医生病例集,例六,现代临床
胆结石病,疾病导致舌象,舌苔厚腻,丁光迪医生病例集,例六,现代临床
胆结石病,症状伴随症状,口干唇焦,丁光迪医生病例集,例六,现代临床
胆结石病,症状伴随症状,时寒时热,丁光迪医生病例集,例六,现代临床
胆结石病,症状伴随症状,面容憔悴,丁光迪医生病例集,例六,现代临床
胆结石病,症状伴随症状,不能进饮食,丁光迪医生病例集,例六,现代临床
胆结石病,症状伴随症状,少纳即更加痛胀,丁光迪医生病例集,例六,现代临床
胆结石病,症状伴随症状,欲暧不得,丁光迪医生病例集,例六,现代临床
胆结石病,症状伴随症状,欲吐不吐,丁光迪医生病例集,例六,现代临床
胆结石病,证候导致舌象,舌色呆滞,丁光迪医生病例集,例六,现代临床
胆结石病,证候导致脉象,脉来弦滑有力,丁光迪医生病例集,例六,现代临床
胆结石病,证候导致舌象,舌苔厚腻,丁光迪医生病例集,例六,现代临床
胆结石病,证候导致脉象,脉息舌苔,丁光迪医生病例集,例六,现代临床
胆结石病,综合辨证证候,积阻气滞，胆胃两病,丁光迪医生病例集,例六,现代临床
胆结石病,证候采用方剂,平胃散合大柴胡汤,丁光迪医生病例集,例六,现代临床
平胃散合大柴胡汤,方剂组成药材,苍术,丁光迪医生病例集,例六,现代临床
平胃散合大柴胡汤,方剂组成药材,姜川朴,丁光迪医生病例集,例六,现代临床
平胃散合大柴胡汤,方剂组成药材,陈皮,丁光迪医生病例集,例六,现代临床
平胃散合大柴胡汤,方剂组成药材,柴胡,丁光迪医生病例集,例六,现代临床
平胃散合大柴胡汤,方剂组成药材,黄苓,丁光迪医生病例集,例六,现代临床
平胃散合大柴胡汤,方剂组成药材,焦枳实,丁光迪医生病例集,例六,现代临床
平胃散合大柴胡汤,方剂组成药材,赤芍,丁光迪医生病例集,例六,现代临床
平胃散合大柴胡汤,方剂组成药材,姜半夏,丁光迪医生病例集,例六,现代临床
平胃散合大柴胡汤,方剂组成药材,生大黄,丁光迪医生病例集,例六,现代临床
平胃散合大柴胡汤,方剂组成药材,焦楂曲,丁光迪医生病例集,例六,现代临床
平胃散合大柴胡汤,方剂组成药材,郁金,丁光迪医生病例集,例六,现代临床
平胃散合大柴胡汤,方剂组成药材,六一散,丁光迪医生病例集,例六,现代临床
平胃散合大柴胡汤,方剂组成药材,金钱草,丁光迪医生病例集,例六,现代临床
胆结石病,证候导致舌象,舌苔化燥,丁光迪医生病例集,例六,现代临床
胆结石病,证候导致脉象,脉转缓滑,丁光迪医生病例集,例六,现代临床
胆结石病,证候导致舌象,舌苔化松,丁光迪医生病例集,例六,现代临床
胆结石病,证候导致舌象,舌苔薄白,丁光迪医生病例集,例六,现代临床
胆结石病,证候导致脉象,脉滑,丁光迪医生病例集,例六,现代临床
胆结石病,证候导致舌象,舌红少苔,丁光迪医生病例集,例六,现代临床
胆结石病,症状伴随症状,神疲乏力,丁光迪医生病例集,例六,现代临床
胆结石病,症状伴随症状,有暑伤气阴之象,丁光迪医生病例集,例六,现代临床
胆结石病,证候采用方剂,硝金散,丁光迪医生病例集,例六,现代临床
胆结石病,证候采用方剂,茵陈蒿汤与大柴胡汤,丁光迪医生病例集,例六,现代临床
茵陈蒿汤与大柴胡汤,方剂组成药材,柴胡,丁光迪医生病例集,例六,现代临床
茵陈蒿汤与大柴胡汤,方剂组成药材,茵陈,丁光迪医生病例集,例六,现代临床
茵陈蒿汤与大柴胡汤,方剂组成药材,六一散,丁光迪医生病例集,例六,现代临床
茵陈蒿汤与大柴胡汤,方剂组成药材,金钱草,丁光迪医生病例集,例六,现代临床
茵陈蒿汤与大柴胡汤,方剂组成药材,黄荟,丁光迪医生病例集,例六,现代临床
茵陈蒿汤与大柴胡汤,方剂组成药材,大黄,丁光迪医生病例集,例六,现代临床
茵陈蒿汤与大柴胡汤,方剂组成药材,姜川连,丁光迪医生病例集,例六,现代临床
茵陈蒿汤与大柴胡汤,方剂组成药材,赤芍,丁光迪医生病例集,例六,现代临床
茵陈蒿汤与大柴胡汤,方剂组成药材,枸橘李,丁光迪医生病例集,例六,现代临床
茵陈蒿汤与大柴胡汤,方剂组成药材,广郁金,丁光迪医生病例集,例六,现代临床
茵陈蒿汤与大柴胡汤,方剂组成药材,姜半夏,丁光迪医生病例集,例六,现代临床
茵陈蒿汤与大柴胡汤,方剂组成药材,竹茹,丁光迪医生病例集,例六,现代临床
茵陈蒿汤与大柴胡汤,方剂组成药材,鲜姜汁,丁光迪医生病例集,例六,现代临床
胆结石病,症状伴随症状,面目发黄,丁光迪医生病例集,例六,现代临床
胆结石病,症状伴随症状,寒热往来,丁光迪医生病例集,例六,现代临床
胆结石病,症状伴随症状,有汗不解,丁光迪医生病例集,例六,现代临床
胆结石病,症状伴随症状,腹胀,丁光迪医生病例集,例六,现代临床
胆结石病,症状伴随症状,口苦嗑干,丁光迪医生病例集,例六,现代临床
胆结石病,症状伴随症状,不能饮食,丁光迪医生病例集,例六,现代临床
胆结石病,症状伴随症状,食入作胀作吐,丁光迪医生病例集,例六,现代临床
胆结石病,证候导致舌象,舌赤,丁光迪医生病例集,例六,现代临床
胆结石病,证候导致舌象,苔黄腻罩灰,丁光迪医生病例集,例六,现代临床
胆结石病,证候导致脉象,脉弦滑而数,丁光迪医生病例集,例六,现代临床
胆结石病,综合辨证证候,湿浊阻碍气机，少阳阳明合病,丁光迪医生病例集,例六,现代临床
胆结石病,综合辨证证候,兼有暑秽湿浊，属于阳黄,丁光迪医生病例集,例六,现代临床
胆结石病,证候导致舌象,舌苔罩灰色,丁光迪医生病例集,例六,现代临床
胆结石病,症状伴随症状,恶心呕吐,丁光迪医生病例集,例六,现代临床
胆结石病,症状伴随症状,大便不通,丁光迪医生病例集,例六,现代临床
胆结石病,症状伴随症状,发热,丁光迪医生病例集,例六,现代临床
胆结石病,症状伴随症状,心烦,丁光迪医生病例集,例六,现代临床
胆结石病,症状伴随症状,面目发黄,丁光迪医生病例集,例六,现代临床
胆结石病,症状伴随症状,寒热往来,丁光迪医生病例集,例六,现代临床
胆结石病,症状伴随症状,有汗不解,丁光迪医生病例集,例六,现代临床
胆结石病,症状伴随症状,腹胀,丁光迪医生病例集,例六,现代临床
胆结石病,症状伴随症状,口苦嗑干,丁光迪医生病例集,例六,现代临床
胆结石病,症状伴随症状,不能饮食,丁光迪医生病例集,例六,现代临床
胆结石病,症状伴随症状,食入作胀作吐,丁光迪医生病例集,例六,现代临床
胆结石病,证候导致舌象,舌赤,丁光迪医生病例集,例六,现代临床
胆结石病,证候导致舌象,苔黄腻罩灰,丁光迪医生病例集,例六,现代临床
胆结石病,证候导致脉象,脉弦滑而数,丁光迪医生病例集,例六,现代临床
胆结石病,综合辨证证候,湿浊阻碍气机，少阳阳明合病,丁光迪医生病例集,例六,现代临床
胆结石病,综合辨证证候,兼有暑秽湿浊，属于阳黄,丁光迪医生病例集,例六,现代临床
胆结石病,证候导致舌象,舌苔罩灰色,丁光迪医生病例集,例六,现代临床
胆结石病,证候采用方剂,茵陈蒿汤与大柴胡汤,丁光迪医生病例集,例六,现代临床
胃痛,疾病表现症状,饥饿作痛,丁光迪医生病例集,例二,现代临床
胃痛,症状伴随症状,得食缓解,丁光迪医生病例集,例二,现代临床
胃痛,症状伴随症状,耳谷入作胀,丁光迪医生病例集,例二,现代临床
胃痛,症状伴随症状,隐痛不止,丁光迪医生病例集,例二,现代临床
胃痛,症状伴随症状,时暖气,丁光迪医生病例集,例二,现代临床
胃痛,症状伴随症状,不泛酸,丁光迪医生病例集,例二,现代临床
胃痛,症状伴随症状,进粘食甜食即冇醋心,丁光迪医生病例集,例二,现代临床
胃痛,症状伴随症状,纳谷日少,丁光迪医生病例集,例二,现代临床
胃痛,症状伴随症状,谷入胱左作梗,丁光迪医生病例集,例二,现代临床
胃痛,症状伴随症状,不易顺下勺,丁光迪医生病例集,例二,现代临床
胃痛,症状伴随症状,大便尚可,丁光迪医生病例集,例二,现代临床
胃痛,症状伴随症状,常夹有不消化食物,丁光迪医生病例集,例二,现代临床
胃痛,症状伴随症状,口苦,丁光迪医生病例集,例二,现代临床
胃痛,疾病导致舌象,舌质稍淡,丁光迪医生病例集,例二,现代临床
胃痛,疾病导致舌象,苔腻满布,丁光迪医生病例集,例二,现代临床
胃痛,疾病导致脉象,脉细,丁光迪医生病例集,例二,现代临床
胃痛,疾病导致脉象,脉弦,丁光迪医生病例集,例二,现代临床
湿阻气滞,证候导致舌象,舌质稍淡,丁光迪医生病例集,例二,现代临床
湿阻气滞,证候导致舌象,苔腻满布,丁光迪医生病例集,例二,现代临床
湿阻气滞,证候导致脉象,脉细,丁光迪医生病例集,例二,现代临床
湿阻气滞,证候导致脉象,脉弦,丁光迪医生病例集,例二,现代临床
胃痛,症状辨证证候,湿阻气滞,丁光迪医生病例集,例二,现代临床
舌质稍淡，苔腻满布,舌象辨证证候,湿阻气滞,丁光迪医生病例集,例二,现代临床
脉细，脉弦,脉象辨证证候,湿阻气滞,丁光迪医生病例集,例二,现代临床
湿阻气滞,综合辨证证候,木郁土中,丁光迪医生病例集,例二,现代临床
湿阻气滞,证候采用方剂,柴胡疏肝饮合戊己丸,丁光迪医生病例集,例二,现代临床
柴胡疏肝饮合戊己丸,方剂组成药材,柴胡,丁光迪医生病例集,例二,现代临床
柴胡疏肝饮合戊己丸,方剂组成药材,苏梗,丁光迪医生病例集,例二,现代临床
柴胡疏肝饮合戊己丸,方剂组成药材,青皮,丁光迪医生病例集,例二,现代临床
柴胡疏肝饮合戊己丸,方剂组成药材,陈皮,丁光迪医生病例集,例二,现代临床
柴胡疏肝饮合戊己丸,方剂组成药材,制香附,丁光迪医生病例集,例二,现代临床
柴胡疏肝饮合戊己丸,方剂组成药材,姜半夏,丁光迪医生病例集,例二,现代临床
柴胡疏肝饮合戊己丸,方剂组成药材,茯苓,丁光迪医生病例集,例二,现代临床
柴胡疏肝饮合戊己丸,方剂组成药材,佩兰,丁光迪医生病例集,例二,现代临床
柴胡疏肝饮合戊己丸,方剂组成药材,厚朴花,丁光迪医生病例集,例二,现代临床
柴胡疏肝饮合戊己丸,方剂组成药材,姜川连,丁光迪医生病例集,例二,现代临床
柴胡疏肝饮合戊己丸,方剂组成药材,炒白芍,丁光迪医生病例集,例二,现代临床
柴胡,药材具有功效,疏肝,丁光迪医生病例集,例二,现代临床
苏梗,药材具有功效,理气,丁光迪医生病例集,例二,现代临床
青皮,药材具有功效,疏肝,丁光迪医生病例集,例二,现代临床
陈皮,药材具有功效,理气,丁光迪医生病例集,例二,现代临床
制香附,药材具有功效,疏肝理气,丁光迪医生病例集,例二,现代临床
姜半夏,药材具有功效,燥湿化痰,丁光迪医生病例集,例二,现代临床
茯苓,药材具有功效,健脾利湿,丁光迪医生病例集,例二,现代临床
佩兰,药材具有功效,化湿,丁光迪医生病例集,例二,现代临床
厚朴花,药材具有功效,理气化湿,丁光迪医生病例集,例二,现代临床
姜川连,药材具有功效,清热燥湿,丁光迪医生病例集,例二,现代临床
炒白芍,药材具有功效,养血柔肝,丁光迪医生病例集,例二,现代临床
胃痛,归属于经典,木郁土中,丁光迪医生病例集,例二,现代临床
丁光迪,名医经验总结,胃痛的治疗应根据病情变化及时调整方药,丁光迪医生病例集,例二,现代临床
胃痛痞满,疾病表现症状,得暧宽舒,丁光迪医生病例集,例三,现代临床
胃痛痞满,疾病表现症状,间或吐酸,丁光迪医生病例集,例三,现代临床
胃痛痞满,疾病表现症状,纳谷不香,丁光迪医生病例集,例三,现代临床
胃痛痞满,疾病表现症状,夜寐不实,丁光迪医生病例集,例三,现代临床
胃痛痞满,疾病表现症状,时见遗精,丁光迪医生病例集,例三,现代临床
胃痛痞满,疾病导致舌象,舌红,丁光迪医生病例集,例三,现代临床
胃痛痞满,疾病导致舌象,苔薄黄腻,丁光迪医生病例集,例三,现代临床
胃痛痞满,疾病导致脉象,脉弦而涩,丁光迪医生病例集,例三,现代临床
肝郁犯胃,证候导致舌象,舌红,丁光迪医生病例集,例三,现代临床
肝郁犯胃,证候导致舌象,苔薄黄腻,丁光迪医生病例集,例三,现代临床
肝郁犯胃,证候导致脉象,脉弦而涩,丁光迪医生病例集,例三,现代临床
肝郁犯胃,综合辨证证候,气滞有郁热之象,丁光迪医生病例集,例三,现代临床
肝郁犯胃,证候采用方剂,半夏厚朴汤,丁光迪医生病例集,例三,现代临床
半夏厚朴汤,方剂组成药材,老苏梗,丁光迪医生病例集,例三,现代临床
半夏厚朴汤,方剂组成药材,厚朴花,丁光迪医生病例集,例三,现代临床
半夏厚朴汤,方剂组成药材,陈皮,丁光迪医生病例集,例三,现代临床
半夏厚朴汤,方剂组成药材,炒川楝子,丁光迪医生病例集,例三,现代临床
半夏厚朴汤,方剂组成药材,黑山柰,丁光迪医生病例集,例三,现代临床
半夏厚朴汤,方剂组成药材,川连,丁光迪医生病例集,例三,现代临床
半夏厚朴汤,方剂组成药材,炮姜,丁光迪医生病例集,例三,现代临床
半夏厚朴汤,方剂组成药材,淡吴萸,丁光迪医生病例集,例三,现代临床
半夏厚朴汤,方剂组成药材,茯苓,丁光迪医生病例集,例三,现代临床
半夏厚朴汤,方剂组成药材,广藿香梗,丁光迪医生病例集,例三,现代临床
半夏厚朴汤,方剂组成药材,焦楂曲,丁光迪医生病例集,例三,现代临床
半夏厚朴汤,方剂组成药材,炒台欢皮,丁光迪医生病例集,例三,现代临床
老苏梗,药材具有功效,理气和中,丁光迪医生病例集,例三,现代临床
厚朴花,药材具有功效,辛开苦降,丁光迪医生病例集,例三,现代临床
丁光迪,名医经验总结,本病实由荣幔郁怒而致，年轻入经不起受挫折，以致劳郁伤肝胃，上为胱痞作痛，下为遗泄，多是一气之梆逆。处理先与理气解郁，后人封髓法，坚阴泻火，药病合拍，所以迅能见效。年余之病，得其诀窍，从此就愈，亦为快事。,丁光迪医生病例集,例三,现代临床
胃脱痛病,疾病表现症状,胁肋胀,丁光迪医生病例集,例四,现代临床
胃脱痛病,疾病表现症状,手足厥逆,丁光迪医生病例集,例四,现代临床
胃脱痛病,疾病表现症状,饮食无味,丁光迪医生病例集,例四,现代临床
胃脱痛病,疾病表现症状,大便不顺,丁光迪医生病例集,例四,现代临床
胃脱痛病,疾病表现症状,月经愆期,丁光迪医生病例集,例四,现代临床
胃脱痛病,症状伴随症状,生气受屈,丁光迪医生病例集,例四,现代临床
胃脱痛病,症状伴随症状,饮食受凉,丁光迪医生病例集,例四,现代临床
胃脱痛病,症状伴随症状,情绪失畅,丁光迪医生病例集,例四,现代临床
胃脱痛病,疾病导致舌象,舌红,丁光迪医生病例集,例四,现代临床
胃脱痛病,疾病导致舌象,苔薄黄腻,丁光迪医生病例集,例四,现代临床
胃脱痛病,疾病导致脉象,脉弦,丁光迪医生病例集,例四,现代临床
胃脱痛病,症状辨证证候,肝胃两伤,丁光迪医生病例集,例四,现代临床
胃脱痛病,症状辨证证候,升降乖常,丁光迪医生病例集,例四,现代临床
肝胃两伤,证候导致舌象,舌红,丁光迪医生病例集,例四,现代临床
肝胃两伤,证候导致舌象,苔薄黄腻,丁光迪医生病例集,例四,现代临床
肝胃两伤,证候导致脉象,脉弦,丁光迪医生病例集,例四,现代临床
肝胃两伤,证候采用方剂,黄连温胆汤,丁光迪医生病例集,例四,现代临床
黄连温胆汤,方剂组成药材,黄连,丁光迪医生病例集,例四,现代临床
黄连温胆汤,方剂组成药材,姜半夏,丁光迪医生病例集,例四,现代临床
黄连温胆汤,方剂组成药材,陈皮,丁光迪医生病例集,例四,现代临床
黄连温胆汤,方剂组成药材,茯苓,丁光迪医生病例集,例四,现代临床
黄连温胆汤,方剂组成药材,焦枳实,丁光迪医生病例集,例四,现代临床
黄连温胆汤,方剂组成药材,炒竹茹,丁光迪医生病例集,例四,现代临床
黄连温胆汤,方剂组成药材,薄荷,丁光迪医生病例集,例四,现代临床
黄连温胆汤,方剂组成药材,旋覆花,丁光迪医生病例集,例四,现代临床
黄连温胆汤,方剂组成药材,白芍,丁光迪医生病例集,例四,现代临床
黄连温胆汤,方剂组成药材,桃仁,丁光迪医生病例集,例四,现代临床
黄连温胆汤,方剂组成药材,瓜蒌仁,丁光迪医生病例集,例四,现代临床
黄连温胆汤,方剂组成药材,元明粉,丁光迪医生病例集,例四,现代临床
黄连温胆汤,方剂组成药材,玫瑰花,丁光迪医生病例集,例四,现代临床
黄连,药材具有功效,疏泄通降,丁光迪医生病例集,例四,现代临床
薄荷,药材具有功效,疏泄心肝之郁火,丁光迪医生病例集,例四,现代临床
桃仁,药材具有功效,和肝之络,丁光迪医生病例集,例四,现代临床
桃仁,药材具有功效,敛气之逆,丁光迪医生病例集,例四,现代临床
桃仁,药材具有功效,通降胃气,丁光迪医生病例集,例四,现代临床
丁光迪医生病例集,归属于经典,黄连温胆汤,丁光迪医生病例集,例四,现代临床
丁光迪,名医经验总结,临床上时遇胆囊炎、胆结石病人，呈胃痛，肝胃气滞证候的，常仿此法，加重疏泄通降之药，亦屡获效,丁光迪医生病例集,例四,现代临床
胃痛,疾病表现症状,时发时止,丁光迪医生病例集,例五,现代临床
胃痛,疾病表现症状,卧床不起,丁光迪医生病例集,例五,现代临床
胃痛,疾病表现症状,形寒怯冷,丁光迪医生病例集,例五,现代临床
胃痛,疾病表现症状,少气乏力,丁光迪医生病例集,例五,现代临床
胃痛,疾病表现症状,食少化迟,丁光迪医生病例集,例五,现代临床
胃痛,症状伴随症状,吃粥则泛清水,丁光迪医生病例集,例五,现代临床
胃痛,症状伴随症状,不能多食油腻,丁光迪医生病例集,例五,现代临床
胃痛,症状伴随症状,暧腐作胀,丁光迪医生病例集,例五,现代临床
胃痛,疾病表现症状,大便濾结无常,丁光迪医生病例集,例五,现代临床
胃痛,症状伴随症状,肛门下坠,丁光迪医生病例集,例五,现代临床
胃痛,症状伴随症状,气攻冲走窜,丁光迪医生病例集,例五,现代临床
胃痛,症状伴随症状,不得暧气,丁光迪医生病例集,例五,现代临床
胃痛,症状伴随症状,气坠则欲大便,丁光迪医生病例集,例五,现代临床
胃痛,症状伴随症状,大便不爽,丁光迪医生病例集,例五,现代临床
胃痛,症状伴随症状,温运按摩,丁光迪医生病例集,例五,现代临床
胃痛,症状伴随症状,肠鸣矢气,丁光迪医生病例集,例五,现代临床
胃痛,症状伴随症状,小便畅利,丁光迪医生病例集,例五,现代临床
胃痛,症状伴随症状,胱腹坠胀,丁光迪医生病例集,例五,现代临床
胃痛,症状伴随症状,痛甚气胀,丁光迪医生病例集,例五,现代临床
胃痛,症状伴随症状,不能按,丁光迪医生病例集,例五,现代临床
胃痛,症状伴随症状,不能高声语吝,丁光迪医生病例集,例五,现代临床
胃痛,症状伴随症状,恶动喜静,丁光迪医生病例集,例五,现代临床
胃痛,症状伴随症状,动则头晕日黑,丁光迪医生病例集,例五,现代临床
湿浊中阻,证候导致舌象,舌苔厚膩微黄,丁光迪医生病例集,例五,现代临床
湿浊中阻,证候导致舌象,舌质稍胖暗淡,丁光迪医生病例集,例五,现代临床
湿浊中阻,证候导致脉象,两手脉濡,丁光迪医生病例集,例五,现代临床
湿浊中阻,综合辨证证候,升降失常,丁光迪医生病例集,例五,现代临床
湿浊中阻,综合辨证证候,气机痞塞,丁光迪医生病例集,例五,现代临床
湿浊中阻,综合辨证证候,阳气不展,丁光迪医生病例集,例五,现代临床
湿浊中阻,综合辨证证候,不通而痛,丁光迪医生病例集,例五,现代临床
内伤中虚,综合辨证证候,多年之病,丁光迪医生病例集,例五,现代临床
湿浊有余,综合辨证证候,痛属邪实,丁光迪医生病例集,例五,现代临床
虚实错杂之候,综合辨证证候,久病,丁光迪医生病例集,例五,现代临床
虚实错杂之候,证候采用方剂,升阳除湿与五苓,丁光迪医生病例集,例五,现代临床
升阳除湿与五苓,方剂组成药材,柴胡,丁光迪医生病例集,例五,现代临床
升阳除湿与五苓,方剂组成药材,升麻,丁光迪医生病例集,例五,现代临床
升阳除湿与五苓,方剂组成药材,川芍,丁光迪医生病例集,例五,现代临床
升阳除湿与五苓,方剂组成药材,藁本,丁光迪医生病例集,例五,现代临床
升阳除湿与五苓,方剂组成药材,制苍术,丁光迪医生病例集,例五,现代临床
升阳除湿与五苓,方剂组成药材,白术,丁光迪医生病例集,例五,现代临床
升阳除湿与五苓,方剂组成药材,陈皮,丁光迪医生病例集,例五,现代临床
升阳除湿与五苓,方剂组成药材,桂枝,丁光迪医生病例集,例五,现代临床
升阳除湿与五苓,方剂组成药材,茯苓,丁光迪医生病例集,例五,现代临床
升阳除湿与五苓,方剂组成药材,泽泻,丁光迪医生病例集,例五,现代临床
升阳除湿与五苓,方剂组成药材,炒白芍,丁光迪医生病例集,例五,现代临床
升阳除湿与五苓,方剂组成药材,上肉桂,丁光迪医生病例集,例五,现代临床
升阳除湿与五苓,方剂组成药材,草蔻仁,丁光迪医生病例集,例五,现代临床
柴胡,药材具有功效,升阳,丁光迪医生病例集,例五,现代临床
升麻,药材具有功效,升阳,丁光迪医生病例集,例五,现代临床
桂枝,药材具有功效,温中散水,丁光迪医生病例集,例五,现代临床
茯苓,药材具有功效,化气通阳,丁光迪医生病例集,例五,现代临床
泽泻,药材具有功效,泄浊,丁光迪医生病例集,例五,现代临床
草蔻仁,药材具有功效,温中祛寒,丁光迪医生病例集,例五,现代临床
湿浊中阻,证候导致舌象,舌苔根腻已松,丁光迪医生病例集,例五,现代临床
湿浊中阻,证候导致舌象,前半化薄微黄,丁光迪医生病例集,例五,现代临床
湿浊中阻,证候导致脉象,脉转有力,丁光迪医生病例集,例五,现代临床
寒水为患,证候导致症状,胃痛又起,丁光迪医生病例集,例五,现代临床
寒水为患,证候导致症状,气胀轻,丁光迪医生病例集,例五,现代临床
寒水为患,证候导致症状,腹脱阴冷,丁光迪医生病例集,例五,现代临床
寒水为患,证候导致症状,四肢微厥,丁光迪医生病例集,例五,现代临床
寒水为患,证候导致症状,泛溢清水,丁光迪医生病例集,例五,现代临床
寒水为患,证候导致症状,食化迟,丁光迪医生病例集,例五,现代临床
寒水为患,证候导致症状,小便少,丁光迪医生病例集,例五,现代临床
寒水为患,证候导致舌象,舌苔转滑,丁光迪医生病例集,例五,现代临床
寒水为患,证候导致脉象,脉见弦象,丁光迪医生病例集,例五,现代临床
寒水为患,证候采用方剂,温中散水兼御外寒,丁光迪医生病例集,例五,现代临床
温中散水兼御外寒,方剂组成药材,淡吴萸,丁光迪医生病例集,例五,现代临床
温中散水兼御外寒,方剂组成药材,生姜,丁光迪医生病例集,例五,现代临床
寒水为患,综合辨证证候,遏抑中阳,丁光迪医生病例集,例五,现代临床
寒水为患,综合辨证证候,湿胜气滞,丁光迪医生病例集,例五,现代临床
中下气虚,综合辨证证候,荣卫亏损已久,丁光迪医生病例集,例五,现代临床
中下气虚,证候采用方剂,通补中调理,丁光迪医生病例集,例五,现代临床
通补中调理,方剂组成药材,炒防风,丁光迪医生病例集,例五,现代临床
通补中调理,方剂组成药材,煨木香,丁光迪医生病例集,例五,现代临床
通补中调理,方剂组成药材,焦神曲,丁光迪医生病例集,例五,现代临床
通补中调理,方剂组成药材,党参,丁光迪医生病例集,例五,现代临床
通补中调理,方剂组成药材,黄芷,丁光迪医生病例集,例五,现代临床
中下气虚,证候导致舌象,舌苔薄白腻,丁光迪医生病例集,例五,现代临床
中下气虚,证候导致脉象,脉濡少力,丁光迪医生病例集,例五,现代临床
中下气虚,证候采用方剂,补中益气培其根本,丁光迪医生病例集,例五,现代临床
补中益气培其根本,方剂组成药材,干姜,丁光迪医生病例集,例五,现代临床
补中益气培其根本,方剂组成药材,炒党参,丁光迪医生病例集,例五,现代临床
补中益气培其根本,方剂组成药材,黄茂,丁光迪医生病例集,例五,现代临床
补中益气培其根本,方剂组成药材,炙甘草,丁光迪医生病例集,例五,现代临床
补中益气培其根本,方剂组成药材,砂仁末,丁光迪医生病例集,例五,现代临床
补中益气培其根本,方剂组成药材,生姜,丁光迪医生病例集,例五,现代临床
补中益气培其根本,方剂组成药材,大枣,丁光迪医生病例集,例五,现代临床
中下气虚,证候导致舌象,舌苔薄白,丁光迪医生病例集,例五,现代临床
中下气虚,证候导致舌象,舌质稍胖略暗,丁光迪医生病例集,例五,现代临床
中下气虚,证候导致脉象,脉细,丁光迪医生病例集,例五,现代临床
中下气虚,证候导致脉象,耐按有神,丁光迪医生病例集,例五,现代临床
中下气虚,证候采用方剂,补中益气、桂苓理中加味,丁光迪医生病例集,例五,现代临床
补中益气、桂苓理中加味,方剂组成药材,柴胡,丁光迪医生病例集,例五,现代临床
补中益气、桂苓理中加味,方剂组成药材,升麻,丁光迪医生病例集,例五,现代临床
补中益气、桂苓理中加味,方剂组成药材,白术,丁光迪医生病例集,例五,现代临床
补中益气、桂苓理中加味,方剂组成药材,陈皮,丁光迪医生病例集,例五,现代临床
补中益气、桂苓理中加味,方剂组成药材,炒党参,丁光迪医生病例集,例五,现代临床
补中益气、桂苓理中加味,方剂组成药材,川营,丁光迪医生病例集,例五,现代临床
补中益气、桂苓理中加味,方剂组成药材,炙黄,丁光迪医生病例集,例五,现代临床
补中益气、桂苓理中加味,方剂组成药材,炙甘草,丁光迪医生病例集,例五,现代临床
补中益气、桂苓理中加味,方剂组成药材,红花,丁光迪医生病例集,例五,现代临床
补中益气、桂苓理中加味,方剂组成药材,桂枝,丁光迪医生病例集,例五,现代临床
补中益气、桂苓理中加味,方剂组成药材,茯苓,丁光迪医生病例集,例五,现代临床
补中益气、桂苓理中加味,方剂组成药材,干姜,丁光迪医生病例集,例五,现代临床
补中益气、桂苓理中加味,方剂组成药材,炒白芍,丁光迪医生病例集,例五,现代临床
补中益气、桂苓理中加味,方剂组成药材,焦神曲,丁光迪医生病例集,例五,现代临床
补中益气、桂苓理中加味,方剂组成药材,防风,丁光迪医生病例集,例五,现代临床
补中益气、桂苓理中加味,方剂组成药材,炒当归,丁光迪医生病例集,例五,现代临床
补中益气、桂苓理中加味,方剂组成药材,新开河人参,丁光迪医生病例集,例五,现代临床
慢性萎缩性胃炎,疾病表现症状,胃痛,丁光迪医生病例集,例六,现代临床
慢性萎缩性胃炎,疾病表现症状,臆腹痞胀,丁光迪医生病例集,例六,现代临床
慢性萎缩性胃炎,疾病表现症状,口干,丁光迪医生病例集,例六,现代临床
慢性萎缩性胃炎,疾病表现症状,纳食乏味,丁光迪医生病例集,例六,现代临床
慢性萎缩性胃炎,疾病表现症状,大便艰行,丁光迪医生病例集,例六,现代临床
慢性萎缩性胃炎,疾病导致舌象,舌质嫩红,丁光迪医生病例集,例六,现代临床
慢性萎缩性胃炎,疾病导致舌象,无苔,丁光迪医生病例集,例六,现代临床
慢性萎缩性胃炎,疾病导致脉象,脉细滑,丁光迪医生病例集,例六,现代临床
胃气郁滞,证候导致舌象,舌质嫩红,丁光迪医生病例集,例六,现代临床
胃气郁滞,证候导致舌象,无苔,丁光迪医生病例集,例六,现代临床
胃气郁滞,证候导致脉象,脉细滑,丁光迪医生病例集,例六,现代临床
胃气郁滞,证候采用方剂,脾约丸,丁光迪医生病例集,例六,现代临床
脾约丸,方剂组成药材,火麻仁泥,丁光迪医生病例集,例六,现代临床
脾约丸,方剂组成药材,桃仁泥,丁光迪医生病例集,例六,现代临床
脾约丸,方剂组成药材,白芍,丁光迪医生病例集,例六,现代临床
脾约丸,方剂组成药材,制大黄,丁光迪医生病例集,例六,现代临床
脾约丸,方剂组成药材,川朴,丁光迪医生病例集,例六,现代临床
脾约丸,方剂组成药材,焦枳实,丁光迪医生病例集,例六,现代临床
脾约丸,方剂组成药材,北沙参,丁光迪医生病例集,例六,现代临床
脾约丸,方剂组成药材,麦冬,丁光迪医生病例集,例六,现代临床
脾约丸,方剂组成药材,陈皮,丁光迪医生病例集,例六,现代临床
脾约丸,方剂组成药材,炒川楝子,丁光迪医生病例集,例六,现代临床
脾约丸,方剂组成药材,醋炒五灵脂,丁光迪医生病例集,例六,现代临床
脾约丸,方剂组成药材,炙蝶螂虫,丁光迪医生病例集,例六,现代临床
北沙参,药材具有功效,资水行舟,丁光迪医生病例集,例六,现代临床
麦冬,药材具有功效,资水行舟,丁光迪医生病例集,例六,现代临床
陈皮,药材具有功效,行气利其升动,丁光迪医生病例集,例六,现代临床
川楝子,药材具有功效,行气利其升动,丁光迪医生病例集,例六,现代临床
五灵脂,药材具有功效,活血助其下降,丁光迪医生病例集,例六,现代临床
蛻螂,药材具有功效,活血助其下降,丁光迪医生病例集,例六,现代临床
慢性降结肠炎,疾病表现症状,大便艰行,丁光迪医生病例集,例六,现代临床
慢性降结肠炎,疾病表现症状,大便泄泻,丁光迪医生病例集,例六,现代临床
慢性降结肠炎,疾病导致舌象,舌苔厚腻,丁光迪医生病例集,例六,现代临床
中阳不运,证候导致舌象,舌苔厚腻,丁光迪医生病例集,例六,现代临床
中阳不运,证候导致脉象,脉濡微弦,丁光迪医生病例集,例六,现代临床
中阳不运,证候采用方剂,升阳和胃汤,丁光迪医生病例集,例六,现代临床
升阳和胃汤,方剂组成药材,柴胡,丁光迪医生病例集,例六,现代临床
升阳和胃汤,方剂组成药材,川芎,丁光迪医生病例集,例六,现代临床
升阳和胃汤,方剂组成药材,藁本,丁光迪医生病例集,例六,现代临床
升阳和胃汤,方剂组成药材,苍术,丁光迪医生病例集,例六,现代临床
升阳和胃汤,方剂组成药材,炙甘草,丁光迪医生病例集,例六,现代临床
升阳和胃汤,方剂组成药材,炒麦芽,丁光迪医生病例集,例六,现代临床
升阳和胃汤,方剂组成药材,焦神曲,丁光迪医生病例集,例六,现代临床
升阳和胃汤,方剂组成药材,陈皮,丁光迪医生病例集,例六,现代临床
升阳和胃汤,方剂组成药材,广霍香,丁光迪医生病例集,例六,现代临床
升阳和胃汤,方剂组成药材,桂枝,丁光迪医生病例集,例六,现代临床
升阳和胃汤,方剂组成药材,茯苓,丁光迪医生病例集,例六,现代临床
升阳和胃汤,方剂组成药材,泽泻,丁光迪医生病例集,例六,现代临床
柴胡,药材具有功效,升阳气,丁光迪医生病例集,例六,现代临床
柴胡,药材具有功效,散湿滞,丁光迪医生病例集,例六,现代临床
苍术,药材具有功效,升阳气,丁光迪医生病例集,例六,现代临床
苍术,药材具有功效,散湿滞,丁光迪医生病例集,例六,现代临床
桂枝,药材具有功效,通阳化气,丁光迪医生病例集,例六,现代临床
茯苓,药材具有功效,通阳化气,丁光迪医生病例集,例六,现代临床
泽泻,药材具有功效,通阳化气,丁光迪医生病例集,例六,现代临床
升阳和胃汤,归属于经典,内经,丁光迪医生病例集,例六,现代临床
李东垣,名医经验总结,升阳、通阳方法,丁光迪医生病例集,例六,现代临床
胃肠病,疾病表现症状,胃痛,丁光迪医生病例集,例十,现代临床
胃痛,症状伴随症状,时作时止,丁光迪医生病例集,例十,现代临床
胃痛,症状伴随症状,得暖与矢气即宽缓,丁光迪医生病例集,例十,现代临床
胃痛,症状伴随症状,得温熨亦舒适,丁光迪医生病例集,例十,现代临床
胃肠病,疾病表现症状,泄泻,丁光迪医生病例集,例十,现代临床
泄泻,症状伴随症状,肠鸣矢气多,丁光迪医生病例集,例十,现代临床
泄泻,症状伴随症状,不能吃油腻冷食,丁光迪医生病例集,例十,现代临床
胃肠病,疾病表现症状,夜寐多汗,丁光迪医生病例集,例十,现代临床
胃肠病,疾病表现症状,饮食不香,丁光迪医生病例集,例十,现代临床
胃肠病,疾病导致舌象,苔黄腻,丁光迪医生病例集,例十,现代临床
胃肠病,疾病导致脉象,脉濡,丁光迪医生病例集,例十,现代临床
肝脾两病兼夹湿积,证候导致舌象,苔黄腻,丁光迪医生病例集,例十,现代临床
肝脾两病兼夹湿积,证候导致脉象,脉濡,丁光迪医生病例集,例十,现代临床
胃痛,症状辨证证候,肝脾两病兼夹湿积,丁光迪医生病例集,例十,现代临床
肝脾两病兼夹湿积,证候采用方剂,痛泻要方合萸连桂芍,丁光迪医生病例集,例十,现代临床
痛泻要方合萸连桂芍,方剂组成药材,陈皮,丁光迪医生病例集,例十,现代临床
痛泻要方合萸连桂芍,方剂组成药材,青皮,丁光迪医生病例集,例十,现代临床
痛泻要方合萸连桂芍,方剂组成药材,炒防风,丁光迪医生病例集,例十,现代临床
痛泻要方合萸连桂芍,方剂组成药材,木瓜,丁光迪医生病例集,例十,现代临床
痛泻要方合萸连桂芍,方剂组成药材,白术,丁光迪医生病例集,例十,现代临床
痛泻要方合萸连桂芍,方剂组成药材,川连,丁光迪医生病例集,例十,现代临床
痛泻要方合萸连桂芍,方剂组成药材,吴萸,丁光迪医生病例集,例十,现代临床
痛泻要方合萸连桂芍,方剂组成药材,炮姜,丁光迪医生病例集,例十,现代临床
痛泻要方合萸连桂芍,方剂组成药材,白芍,丁光迪医生病例集,例十,现代临床
痛泻要方合萸连桂芍,方剂组成药材,姜川朴,丁光迪医生病例集,例十,现代临床
痛泻要方合萸连桂芍,方剂组成药材,炒川楝子,丁光迪医生病例集,例十,现代临床
痛泻要方合萸连桂芍,方剂组成药材,玫瑰花,丁光迪医生病例集,例十,现代临床
陈皮,药材具有功效,理气健脾,丁光迪医生病例集,例十,现代临床
青皮,药材具有功效,疏肝破气,丁光迪医生病例集,例十,现代临床
炒防风,药材具有功效,祛风解表,丁光迪医生病例集,例十,现代临床
木瓜,药材具有功效,舒筋活络,丁光迪医生病例集,例十,现代临床
白术,药材具有功效,健脾利湿,丁光迪医生病例集,例十,现代临床
川连,药材具有功效,清热燥湿,丁光迪医生病例集,例十,现代临床
吴萸,药材具有功效,温中止痛,丁光迪医生病例集,例十,现代临床
炮姜,药材具有功效,温中散寒,丁光迪医生病例集,例十,现代临床
白芍,药材具有功效,养血柔肝,丁光迪医生病例集,例十,现代临床
姜川朴,药材具有功效,行气化湿,丁光迪医生病例集,例十,现代临床
炒川楝子,药材具有功效,疏肝泄热,丁光迪医生病例集,例十,现代临床
玫瑰花,药材具有功效,疏肝解郁,丁光迪医生病例集,例十,现代临床
胃痛,归属于经典,兰室秘藏,丁光迪医生病例集,例十,现代临床
草豆蔻丸,归属于经典,兰室秘藏,丁光迪医生病例集,例十,现代临床
理中汤,归属于经典,伤寒论,丁光迪医生病例集,例十,现代临床
泻心汤,归属于经典,金匮要略,丁光迪医生病例集,例十,现代临床
枳术汤,归属于经典,金匮要略,丁光迪医生病例集,例十,现代临床
丁光迪,名医经验总结,胃痛证治，应同中求异，脾胃兼论,丁光迪医生病例集,例十,现代临床
实证,舌象表现特征,苔厚而腻,丁光迪医生病例集,例十,现代临床
实证,舌象表现特征,苔黄少润,丁光迪医生病例集,例十,现代临床
实证,舌象表现特征,舌绛而暗,丁光迪医生病例集,例十,现代临床
虚寒证,舌象表现特征,质嫩稍胖,丁光迪医生病例集,例十,现代临床
虚寒证,舌象表现特征,苔薄而湿润,丁光迪医生病例集,例十,现代临床
胃下垂,症状伴随症状,脱痛欲得抚摩,丁光迪医生病例集,例十,现代临床
胃下垂,症状伴随症状,喜暧,丁光迪医生病例集,例十,现代临床
胃中停饮,症状伴随症状,胃痛作胀,丁光迪医生病例集,例十,现代临床
胃中停饮,症状伴随症状,腹胀水声辘辘,丁光迪医生病例集,例十,现代临床
虚不受补之证,症状伴随症状,泛酸水,丁光迪医生病例集,例十,现代临床
虚不受补之证,症状伴随症状,不能纳稀粥,丁光迪医生病例集,例十,现代临床
虚不受补之证,症状伴随症状,吃粥则多泛清水,丁光迪医生病例集,例十,现代临床
虚不受补之证,症状伴随症状,不喜甜食,丁光迪医生病例集,例十,现代临床
虚不受补之证,症状伴随症状,吃甜则作吞酸,丁光迪医生病例集,例十,现代临床
虚不受补之证,舌象表现特征,舌苔滑腻,丁光迪医生病例集,例十,现代临床
气郁胃痛,症状伴随症状,胃痛不能食,丁光迪医生病例集,例十,现代临床
气郁胃痛,症状伴随症状,啰噫或呕,丁光迪医生病例集,例十,现代临床
气郁胃痛,症状伴随症状,暧出浊气,丁光迪医生病例集,例十,现代临床
气郁胃痛,症状伴随症状,胸膈胀满,丁光迪医生病例集,例十,现代临床
气郁胃痛,症状伴随症状,大便不通,丁光迪医生病例集,例十,现代临床
胃气本身郁滞,症状伴随症状,气机上逆,丁光迪医生病例集,例十,现代临床
情志因素,症状伴随症状,胃痛,丁光迪医生病例集,例十,现代临床
胃气本身郁滞,证候导致舌象,舌象表现特征,丁光迪医生病例集,例十,现代临床
胃气本身郁滞,证候采用方剂,黄连温胆汤,丁光迪医生病例集,例十,现代临床
肝郁犯胃,证候采用方剂,散滞气汤,丁光迪医生病例集,例十,现代临床
胃出血,症状伴随症状,痛势暴急,丁光迪医生病例集,例十,现代临床
胃出血,证候采用方剂,鲜荷叶捣汁频饮,丁光迪医生病例集,例十,现代临床
胃出血,证候采用方剂,炙灰调服,丁光迪医生病例集,例十,现代临床
胃出血,证候采用方剂,大黄磨汁调服炮姜末,丁光迪医生病例集,例十,现代临床
胃出血,证候采用方剂,失笑散,丁光迪医生病例集,例十,现代临床
痛久络瘀,证候采用方剂,辛润通络,丁光迪医生病例集,例十,现代临床
痛久络瘀,证候采用方剂,虫蚁搜剔法,丁光迪医生病例集,例十,现代临床
痰饮胃痛,症状伴随症状,胃寒喜温,丁光迪医生病例集,例十,现代临床
痰饮胃痛,症状伴随症状,头眩泛恶,丁光迪医生病例集,例十,现代临床
痰饮胃痛,证候采用方剂,荟桂术甘汤加泽泻,丁光迪医生病例集,例十,现代临床
胃与肝的关系,证候导致舌象,舌象表现特征,丁光迪医生病例集,例十,现代临床
胃与肝的关系,证候采用方剂,泄厥阴和阳明,丁光迪医生病例集,例十,现代临床
胃与肺的关系,证候采用方剂,麦门冬汤,丁光迪医生病例集,例十,现代临床
胃与肾的关系,证候采用方剂,附桂理中丸,丁光迪医生病例集,例十,现代临床
胃与肾的关系,证候采用方剂,大建中汤,丁光迪医生病例集,例十,现代临床
胃与心的关系,证候采用方剂,安养心神调治脾胃,丁光迪医生病例集,例十,现代临床
腹胀,疾病表现症状,腹部胀满,丁光迪医生病例集,例一,现代临床
腹胀,症状伴随症状,时轻时重,丁光迪医生病例集,例一,现代临床
腹胀,症状伴随症状,腹胀阴天为甚,丁光迪医生病例集,例一,现代临床
腹胀,症状伴随症状,受寒饮冷亦加重,丁光迪医生病例集,例一,现代临床
腹胀,症状伴随症状,须得肠鸣矢气，才觉宽快,丁光迪医生病例集,例一,现代临床
腹胀,症状伴随症状,腹胀欲得宽带，否则闷塞不舒,丁光迪医生病例集,例一,现代临床
腹胀,症状伴随症状,短气不得平卧,丁光迪医生病例集,例一,现代临床
腹胀,症状伴随症状,引及腰痛,丁光迪医生病例集,例一,现代临床
腹胀,症状伴随症状,腹胀甚时，伴见腹痛,丁光迪医生病例集,例一,现代临床
腹胀,症状伴随症状,大便始终不爽，似乎排泄不尽,丁光迪医生病例集,例一,现代临床
湿浊中阻，阳气痹窒,证候导致舌象,舌苔浊膩罩灰,丁光迪医生病例集,例一,现代临床
湿浊中阻，阳气痹窒,证候导致舌象,舌质淡稍胖,丁光迪医生病例集,例一,现代临床
湿浊中阻，阳气痹窒,证候导致脉象,脉弦,丁光迪医生病例集,例一,现代临床
湿浊中阻，阳气痹窒,证候导致脉象,脉微涩,丁光迪医生病例集,例一,现代临床
湿浊中阻，阳气痹窒,症状辨证证候,湿胀、寒胀病情,丁光迪医生病例集,例一,现代临床
湿浊中阻，阳气痹窒,证候采用方剂,大半夏汤,丁光迪医生病例集,例一,现代临床
大半夏汤,方剂组成药材,夏、枣、姜、草、附、归、参、朴、桂、荟、枳、椒,丁光迪医生病例集,例一,现代临床
湿浊中阻，阳气痹窒,证候导致舌象,舌苔浊膩罩灰,丁光迪医生病例集,例一,现代临床
湿浊中阻，阳气痹窒,证候导致舌象,舌质淡稍胖,丁光迪医生病例集,例一,现代临床
湿浊中阻，阳气痹窒,证候导致脉象,脉弦,丁光迪医生病例集,例一,现代临床
湿浊中阻，阳气痹窒,证候导致脉象,脉微涩,丁光迪医生病例集,例一,现代临床
湿浊中阻，阳气痹窒,症状辨证证候,湿胀、寒胀病情,丁光迪医生病例集,例一,现代临床
湿浊中阻，阳气痹窒,证候采用方剂,大半夏汤,丁光迪医生病例集,例一,现代临床
大半夏汤,方剂组成药材,夏、枣、姜、草、附、归、参、朴、桂、荟、枳、椒,丁光迪医生病例集,例一,现代临床
湿浊中阻，阳气痹窒,综合辨证证候,湿浊凝聚是由于太阳膀胱气化不行，邪无出路,丁光迪医生病例集,例一,现代临床
湿浊中阻，阳气痹窒,综合辨证证候,阴霾之气为胀，阳不胜阴，聚而不散,丁光迪医生病例集,例一,现代临床
湿浊中阻，阳气痹窒,综合辨证证候,病本为气实，但得效机，反见气虚,丁光迪医生病例集,例一,现代临床
湿浊中阻，阳气痹窒,综合辨证证候,病情转机后，较多地出现荣卫不和的症状,丁光迪医生病例集,例一,现代临床
湿浊中阻，阳气痹窒,综合辨证证候,久久腹胀的气道痹涩，阴阳两伤，经络荣卫，脏腑内外，瘀浊较多,丁光迪医生病例集,例一,现代临床
湿浊中阻，阳气痹窒,综合辨证证候,久病恢复，廓清调理,丁光迪医生病例集,例一,现代临床
食停心下,疾病表现症状,噎塞不舒,丁光迪医生病例集,例二,现代临床
情绪遏抑,症状伴随症状,病情日渐发展,丁光迪医生病例集,例二,现代临床
胸胱痞闷,疾病表现症状,欲暖不畅,丁光迪医生病例集,例二,现代临床
腹满作胀,疾病表现症状,二便不爽,丁光迪医生病例集,例二,现代临床
食不得下,疾病表现症状,谷入胀加,丁光迪医生病例集,例二,现代临床
寐亦不安,疾病表现症状,平卧更似气塞,丁光迪医生病例集,例二,现代临床
邪实为患,证候导致舌象,舌色晦滞,丁光迪医生病例集,例二,现代临床
邪实为患,证候导致舌象,育腻罩灰,丁光迪医生病例集,例二,现代临床
邪实为患,证候导致脉象,脉弦滑,丁光迪医生病例集,例二,现代临床
痰湿浊邪郁滞,证候导致舌象,舌色晦滞,丁光迪医生病例集,例二,现代临床
痰湿浊邪郁滞,证候导致舌象,育腻罩灰,丁光迪医生病例集,例二,现代临床
痰湿浊邪郁滞,证候导致脉象,脉弦滑,丁光迪医生病例集,例二,现代临床
留气结在胸中,症状辨证证候,气塞不通,丁光迪医生病例集,例二,现代临床
浊气上逆,症状辨证证候,气塞不通,丁光迪医生病例集,例二,现代临床
气塞腹痞,症状辨证证候,大便不行,丁光迪医生病例集,例二,现代临床
气塞腹痞,症状辨证证候,眠食不安,丁光迪医生病例集,例二,现代临床
结气胀满之病,综合辨证证候,邪实为患,丁光迪医生病例集,例二,现代临床
结气胀满之病,综合辨证证候,痰湿浊邪郁滞,丁光迪医生病例集,例二,现代临床
结气胀满之病,证候采用方剂,枳实建白桂枝汤,丁光迪医生病例集,例二,现代临床
枳实建白桂枝汤,方剂组成药材,焦枳实,丁光迪医生病例集,例二,现代临床
枳实建白桂枝汤,方剂组成药材,姜川朴,丁光迪医生病例集,例二,现代临床
枳实建白桂枝汤,方剂组成药材,桂枝,丁光迪医生病例集,例二,现代临床
枳实建白桂枝汤,方剂组成药材,雄白头,丁光迪医生病例集,例二,现代临床
枳实建白桂枝汤,方剂组成药材,全瓜萎,丁光迪医生病例集,例二,现代临床
枳实建白桂枝汤,方剂组成药材,姜半夏,丁光迪医生病例集,例二,现代临床
枳实建白桂枝汤,方剂组成药材,川连,丁光迪医生病例集,例二,现代临床
枳实建白桂枝汤,方剂组成药材,陈皮,丁光迪医生病例集,例二,现代临床
枳实建白桂枝汤,方剂组成药材,茯苓,丁光迪医生病例集,例二,现代临床
枳实建白桂枝汤,方剂组成药材,嫩苏梗,丁光迪医生病例集,例二,现代临床
枳实建白桂枝汤,方剂组成药材,生萝卜片,丁光迪医生病例集,例二,现代临床
炒谷麦芽,药材具有功效,理气和胃,丁光迪医生病例集,例二,现代临床
玫瑰花,药材具有功效,理气和胃,丁光迪医生病例集,例二,现代临床
枳实建白桂枝汤,归属于经典,经方,丁光迪医生病例集,例二,现代临床
丁光迪,名医经验总结,辨证要细，施治要准,丁光迪医生病例集,例二,现代临床
湿聚三阴,疾病表现症状,肌肉冷湿发木,丁光迪医生病例集,例三,现代临床
湿聚三阴,疾病表现症状,作胀,丁光迪医生病例集,例三,现代临床
湿聚三阴,疾病表现症状,腹中胀满,丁光迪医生病例集,例三,现代临床
湿聚三阴,疾病表现症状,时有一股冷气上窜,丁光迪医生病例集,例三,现代临床
湿聚三阴,疾病表现症状,胃中吐清水,丁光迪医生病例集,例三,现代临床
湿聚三阴,疾病表现症状,畏寒,丁光迪医生病例集,例三,现代临床
湿聚三阴,疾病表现症状,行动迟缓,丁光迪医生病例集,例三,现代临床
湿聚三阴,疾病表现症状,举步沉重,丁光迪医生病例集,例三,现代临床
湿聚三阴,疾病表现症状,身重,丁光迪医生病例集,例三,现代临床
湿聚三阴,疾病表现症状,无房欲,丁光迪医生病例集,例三,现代临床
湿聚三阴,疾病导致舌象,舌苔滑腻,丁光迪医生病例集,例三,现代临床
湿聚三阴,疾病导致脉象,脉细而涩,丁光迪医生病例集,例三,现代临床
湿聚三阴,症状伴随症状,大便时澹，不爽,丁光迪医生病例集,例三,现代临床
湿聚三阴,症状伴随症状,小便涩少,丁光迪医生病例集,例三,现代临床
湿聚三阴,症状伴随症状,一年四季常畏寒,丁光迪医生病例集,例三,现代临床
湿聚三阴,症状伴随症状,夏季尚需棉裤袜,丁光迪医生病例集,例三,现代临床
湿聚三阴,症状伴随症状,夜卧尚须盖棉被,丁光迪医生病例集,例三,现代临床
湿聚三阴,症状伴随症状,面色晦滞,丁光迪医生病例集,例三,现代临床
湿聚三阴,症状伴随症状,表情迟饨,丁光迪医生病例集,例三,现代临床
湿聚三阴,症状伴随症状,亦多忧虑,丁光迪医生病例集,例三,现代临床
湿聚三阴,证候采用方剂,理苓汤加味,丁光迪医生病例集,例三,现代临床
理苓汤加味,方剂组成药材,干姜,丁光迪医生病例集,例三,现代临床
理苓汤加味,方剂组成药材,白术,丁光迪医生病例集,例三,现代临床
理苓汤加味,方剂组成药材,炙甘草,丁光迪医生病例集,例三,现代临床
理苓汤加味,方剂组成药材,桂枝,丁光迪医生病例集,例三,现代临床
理苓汤加味,方剂组成药材,茯苓,丁光迪医生病例集,例三,现代临床
理苓汤加味,方剂组成药材,泽泻,丁光迪医生病例集,例三,现代临床
理苓汤加味,方剂组成药材,公丁香,丁光迪医生病例集,例三,现代临床
理苓汤加味,方剂组成药材,炒川椒,丁光迪医生病例集,例三,现代临床
理苓汤加味,方剂组成药材,吴萸,丁光迪医生病例集,例三,现代临床
理苓汤加味,方剂组成药材,槟榔,丁光迪医生病例集,例三,现代临床
理苓汤加味,方剂组成药材,木瓜,丁光迪医生病例集,例三,现代临床
理苓汤加味,方剂组成药材,姜川朴,丁光迪医生病例集,例三,现代临床
理苓汤加味,方剂组成药材,陈皮,丁光迪医生病例集,例三,现代临床
理苓汤加味,方剂组成药材,生姜,丁光迪医生病例集,例三,现代临床
干姜,药材具有功效,温阳,丁光迪医生病例集,例三,现代临床
白术,药材具有功效,健脾,丁光迪医生病例集,例三,现代临床
桂枝,药材具有功效,温经,丁光迪医生病例集,例三,现代临床
茯苓,药材具有功效,利水,丁光迪医生病例集,例三,现代临床
泽泻,药材具有功效,利水,丁光迪医生病例集,例三,现代临床
公丁香,药材具有功效,温中,丁光迪医生病例集,例三,现代临床
炒川椒,药材具有功效,温阳,丁光迪医生病例集,例三,现代临床
吴萸,药材具有功效,温中,丁光迪医生病例集,例三,现代临床
槟榔,药材具有功效,行气,丁光迪医生病例集,例三,现代临床
木瓜,药材具有功效,祛湿,丁光迪医生病例集,例三,现代临床
姜川朴,药材具有功效,行气,丁光迪医生病例集,例三,现代临床
陈皮,药材具有功效,理气,丁光迪医生病例集,例三,现代临床
生姜,药材具有功效,散寒,丁光迪医生病例集,例三,现代临床
湿聚三阴,理论指导实践,急以温阳化湿为法,丁光迪医生病例集,例三,现代临床
丁光迪,名医经验总结,中医主因时、因地、因人制宜，在此很有用处，是实践经验的总结，要能善于发挥自身的擅长。,丁光迪医生病例集,例三,现代临床
急性肠梗阻,疾病表现症状,突然腹痛作胀,丁光迪医生病例集,例一,现代临床
急性肠梗阻,疾病表现症状,呕吐便团,丁光迪医生病例集,例一,现代临床
急性肠梗阻,疾病表现症状,大便不通,丁光迪医生病例集,例一,现代临床
急性肠梗阻,疾病表现症状,肛门坠胀,丁光迪医生病例集,例一,现代临床
急性肠梗阻,疾病表现症状,小便涩,丁光迪医生病例集,例一,现代临床
急性肠梗阻,疾病表现症状,身热,丁光迪医生病例集,例一,现代临床
急性肠梗阻,疾病表现症状,烦躁不寐,丁光迪医生病例集,例一,现代临床
急性肠梗阻,疾病表现症状,口渴喜热饮,丁光迪医生病例集,例一,现代临床
急性肠梗阻,疾病导致舌象,苔白厚腻,丁光迪医生病例集,例一,现代临床
急性肠梗阻,疾病导致舌象,舌尖红,丁光迪医生病例集,例一,现代临床
急性肠梗阻,疾病导致脉象,脉弦滑,丁光迪医生病例集,例一,现代临床
二焦邰滞，升降气窒,证候导致舌象,苔白厚腻,丁光迪医生病例集,例一,现代临床
二焦邰滞，升降气窒,证候导致舌象,舌尖红,丁光迪医生病例集,例一,现代临床
二焦邰滞，升降气窒,证候导致脉象,脉弦滑,丁光迪医生病例集,例一,现代临床
二焦邰滞，升降气窒,证候采用方剂,小柴胡与通幽各半汤加味,丁光迪医生病例集,例一,现代临床
小柴胡与通幽各半汤加味,方剂组成药材,柴胡,丁光迪医生病例集,例一,现代临床
小柴胡与通幽各半汤加味,方剂组成药材,姜半夏,丁光迪医生病例集,例一,现代临床
小柴胡与通幽各半汤加味,方剂组成药材,黄苓,丁光迪医生病例集,例一,现代临床
小柴胡与通幽各半汤加味,方剂组成药材,枸橘李,丁光迪医生病例集,例一,现代临床
小柴胡与通幽各半汤加味,方剂组成药材,赤白芍,丁光迪医生病例集,例一,现代临床
小柴胡与通幽各半汤加味,方剂组成药材,升麻,丁光迪医生病例集,例一,现代临床
小柴胡与通幽各半汤加味,方剂组成药材,槟榔末,丁光迪医生病例集,例一,现代临床
小柴胡与通幽各半汤加味,方剂组成药材,紫莞,丁光迪医生病例集,例一,现代临床
小柴胡与通幽各半汤加味,方剂组成药材,杏仁,丁光迪医生病例集,例一,现代临床
小柴胡与通幽各半汤加味,方剂组成药材,石莒浦,丁光迪医生病例集,例一,现代临床
小柴胡与通幽各半汤加味,方剂组成药材,晚螂虫,丁光迪医生病例集,例一,现代临床
邪积渐聚阳明,证候导致舌象,苔黄腻,丁光迪医生病例集,例一,现代临床
邪积渐聚阳明,证候导致舌象,舌尖有化燥之象,丁光迪医生病例集,例一,现代临床
邪积渐聚阳明,证候导致脉象,脉弦滑,丁光迪医生病例集,例一,现代临床
邪积渐聚阳明,证候采用方剂,调胃承气汤,丁光迪医生病例集,例一,现代临床
调胃承气汤,方剂组成药材,羌活,丁光迪医生病例集,例一,现代临床
调胃承气汤,方剂组成药材,生大黄,丁光迪医生病例集,例一,现代临床
调胃承气汤,方剂组成药材,玄明粉,丁光迪医生病例集,例一,现代临床
调胃承气汤,方剂组成药材,六一散,丁光迪医生病例集,例一,现代临床
邪积渐去，正气亦露虚象,证候导致舌象,舌苔前半和舌边均化,丁光迪医生病例集,例一,现代临床
邪积渐去，正气亦露虚象,证候导致舌象,中后部有苔一块，如刀切豆腐干贴在舌面，色黄,丁光迪医生病例集,例一,现代临床
邪积渐去，正气亦露虚象,证候导致脉象,脉转缓滑,丁光迪医生病例集,例一,现代临床
正胜邪却,证候导致舌象,舌中后一块厚苔全脱,丁光迪医生病例集,例一,现代临床
正胜邪却,证候导致舌象,布薄白苔,丁光迪医生病例集,例一,现代临床
正胜邪却,证候导致舌象,舌质红润,丁光迪医生病例集,例一,现代临床
正胜邪却,证候导致脉象,脉缓滑,丁光迪医生病例集,例一,现代临床
正胜邪却,证候采用方剂,扶正詐胃方,丁光迪医生病例集,例一,现代临床
扶正詐胃方,方剂组成药材,北沙参,丁光迪医生病例集,例一,现代临床
扶正詐胃方,方剂组成药材,鲜石斛,丁光迪医生病例集,例一,现代临床
扶正詐胃方,方剂组成药材,炒白芍,丁光迪医生病例集,例一,现代临床
扶正詐胃方,方剂组成药材,炙甘草,丁光迪医生病例集,例一,现代临床
扶正詐胃方,方剂组成药材,炒当归,丁光迪医生病例集,例一,现代临床
扶正詐胃方,方剂组成药材,茯苓,丁光迪医生病例集,例一,现代临床
扶正詐胃方,方剂组成药材,柴胡,丁光迪医生病例集,例一,现代临床
扶正詐胃方,方剂组成药材,枸橘李,丁光迪医生病例集,例一,现代临床
扶正詐胃方,方剂组成药材,糯稻根须,丁光迪医生病例集,例一,现代临床
急性肠梗阻,疾病表现症状,脐腹持续作痛,丁光迪医生病例集,例二,现代临床
急性肠梗阻,症状伴随症状,阵发性加剧,丁光迪医生病例集,例二,现代临床
急性肠梗阻,疾病表现症状,恶心呕吐,丁光迪医生病例集,例二,现代临床
急性肠梗阻,疾病表现症状,大便不通,丁光迪医生病例集,例二,现代临床
急性肠梗阻,疾病表现症状,额汗,丁光迪医生病例集,例二,现代临床
急性肠梗阻,疾病表现症状,神疲,丁光迪医生病例集,例二,现代临床
急性肠梗阻,疾病导致舌象,苔浊腻而厚,丁光迪医生病例集,例二,现代临床
急性肠梗阻,疾病导致脉象,脉弦滑,丁光迪医生病例集,例二,现代临床
肠痹腹痛,证候导致舌象,苔浊腻而厚,丁光迪医生病例集,例二,现代临床
肠痹腹痛,证候导致脉象,脉弦滑,丁光迪医生病例集,例二,现代临床
肠痹腹痛,症状辨证证候,升降气窒,丁光迪医生病例集,例二,现代临床
急性肠梗阻,证候采用方剂,四逆散合香连丸,丁光迪医生病例集,例二,现代临床
四逆散合香连丸,方剂组成药材,柴胡,丁光迪医生病例集,例二,现代临床
四逆散合香连丸,方剂组成药材,枸橘李,丁光迪医生病例集,例二,现代临床
四逆散合香连丸,方剂组成药材,白芍,丁光迪医生病例集,例二,现代临床
四逆散合香连丸,方剂组成药材,姜川连,丁光迪医生病例集,例二,现代临床
四逆散合香连丸,方剂组成药材,广木香,丁光迪医生病例集,例二,现代临床
四逆散合香连丸,方剂组成药材,炒莱菔子,丁光迪医生病例集,例二,现代临床
四逆散合香连丸,方剂组成药材,槟榔,丁光迪医生病例集,例二,现代临床
四逆散合香连丸,方剂组成药材,石菖蒲,丁光迪医生病例集,例二,现代临床
四逆散合香连丸,方剂组成药材,蜣螂虫,丁光迪医生病例集,例二,现代临床
急性肠梗阻,症状辨证证候,气阴损伤,丁光迪医生病例集,例二,现代临床
急性肠梗阻,症状辨证证候,胃气受伤,丁光迪医生病例集,例二,现代临床
急性肠梗阻,证候采用方剂,顾阴养胃方,丁光迪医生病例集,例二,现代临床
顾阴养胃方,方剂组成药材,炒枳壳,丁光迪医生病例集,例二,现代临床
顾阴养胃方,方剂组成药材,川石斛,丁光迪医生病例集,例二,现代临床
顾阴养胃方,方剂组成药材,炒白芍,丁光迪医生病例集,例二,现代临床
顾阴养胃方,方剂组成药材,炙甘草,丁光迪医生病例集,例二,现代临床
顾阴养胃方,方剂组成药材,冬瓜子,丁光迪医生病例集,例二,现代临床
顾阴养胃方,方剂组成药材,茯苓,丁光迪医生病例集,例二,现代临床
顾阴养胃方,方剂组成药材,柴胡,丁光迪医生病例集,例二,现代临床
顾阴养胃方,方剂组成药材,枸橘李,丁光迪医生病例集,例二,现代临床
顾阴养胃方,方剂组成药材,姜川连,丁光迪医生病例集,例二,现代临床
顾阴养胃方,方剂组成药材,广木香,丁光迪医生病例集,例二,现代临床
顾阴养胃方,方剂组成药材,糯稻根须,丁光迪医生病例集,例二,现代临床
急性肠梗阻,症状辨证证候,宿饮窃发,丁光迪医生病例集,例二,现代临床
急性肠梗阻,证候采用方剂,调理方,丁光迪医生病例集,例二,现代临床
调理方,方剂组成药材,法半夏,丁光迪医生病例集,例二,现代临床
调理方,方剂组成药材,矶郁金,丁光迪医生病例集,例二,现代临床
调理方,方剂组成药材,白前,丁光迪医生病例集,例二,现代临床
调理方,方剂组成药材,前胡,丁光迪医生病例集,例二,现代临床
急性肠梗阻,归属于经典,伤寒论,丁光迪医生病例集,例二,现代临床
升降气机法,理论指导实践,急性肠梗阻治疗,丁光迪医生病例集,例二,现代临床
丁光迪,名医经验总结,升降气机法治疗急性肠梗阻,丁光迪医生病例集,例二,现代临床
肠粘连腹痛,疾病表现症状,腹痛反复发作,丁光迪医生病例集,例二,现代临床
肠粘连腹痛,疾病表现症状,腹胀板急,丁光迪医生病例集,例二,现代临床
肠粘连腹痛,疾病表现症状,周身拘挛,丁光迪医生病例集,例二,现代临床
肠粘连腹痛,疾病表现症状,不能动弹,丁光迪医生病例集,例二,现代临床
肠粘连腹痛,疾病表现症状,额汗淋漓,丁光迪医生病例集,例二,现代临床
肠粘连腹痛,疾病表现症状,大便不行,丁光迪医生病例集,例二,现代临床
肠粘连腹痛,疾病表现症状,小便亦少,丁光迪医生病例集,例二,现代临床
肠粘连腹痛,疾病导致舌象,舌暗,丁光迪医生病例集,例二,现代临床
肠粘连腹痛,疾病导致舌象,质萎嫩,丁光迪医生病例集,例二,现代临床
肠粘连腹痛,疾病导致舌象,苔薄滑腻,丁光迪医生病例集,例二,现代临床
肠粘连腹痛,疾病导致脉象,脉细弦紧,丁光迪医生病例集,例二,现代临床
肠粘连腹痛,症状伴随症状,腹中如绞,丁光迪医生病例集,例二,现代临床
肠粘连腹痛,症状伴随症状,不能大息,丁光迪医生病例集,例二,现代临床
肠粘连腹痛,症状伴随症状,腹中有气块,丁光迪医生病例集,例二,现代临床
肠粘连腹痛,症状伴随症状,上下窜攻,丁光迪医生病例集,例二,现代临床
肠粘连腹痛,症状伴随症状,不能触摸,丁光迪医生病例集,例二,现代临床
肠粘连腹痛,症状伴随症状,身体蜷曲,丁光迪医生病例集,例二,现代临床
肠粘连腹痛,症状伴随症状,不能伸展,丁光迪医生病例集,例二,现代临床
肠粘连腹痛,症状辨证证候,阴寒凝滞,丁光迪医生病例集,例二,现代临床
肠粘连腹痛,症状辨证证候,气机不通,丁光迪医生病例集,例二,现代临床
肠粘连腹痛,症状辨证证候,经脉瘀阻,丁光迪医生病例集,例二,现代临床
肠粘连腹痛,症状辨证证候,虚实错杂,丁光迪医生病例集,例二,现代临床
肠粘连腹痛,证候采用方剂,芍药甘草汤合桂苓服乳,丁光迪医生病例集,例二,现代临床
芍药甘草汤合桂苓服乳,方剂组成药材,生白芍,丁光迪医生病例集,例二,现代临床
芍药甘草汤合桂苓服乳,方剂组成药材,炙甘草,丁光迪医生病例集,例二,现代临床
芍药甘草汤合桂苓服乳,方剂组成药材,当归,丁光迪医生病例集,例二,现代临床
芍药甘草汤合桂苓服乳,方剂组成药材,淡欢蓉,丁光迪医生病例集,例二,现代临床
芍药甘草汤合桂苓服乳,方剂组成药材,制乳香,丁光迪医生病例集,例二,现代临床
芍药甘草汤合桂苓服乳,方剂组成药材,桃仁泥,丁光迪医生病例集,例二,现代临床
芍药甘草汤合桂苓服乳,方剂组成药材,炙地龙虫,丁光迪医生病例集,例二,现代临床
芍药甘草汤合桂苓服乳,方剂组成药材,炙儿香虫,丁光迪医生病例集,例二,现代临床
芍药甘草汤合桂苓服乳,方剂组成药材,桂枝尖,丁光迪医生病例集,例二,现代临床
芍药甘草汤合桂苓服乳,方剂组成药材,茯苓,丁光迪医生病例集,例二,现代临床
芍药甘草汤合桂苓服乳,方剂组成药材,炒防风,丁光迪医生病例集,例二,现代临床
芍药甘草汤合桂苓服乳,方剂组成药材,独活,丁光迪医生病例集,例二,现代临床
芍药甘草汤合桂苓服乳,方剂组成药材,炒枳壳,丁光迪医生病例集,例二,现代临床
芍药甘草汤合桂苓服乳,方剂组成药材,炒莱服子,丁光迪医生病例集,例二,现代临床
肠粘连腹痛,证候采用方剂,煎丸二方,丁光迪医生病例集,例二,现代临床
煎丸二方,方剂组成药材,炒青皮,丁光迪医生病例集,例二,现代临床
煎丸二方,方剂组成药材,炒谷麦芽,丁光迪医生病例集,例二,现代临床
肠粘连腹痛,证候采用方剂,丸药方,丁光迪医生病例集,例二,现代临床
丸药方,方剂组成药材,灸甘草,丁光迪医生病例集,例二,现代临床
丸药方,方剂组成药材,当归,丁光迪医生病例集,例二,现代临床
丸药方,方剂组成药材,淡从蓉,丁光迪医生病例集,例二,现代临床
丸药方,方剂组成药材,制乳香,丁光迪医生病例集,例二,现代临床
丸药方,方剂组成药材,炒枳壳,丁光迪医生病例集,例二,现代临床
丸药方,方剂组成药材,桃仁泥,丁光迪医生病例集,例二,现代临床
丸药方,方剂组成药材,红花,丁光迪医生病例集,例二,现代临床
丸药方,方剂组成药材,醋炒三棱,丁光迪医生病例集,例二,现代临床
丸药方,方剂组成药材,醋炒莪术,丁光迪医生病例集,例二,现代临床
丸药方,方剂组成药材,炙地鳖虫,丁光迪医生病例集,例二,现代临床
丸药方,方剂组成药材,炙九香虫,丁光迪医生病例集,例二,现代临床
丸药方,方剂组成药材,炙山甲片,丁光迪医生病例集,例二,现代临床
丸药方,方剂组成药材,生鳖甲,丁光迪医生病例集,例二,现代临床
丸药方,方剂组成药材,桂枝尖,丁光迪医生病例集,例二,现代临床
丸药方,方剂组成药材,茯苓,丁光迪医生病例集,例二,现代临床
丸药方,方剂组成药材,独活,丁光迪医生病例集,例二,现代临床
丸药方,方剂组成药材,秦茏,丁光迪医生病例集,例二,现代临床
丸药方,方剂组成药材,生茵仁,丁光迪医生病例集,例二,现代临床
丸药方,方剂组成药材,黄茂,丁光迪医生病例集,例二,现代临床
丸药方,方剂组成药材,党参,丁光迪医生病例集,例二,现代临床
丸药方,方剂组成药材,生山药,丁光迪医生病例集,例二,现代临床
丸药方,方剂组成药材,焦楂曲答,丁光迪医生病例集,例二,现代临床
肠粘连腹痛,名医经验总结,丁光迪,丁光迪医生病例集,例二,现代临床
粘连性肠梗阻,疾病表现症状,突发性、阵发性上腹部疼痛,丁光迪医生病例集,例四,现代临床
粘连性肠梗阻,疾病表现症状,腹胀,丁光迪医生病例集,例四,现代临床
粘连性肠梗阻,疾病表现症状,恶心呕吐,丁光迪医生病例集,例四,现代临床
粘连性肠梗阻,疾病表现症状,腹部平软,丁光迪医生病例集,例四,现代临床
粘连性肠梗阻,疾病表现症状,脐周有压痛,丁光迪医生病例集,例四,现代临床
粘连性肠梗阻,疾病表现症状,大便通行后疼痛平复,丁光迪医生病例集,例四,现代临床
粘连性肠梗阻,疾病表现症状,月经涩少而色暗,丁光迪医生病例集,例四,现代临床
粘连性肠梗阻,疾病导致舌象,舌质较暗,丁光迪医生病例集,例四,现代临床
粘连性肠梗阻,疾病导致脉象,脉细,丁光迪医生病例集,例四,现代临床
粘连性肠梗阻,症状伴随症状,遇劳、遇寒、遇湿不适,丁光迪医生病例集,例四,现代临床
粘连性肠梗阻,症状伴随症状,旧病复发,丁光迪医生病例集,例四,现代临床
肠痹腹痛,证候导致舌象,舌苔薄腻,丁光迪医生病例集,例四,现代临床
肠痹腹痛,证候导致脉象,脉细,丁光迪医生病例集,例四,现代临床
肠痹腹痛,综合辨证证候,气血大受损伤,丁光迪医生病例集,例四,现代临床
肠痹腹痛,综合辨证证候,肌肉脉络粘连疙瘩,丁光迪医生病例集,例四,现代临床
肠痹腹痛,综合辨证证候,脏腑升降受阻,丁光迪医生病例集,例四,现代临床
肠痹腹痛,综合辨证证候,气血运行涩滞,丁光迪医生病例集,例四,现代临床
肠痹腹痛,证候采用方剂,柴胡、炒枳壳、白芍等,丁光迪医生病例集,例四,现代临床
肠痹腹痛,证候采用方剂,汤方和丸方,丁光迪医生病例集,例四,现代临床
汤方,方剂组成药材,柴胡、桂枝、炒枳壳等,丁光迪医生病例集,例四,现代临床
丸方,方剂组成药材,炒党参、白术、茯苓等,丁光迪医生病例集,例四,现代临床
柴胡,药材具有功效,疏肝解郁,丁光迪医生病例集,例四,现代临床
白芍,药材具有功效,养血柔肝,丁光迪医生病例集,例四,现代临床
粘连性肠梗阻,症状伴随症状,气撑扛痛,丁光迪医生病例集,例四,现代临床
粘连性肠梗阻,症状伴随症状,大便偏干,丁光迪医生病例集,例四,现代临床
粘连性肠梗阻,症状伴随症状,形神憔悴,丁光迪医生病例集,例四,现代临床
粘连性肠梗阻,症状伴随症状,瘦弱无力,丁光迪医生病例集,例四,现代临床
粘连性肠梗阻,症状伴随症状,勉强上班,丁光迪医生病例集,例四,现代临床
粘连性肠梗阻,症状伴随症状,月经超前,丁光迪医生病例集,例四,现代临床
粘连性肠梗阻,症状伴随症状,经血色深,丁光迪医生病例集,例四,现代临床
粘连性肠梗阻,症状伴随症状,乳胀腹滞,丁光迪医生病例集,例四,现代临床
肠痹腹痛,证候导致舌象,舌苔中腻泛黄,丁光迪医生病例集,例四,现代临床
肠痹腹痛,证候导致脉象,脉细按之尚有涩意,丁光迪医生病例集,例四,现代临床
肠痹腹痛,综合辨证证候,余湿余积未尽化,丁光迪医生病例集,例四,现代临床
肠痹腹痛,综合辨证证候,痰瘀互结,丁光迪医生病例集,例四,现代临床
肠痹腹痛,证候采用方剂,汤药和丸药,丁光迪医生病例集,例四,现代临床
肠痹腹痛,综合辨证证候,气滞血涩,丁光迪医生病例集,例四,现代临床
腹痛,疾病表现症状,呕吐,丁光迪医生病例集,例五,现代临床
腹痛,疾病表现症状,气坠,丁光迪医生病例集,例五,现代临床
腹痛,疾病表现症状,肠鸣,丁光迪医生病例集,例五,现代临床
腹痛,疾病表现症状,矢气,丁光迪医生病例集,例五,现代临床
腹痛,疾病表现症状,周身发寒,丁光迪医生病例集,例五,现代临床
腹痛,疾病表现症状,额上汗出,丁光迪医生病例集,例五,现代临床
腹痛,疾病导致舌象,舌胖苔水滑,丁光迪医生病例集,例五,现代临床
腹痛,疾病导致脉象,脉细紧弦,丁光迪医生病例集,例五,现代临床
脾肾阳虚，寒凝气滞,证候导致舌象,舌胖苔水滑,丁光迪医生病例集,例五,现代临床
脾肾阳虚，寒凝气滞,证候导致脉象,脉细紧弦,丁光迪医生病例集,例五,现代临床
腹痛,症状辨证证候,脾肾阳虚，寒凝气滞,丁光迪医生病例集,例五,现代临床
脾肾阳虚，寒凝气滞,证候采用方剂,天真丹,丁光迪医生病例集,例五,现代临床
天真丹,方剂组成药材,沉香,丁光迪医生病例集,例五,现代临床
天真丹,方剂组成药材,炒小茴,丁光迪医生病例集,例五,现代临床
天真丹,方剂组成药材,制乳香,丁光迪医生病例集,例五,现代临床
天真丹,方剂组成药材,巴戟肉,丁光迪医生病例集,例五,现代临床
天真丹,方剂组成药材,葫芦巴,丁光迪医生病例集,例五,现代临床
天真丹,方剂组成药材,破故纸,丁光迪医生病例集,例五,现代临床
天真丹,方剂组成药材,肉桂,丁光迪医生病例集,例五,现代临床
天真丹,方剂组成药材,炙甘草,丁光迪医生病例集,例五,现代临床
天真丹,方剂组成药材,炒白芍,丁光迪医生病例集,例五,现代临床
天真丹,方剂组成药材,当归,丁光迪医生病例集,例五,现代临床
天真丹,方剂组成药材,炙九香虫,丁光迪医生病例集,例五,现代临床
沉香,药材具有功效,温肾通阳,丁光迪医生病例集,例五,现代临床
肉桂,药材具有功效,温肾通阳,丁光迪医生病例集,例五,现代临床
巴戟肉,药材具有功效,温肾通阳,丁光迪医生病例集,例五,现代临床
葫芦巴,药材具有功效,温肝脾肾而行气止痛,丁光迪医生病例集,例五,现代临床
乳香,药材具有功效,温肝脾肾而行气止痛,丁光迪医生病例集,例五,现代临床
九香虫,药材具有功效,温肝脾肾而行气止痛,丁光迪医生病例集,例五,现代临床
当归,药材具有功效,和营缓急止痛,丁光迪医生病例集,例五,现代临床
白芍,药材具有功效,和营缓急止痛,丁光迪医生病例集,例五,现代临床
腹痛,临床验证理论,李某,丁光迪医生病例集,例五,现代临床
丁光迪,名医经验总结,腹痛治疗经验,丁光迪医生病例集,例五,现代临床
痹证,疾病表现症状,关节痛,丁光迪医生病例集,例二,现代临床
痹证,疾病表现症状,关节变形,丁光迪医生病例集,例二,现代临床
痹证,疾病表现症状,行动不便,丁光迪医生病例集,例二,现代临床
痹证,疾病表现症状,关节作响,丁光迪医生病例集,例二,现代临床
痹证,疾病表现症状,身体僵硬,丁光迪医生病例集,例二,现代临床
痹证,疾病表现症状,心悸,丁光迪医生病例集,例二,现代临床
痹证,疾病表现症状,胸闷短气,丁光迪医生病例集,例二,现代临床
痹证,疾病表现症状,大便干燥,丁光迪医生病例集,例二,现代临床
痹证,疾病导致舌象,舌质淡,丁光迪医生病例集,例二,现代临床
痹证,疾病导致舌象,隐紫气,丁光迪医生病例集,例二,现代临床
痹证,疾病导致舌象,乏华,丁光迪医生病例集,例二,现代临床
痹证,疾病导致舌象,苔薄白,丁光迪医生病例集,例二,现代临床
痹证,疾病导致脉象,脉细而弦,丁光迪医生病例集,例二,现代临床
痹证,疾病导致脉象,偶见歇止,丁光迪医生病例集,例二,现代临床
痹证,症状伴随症状,面色萎黄,丁光迪医生病例集,例二,现代临床
痹证,症状伴随症状,形体瘦弱,丁光迪医生病例集,例二,现代临床
痹证,症状伴随症状,皮肉干着,丁光迪医生病例集,例二,现代临床
痹证,症状伴随症状,饮食乏味,丁光迪医生病例集,例二,现代临床
痹证,症状辨证证候,风寒湿三气痹闭,丁光迪医生病例集,例二,现代临床
痹证,症状辨证证候,气血痰瘀交阻,丁光迪医生病例集,例二,现代临床
痹证,症状辨证证候,心肝肾俱宁,丁光迪医生病例集,例二,现代临床
痹证,症状辨证证候,血不养心,丁光迪医生病例集,例二,现代临床
痹证,症状辨证证候,肝肾不能荣养筋骨,丁光迪医生病例集,例二,现代临床
痹证,症状辨证证候,气血不能煦濡关节,丁光迪医生病例集,例二,现代临床
痹证,证候导致舌象,舌质淡,丁光迪医生病例集,例二,现代临床
痹证,证候导致舌象,隐紫气,丁光迪医生病例集,例二,现代临床
痹证,证候导致舌象,乏华,丁光迪医生病例集,例二,现代临床
痹证,证候导致舌象,苔薄白,丁光迪医生病例集,例二,现代临床
痹证,证候导致脉象,脉细而弦,丁光迪医生病例集,例二,现代临床
痹证,证候导致脉象,偶见歇止,丁光迪医生病例集,例二,现代临床
痹证,综合辨证证候,痹久入脏,丁光迪医生病例集,例二,现代临床
痹证,综合辨证证候,内外交困,丁光迪医生病例集,例二,现代临床
痹证,综合辨证证候,顽症,丁光迪医生病例集,例二,现代临床
痹证,证候采用方剂,大黄蜜虫丸,丁光迪医生病例集,例二,现代临床
痹证,证候采用方剂,指迷茯苓丸,丁光迪医生病例集,例二,现代临床
痹证,证候采用方剂,六味地黄丸,丁光迪医生病例集,例二,现代临床
痹证,证候采用方剂,大活络丹,丁光迪医生病例集,例二,现代临床
大黄蜜虫丸,方剂组成药材,大黄,丁光迪医生病例集,例二,现代临床
大黄蜜虫丸,方剂组成药材,蜜虫,丁光迪医生病例集,例二,现代临床
指迷茯苓丸,方剂组成药材,茯苓,丁光迪医生病例集,例二,现代临床
六味地黄丸,方剂组成药材,地黄,丁光迪医生病例集,例二,现代临床
大活络丹,方剂组成药材,黄酒,丁光迪医生病例集,例二,现代临床
大活络丹,方剂组成药材,大活络,丁光迪医生病例集,例二,现代临床
大黄,药材具有功效,通络疏邪,丁光迪医生病例集,例二,现代临床
蜜虫,药材具有功效,活血化瘀,丁光迪医生病例集,例二,现代临床
茯苓,药材具有功效,利水渗湿,丁光迪医生病例集,例二,现代临床
地黄,药材具有功效,滋阴补肾,丁光迪医生病例集,例二,现代临床
黄酒,药材具有功效,温经散寒,丁光迪医生病例集,例二,现代临床
大活络,药材具有功效,通经止痛,丁光迪医生病例集,例二,现代临床
痹证,归属于经典,金匮要略,丁光迪医生病例集,例二,现代临床
痹证,理论指导实践,风湿相搏，一身丞疼痛，固然可以发汗，但如汗大出者，但风气去，湿气在，其病不能愈，必须微微似欲汗出者，才能使风湿俱去,丁光迪医生病例集,例二,现代临床
李东垣,名医经验总结,治痹痛，敢于突破用药常规，重用麻黄或苍术，但并不专事于走散，而是采取复煎方法（犹如目前以某药煎汤代水），如麻黄复煎散、苍术复煎散,丁光迪医生病例集,例二,现代临床
寒湿痹证,疾病表现症状,畏寒,丁光迪医生病例集,例四,现代临床
寒湿痹证,疾病表现症状,怕冷,丁光迪医生病例集,例四,现代临床
寒湿痹证,疾病表现症状,不敢出门活动,丁光迪医生病例集,例四,现代临床
寒湿痹证,疾病表现症状,饮食很少,丁光迪医生病例集,例四,现代临床
寒湿痹证,疾病表现症状,不能碰一点冷饮食、水果,丁光迪医生病例集,例四,现代临床
寒湿痹证,疾病表现症状,二便亦少,丁光迪医生病例集,例四,现代临床
寒湿痹证,疾病导致舌象,舌质淡,丁光迪医生病例集,例四,现代临床
寒湿痹证,疾病导致舌象,苔薄腻水滑,丁光迪医生病例集,例四,现代临床
寒湿痹证,疾病导致脉象,脉之两手细小无力,丁光迪医生病例集,例四,现代临床
寒湿痹证,疾病导致脉象,按之全身肌肤凉湿,丁光迪医生病例集,例四,现代临床
寒湿痹证,证候导致舌象,舌嫩少苔,丁光迪医生病例集,例四,现代临床
寒湿痹证,证候导致舌象,舌面润,丁光迪医生病例集,例四,现代临床
寒湿痹证,证候导致脉象,脉见细弦,丁光迪医生病例集,例四,现代临床
寒湿痹证,证候导致脉象,按之有滑象,丁光迪医生病例集,例四,现代临床
寒湿痹证,症状辨证证候,真气内损，阳痹不通,丁光迪医生病例集,例四,现代临床
寒湿痹证,综合辨证证候,阴阳俱虚,丁光迪医生病例集,例四,现代临床
寒湿痹证,证候采用方剂,麻黄附子细辛汤、四逆汤合保元汤加味,丁光迪医生病例集,例四,现代临床
麻黄附子细辛汤、四逆汤合保元汤加味,方剂组成药材,麻黄,丁光迪医生病例集,例四,现代临床
麻黄附子细辛汤、四逆汤合保元汤加味,方剂组成药材,制附片,丁光迪医生病例集,例四,现代临床
麻黄附子细辛汤、四逆汤合保元汤加味,方剂组成药材,细辛,丁光迪医生病例集,例四,现代临床
麻黄附子细辛汤、四逆汤合保元汤加味,方剂组成药材,干姜,丁光迪医生病例集,例四,现代临床
麻黄附子细辛汤、四逆汤合保元汤加味,方剂组成药材,炙甘草,丁光迪医生病例集,例四,现代临床
麻黄附子细辛汤、四逆汤合保元汤加味,方剂组成药材,桂枝尖,丁光迪医生病例集,例四,现代临床
麻黄附子细辛汤、四逆汤合保元汤加味,方剂组成药材,茯苓,丁光迪医生病例集,例四,现代临床
麻黄附子细辛汤、四逆汤合保元汤加味,方剂组成药材,黄芪,丁光迪医生病例集,例四,现代临床
麻黄附子细辛汤、四逆汤合保元汤加味,方剂组成药材,党参,丁光迪医生病例集,例四,现代临床
麻黄附子细辛汤、四逆汤合保元汤加味,方剂组成药材,上肉桂,丁光迪医生病例集,例四,现代临床
麻黄,药材具有功效,通阳,丁光迪医生病例集,例四,现代临床
制附片,药材具有功效,温阳,丁光迪医生病例集,例四,现代临床
细辛,药材具有功效,散寒,丁光迪医生病例集,例四,现代临床
干姜,药材具有功效,温中,丁光迪医生病例集,例四,现代临床
炙甘草,药材具有功效,和中,丁光迪医生病例集,例四,现代临床
桂枝尖,药材具有功效,解表,丁光迪医生病例集,例四,现代临床
茯苓,药材具有功效,利湿,丁光迪医生病例集,例四,现代临床
黄芪,药材具有功效,补气,丁光迪医生病例集,例四,现代临床
党参,药材具有功效,益气,丁光迪医生病例集,例四,现代临床
上肉桂,药材具有功效,温经,丁光迪医生病例集,例四,现代临床
寒湿痹证,名医经验总结,丁光迪,丁光迪医生病例集,例四,现代临床
类风湿性关节炎,疾病表现症状,痹痛,丁光迪医生病例集,例一,现代临床
类风湿性关节炎,疾病表现症状,手足指掌关节变形,丁光迪医生病例集,例一,现代临床
类风湿性关节炎,疾病表现症状,周身骨节剧烈疼痛,丁光迪医生病例集,例一,现代临床
类风湿性关节炎,疾病表现症状,身重不能活动,丁光迪医生病例集,例一,现代临床
类风湿性关节炎,疾病表现症状,足肿不能步履,丁光迪医生病例集,例一,现代临床
类风湿性关节炎,疾病表现症状,口夜殍叫,丁光迪医生病例集,例一,现代临床
类风湿性关节炎,疾病表现症状,烦渴不寐,丁光迪医生病例集,例一,现代临床
类风湿性关节炎,疾病导致舌象,舌红苔黄腻,丁光迪医生病例集,例一,现代临床
类风湿性关节炎,疾病导致脉象,脉弦滑,丁光迪医生病例集,例一,现代临床
历节痛发作期,证候导致舌象,舌红苔黄腻,丁光迪医生病例集,例一,现代临床
历节痛发作期,证候导致脉象,脉弦滑,丁光迪医生病例集,例一,现代临床
风湿热瘀交阻,综合辨证证候,风寒湿邪郁而化热,丁光迪医生病例集,例一,现代临床
风湿热瘀交阻,综合辨证证候,风湿为甚,丁光迪医生病例集,例一,现代临床
风湿热瘀交阻,综合辨证证候,阻碍气机,丁光迪医生病例集,例一,现代临床
风湿热瘀交阻,综合辨证证候,气滞络瘀,丁光迪医生病例集,例一,现代临床
风湿热瘀交阻,证候采用方剂,桂枝芍药知母汤加减,丁光迪医生病例集,例一,现代临床
桂枝芍药知母汤加减,方剂组成药材,桂枝尖,丁光迪医生病例集,例一,现代临床
桂枝芍药知母汤加减,方剂组成药材,麻黄,丁光迪医生病例集,例一,现代临床
桂枝芍药知母汤加减,方剂组成药材,苍术,丁光迪医生病例集,例一,现代临床
桂枝芍药知母汤加减,方剂组成药材,白术,丁光迪医生病例集,例一,现代临床
桂枝芍药知母汤加减,方剂组成药材,制附块,丁光迪医生病例集,例一,现代临床
桂枝芍药知母汤加减,方剂组成药材,黄柏,丁光迪医生病例集,例一,现代临床
桂枝芍药知母汤加减,方剂组成药材,知母,丁光迪医生病例集,例一,现代临床
桂枝芍药知母汤加减,方剂组成药材,防己,丁光迪医生病例集,例一,现代临床
桂枝芍药知母汤加减,方剂组成药材,生茴仁,丁光迪医生病例集,例一,现代临床
桂枝芍药知母汤加减,方剂组成药材,连皮茯苓,丁光迪医生病例集,例一,现代临床
桂枝芍药知母汤加减,方剂组成药材,白芍,丁光迪医生病例集,例一,现代临床
桂枝芍药知母汤加减,方剂组成药材,生地,丁光迪医生病例集,例一,现代临床
桂枝芍药知母汤加减,方剂组成药材,红花,丁光迪医生病例集,例一,现代临床
桂枝芍药知母汤加减,方剂组成药材,桃仁泥,丁光迪医生病例集,例一,现代临床
桂枝芍药知母汤加减,方剂组成药材,甘草,丁光迪医生病例集,例一,现代临床
桂枝芍药知母汤加减,药材具有功效,通阳化气,丁光迪医生病例集,例一,现代临床
桂枝芍药知母汤加减,药材具有功效,清热通络,丁光迪医生病例集,例一,现代临床
丁光迪,名医经验总结,类风湿性关节炎的治疗经验,丁光迪医生病例集,例一,现代临床
类风湿性关节炎,疾病表现症状,关节剧烈疼痛,丁光迪医生病例集,例二,现代临床
类风湿性关节炎,疾病表现症状,肢体强硬,丁光迪医生病例集,例二,现代临床
类风湿性关节炎,疾病表现症状,活动不利,丁光迪医生病例集,例二,现代临床
类风湿性关节炎,疾病表现症状,疼痛时经脉掣引,丁光迪医生病例集,例二,现代临床
类风湿性关节炎,疾病表现症状,手不能触,丁光迪医生病例集,例二,现代临床
类风湿性关节炎,疾病表现症状,肢凉麻木,丁光迪医生病例集,例二,现代临床
类风湿性关节炎,疾病表现症状,冷汗出,丁光迪医生病例集,例二,现代临床
类风湿性关节炎,疾病表现症状,肌体冷,丁光迪医生病例集,例二,现代临床
类风湿性关节炎,疾病表现症状,不能见风寒,丁光迪医生病例集,例二,现代临床
类风湿性关节炎,疾病表现症状,冷痛彻人骨折,丁光迪医生病例集,例二,现代临床
类风湿性关节炎,疾病表现症状,动则头眩欲吐,丁光迪医生病例集,例二,现代临床
历节痛,证候导致舌象,舌淡胖,丁光迪医生病例集,例二,现代临床
历节痛,证候导致舌象,苔白,丁光迪医生病例集,例二,现代临床
历节痛,证候导致脉象,脉细弦紧,丁光迪医生病例集,例二,现代临床
历节痛,综合辨证证候,风寒湿痹着筋脉关肯，三阴俱病,丁光迪医生病例集,例二,现代临床
历节痛,证候采用方剂,乌头汤加味,丁光迪医生病例集,例二,现代临床
乌头汤加味,方剂组成药材,制川草乌头,丁光迪医生病例集,例二,现代临床
乌头汤加味,方剂组成药材,制附块,丁光迪医生病例集,例二,现代临床
乌头汤加味,方剂组成药材,麻黄,丁光迪医生病例集,例二,现代临床
乌头汤加味,方剂组成药材,桂枝,丁光迪医生病例集,例二,现代临床
乌头汤加味,方剂组成药材,细辛,丁光迪医生病例集,例二,现代临床
乌头汤加味,方剂组成药材,白芍,丁光迪医生病例集,例二,现代临床
乌头汤加味,方剂组成药材,甘草,丁光迪医生病例集,例二,现代临床
乌头汤加味,方剂组成药材,当归,丁光迪医生病例集,例二,现代临床
乌头汤加味,方剂组成药材,红化,丁光迪医生病例集,例二,现代临床
乌头汤加味,方剂组成药材,制乳香,丁光迪医生病例集,例二,现代临床
乌头汤加味,方剂组成药材,黄茂,丁光迪医生病例集,例二,现代临床
乌头汤加味,方剂组成药材,白术,丁光迪医生病例集,例二,现代临床
乌头汤加味,方剂组成药材,干姜,丁光迪医生病例集,例二,现代临床
乌头汤加味,方剂组成药材,生姜,丁光迪医生病例集,例二,现代临床
乌头汤加味,方剂组成药材,羚羊角粉,丁光迪医生病例集,例二,现代临床
制川草乌头,药材具有功效,通阳蠲痹,丁光迪医生病例集,例二,现代临床
刘某,临床验证理论,历节痛，风寒湿痹着筋脉关肯，三阴俱病,丁光迪医生病例集,例二,现代临床
丁光迪,名医经验总结,刘某治疗过程,丁光迪医生病例集,例二,现代临床
历节痛风,疾病表现症状,发热,丁光迪医生病例集,例三,现代临床
历节痛风,疾病表现症状,关节剧痛,丁光迪医生病例集,例三,现代临床
历节痛风,疾病表现症状,骨节变形,丁光迪医生病例集,例三,现代临床
历节痛风,疾病表现症状,行动不便,丁光迪医生病例集,例三,现代临床
历节痛风,疾病表现症状,动则关节作响,丁光迪医生病例集,例三,现代临床
历节痛风,疾病表现症状,掣痛更甚,丁光迪医生病例集,例三,现代临床
历节痛风,疾病表现症状,骨里作冷,丁光迪医生病例集,例三,现代临床
历节痛风,疾病表现症状,有时又躁热,丁光迪医生病例集,例三,现代临床
历节痛风,疾病表现症状,烦不能寐,丁光迪医生病例集,例三,现代临床
历节痛风,疾病表现症状,二便热涩,丁光迪医生病例集,例三,现代临床
历节痛风,疾病表现症状,门干不欲饮,丁光迪医生病例集,例三,现代临床
历节痛风,疾病表现症状,痛发气逆欲吐,丁光迪医生病例集,例三,现代临床
历节痛风,疾病表现症状,不敢多食,丁光迪医生病例集,例三,现代临床
历节痛风,疾病表现症状,月经量少经迟,丁光迪医生病例集,例三,现代临床
历节痛风,疾病导致舌象,舌色暗红,丁光迪医生病例集,例三,现代临床
历节痛风,疾病导致舌象,苔薄罩微黄,丁光迪医生病例集,例三,现代临床
历节痛风,疾病导致脉象,脉细而弦,丁光迪医生病例集,例三,现代临床
久痹,证候导致舌象,舌色暗红,丁光迪医生病例集,例三,现代临床
久痹,证候导致舌象,苔薄罩微黄,丁光迪医生病例集,例三,现代临床
久痹,证候导致脉象,脉细而弦,丁光迪医生病例集,例三,现代临床
久痹,综合辨证证候,风寒湿热燥与痰瘀虚俱全,丁光迪医生病例集,例三,现代临床
久痹,证候采用方剂,仿姜春华先生药法,丁光迪医生病例集,例三,现代临床
仿姜春华先生药法,方剂组成药材,生地,丁光迪医生病例集,例三,现代临床
仿姜春华先生药法,方剂组成药材,白芍,丁光迪医生病例集,例三,现代临床
仿姜春华先生药法,方剂组成药材,当归,丁光迪医生病例集,例三,现代临床
仿姜春华先生药法,方剂组成药材,淮牛膝,丁光迪医生病例集,例三,现代临床
仿姜春华先生药法,方剂组成药材,制附块,丁光迪医生病例集,例三,现代临床
仿姜春华先生药法,方剂组成药材,制川草乌,丁光迪医生病例集,例三,现代临床
仿姜春华先生药法,方剂组成药材,姜南星,丁光迪医生病例集,例三,现代临床
仿姜春华先生药法,方剂组成药材,防己,丁光迪医生病例集,例三,现代临床
仿姜春华先生药法,方剂组成药材,桂枝,丁光迪医生病例集,例三,现代临床
仿姜春华先生药法,方剂组成药材,干地龙,丁光迪医生病例集,例三,现代临床
仿姜春华先生药法,方剂组成药材,黄柏,丁光迪医生病例集,例三,现代临床
仿姜春华先生药法,方剂组成药材,桃仁泥,丁光迪医生病例集,例三,现代临床
仿姜春华先生药法,方剂组成药材,红花,丁光迪医生病例集,例三,现代临床
生地,药材具有功效,补肝肾,丁光迪医生病例集,例三,现代临床
白芍,药材具有功效,通经络,丁光迪医生病例集,例三,现代临床
当归,药材具有功效,扶正祛邪,丁光迪医生病例集,例三,现代临床
历节痛,归属于经典,金匮要略,丁光迪医生病例集,例三,现代临床
丁光迪,名医经验总结,历节痛风治疗经验,丁光迪医生病例集,例三,现代临床
转筋,疾病表现症状,身体拘强如缚,丁光迪医生病例集,例二,现代临床
转筋,疾病表现症状,行动不利,丁光迪医生病例集,例二,现代临床
转筋,疾病表现症状,两脚木强,丁光迪医生病例集,例二,现代临床
转筋,疾病表现症状,频频转筋,丁光迪医生病例集,例二,现代临床
转筋,疾病表现症状,痛楚殊甚,丁光迪医生病例集,例二,现代临床
转筋,疾病表现症状,跨不开步,丁光迪医生病例集,例二,现代临床
转筋,疾病表现症状,近地行动艰难,丁光迪医生病例集,例二,现代临床
转筋,疾病表现症状,两腿经脉怒张,丁光迪医生病例集,例二,现代临床
转筋,疾病表现症状,屈伸不利,丁光迪医生病例集,例二,现代临床
转筋,疾病表现症状,大便艰燥,丁光迪医生病例集,例二,现代临床
转筋,疾病表现症状,睡眠尚可,丁光迪医生病例集,例二,现代临床
转筋,疾病导致舌象,舌质红,丁光迪医生病例集,例二,现代临床
转筋,疾病导致舌象,苔糙少津,丁光迪医生病例集,例二,现代临床
转筋,疾病导致脉象,脉来弦滑,丁光迪医生病例集,例二,现代临床
转筋,症状伴随症状,面色黝黑,丁光迪医生病例集,例二,现代临床
转筋,症状伴随症状,肌肉湿冷木强,丁光迪医生病例集,例二,现代临床
转筋,症状伴随症状,不能转动,丁光迪医生病例集,例二,现代临床
转筋,症状伴随症状,伸缩都能触发其病,丁光迪医生病例集,例二,现代临床
转筋,症状辨证证候,肝阳化风,丁光迪医生病例集,例二,现代临床
转筋,症状辨证证候,风木克脾土,丁光迪医生病例集,例二,现代临床
转筋,症状辨证证候,阴精不足,丁光迪医生病例集,例二,现代临床
转筋,症状辨证证候,筋脉失养,丁光迪医生病例集,例二,现代临床
转筋,症状辨证证候,风火化燥,丁光迪医生病例集,例二,现代临床
转筋,证候采用方剂,六味地黄、二至加味,丁光迪医生病例集,例二,现代临床
六味地黄、二至加味,方剂组成药材,生地,丁光迪医生病例集,例二,现代临床
六味地黄、二至加味,方剂组成药材,山药,丁光迪医生病例集,例二,现代临床
六味地黄、二至加味,方剂组成药材,生白芍,丁光迪医生病例集,例二,现代临床
六味地黄、二至加味,方剂组成药材,女贞子,丁光迪医生病例集,例二,现代临床
六味地黄、二至加味,方剂组成药材,墨旱莲,丁光迪医生病例集,例二,现代临床
六味地黄、二至加味,方剂组成药材,丹皮,丁光迪医生病例集,例二,现代临床
六味地黄、二至加味,方剂组成药材,泽泻,丁光迪医生病例集,例二,现代临床
六味地黄、二至加味,方剂组成药材,珍珠母,丁光迪医生病例集,例二,现代临床
六味地黄、二至加味,方剂组成药材,乳香,丁光迪医生病例集,例二,现代临床
六味地黄、二至加味,方剂组成药材,没药,丁光迪医生病例集,例二,现代临床
六味地黄、二至加味,方剂组成药材,川淮牛膝,丁光迪医生病例集,例二,现代临床
六味地黄、二至加味,方剂组成药材,木瓜,丁光迪医生病例集,例二,现代临床
六味地黄、二至加味,方剂组成药材,芦荟,丁光迪医生病例集,例二,现代临床
六味地黄、二至加味,方剂组成药材,双钩藤,丁光迪医生病例集,例二,现代临床
六味地黄、二至加味,方剂组成药材,羚羊角粉,丁光迪医生病例集,例二,现代临床
脾虚湿胜,疾病表现症状,晨泄,丁光迪医生病例集,例二,现代临床
脾虚湿胜,疾病表现症状,肠鸣,丁光迪医生病例集,例二,现代临床
脾虚湿胜,疾病表现症状,暴注下迫,丁光迪医生病例集,例二,现代临床
脾虚湿胜,疾病表现症状,胃纳不香,丁光迪医生病例集,例二,现代临床
脾虚湿胜,疾病表现症状,形体微肿,丁光迪医生病例集,例二,现代临床
脾虚湿胜,疾病表现症状,身重节痛,丁光迪医生病例集,例二,现代临床
脾虚湿胜,疾病表现症状,面色萎黄,丁光迪医生病例集,例二,现代临床
脾虚湿胜,疾病表现症状,疲乏少力,丁光迪医生病例集,例二,现代临床
脾虚湿胜,疾病导致舌象,苔薄白,丁光迪医生病例集,例二,现代临床
脾虚湿胜,疾病导致脉象,脉细微弦,丁光迪医生病例集,例二,现代临床
脾虚湿胜,证候采用方剂,东坦羌活胜湿汤加减,丁光迪医生病例集,例二,现代临床
东坦羌活胜湿汤加减,方剂组成药材,羌活,丁光迪医生病例集,例二,现代临床
东坦羌活胜湿汤加减,方剂组成药材,独活,丁光迪医生病例集,例二,现代临床
东坦羌活胜湿汤加减,方剂组成药材,炒防风,丁光迪医生病例集,例二,现代临床
东坦羌活胜湿汤加减,方剂组成药材,藁本,丁光迪医生病例集,例二,现代临床
东坦羌活胜湿汤加减,方剂组成药材,川芎,丁光迪医生病例集,例二,现代临床
东坦羌活胜湿汤加减,方剂组成药材,升麻,丁光迪医生病例集,例二,现代临床
东坦羌活胜湿汤加减,方剂组成药材,葛根,丁光迪医生病例集,例二,现代临床
东坦羌活胜湿汤加减,方剂组成药材,苍术,丁光迪医生病例集,例二,现代临床
东坦羌活胜湿汤加减,方剂组成药材,白术,丁光迪医生病例集,例二,现代临床
东坦羌活胜湿汤加减,方剂组成药材,益智仁,丁光迪医生病例集,例二,现代临床
东坦羌活胜湿汤加减,方剂组成药材,炙甘草,丁光迪医生病例集,例二,现代临床
东坦羌活胜湿汤加减,方剂组成药材,猪苓,丁光迪医生病例集,例二,现代临床
东坦羌活胜湿汤加减,方剂组成药材,生姜,丁光迪医生病例集,例二,现代临床
东坦羌活胜湿汤加减,方剂组成药材,大枣,丁光迪医生病例集,例二,现代临床
丁光迪,名医经验总结,临床工作能够见微知著，这是可贵的但要能追踪善后，防患于未然，何等重要，却很难为,丁光迪医生病例集,例二,现代临床
清晨泄泻,疾病表现症状,肠鸣腹痛,丁光迪医生病例集,例二,现代临床
清晨泄泻,疾病表现症状,不能安寐,丁光迪医生病例集,例二,现代临床
清晨泄泻,疾病表现症状,急迫如厕,丁光迪医生病例集,例二,现代临床
清晨泄泻,疾病表现症状,泻后腹中仍有微痛,丁光迪医生病例集,例二,现代临床
清晨泄泻,症状伴随症状,肠鸣矢气多,丁光迪医生病例集,例二,现代临床
清晨泄泻,疾病导致舌象,苔薄腻,丁光迪医生病例集,例二,现代临床
清晨泄泻,疾病导致脉象,两手脉弦滑,丁光迪医生病例集,例二,现代临床
清晨泄泻,证候导致舌象,舌质稍胖,丁光迪医生病例集,例二,现代临床
清晨泄泻,证候导致脉象,脉弦滑已减,丁光迪医生病例集,例二,现代临床
清晨泄泻,症状伴随症状,头昏脚软,丁光迪医生病例集,例二,现代临床
清晨泄泻,症状伴随症状,躁热,丁光迪医生病例集,例二,现代临床
清晨泄泻,症状伴随症状,晚分盗汗,丁光迪医生病例集,例二,现代临床
清晨泄泻,症状伴随症状,畏寒,丁光迪医生病例集,例二,现代临床
清晨泄泻,症状伴随症状,微汗出,丁光迪医生病例集,例二,现代临床
清晨泄泻,证候导致舌象,舌苔薄，微黄,丁光迪医生病例集,例二,现代临床
清晨泄泻,证候导致舌象,舌苔薄，根微黄色,丁光迪医生病例集,例二,现代临床
清晨泄泻,证候导致脉象,脉已见缓滑,丁光迪医生病例集,例二,现代临床
清晨泄泻,综合辨证证候,肝脾泄泻,丁光迪医生病例集,例二,现代临床
清晨泄泻,综合辨证证候,中气下陷,丁光迪医生病例集,例二,现代临床
清晨泄泻,综合辨证证候,元气之虚,丁光迪医生病例集,例二,现代临床
清晨泄泻,综合辨证证候,阴火上乘,丁光迪医生病例集,例二,现代临床
清晨泄泻,证候采用方剂,升阳除湿汤加减,丁光迪医生病例集,例二,现代临床
升阳除湿汤加减,方剂组成药材,柴胡,丁光迪医生病例集,例二,现代临床
升阳除湿汤加减,方剂组成药材,羌活,丁光迪医生病例集,例二,现代临床
升阳除湿汤加减,方剂组成药材,独活,丁光迪医生病例集,例二,现代临床
升阳除湿汤加减,方剂组成药材,炒防风,丁光迪医生病例集,例二,现代临床
升阳除湿汤加减,方剂组成药材,藁本,丁光迪医生病例集,例二,现代临床
升阳除湿汤加减,方剂组成药材,苍术,丁光迪医生病例集,例二,现代临床
升阳除湿汤加减,方剂组成药材,焦神曲,丁光迪医生病例集,例二,现代临床
升阳除湿汤加减,方剂组成药材,炒党参,丁光迪医生病例集,例二,现代临床
升阳除湿汤加减,方剂组成药材,炒白术,丁光迪医生病例集,例二,现代临床
升阳除湿汤加减,方剂组成药材,炙甘草,丁光迪医生病例集,例二,现代临床
升阳除湿汤加减,方剂组成药材,炒白芍,丁光迪医生病例集,例二,现代临床
升阳除湿汤加减,方剂组成药材,川萼,丁光迪医生病例集,例二,现代临床
升阳除湿汤加减,方剂组成药材,红花,丁光迪医生病例集,例二,现代临床
升阳除湿汤加减,方剂组成药材,猪苓,丁光迪医生病例集,例二,现代临床
升阳除湿汤加减,方剂组成药材,炒小茴,丁光迪医生病例集,例二,现代临床
升阳除湿汤加减,方剂组成药材,炙黄茂,丁光迪医生病例集,例二,现代临床
升阳除湿汤加减,方剂组成药材,陈皮,丁光迪医生病例集,例二,现代临床
升阳除湿汤加减,方剂组成药材,炒黄柏,丁光迪医生病例集,例二,现代临床
升阳除湿汤加减,方剂组成药材,姜川连,丁光迪医生病例集,例二,现代临床
柴胡,药材具有功效,升阳,丁光迪医生病例集,例二,现代临床
羌活,药材具有功效,除湿,丁光迪医生病例集,例二,现代临床
丁光迪,名医经验总结,清晨泄泻治疗经验,丁光迪医生病例集,例二,现代临床
晨起腹痛泄泻,疾病表现症状,腹痛多在少腹,丁光迪医生病例集,例三,现代临床
晨起腹痛泄泻,疾病表现症状,泄泻又见加重,丁光迪医生病例集,例三,现代临床
晨起腹痛泄泻,疾病表现症状,小便亦能随之大便而出,丁光迪医生病例集,例三,现代临床
晨起腹痛泄泻,疾病表现症状,粪便夹有黄色粘冻,丁光迪医生病例集,例三,现代临床
晨起腹痛泄泻,疾病表现症状,后重解不尽意,丁光迪医生病例集,例三,现代临床
晨起腹痛泄泻,疾病表现症状,泄多肛门作坠,丁光迪医生病例集,例三,现代临床
晨起腹痛泄泻,疾病表现症状,面目易肿,丁光迪医生病例集,例三,现代临床
晨起腹痛泄泻,疾病表现症状,四肢发麻,丁光迪医生病例集,例三,现代临床
晨起腹痛泄泻,疾病表现症状,关节酸痛,丁光迪医生病例集,例三,现代临床
晨起腹痛泄泻,疾病表现症状,头昏失眠,丁光迪医生病例集,例三,现代临床
晨起腹痛泄泻,疾病表现症状,胃纳不香,丁光迪医生病例集,例三,现代临床
脾虚气陷,证候导致舌象,舌象表现特征,丁光迪医生病例集,例三,现代临床
脾虚气陷,证候导致脉象,脉濡,丁光迪医生病例集,例三,现代临床
脾虚气陷,证候导致舌象,苔薄,丁光迪医生病例集,例三,现代临床
脾虚气陷,综合辨证证候,湿积尚然逗留,丁光迪医生病例集,例三,现代临床
脾虚气陷,证候采用方剂,升阳益胃方法,丁光迪医生病例集,例三,现代临床
升阳益胃方法,方剂组成药材,柴胡,丁光迪医生病例集,例三,现代临床
升阳益胃方法,方剂组成药材,羌活,丁光迪医生病例集,例三,现代临床
升阳益胃方法,方剂组成药材,独活,丁光迪医生病例集,例三,现代临床
升阳益胃方法,方剂组成药材,防风,丁光迪医生病例集,例三,现代临床
升阳益胃方法,方剂组成药材,白芷,丁光迪医生病例集,例三,现代临床
升阳益胃方法,方剂组成药材,苍术,丁光迪医生病例集,例三,现代临床
升阳益胃方法,方剂组成药材,炒党参,丁光迪医生病例集,例三,现代临床
升阳益胃方法,方剂组成药材,白术,丁光迪医生病例集,例三,现代临床
升阳益胃方法,方剂组成药材,炙甘草,丁光迪医生病例集,例三,现代临床
升阳益胃方法,方剂组成药材,炒白芍,丁光迪医生病例集,例三,现代临床
升阳益胃方法,方剂组成药材,陈皮,丁光迪医生病例集,例三,现代临床
升阳益胃方法,方剂组成药材,焦神曲,丁光迪医生病例集,例三,现代临床
升阳益胃方法,方剂组成药材,焦枳实,丁光迪医生病例集,例三,现代临床
升阳益胃方法,方剂组成药材,姜川连,丁光迪医生病例集,例三,现代临床
升阳益胃方法,方剂组成药材,广木香,丁光迪医生病例集,例三,现代临床
羌活,药材具有功效,升阳除湿,丁光迪医生病例集,例三,现代临床
独活,药材具有功效,升阳除湿,丁光迪医生病例集,例三,现代临床
晨泄,归属于经典,儒门事亲,丁光迪医生病例集,例三,现代临床
晨泄,归属于经典,脾胃论,丁光迪医生病例集,例三,现代临床
丁光迪,名医经验总结,晨泄治疗经验,丁光迪医生病例集,例三,现代临床
痢疾,疾病导致症状,泄泻,丁光迪医生病例集,例四,现代临床
泄泻,症状伴随症状,肠鸣腹痛,丁光迪医生病例集,例四,现代临床
泄泻,症状伴随症状,水泄如注,丁光迪医生病例集,例四,现代临床
泄泻,症状伴随症状,便中时夹白冻,丁光迪医生病例集,例四,现代临床
泄泻,症状伴随症状,神疲乏力,丁光迪医生病例集,例四,现代临床
泄泻,症状伴随症状,面色萎黄,丁光迪医生病例集,例四,现代临床
泄泻,症状伴随症状,舌稍胖色淡,丁光迪医生病例集,例四,现代临床
泄泻,症状伴随症状,苔薄黄腻,丁光迪医生病例集,例四,现代临床
泄泻,症状伴随症状,脉濡少力,丁光迪医生病例集,例四,现代临床
脾虚久泄,证候导致舌象,舌稍胖色淡,丁光迪医生病例集,例四,现代临床
脾虚久泄,证候导致舌象,苔薄黄腻,丁光迪医生病例集,例四,现代临床
脾虚久泄,证候导致脉象,脉濡少力,丁光迪医生病例集,例四,现代临床
脾虚久泄,综合辨证证候,中气下陷,丁光迪医生病例集,例四,现代临床
脾虚久泄,综合辨证证候,积阻气滞,丁光迪医生病例集,例四,现代临床
脾虚久泄,综合辨证证候,虚实错杂,丁光迪医生病例集,例四,现代临床
脾虚久泄,证候采用方剂,升阳除湿汤,丁光迪医生病例集,例四,现代临床
升阳除湿汤,方剂组成药材,升麻,丁光迪医生病例集,例四,现代临床
升阳除湿汤,方剂组成药材,柴胡,丁光迪医生病例集,例四,现代临床
升阳除湿汤,方剂组成药材,防风,丁光迪医生病例集,例四,现代临床
升阳除湿汤,方剂组成药材,羌活,丁光迪医生病例集,例四,现代临床
升阳除湿汤,方剂组成药材,藁本,丁光迪医生病例集,例四,现代临床
升阳除湿汤,方剂组成药材,白芷,丁光迪医生病例集,例四,现代临床
升阳除湿汤,方剂组成药材,苍术,丁光迪医生病例集,例四,现代临床
升阳除湿汤,方剂组成药材,黄连,丁光迪医生病例集,例四,现代临床
升阳除湿汤,方剂组成药材,白芍,丁光迪医生病例集,例四,现代临床
升阳除湿汤,方剂组成药材,党参,丁光迪医生病例集,例四,现代临床
升阳除湿汤,方剂组成药材,白术,丁光迪医生病例集,例四,现代临床
升阳除湿汤,方剂组成药材,炙甘草,丁光迪医生病例集,例四,现代临床
升阳除湿汤,方剂组成药材,陈皮,丁光迪医生病例集,例四,现代临床
升阳除湿汤,方剂组成药材,煨益智仁,丁光迪医生病例集,例四,现代临床
升阳除湿汤,方剂组成药材,川芎,丁光迪医生病例集,例四,现代临床
升阳除湿汤,方剂组成药材,土炒当归身,丁光迪医生病例集,例四,现代临床
升阳除湿汤,方剂组成药材,黄芩,丁光迪医生病例集,例四,现代临床
升阳除湿汤,方剂组成药材,红花,丁光迪医生病例集,例四,现代临床
升麻,药材具有功效,升阳,丁光迪医生病例集,例四,现代临床
柴胡,药材具有功效,升阳,丁光迪医生病例集,例四,现代临床
羌活,药材具有功效,风药胜湿,丁光迪医生病例集,例四,现代临床
党参,药材具有功效,补脾益气,丁光迪医生病例集,例四,现代临床
白术,药材具有功效,补脾益气,丁光迪医生病例集,例四,现代临床
升阳止泻法,归属于经典,丁光迪医生病例集,丁光迪医生病例集,例四,现代临床
丁光迪,名医经验总结,升阳止泻法,丁光迪医生病例集,例四,现代临床
慢性肠炎,疾病表现症状,泄泻,丁光迪医生病例集,例五,现代临床
慢性肠炎,疾病表现症状,左少腹痛,丁光迪医生病例集,例五,现代临床
慢性肠炎,疾病表现症状,肠鸣,丁光迪医生病例集,例五,现代临床
慢性肠炎,疾病表现症状,大便潺便,丁光迪医生病例集,例五,现代临床
慢性肠炎,疾病表现症状,水泻,丁光迪医生病例集,例五,现代临床
慢性肠炎,疾病表现症状,便秘,丁光迪医生病例集,例五,现代临床
慢性肠炎,疾病表现症状,形体痩弱,丁光迪医生病例集,例五,现代临床
慢性肠炎,疾病表现症状,面晦虑浮,丁光迪医生病例集,例五,现代临床
慢性肠炎,疾病表现症状,纳谷不香,丁光迪医生病例集,例五,现代临床
慢性肠炎,疾病导致舌象,舌苔薄腻,丁光迪医生病例集,例五,现代临床
慢性肠炎,疾病导致舌象,舌质暗,丁光迪医生病例集,例五,现代临床
慢性肠炎,疾病导致舌象,舌质有紫气,丁光迪医生病例集,例五,现代临床
慢性肠炎,疾病导致脉象,脉软,丁光迪医生病例集,例五,现代临床
慢性肠炎,证候导致舌象,舌苔根部较厚微黄,丁光迪医生病例集,例五,现代临床
肝脾泄泻,证候导致舌象,舌苔薄腻,丁光迪医生病例集,例五,现代临床
肝脾泄泻,证候导致舌象,舌质暗,丁光迪医生病例集,例五,现代临床
肝脾泄泻,证候导致舌象,舌质有紫气,丁光迪医生病例集,例五,现代临床
肝脾泄泻,证候导致脉象,脉软,丁光迪医生病例集,例五,现代临床
肝脾泄泻,症状辨证证候,虚实错杂,丁光迪医生病例集,例五,现代临床
肝脾泄泻,症状辨证证候,燥湿互见,丁光迪医生病例集,例五,现代临床
肝脾泄泻,证候采用方剂,东垣升阳益胃汤加减,丁光迪医生病例集,例五,现代临床
东垣升阳益胃汤加减,方剂组成药材,黄苗,丁光迪医生病例集,例五,现代临床
东垣升阳益胃汤加减,方剂组成药材,党参,丁光迪医生病例集,例五,现代临床
东垣升阳益胃汤加减,方剂组成药材,炙甘草,丁光迪医生病例集,例五,现代临床
东垣升阳益胃汤加减,方剂组成药材,苍白术,丁光迪医生病例集,例五,现代临床
东垣升阳益胃汤加减,方剂组成药材,陈皮,丁光迪医生病例集,例五,现代临床
东垣升阳益胃汤加减,方剂组成药材,柴胡,丁光迪医生病例集,例五,现代临床
东垣升阳益胃汤加减,方剂组成药材,炒防风,丁光迪医生病例集,例五,现代临床
东垣升阳益胃汤加减,方剂组成药材,独活,丁光迪医生病例集,例五,现代临床
东垣升阳益胃汤加减,方剂组成药材,炒白芍,丁光迪医生病例集,例五,现代临床
东垣升阳益胃汤加减,方剂组成药材,川理,丁光迪医生病例集,例五,现代临床
东垣升阳益胃汤加减,方剂组成药材,焦枳实,丁光迪医生病例集,例五,现代临床
东垣升阳益胃汤加减,方剂组成药材,茯苓,丁光迪医生病例集,例五,现代临床
东垣升阳益胃汤加减,方剂组成药材,泽泻,丁光迪医生病例集,例五,现代临床
东垣升阳益胃汤加减,方剂组成药材,红花,丁光迪医生病例集,例五,现代临床
黄苗,药材具有功效,升阳除湿,丁光迪医生病例集,例五,现代临床
党参,药材具有功效,补中益气,丁光迪医生病例集,例五,现代临床
柴胡,药材具有功效,疏肝解郁,丁光迪医生病例集,例五,现代临床
东垣升阳益胃汤加减,理论指导实践,重在脾胃，执中州以运四旁，使肝脾调，气血和,丁光迪医生病例集,例五,现代临床
丁光迪,名医经验总结,慢性肠炎临床处理，常用东垣方法，对前者以升阳除湿汤为主，重视升阳，得阳气升运，则湿化泄止。后者用升阳益胃汤为主，补中兼以化滞，往往以治湿开始，治燥收功,丁光迪医生病例集,例五,现代临床
胆囊炎、胆结石,疾病表现症状,胁痛,丁光迪医生病例集,例六,现代临床
胆囊炎、胆结石,疾病表现症状,大便濾结无常,丁光迪医生病例集,例六,现代临床
胆囊炎、胆结石,疾病导致舌象,舌苔白腻,丁光迪医生病例集,例六,现代临床
胆囊炎、胆结石,疾病导致脉象,脉细,丁光迪医生病例集,例六,现代临床
肝气郁滞，橫逆犯脾，土木不和，盘实错杂之病,证候导致舌象,舌苔白腻,丁光迪医生病例集,例六,现代临床
肝气郁滞，橫逆犯脾，土木不和，盘实错杂之病,证候导致脉象,脉细,丁光迪医生病例集,例六,现代临床
肝气郁滞，橫逆犯脾，土木不和，盘实错杂之病,综合辨证证候,升阳健脾，理气和中,丁光迪医生病例集,例六,现代临床
脾气来复，肝气条达之象,证候导致舌象,舌嫩少苔,丁光迪医生病例集,例六,现代临床
脾气来复，肝气条达之象,证候导致脉象,脉来耐按,丁光迪医生病例集,例六,现代临床
升阳健脾，理气和中,证候采用方剂,柴胡7克防风1克紫苏10克陈皮10克冃术克炙甘草4克焦楂曲各10克炒车前子（包）10克枳壳7克川萼丁克广郁金10克炒麦芽15克,丁光迪医生病例集,例六,现代临床
升阳健脾，理气和中,方剂组成药材,柴胡,丁光迪医生病例集,例六,现代临床
升阳健脾，理气和中,方剂组成药材,防风,丁光迪医生病例集,例六,现代临床
升阳健脾，理气和中,方剂组成药材,紫苏,丁光迪医生病例集,例六,现代临床
升阳健脾，理气和中,方剂组成药材,陈皮,丁光迪医生病例集,例六,现代临床
升阳健脾，理气和中,方剂组成药材,冃术,丁光迪医生病例集,例六,现代临床
升阳健脾，理气和中,方剂组成药材,炙甘草,丁光迪医生病例集,例六,现代临床
升阳健脾，理气和中,方剂组成药材,焦楂曲,丁光迪医生病例集,例六,现代临床
升阳健脾，理气和中,方剂组成药材,炒车前子,丁光迪医生病例集,例六,现代临床
升阳健脾，理气和中,方剂组成药材,枳壳,丁光迪医生病例集,例六,现代临床
升阳健脾，理气和中,方剂组成药材,川萼丁,丁光迪医生病例集,例六,现代临床
升阳健脾，理气和中,方剂组成药材,广郁金,丁光迪医生病例集,例六,现代临床
升阳健脾，理气和中,方剂组成药材,炒麦芽,丁光迪医生病例集,例六,现代临床
柴胡,药材具有功效,升阳健脾,丁光迪医生病例集,例六,现代临床
防风,药材具有功效,理气和中,丁光迪医生病例集,例六,现代临床
紫苏,药材具有功效,升阳健脾,丁光迪医生病例集,例六,现代临床
陈皮,药材具有功效,理气和中,丁光迪医生病例集,例六,现代临床
冃术,药材具有功效,健脾,丁光迪医生病例集,例六,现代临床
炙甘草,药材具有功效,调和诸药,丁光迪医生病例集,例六,现代临床
焦楂曲,药材具有功效,健脾消食,丁光迪医生病例集,例六,现代临床
炒车前子,药材具有功效,利水渗湿,丁光迪医生病例集,例六,现代临床
枳壳,药材具有功效,理气宽中,丁光迪医生病例集,例六,现代临床
川萼丁,药材具有功效,疏肝解郁,丁光迪医生病例集,例六,现代临床
广郁金,药材具有功效,疏肝解郁,丁光迪医生病例集,例六,现代临床
炒麦芽,药材具有功效,健脾消食,丁光迪医生病例集,例六,现代临床
丁光迪,名医经验总结,"徐某女58岁工厂医务室医生 确诊胆囊炎、胆结石病已六七年，常见胁痛，大便濾结无常等症。在三年前手术治疗，切除胆囊。术后未见平复, 却又转为腹胀，并有下坠感。肠鸣如雷，伴以泄泻，每日八九十次，甚时肠鸣矢气亦遗屎，要立即如廁，泄后腹中有时反觉舒缓，口乏味，力疲神萎，经中西药治疗，不能向愈, 近来常时畏寒，却乂时见躁热，疲乏不堪，右胁仍然作痛,痛泻亦时发作，虽然较前为轻，但不能根除，脉细，舌苔白腻.综合见症，诊为肝气郁滞，橫逆犯脾，土木不和，盘实错杂之病。治以升阳健脾，理气和中.多年之疾，亦只能步步为营。",丁光迪医生病例集,例六,现代临床
慢性非特异性溃疡性结肠炎,疾病表现症状,泄痢三年余,丁光迪医生病例集,例一,现代临床
慢性非特异性溃疡性结肠炎,症状伴随症状,腹痛泄痢,丁光迪医生病例集,例一,现代临床
慢性非特异性溃疡性结肠炎,症状伴随症状,肠鸣矢气,丁光迪医生病例集,例一,现代临床
慢性非特异性溃疡性结肠炎,症状伴随症状,便中冻垢多,丁光迪医生病例集,例一,现代临床
慢性非特异性溃疡性结肠炎,症状伴随症状,兼夹脓血,丁光迪医生病例集,例一,现代临床
慢性非特异性溃疡性结肠炎,症状伴随症状,后重不爽之感,丁光迪医生病例集,例一,现代临床
慢性非特异性溃疡性结肠炎,症状伴随症状,纳谷不香,丁光迪医生病例集,例一,现代临床
慢性非特异性溃疡性结肠炎,症状伴随症状,神疲乏力,丁光迪医生病例集,例一,现代临床
慢性非特异性溃疡性结肠炎,症状伴随症状,时见躁热,丁光迪医生病例集,例一,现代临床
慢性非特异性溃疡性结肠炎,疾病导致舌象,舌苔薄黄腻,丁光迪医生病例集,例一,现代临床
慢性非特异性溃疡性结肠炎,疾病导致脉象,脉弦,丁光迪医生病例集,例一,现代临床
慢性非特异性溃疡性结肠炎,综合辨证证候,久痢的类证,丁光迪医生病例集,例一,现代临床
久痢的类证,证候导致舌象,舌苔薄黄腻,丁光迪医生病例集,例一,现代临床
久痢的类证,证候导致脉象,脉弦,丁光迪医生病例集,例一,现代临床
久痢的类证,证候采用方剂,东垣升阳除湿汤,丁光迪医生病例集,例一,现代临床
东垣升阳除湿汤,方剂组成药材,柴胡,丁光迪医生病例集,例一,现代临床
东垣升阳除湿汤,方剂组成药材,升麻,丁光迪医生病例集,例一,现代临床
东垣升阳除湿汤,方剂组成药材,苍术,丁光迪医生病例集,例一,现代临床
东垣升阳除湿汤,方剂组成药材,腐风炭,丁光迪医生病例集,例一,现代临床
东垣升阳除湿汤,方剂组成药材,白芷,丁光迪医生病例集,例一,现代临床
东垣升阳除湿汤,方剂组成药材,陈皮,丁光迪医生病例集,例一,现代临床
东垣升阳除湿汤,方剂组成药材,茯苓,丁光迪医生病例集,例一,现代临床
东垣升阳除湿汤,方剂组成药材,乌梅肉,丁光迪医生病例集,例一,现代临床
东垣升阳除湿汤,方剂组成药材,黄连,丁光迪医生病例集,例一,现代临床
东垣升阳除湿汤,方剂组成药材,黄柏,丁光迪医生病例集,例一,现代临床
东垣升阳除湿汤,方剂组成药材,焦枳实,丁光迪医生病例集,例一,现代临床
东垣升阳除湿汤,方剂组成药材,桔梗,丁光迪医生病例集,例一,现代临床
东垣升阳除湿汤,方剂组成药材,当归炭,丁光迪医生病例集,例一,现代临床
东垣升阳除湿汤,方剂组成药材,炒白芍,丁光迪医生病例集,例一,现代临床
东垣升阳除湿汤,方剂组成药材,金银花,丁光迪医生病例集,例一,现代临床
蜡矶丸,药材具有功效,生肌止痛,丁光迪医生病例集,例一,现代临床
蜡矶丸,药材具有功效,护膜解毒,丁光迪医生病例集,例一,现代临床
蜡矶丸,药材具有功效,托甲化脓,丁光迪医生病例集,例一,现代临床
慢性非特异性溃疡性结肠炎,归属于经典,东垣试效方,丁光迪医生病例集,例一,现代临床
丁光迪,名医经验总结,慢性非特异性溃疡性结肠炎的治疗经验,丁光迪医生病例集,例一,现代临床
慢性非特异性溃疡性结肠炎,疾病表现症状,反复泄泻,丁光迪医生病例集,例二,现代临床
慢性非特异性溃疡性结肠炎,疾病表现症状,腹痛滞下,丁光迪医生病例集,例二,现代临床
慢性非特异性溃疡性结肠炎,疾病表现症状,冻垢脓血,丁光迪医生病例集,例二,现代临床
慢性非特异性溃疡性结肠炎,疾病表现症状,时发时止,丁光迪医生病例集,例二,现代临床
慢性非特异性溃疡性结肠炎,疾病表现症状,滑泄之势,丁光迪医生病例集,例二,现代临床
慢性非特异性溃疡性结肠炎,疾病表现症状,脓血晦暗,丁光迪医生病例集,例二,现代临床
慢性非特异性溃疡性结肠炎,疾病表现症状,偶有少量鲜血,丁光迪医生病例集,例二,现代临床
慢性非特异性溃疡性结肠炎,疾病表现症状,下腹部有疙瘩,丁光迪医生病例集,例二,现代临床
慢性非特异性溃疡性结肠炎,疾病导致舌象,舌稍胖,丁光迪医生病例集,例二,现代临床
慢性非特异性溃疡性结肠炎,疾病导致舌象,色暗苔薄,丁光迪医生病例集,例二,现代临床
慢性非特异性溃疡性结肠炎,疾病导致脉象,脉细,丁光迪医生病例集,例二,现代临床
慢性非特异性溃疡性结肠炎,疾病导致脉象,按之弦,丁光迪医生病例集,例二,现代临床
慢性非特异性溃疡性结肠炎,综合辨证证候,久泄气陷,丁光迪医生病例集,例二,现代临床
慢性非特异性溃疡性结肠炎,综合辨证证候,阳虚湿胜,丁光迪医生病例集,例二,现代临床
慢性非特异性溃疡性结肠炎,综合辨证证候,气滞络瘀,丁光迪医生病例集,例二,现代临床
慢性非特异性溃疡性结肠炎,综合辨证证候,气血虚实错杂之证,丁光迪医生病例集,例二,现代临床
慢性非特异性溃疡性结肠炎,证候采用方剂,升阳除湿汤合震灵丹,丁光迪医生病例集,例二,现代临床
升阳除湿汤合震灵丹,方剂组成药材,柴胡,丁光迪医生病例集,例二,现代临床
升阳除湿汤合震灵丹,方剂组成药材,炙升麻,丁光迪医生病例集,例二,现代临床
升阳除湿汤合震灵丹,方剂组成药材,苍术,丁光迪医生病例集,例二,现代临床
升阳除湿汤合震灵丹,方剂组成药材,藁本,丁光迪医生病例集,例二,现代临床
升阳除湿汤合震灵丹,方剂组成药材,防风炭,丁光迪医生病例集,例二,现代临床
升阳除湿汤合震灵丹,方剂组成药材,白芷,丁光迪医生病例集,例二,现代临床
升阳除湿汤合震灵丹,方剂组成药材,独活,丁光迪医生病例集,例二,现代临床
升阳除湿汤合震灵丹,方剂组成药材,炒白芍,丁光迪医生病例集,例二,现代临床
升阳除湿汤合震灵丹,方剂组成药材,当归炭,丁光迪医生病例集,例二,现代临床
升阳除湿汤合震灵丹,方剂组成药材,陈皮,丁光迪医生病例集,例二,现代临床
升阳除湿汤合震灵丹,方剂组成药材,茯苓,丁光迪医生病例集,例二,现代临床
升阳除湿汤合震灵丹,方剂组成药材,红花,丁光迪医生病例集,例二,现代临床
升阳除湿汤合震灵丹,方剂组成药材,炙甘草,丁光迪医生病例集,例二,现代临床
升阳除湿汤合震灵丹,方剂组成药材,炮姜,丁光迪医生病例集,例二,现代临床
慢性非特异性溃疡性结肠炎,症状伴随症状,形体较瘦,丁光迪医生病例集,例二,现代临床
慢性非特异性溃疡性结肠炎,症状伴随症状,畏寒喜暖,丁光迪医生病例集,例二,现代临床
慢性非特异性溃疡性结肠炎,症状伴随症状,面色萎黄,丁光迪医生病例集,例二,现代临床
慢性非特异性溃疡性结肠炎,症状伴随症状,疲乏无力,丁光迪医生病例集,例二,现代临床
慢性非特异性溃疡性结肠炎,症状伴随症状,纳谷乏味,丁光迪医生病例集,例二,现代临床
慢性非特异性溃疡性结肠炎,症状伴随症状,多食不适,丁光迪医生病例集,例二,现代临床
高血压,疾病表现症状,头痛升火,丁光迪医生病例集,例二,现代临床
高血压,疾病表现症状,少寐心悸,丁光迪医生病例集,例二,现代临床
高血压,疾病表现症状,大便常秘结,丁光迪医生病例集,例二,现代临床
高血压,疾病表现症状,解时颇感困难,丁光迪医生病例集,例二,现代临床
高血压,疾病表现症状,努挣才下,丁光迪医生病例集,例二,现代临床
高血压,疾病表现症状,挣至头昏目黑,丁光迪医生病例集,例二,现代临床
高血压,疾病导致舌象,舌红而暗,丁光迪医生病例集,例二,现代临床
高血压,疾病导致舌象,苔薄黄腻,丁光迪医生病例集,例二,现代临床
高血压,疾病导致脉象,两手脉均弦滑,丁光迪医生病例集,例二,现代临床
高血压,疾病导致脉象,左按之较细,丁光迪医生病例集,例二,现代临床
高血压,疾病导致脉象,偶有歇止,丁光迪医生病例集,例二,现代临床
高血压,综合辨证证候,肝肾阴伤,丁光迪医生病例集,例二,现代临床
高血压,综合辨证证候,风阳僭逆,丁光迪医生病例集,例二,现代临床
高血压,综合辨证证候,心血有瘀阻,丁光迪医生病例集,例二,现代临床
高血压,综合辨证证候,血燥热风便秘为患,丁光迪医生病例集,例二,现代临床
高血压,证候采用方剂,通幽汤,丁光迪医生病例集,例二,现代临床
通幽汤,方剂组成药材,炒生地,丁光迪医生病例集,例二,现代临床
通幽汤,方剂组成药材,当归,丁光迪医生病例集,例二,现代临床
通幽汤,方剂组成药材,生白芍,丁光迪医生病例集,例二,现代临床
通幽汤,方剂组成药材,羌活,丁光迪医生病例集,例二,现代临床
通幽汤,方剂组成药材,川淮牛膝,丁光迪医生病例集,例二,现代临床
通幽汤,方剂组成药材,泽泻,丁光迪医生病例集,例二,现代临床
通幽汤,方剂组成药材,珍珠母,丁光迪医生病例集,例二,现代临床
通幽汤,方剂组成药材,芦荟,丁光迪医生病例集,例二,现代临床
气虚便秘,疾病表现症状,畏寒喜温,丁光迪医生病例集,例二,现代临床
气虚便秘,疾病表现症状,气色晦黄,丁光迪医生病例集,例二,现代临床
气虚便秘,疾病表现症状,行动迟缓,丁光迪医生病例集,例二,现代临床
气虚便秘,疾病表现症状,脉细而涩,丁光迪医生病例集,例二,现代临床
气虚便秘,疾病表现症状,舌胖有齿印,丁光迪医生病例集,例二,现代临床
气虚便秘,疾病导致舌象,舌苔薄腻,丁光迪医生病例集,例二,现代临床
湿阻气滞便秘,疾病表现症状,便秘后重,丁光迪医生病例集,例二,现代临床
湿阻气滞便秘,疾病表现症状,大便先结后澹,丁光迪医生病例集,例二,现代临床
湿阻气滞便秘,疾病表现症状,欲得矢气,丁光迪医生病例集,例二,现代临床
湿阻气滞便秘,疾病表现症状,欲得小便畅利,丁光迪医生病例集,例二,现代临床
湿阻气滞便秘,疾病导致舌象,舌苔薄腻,丁光迪医生病例集,例二,现代临床
气虚下陷,证候导致舌象,舌胖有齿印,丁光迪医生病例集,例二,现代临床
气虚下陷,证候导致脉象,脉细而涩,丁光迪医生病例集,例二,现代临床
湿阻气滞,证候导致舌象,舌苔薄腻,丁光迪医生病例集,例二,现代临床
湿阻气滞,证候导致脉象,脉细而涩,丁光迪医生病例集,例二,现代临床
气虚便秘,证候采用方剂,补中益气汤,丁光迪医生病例集,例二,现代临床
补中益气汤,方剂组成药材,升麻,丁光迪医生病例集,例二,现代临床
补中益气汤,方剂组成药材,柴胡,丁光迪医生病例集,例二,现代临床
补中益气汤,方剂组成药材,黄芩,丁光迪医生病例集,例二,现代临床
补中益气汤,方剂组成药材,党参,丁光迪医生病例集,例二,现代临床
补中益气汤,方剂组成药材,炙甘草,丁光迪医生病例集,例二,现代临床
补中益气汤,方剂组成药材,白术,丁光迪医生病例集,例二,现代临床
补中益气汤,方剂组成药材,陈皮,丁光迪医生病例集,例二,现代临床
补中益气汤,方剂组成药材,当归,丁光迪医生病例集,例二,现代临床
补中益气汤,方剂组成药材,桂枝,丁光迪医生病例集,例二,现代临床
补中益气汤,方剂组成药材,茯苓,丁光迪医生病例集,例二,现代临床
补中益气汤,方剂组成药材,防风,丁光迪医生病例集,例二,现代临床
补中益气汤,方剂组成药材,枳壳,丁光迪医生病例集,例二,现代临床
升麻,药材具有功效,通阳化气,丁光迪医生病例集,例二,现代临床
柴胡,药材具有功效,升降气机,丁光迪医生病例集,例二,现代临床
气虚便秘,症状辨证证候,气虚下陷,丁光迪医生病例集,例二,现代临床
湿阻气滞便秘,症状辨证证候,湿阻气滞,丁光迪医生病例集,例二,现代临床
便秘,归属于经典,内科讲义,丁光迪医生病例集,例二,现代临床
丁光迪,名医经验总结,便秘治疗经验,丁光迪医生病例集,例二,现代临床
慢性肾炎,疾病表现症状,肢面肿,丁光迪医生病例集,例二,现代临床
慢性肾炎,疾病表现症状,身肿,丁光迪医生病例集,例二,现代临床
慢性肾炎,疾病表现症状,面色少华,丁光迪医生病例集,例二,现代临床
慢性肾炎,疾病表现症状,形寒疲乏,丁光迪医生病例集,例二,现代临床
慢性肾炎,疾病表现症状,腰膝酸软,丁光迪医生病例集,例二,现代临床
慢性肾炎,疾病表现症状,纳呆乏味,丁光迪医生病例集,例二,现代临床
慢性肾炎,疾病表现症状,白天小便少,丁光迪医生病例集,例二,现代临床
慢性肾炎,疾病导致舌象,舌淡胖,丁光迪医生病例集,例二,现代临床
慢性肾炎,疾病导致舌象,苔薄白,丁光迪医生病例集,例二,现代临床
慢性肾炎,疾病导致脉象,脉细弦,丁光迪医生病例集,例二,现代临床
阳虚阴盛，脾肾两伤,证候导致舌象,舌淡胖,丁光迪医生病例集,例二,现代临床
阳虚阴盛，脾肾两伤,证候导致舌象,苔薄白,丁光迪医生病例集,例二,现代临床
阳虚阴盛，脾肾两伤,证候导致脉象,脉细弦,丁光迪医生病例集,例二,现代临床
阳虚阴盛，脾肾两伤,综合辨证证候,温阳化水，益气养血,丁光迪医生病例集,例二,现代临床
阳虚阴盛，脾肾两伤,证候采用方剂,黄芷桂枝五物汤合济生肾气丸,丁光迪医生病例集,例二,现代临床
黄芷桂枝五物汤合济生肾气丸,方剂组成药材,黄罠,丁光迪医生病例集,例二,现代临床
黄芷桂枝五物汤合济生肾气丸,方剂组成药材,桂枝,丁光迪医生病例集,例二,现代临床
黄芷桂枝五物汤合济生肾气丸,方剂组成药材,炒白芍,丁光迪医生病例集,例二,现代临床
黄芷桂枝五物汤合济生肾气丸,方剂组成药材,炒熟地,丁光迪医生病例集,例二,现代临床
黄芷桂枝五物汤合济生肾气丸,方剂组成药材,巴戟肉,丁光迪医生病例集,例二,现代临床
黄芷桂枝五物汤合济生肾气丸,方剂组成药材,淡苁蓉,丁光迪医生病例集,例二,现代临床
黄芷桂枝五物汤合济生肾气丸,方剂组成药材,炒山药,丁光迪医生病例集,例二,现代临床
黄芷桂枝五物汤合济生肾气丸,方剂组成药材,砂仁末,丁光迪医生病例集,例二,现代临床
黄芷桂枝五物汤合济生肾气丸,方剂组成药材,泽泻,丁光迪医生病例集,例二,现代临床
黄芷桂枝五物汤合济生肾气丸,方剂组成药材,茯苓,丁光迪医生病例集,例二,现代临床
黄芷桂枝五物汤合济生肾气丸,方剂组成药材,白术,丁光迪医生病例集,例二,现代临床
黄芷桂枝五物汤合济生肾气丸,方剂组成药材,淮牛膝,丁光迪医生病例集,例二,现代临床
黄芷桂枝五物汤合济生肾气丸,方剂组成药材,炒车前子,丁光迪医生病例集,例二,现代临床
黄芷桂枝五物汤合济生肾气丸,方剂组成药材,陈皮,丁光迪医生病例集,例二,现代临床
黄芷桂枝五物汤合济生肾气丸,方剂组成药材,炙杜仲,丁光迪医生病例集,例二,现代临床
黄芷桂枝五物汤合济生肾气丸,方剂组成药材,肉桂,丁光迪医生病例集,例二,现代临床
黄芷桂枝五物汤合济生肾气丸,方剂组成药材,山萸肉,丁光迪医生病例集,例二,现代临床
黄芷桂枝五物汤合济生肾气丸,方剂组成药材,炒党参,丁光迪医生病例集,例二,现代临床
黄芷桂枝五物汤合济生肾气丸,方剂组成药材,砂仁,丁光迪医生病例集,例二,现代临床
黄芷桂枝五物汤合济生肾气丸,方剂组成药材,白术,丁光迪医生病例集,例二,现代临床
黄芷桂枝五物汤合济生肾气丸,方剂组成药材,湘莲子,丁光迪医生病例集,例二,现代临床
黄芷桂枝五物汤合济生肾气丸,方剂组成药材,炒川断,丁光迪医生病例集,例二,现代临床
黄芷桂枝五物汤合济生肾气丸,方剂组成药材,炒杜伸,丁光迪医生病例集,例二,现代临床
黄芷桂枝五物汤合济生肾气丸,方剂组成药材,巴京地黄,丁光迪医生病例集,例二,现代临床
黄芷桂枝五物汤合济生肾气丸,方剂组成药材,保元汤,丁光迪医生病例集,例二,现代临床
黄芷桂枝五物汤合济生肾气丸,方剂组成药材,砂仁,丁光迪医生病例集,例二,现代临床
黄芷桂枝五物汤合济生肾气丸,方剂组成药材,白术,丁光迪医生病例集,例二,现代临床
黄芷桂枝五物汤合济生肾气丸,方剂组成药材,湘莲子,丁光迪医生病例集,例二,现代临床
黄芷桂枝五物汤合济生肾气丸,方剂组成药材,炒川断,丁光迪医生病例集,例二,现代临床
黄芷桂枝五物汤合济生肾气丸,方剂组成药材,炒杜伸,丁光迪医生病例集,例二,现代临床
丁光迪,名医经验总结,"此类证候，余常配用两张典方、唯与鱼，治水肿。取乌鱼1尾，重500克以下，去肠杂，4,笠己.腹山入黑白貝头末10克，川椒1.5克。扎紧泥封，隼1指评.炭火煨裂，去火气，敲开吃鱼肉，每日1尾，连服5日脾退，改用乌药末10克，益智仁6克，纳入鱼脫，照食如上法，能治蛋白尿。（此方系家传验方，原名消肿鱼）煨i肾汤，治腰痛.取猪腰子2只，一破两片，去脂膜血筋。每只纳入骨碎补末5克，小茴香3克，砂仁末3克，相合扎紧，加入葱、姜，文火水煨至腰子酥，去药，吃腰子与汤，每日1只，连服10只套配合应用，能增进疗效",丁光迪医生病例集,例二,现代临床
慢性肾炎急性发作,疾病表现症状,面目微肿,丁光迪医生病例集,例三,现代临床
慢性肾炎急性发作,疾病表现症状,两足肿,丁光迪医生病例集,例三,现代临床
慢性肾炎急性发作,疾病表现症状,咽红燥痒,丁光迪医生病例集,例三,现代临床
慢性肾炎急性发作,疾病表现症状,微咳,丁光迪医生病例集,例三,现代临床
慢性肾炎急性发作,疾病表现症状,唇红口亍,丁光迪医生病例集,例三,现代临床
慢性肾炎急性发作,疾病表现症状,下午有低热,丁光迪医生病例集,例三,现代临床
慢性肾炎急性发作,疾病表现症状,两额泛红,丁光迪医生病例集,例三,现代临床
慢性肾炎急性发作,疾病表现症状,皮肤瘙痒,丁光迪医生病例集,例三,现代临床
慢性肾炎急性发作,疾病表现症状,头昏无力,丁光迪医生病例集,例三,现代临床
慢性肾炎急性发作,疾病表现症状,小便黄、赤、量少,丁光迪医生病例集,例三,现代临床
慢性肾炎急性发作,疾病表现症状,纳谷不香,丁光迪医生病例集,例三,现代临床
慢性肾炎急性发作,疾病导致舌象,舌红,丁光迪医生病例集,例三,现代临床
慢性肾炎急性发作,疾病导致舌象,苔薄黄腻,丁光迪医生病例集,例三,现代临床
慢性肾炎急性发作,疾病导致脉象,脉细略数而弦,丁光迪医生病例集,例三,现代临床
肺肾两伤，脾胃不和,证候导致舌象,舌红,丁光迪医生病例集,例三,现代临床
肺肾两伤，脾胃不和,证候导致舌象,苔薄黄腻,丁光迪医生病例集,例三,现代临床
肺肾两伤，脾胃不和,证候导致脉象,脉细略数而弦,丁光迪医生病例集,例三,现代临床
养阴清热，健运脾胃,证候采用方剂,沙参麦冬汤,丁光迪医生病例集,例三,现代临床
沙参麦冬汤,方剂组成药材,北沙参,丁光迪医生病例集,例三,现代临床
沙参麦冬汤,方剂组成药材,麦冬,丁光迪医生病例集,例三,现代临床
沙参麦冬汤,方剂组成药材,蝉衣,丁光迪医生病例集,例三,现代临床
沙参麦冬汤,方剂组成药材,地骨皮,丁光迪医生病例集,例三,现代临床
沙参麦冬汤,方剂组成药材,炒生地,丁光迪医生病例集,例三,现代临床
沙参麦冬汤,方剂组成药材,淮山药,丁光迪医生病例集,例三,现代临床
沙参麦冬汤,方剂组成药材,丹皮,丁光迪医生病例集,例三,现代临床
沙参麦冬汤,方剂组成药材,泽泻,丁光迪医生病例集,例三,现代临床
沙参麦冬汤,方剂组成药材,茯苓,丁光迪医生病例集,例三,现代临床
沙参麦冬汤,方剂组成药材,白术,丁光迪医生病例集,例三,现代临床
沙参麦冬汤,方剂组成药材,陈皮,丁光迪医生病例集,例三,现代临床
沙参麦冬汤,方剂组成药材,炙桑皮,丁光迪医生病例集,例三,现代临床
沙参麦冬汤,方剂组成药材,炒黄柏,丁光迪医生病例集,例三,现代临床
沙参麦冬汤,方剂组成药材,炒谷麦芽,丁光迪医生病例集,例三,现代临床
北沙参,药材具有功效,养阴,丁光迪医生病例集,例三,现代临床
麦冬,药材具有功效,清热,丁光迪医生病例集,例三,现代临床
慢性肾炎,归属于经典,丁光迪医生病例集,丁光迪医生病例集,例三,现代临床
丁光迪,名医经验总结,运用煨乌鱼和煨肾汤两个验方，收到很好效果,丁光迪医生病例集,例三,现代临床
腰周围寒冷,疾病表现症状,酸软无力,丁光迪医生病例集,例一,现代临床
腰周围寒冷,疾病表现症状,不利上下楼,丁光迪医生病例集,例一,现代临床
腰周围寒冷,疾病表现症状,低热,丁光迪医生病例集,例一,现代临床
腰周围寒冷,疾病表现症状,小便呈黄酒色,丁光迪医生病例集,例一,现代临床
腰周围寒冷,疾病表现症状,甚时见血色,丁光迪医生病例集,例一,现代临床
肾虚膀胱热,证候导致舌象,舌质晦暗,丁光迪医生病例集,例一,现代临床
肾虚膀胱热,证候导致脉象,脉滑,丁光迪医生病例集,例一,现代临床
肾虚膀胱热,证候导致舌象,苔薄腻,丁光迪医生病例集,例一,现代临床
肾虚膀胱热,综合辨证证候,壮腰清利安络,丁光迪医生病例集,例一,现代临床
壮腰清利安络,证候采用方剂,独活15克桑寄生15克炒生地2克赤苓15克瞿麦15克篇蓄15克六一散（包）20克淮牛膝15克蒲黄炭（包）15克土贝母15克当归10克贯仲30克白花蛇舌草30克鲜车前草5株（打）,丁光迪医生病例集,例一,现代临床
血尿,症状伴随症状,小便涩,丁光迪医生病例集,例一,现代临床
血尿,症状辨证证候,肾虚膀胱热,丁光迪医生病例集,例一,现代临床
血尿,证候采用方剂,鲜牛膝草连根500克鲜车前草250克打汁,丁光迪医生病例集,例一,现代临床
膀胱癌,疾病导致舌象,舌质晦暗,丁光迪医生病例集,例一,现代临床
膀胱癌,疾病导致脉象,脉滑,丁光迪医生病例集,例一,现代临床
膀胱癌,疾病表现症状,低热,丁光迪医生病例集,例一,现代临床
膀胱癌,疾病表现症状,小便亦粉无赤色,丁光迪医生病例集,例一,现代临床
膀胱癌,疾病表现症状,纳谷睡眠均可,丁光迪医生病例集,例一,现代临床
膀胱癌,综合辨证证候,煎丸二方,丁光迪医生病例集,例一,现代临床
煎丸二方,证候采用方剂,独活15克寄生15克炒川断15克炒生地V2克当归10克生黄茂5克赤苓15克瞿麦15克篇蓄15克六一散（包）20克蒲黄炭（包）10克淮牛膝挡克炙杜仲15克象贝母（因无土皿母）15克白花蛇舌草30克石见穿30克,丁光迪医生病例集,例一,现代临床
小便骤然见血,症状辨证证候,肾虚膀胱热,丁光迪医生病例集,例一,现代临床
小便骤然见血,证候采用方剂,丹皮20克益元散包30克失笑散30克,丁光迪医生病例集,例一,现代临床
潘某,临床验证理论,肾虚膀胱热,丁光迪医生病例集,例一,现代临床
丁光迪,名医经验总结,壮腰清利安络,丁光迪医生病例集,例一,现代临床
老年性前列腺肥大,疾病表现症状,突然小便不通,丁光迪医生病例集,例一,现代临床
老年性前列腺肥大,疾病表现症状,小腹胀急,丁光迪医生病例集,例一,现代临床
老年性前列腺肥大,疾病表现症状,气息短促,丁光迪医生病例集,例一,现代临床
老年性前列腺肥大,疾病表现症状,不能平卧,丁光迪医生病例集,例一,现代临床
老年性前列腺肥大,疾病表现症状,烦躁不寐,丁光迪医生病例集,例一,现代临床
老年性前列腺肥大,疾病表现症状,心腹胀闷,丁光迪医生病例集,例一,现代临床
老年性前列腺肥大,疾病表现症状,不欲饮食,丁光迪医生病例集,例一,现代临床
老年性前列腺肥大,疾病表现症状,小便涓滴不畅,丁光迪医生病例集,例一,现代临床
老年性前列腺肥大,疾病表现症状,赤涩刺痛,丁光迪医生病例集,例一,现代临床
老年性前列腺肥大,疾病表现症状,大便不解,丁光迪医生病例集,例一,现代临床
老年性前列腺肥大,疾病导致舌象,舌胖,丁光迪医生病例集,例一,现代临床
老年性前列腺肥大,疾病导致舌象,苔水滑,丁光迪医生病例集,例一,现代临床
老年性前列腺肥大,疾病导致脉象,脉细,丁光迪医生病例集,例一,现代临床
老年性前列腺肥大,疾病导致脉象,脉弦,丁光迪医生病例集,例一,现代临床
肾虚阳惫,证候导致舌象,舌胖,丁光迪医生病例集,例一,现代临床
肾虚阳惫,证候导致舌象,苔水滑,丁光迪医生病例集,例一,现代临床
肾虚阳惫,证候导致脉象,脉细,丁光迪医生病例集,例一,现代临床
肾虚阳惫,证候导致脉象,脉弦,丁光迪医生病例集,例一,现代临床
肾虚阳惫,证候导致舌象,舌滑,丁光迪医生病例集,例一,现代临床
肾虚阳惫,证候导致症状,形寒怯冷,丁光迪医生病例集,例一,现代临床
肾虚阳惫,证候导致症状,口舌干燥,丁光迪医生病例集,例一,现代临床
肾虚阳惫,证候导致症状,不欲饮,丁光迪医生病例集,例一,现代临床
肾虚阳惫,证候导致症状,胸腹觉冷,丁光迪医生病例集,例一,现代临床
肾虚阳惫,证候导致症状,小便涓滴,丁光迪医生病例集,例一,现代临床
肾虚阳惫,证候导致症状,灼热赤涩,丁光迪医生病例集,例一,现代临床
肾虚阳惫,综合辨证证候,气化不行,丁光迪医生病例集,例一,现代临床
肾虚阳惫,综合辨证证候,阳虚则生寒,丁光迪医生病例集,例一,现代临床
肾虚阳惫,综合辨证证候,水道不利,丁光迪医生病例集,例一,现代临床
肾虚阳惫,综合辨证证候,浊气郁于下,丁光迪医生病例集,例一,现代临床
肾虚阳惫,综合辨证证候,逆于上则小腹胀而气促,丁光迪医生病例集,例一,现代临床
肾虚阳惫,证候采用方剂,天真丹加味,丁光迪医生病例集,例一,现代临床
天真丹加味,方剂组成药材,妙小茴,丁光迪医生病例集,例一,现代临床
天真丹加味,方剂组成药材,胡芦巴,丁光迪医生病例集,例一,现代临床
天真丹加味,方剂组成药材,破故纸,丁光迪医生病例集,例一,现代临床
天真丹加味,方剂组成药材,巴戟肉,丁光迪医生病例集,例一,现代临床
天真丹加味,方剂组成药材,杜仲,丁光迪医生病例集,例一,现代临床
天真丹加味,方剂组成药材,淮牛膝,丁光迪医生病例集,例一,现代临床
天真丹加味,方剂组成药材,茯苓,丁光迪医生病例集,例一,现代临床
天真丹加味,方剂组成药材,肉桂,丁光迪医生病例集,例一,现代临床
天真丹加味,方剂组成药材,炒黄柏,丁光迪医生病例集,例一,现代临床
茯苓,药材具有功效,利水渗湿,丁光迪医生病例集,例一,现代临床
肉桂,药材具有功效,温肾助阳,丁光迪医生病例集,例一,现代临床
天真丹加味,方剂组成药材,沉香粉,丁光迪医生病例集,例一,现代临床
天真丹加味,方剂组成药材,黑白丑,丁光迪医生病例集,例一,现代临床
天真丹加味,方剂组成药材,青盐,丁光迪医生病例集,例一,现代临床
天真丹加味,方剂组成药材,琥珀粉,丁光迪医生病例集,例一,现代临床
沉香,药材具有功效,温肾化气,丁光迪医生病例集,例一,现代临床
牵牛,药材具有功效,通阳泄浊,丁光迪医生病例集,例一,现代临床
天真丹加味,归属于经典,本草纲目,丁光迪医生病例集,例一,现代临床
丁光迪,名医经验总结,老年性前列腺肥大的治疗经验,丁光迪医生病例集,例一,现代临床
右侧输尿管结石,疾病表现症状,突然剧烈腹痛,丁光迪医生病例集,例一,现代临床
右侧输尿管结石,疾病表现症状,小便淋涩,丁光迪医生病例集,例一,现代临床
右侧输尿管结石,疾病导致舌象,舌胖,丁光迪医生病例集,例一,现代临床
右侧输尿管结石,疾病导致舌象,苔水滑,丁光迪医生病例集,例一,现代临床
右侧输尿管结石,疾病导致舌象,有紫气,丁光迪医生病例集,例一,现代临床
右侧输尿管结石,疾病导致脉象,脉沉细而紧,丁光迪医生病例集,例一,现代临床
右侧输尿管结石,症状伴随症状,腰痛腹痛,丁光迪医生病例集,例一,现代临床
右侧输尿管结石,症状伴随症状,恶心作吐,丁光迪医生病例集,例一,现代临床
右侧输尿管结石,症状伴随症状,小便不利,丁光迪医生病例集,例一,现代临床
右侧输尿管结石,症状伴随症状,体温下降,丁光迪医生病例集,例一,现代临床
右侧输尿管结石,症状伴随症状,浑身冷汗,丁光迪医生病例集,例一,现代临床
右侧输尿管结石,症状伴随症状,肤凉汗冷,丁光迪医生病例集,例一,现代临床
右侧输尿管结石,症状伴随症状,头昏疲乏,丁光迪医生病例集,例一,现代临床
右侧输尿管结石,症状伴随症状,大便澹而不爽,丁光迪医生病例集,例一,现代临床
右侧输尿管结石,症状伴随症状,纳谷无味,丁光迪医生病例集,例一,现代临床
右侧输尿管结石,症状伴随症状,时泛清水,丁光迪医生病例集,例一,现代临床
右侧输尿管结石,症状伴随症状,欲得温按,丁光迪医生病例集,例一,现代临床
右侧输尿管结石,症状伴随症状,特别不能冷食或吃油腻,丁光迪医生病例集,例一,现代临床
右侧输尿管结石,综合辨证证候,脾肾阳虚,丁光迪医生病例集,例一,现代临床
右侧输尿管结石,综合辨证证候,寒凝气滞,丁光迪医生病例集,例一,现代临床
右侧输尿管结石,综合辨证证候,石淋而兼气淋,丁光迪医生病例集,例一,现代临床
右侧输尿管结石,证候导致舌象,舌胖,丁光迪医生病例集,例一,现代临床
右侧输尿管结石,证候导致舌象,苔水滑,丁光迪医生病例集,例一,现代临床
右侧输尿管结石,证候导致舌象,有紫气,丁光迪医生病例集,例一,现代临床
右侧输尿管结石,证候导致脉象,脉沉细而紧,丁光迪医生病例集,例一,现代临床
右侧输尿管结石,证候采用方剂,天真丹合六一散,丁光迪医生病例集,例一,现代临床
天真丹合六一散,方剂组成药材,炒小茴,丁光迪医生病例集,例一,现代临床
天真丹合六一散,方剂组成药材,乳香,丁光迪医生病例集,例一,现代临床
天真丹合六一散,方剂组成药材,胡芦巴,丁光迪医生病例集,例一,现代临床
天真丹合六一散,方剂组成药材,破故纸,丁光迪医生病例集,例一,现代临床
天真丹合六一散,方剂组成药材,巴戟肉,丁光迪医生病例集,例一,现代临床
天真丹合六一散,方剂组成药材,杜仲,丁光迪医生病例集,例一,现代临床
天真丹合六一散,方剂组成药材,肉桂,丁光迪医生病例集,例一,现代临床
天真丹合六一散,方剂组成药材,六一散,丁光迪医生病例集,例一,现代临床
天真丹合六一散,方剂组成药材,茯苓,丁光迪医生病例集,例一,现代临床
天真丹合六一散,方剂组成药材,虎杖,丁光迪医生病例集,例一,现代临床
天真丹合六一散,方剂组成药材,沉香粉,丁光迪医生病例集,例一,现代临床
天真丹合六一散,方剂组成药材,琥珀粉,丁光迪医生病例集,例一,现代临床
天真丹合六一散,方剂组成药材,黑白丑,丁光迪医生病例集,例一,现代临床
天真丹合六一散,方剂组成药材,青盐,丁光迪医生病例集,例一,现代临床
右侧输尿管结石,证候导致舌象,舌胖,丁光迪医生病例集,例一,现代临床
右侧输尿管结石,证候导致舌象,苔水滑,丁光迪医生病例集,例一,现代临床
右侧输尿管结石,证候导致舌象,有紫气,丁光迪医生病例集,例一,现代临床
右侧输尿管结石,证候导致脉象,脉沉细而紧,丁光迪医生病例集,例一,现代临床
右侧输尿管结石,症状辨证证候,脾肾阳虚,丁光迪医生病例集,例一,现代临床
右侧输尿管结石,症状辨证证候,寒凝气滞,丁光迪医生病例集,例一,现代临床
右侧输尿管结石,症状辨证证候,石淋而兼气淋,丁光迪医生病例集,例一,现代临床
右侧输尿管结石,证候采用方剂,天真丹合六一散,丁光迪医生病例集,例一,现代临床
右侧输尿管结石,症状伴随症状,小便淋沥不爽,丁光迪医生病例集,例一,现代临床
右侧输尿管结石,症状伴随症状,形神萎顿,丁光迪医生病例集,例一,现代临床
右侧输尿管结石,症状伴随症状,重病面容,丁光迪医生病例集,例一,现代临床
右侧输尿管结石,症状伴随症状,肤凉汗冷,丁光迪医生病例集,例一,现代临床
右侧输尿管结石,症状伴随症状,脉沉细而紧,丁光迪医生病例集,例一,现代临床
右侧输尿管结石,症状伴随症状,舌胖,丁光迪医生病例集,例一,现代临床
右侧输尿管结石,症状伴随症状,苔水滑,丁光迪医生病例集,例一,现代临床
右侧输尿管结石,症状伴随症状,有紫气,丁光迪医生病例集,例一,现代临床
右侧输尿管结石,症状伴随症状,腰痛腹痛尚然阵发,丁光迪医生病例集,例一,现代临床
右侧输尿管结石,症状伴随症状,放射至小腹,丁光迪医生病例集,例一,现代临床
右侧输尿管结石,症状伴随症状,小便淋沥不爽,丁光迪医生病例集,例一,现代临床
右侧输尿管结石,症状伴随症状,形神萎顿,丁光迪医生病例集,例一,现代临床
右侧输尿管结石,症状伴随症状,重病面容,丁光迪医生病例集,例一,现代临床
右侧输尿管结石,症状伴随症状,肤凉汗冷,丁光迪医生病例集,例一,现代临床
右侧输尿管结石,症状伴随症状,脉沉细而紧,丁光迪医生病例集,例一,现代临床
右侧输尿管结石,症状伴随症状,舌胖,丁光迪医生病例集,例一,现代临床
右侧输尿管结石,症状伴随症状,苔水滑,丁光迪医生病例集,例一,现代临床
右侧输尿管结石,症状伴随症状,有紫气,丁光迪医生病例集,例一,现代临床
右侧输尿管结石,症状伴随症状,腰痛腹痛,丁光迪医生病例集,例一,现代临床
右侧输尿管结石,症状伴随症状,恶心作吐,丁光迪医生病例集,例一,现代临床
右侧输尿管结石,症状伴随症状,小便不利,丁光迪医生病例集,例一,现代临床
右侧输尿管结石,症状伴随症状,体温下降,丁光迪医生病例集,例一,现代临床
右侧输尿管结石,症状伴随症状,浑身冷汗,丁光迪医生病例集,例一,现代临床
右侧输尿管结石,症状伴随症状,肤凉汗冷,丁光迪医生病例集,例一,现代临床
右侧输尿管结石,症状伴随症状,头昏疲乏,丁光迪医生病例集,例一,现代临床
右侧输尿管结石,症状伴随症状,大便澹而不爽,丁光迪医生病例集,例一,现代临床
右侧输尿管结石,症状伴随症状,纳谷无味,丁光迪医生病例集,例一,现代临床
右侧输尿管结石,症状伴随症状,时泛清水,丁光迪医生病例集,例一,现代临床
右侧输尿管结石,症状伴随症状,欲得温按,丁光迪医生病例集,例一,现代临床
右侧输尿管结石,症状伴随症状,特别不能冷食或吃油腻,丁光迪医生病例集,例一,现代临床
右肾结石,疾病表现症状,腰痛如折,丁光迪医生病例集,例二,现代临床
右肾结石,疾病表现症状,不能动弹,丁光迪医生病例集,例二,现代临床
右肾结石,疾病表现症状,恶心呕吐,丁光迪医生病例集,例二,现代临床
右肾结石,疾病表现症状,二便不爽,丁光迪医生病例集,例二,现代临床
右肾结石,疾病表现症状,低热,丁光迪医生病例集,例二,现代临床
右肾结石,疾病表现症状,胃不欲纳,丁光迪医生病例集,例二,现代临床
右肾结石,疾病表现症状,烦不能寐,丁光迪医生病例集,例二,现代临床
右肾结石,疾病导致舌象,舌苔黄厚,丁光迪医生病例集,例二,现代临床
右肾结石,疾病导致脉象,脉细滑,丁光迪医生病例集,例二,现代临床
湿积中阻，气化不行,证候导致舌象,舌苔黄厚,丁光迪医生病例集,例二,现代临床
湿积中阻，气化不行,证候导致脉象,脉细滑,丁光迪医生病例集,例二,现代临床
行气化湿，通腑排石,证候采用方剂,桑寄生15克炒川断15克川草薛15克醋炒延胡10克制乳香10克赤白芍各15克姜川朴7克炒焦枳壳实各10克生纹军？克姜半夏1。克六一散（包）30克,丁光迪医生病例集,例二,现代临床
行气化湿，通腑排石,方剂组成药材,桑寄生,丁光迪医生病例集,例二,现代临床
行气化湿，通腑排石,方剂组成药材,炒川断,丁光迪医生病例集,例二,现代临床
行气化湿，通腑排石,方剂组成药材,川草薛,丁光迪医生病例集,例二,现代临床
行气化湿，通腑排石,方剂组成药材,醋炒延胡,丁光迪医生病例集,例二,现代临床
行气化湿，通腑排石,方剂组成药材,制乳香,丁光迪医生病例集,例二,现代临床
行气化湿，通腑排石,方剂组成药材,赤白芍,丁光迪医生病例集,例二,现代临床
行气化湿，通腑排石,方剂组成药材,姜川朴,丁光迪医生病例集,例二,现代临床
行气化湿，通腑排石,方剂组成药材,炒焦枳壳实,丁光迪医生病例集,例二,现代临床
行气化湿，通腑排石,方剂组成药材,生纹军,丁光迪医生病例集,例二,现代临床
行气化湿，通腑排石,方剂组成药材,姜半夏,丁光迪医生病例集,例二,现代临床
行气化湿，通腑排石,方剂组成药材,六一散,丁光迪医生病例集,例二,现代临床
桑寄生,药材具有功效,行气化湿,丁光迪医生病例集,例二,现代临床
慢性前列腺炎,疾病表现症状,心情急躁,丁光迪医生病例集,例二,现代临床
慢性前列腺炎,疾病表现症状,下午低热,丁光迪医生病例集,例二,现代临床
慢性前列腺炎,疾病表现症状,少寐多梦,丁光迪医生病例集,例二,现代临床
慢性前列腺炎,疾病表现症状,遗精早泄,丁光迪医生病例集,例二,现代临床
慢性前列腺炎,疾病表现症状,尿道不适,丁光迪医生病例集,例二,现代临床
慢性前列腺炎,疾病表现症状,尿后有脓样分泌物滴出,丁光迪医生病例集,例二,现代临床
慢性前列腺炎,疾病表现症状,小便较频,丁光迪医生病例集,例二,现代临床
慢性前列腺炎,疾病表现症状,尿意不尽,丁光迪医生病例集,例二,现代临床
慢性前列腺炎,疾病表现症状,会阴、精索、睾丸不适,丁光迪医生病例集,例二,现代临床
慢性前列腺炎,疾病表现症状,作胀,丁光迪医生病例集,例二,现代临床
慢性前列腺炎,疾病表现症状,间有抽掣痛感,丁光迪医生病例集,例二,现代临床
慢性前列腺炎,疾病表现症状,头额昏胀,丁光迪医生病例集,例二,现代临床
慢性前列腺炎,疾病导致舌象,舌红,丁光迪医生病例集,例二,现代临床
慢性前列腺炎,疾病导致舌象,苔薄黄腻,丁光迪医生病例集,例二,现代临床
慢性前列腺炎,疾病导致脉象,脉细弦略数,丁光迪医生病例集,例二,现代临床
阴虚火旺，湿热下注,证候导致舌象,舌红,丁光迪医生病例集,例二,现代临床
阴虚火旺，湿热下注,证候导致舌象,苔薄黄腻,丁光迪医生病例集,例二,现代临床
阴虚火旺，湿热下注,证候导致脉象,脉细弦略数,丁光迪医生病例集,例二,现代临床
养阴敛阳，漬化湿热,证候采用方剂,知柏地黄、蔽苗附子败酱散合参广,丁光迪医生病例集,例二,现代临床
养阴敛阳，漬化湿热,方剂组成药材,炒生地,丁光迪医生病例集,例二,现代临床
养阴敛阳，漬化湿热,方剂组成药材,丹皮,丁光迪医生病例集,例二,现代临床
养阴敛阳，漬化湿热,方剂组成药材,泽泻,丁光迪医生病例集,例二,现代临床
养阴敛阳，漬化湿热,方剂组成药材,茯苓,丁光迪医生病例集,例二,现代临床
养阴敛阳，漬化湿热,方剂组成药材,炒山药,丁光迪医生病例集,例二,现代临床
养阴敛阳，漬化湿热,方剂组成药材,女贞子,丁光迪医生病例集,例二,现代临床
养阴敛阳，漬化湿热,方剂组成药材,炒知母,丁光迪医生病例集,例二,现代临床
养阴敛阳，漬化湿热,方剂组成药材,黄柏,丁光迪医生病例集,例二,现代临床
养阴敛阳，漬化湿热,方剂组成药材,制附片,丁光迪医生病例集,例二,现代临床
养阴敛阳，漬化湿热,方剂组成药材,慧苞仁,丁光迪医生病例集,例二,现代临床
养阴敛阳，漬化湿热,方剂组成药材,败酱草,丁光迪医生病例集,例二,现代临床
养阴敛阳，漬化湿热,方剂组成药材,白芷,丁光迪医生病例集,例二,现代临床
养阴敛阳，漬化湿热,方剂组成药材,石莒蒲,丁光迪医生病例集,例二,现代临床
养阴敛阳，漬化湿热,方剂组成药材,莲子青芯,丁光迪医生病例集,例二,现代临床
养阴敛阳，漬化湿热,方剂组成药材,夜交藤,丁光迪医生病例集,例二,现代临床
炒生地,药材具有功效,养阴敛阳,丁光迪医生病例集,例二,现代临床
黄柏,药材具有功效,漬化湿热,丁光迪医生病例集,例二,现代临床
慢性前列腺炎,疾病表现症状,疲乏,丁光迪医生病例集,例二,现代临床
慢性前列腺炎,疾病表现症状,尿后有粘液滴出,丁光迪医生病例集,例二,现代临床
慢性前列腺炎,疾病表现症状,脓样分泌物,丁光迪医生病例集,例二,现代临床
慢性前列腺炎,疾病表现症状,体力更差,丁光迪医生病例集,例二,现代临床
慢性前列腺炎,疾病表现症状,夜寐不安,丁光迪医生病例集,例二,现代临床
慢性前列腺炎,疾病表现症状,前后二阴时有坠胀,丁光迪医生病例集,例二,现代临床
慢性前列腺炎,疾病导致舌象,舌嫩,丁光迪医生病例集,例二,现代临床
慢性前列腺炎,疾病导致舌象,苔薄白,丁光迪医生病例集,例二,现代临床
慢性前列腺炎,疾病导致脉象,两手脉濡,丁光迪医生病例集,例二,现代临床
慢性前列腺炎,疾病导致脉象,微见弦象,丁光迪医生病例集,例二,现代临床
虚实错杂病情,证候导致舌象,舌嫩,丁光迪医生病例集,例二,现代临床
虚实错杂病情,证候导致舌象,苔薄白,丁光迪医生病例集,例二,现代临床
虚实错杂病情,证候导致脉象,两手脉濡,丁光迪医生病例集,例二,现代临床
虚实错杂病情,证候导致脉象,微见弦象,丁光迪医生病例集,例二,现代临床
虚实错杂病情,综合辨证证候,心脾肾倶怯,丁光迪医生病例集,例二,现代临床
虚实错杂病情,证候采用方剂,妙香散加味,丁光迪医生病例集,例二,现代临床
妙香散加味,方剂组成药材,黄芷,丁光迪医生病例集,例二,现代临床
妙香散加味,方剂组成药材,党参,丁光迪医生病例集,例二,现代临床
妙香散加味,方剂组成药材,炙甘草,丁光迪医生病例集,例二,现代临床
妙香散加味,方剂组成药材,木香,丁光迪医生病例集,例二,现代临床
妙香散加味,方剂组成药材,茯神,丁光迪医生病例集,例二,现代临床
妙香散加味,方剂组成药材,远志,丁光迪医生病例集,例二,现代临床
妙香散加味,方剂组成药材,山药,丁光迪医生病例集,例二,现代临床
妙香散加味,方剂组成药材,熟地,丁光迪医生病例集,例二,现代临床
妙香散加味,方剂组成药材,山萸肉,丁光迪医生病例集,例二,现代临床
妙香散加味,方剂组成药材,制附子,丁光迪医生病例集,例二,现代临床
妙香散加味,方剂组成药材,惹茂仁,丁光迪医生病例集,例二,现代临床
妙香散加味,方剂组成药材,败酱草,丁光迪医生病例集,例二,现代临床
妙香散加味,方剂组成药材,白芷,丁光迪医生病例集,例二,现代临床
妙香散加味,方剂组成药材,巴戟肉,丁光迪医生病例集,例二,现代临床
黄芷,药材具有功效,治本顾标,丁光迪医生病例集,例二,现代临床
党参,药材具有功效,治本顾标,丁光迪医生病例集,例二,现代临床
丁光迪,名医经验总结,胡某男39岁干部 中年丧偶，抑郁寡欢，常感疲乏，尿后有粘液滴出，旋又变为脓样分泌物。体力更差，夜寐不安。自感前后二阴时有坠胀，欲得畅尿或矢气乃快（去医院检査，诊为慢性前列腺炎病经年余，多方治疗不愈。气色较滞，神情欠振。两手脉濡 微见弦象，舌嫩，苔薄白。分析病情，此为白浊日久，心脾肾倶怯，属于虚实错杂病情。法为治本顾标，妙香散加味。,丁光迪医生病例集,例二,现代临床
前列腺炎,疾病表现症状,腰部酸痛,丁光迪医生病例集,例三,现代临床
前列腺炎,疾病表现症状,小腹坠胀,丁光迪医生病例集,例三,现代临床
前列腺炎,疾病表现症状,小便迟涩不爽,丁光迪医生病例集,例三,现代临床
前列腺炎,疾病表现症状,尿后有白浊,丁光迪医生病例集,例三,现代临床
前列腺炎,疾病表现症状,不能坐硬板凳,丁光迪医生病例集,例三,现代临床
前列腺炎,疾病导致舌象,舌红,丁光迪医生病例集,例三,现代临床
前列腺炎,疾病导致舌象,苔腻,丁光迪医生病例集,例三,现代临床
前列腺炎,疾病导致脉象,脉弦,丁光迪医生病例集,例三,现代临床
白浊,症状伴随症状,腰酸小腹胀,丁光迪医生病例集,例三,现代临床
白浊,症状伴随症状,欲得肠鸣失气,丁光迪医生病例集,例三,现代临床
标本两病,证候导致舌象,舌红,丁光迪医生病例集,例三,现代临床
标本两病,证候导致舌象,苔腻,丁光迪医生病例集,例三,现代临床
标本两病,证候导致脉象,脉弦,丁光迪医生病例集,例三,现代临床
标本两病,综合辨证证候,肝脾肾俱伤，气化不行,丁光迪医生病例集,例三,现代临床
标本两病,综合辨证证候,气滞血瘀,丁光迪医生病例集,例三,现代临床
标本两病,综合辨证证候,湿热下注,丁光迪医生病例集,例三,现代临床
标本两病,证候采用方剂,独活寄生汤,丁光迪医生病例集,例三,现代临床
标本两病,证候采用方剂,琥珀散,丁光迪医生病例集,例三,现代临床
独活寄生汤,方剂组成药材,独活,丁光迪医生病例集,例三,现代临床
独活寄生汤,方剂组成药材,桑寄生,丁光迪医生病例集,例三,现代临床
独活寄生汤,方剂组成药材,炒川断,丁光迪医生病例集,例三,现代临床
独活寄生汤,方剂组成药材,川牛膝,丁光迪医生病例集,例三,现代临床
独活寄生汤,方剂组成药材,当归,丁光迪医生病例集,例三,现代临床
独活寄生汤,方剂组成药材,白芍,丁光迪医生病例集,例三,现代临床
独活寄生汤,方剂组成药材,茯苓,丁光迪医生病例集,例三,现代临床
独活寄生汤,方剂组成药材,乌药,丁光迪医生病例集,例三,现代临床
独活寄生汤,方剂组成药材,炒川楝子,丁光迪医生病例集,例三,现代临床
独活寄生汤,方剂组成药材,荔枝核,丁光迪医生病例集,例三,现代临床
独活寄生汤,方剂组成药材,桃仁泥,丁光迪医生病例集,例三,现代临床
独活寄生汤,方剂组成药材,红花,丁光迪医生病例集,例三,现代临床
独活寄生汤,方剂组成药材,王不留行,丁光迪医生病例集,例三,现代临床
独活寄生汤,方剂组成药材,盐水炒黄柏,丁光迪医生病例集,例三,现代临床
独活寄生汤,方剂组成药材,败酱草,丁光迪医生病例集,例三,现代临床
琥珀散,方剂组成药材,琥珀粉,丁光迪医生病例集,例三,现代临床
琥珀散,方剂组成药材,沉香粉,丁光迪医生病例集,例三,现代临床
琥珀散,方剂组成药材,蟋蟀,丁光迪医生病例集,例三,现代临床
琥珀粉,药材具有功效,利尿以泄浊,丁光迪医生病例集,例三,现代临床
沉香粉,药材具有功效,扶正以化气,丁光迪医生病例集,例三,现代临床
蟋蟀,药材具有功效,通为主,丁光迪医生病例集,例三,现代临床
慢性前列腺炎,归属于经典,素问痿论,丁光迪医生病例集,例三,现代临床
慢性前列腺炎,归属于经典,证治准绳,丁光迪医生病例集,例三,现代临床
慢性前列腺炎,理论指导实践,治本顾标,丁光迪医生病例集,例三,现代临床
丁光迪,名医经验总结,标本两病,丁光迪医生病例集,例三,现代临床
过敏性紫斑病,疾病表现症状,下肢紫斑,丁光迪医生病例集,例一,现代临床
过敏性紫斑病,疾病表现症状,全身不适,丁光迪医生病例集,例一,现代临床
过敏性紫斑病,疾病表现症状,关节酸痛,丁光迪医生病例集,例一,现代临床
过敏性紫斑病,疾病表现症状,微肿,丁光迪医生病例集,例一,现代临床
过敏性紫斑病,疾病表现症状,发热,丁光迪医生病例集,例一,现代临床
过敏性紫斑病,疾病表现症状,腹痛,丁光迪医生病例集,例一,现代临床
过敏性紫斑病,疾病表现症状,恶心呕吐,丁光迪医生病例集,例一,现代临床
过敏性紫斑病,疾病表现症状,大便泄泻,丁光迪医生病例集,例一,现代临床
过敏性紫斑病,疾病表现症状,下血,丁光迪医生病例集,例一,现代临床
过敏性紫斑病,疾病导致舌象,舌质淡,丁光迪医生病例集,例一,现代临床
过敏性紫斑病,疾病导致舌象,有紫气紫斑,丁光迪医生病例集,例一,现代临床
过敏性紫斑病,疾病导致舌象,苔薄滑,丁光迪医生病例集,例一,现代临床
过敏性紫斑病,疾病导致脉象,脉细略数,丁光迪医生病例集,例一,现代临床
过敏性紫斑病,疾病导致脉象,按之弦而少力,丁光迪医生病例集,例一,现代临床
过敏性紫斑病,症状伴随症状,面色苍黄,丁光迪医生病例集,例一,现代临床
过敏性紫斑病,症状伴随症状,形体畏寒,丁光迪医生病例集,例一,现代临床
过敏性紫斑病,症状伴随症状,胃不欲纳,丁光迪医生病例集,例一,现代临床
过敏性紫斑病,症状伴随症状,形神疲乏,丁光迪医生病例集,例一,现代临床
过敏性紫斑病,综合辨证证候,阴斑F血,丁光迪医生病例集,例一,现代临床
阴斑F血,证候导致舌象,舌质淡,丁光迪医生病例集,例一,现代临床
阴斑F血,证候导致舌象,有紫气紫斑,丁光迪医生病例集,例一,现代临床
阴斑F血,证候导致舌象,苔薄滑,丁光迪医生病例集,例一,现代临床
阴斑F血,证候导致脉象,脉细略数,丁光迪医生病例集,例一,现代临床
阴斑F血,证候导致脉象,按之弦而少力,丁光迪医生病例集,例一,现代临床
阴斑F血,证候采用方剂,升麻葛根汤,丁光迪医生病例集,例一,现代临床
升麻葛根汤,方剂组成药材,炙升麻,丁光迪医生病例集,例一,现代临床
升麻葛根汤,方剂组成药材,葛根,丁光迪医生病例集,例一,现代临床
升麻葛根汤,方剂组成药材,荆芥,丁光迪医生病例集,例一,现代临床
升麻葛根汤,方剂组成药材,防风,丁光迪医生病例集,例一,现代临床
升麻葛根汤,方剂组成药材,羌活,丁光迪医生病例集,例一,现代临床
升麻葛根汤,方剂组成药材,独活,丁光迪医生病例集,例一,现代临床
升麻葛根汤,方剂组成药材,苍术,丁光迪医生病例集,例一,现代临床
升麻葛根汤,方剂组成药材,白术,丁光迪医生病例集,例一,现代临床
升麻葛根汤,方剂组成药材,炮姜,丁光迪医生病例集,例一,现代临床
升麻葛根汤,方剂组成药材,茯苓,丁光迪医生病例集,例一,现代临床
升麻葛根汤,方剂组成药材,炙甘草,丁光迪医生病例集,例一,现代临床
升麻葛根汤,方剂组成药材,黄芷,丁光迪医生病例集,例一,现代临床
升麻葛根汤,方剂组成药材,党参,丁光迪医生病例集,例一,现代临床
升麻葛根汤,方剂组成药材,白芍,丁光迪医生病例集,例一,现代临床
升麻葛根汤,方剂组成药材,陈皮,丁光迪医生病例集,例一,现代临床
升麻葛根汤,方剂组成药材,荷叶,丁光迪医生病例集,例一,现代临床
炙升麻,药材具有功效,开阳益气,丁光迪医生病例集,例一,现代临床
葛根,药材具有功效,化斑摄血,丁光迪医生病例集,例一,现代临床
丁光迪,名医经验总结,过敏性紫斑病的治疗经验,丁光迪医生病例集,例一,现代临床
肠型过敏性紫斑病,疾病表现症状,两小腿疼痛,丁光迪医生病例集,例二,现代临床
肠型过敏性紫斑病,疾病表现症状,不能站立,丁光迪医生病例集,例二,现代临床
肠型过敏性紫斑病,疾病表现症状,不能行走,丁光迪医生病例集,例二,现代临床
肠型过敏性紫斑病,疾病表现症状,足背上有紫斑,丁光迪医生病例集,例二,现代临床
肠型过敏性紫斑病,疾病表现症状,腹部疼痛,丁光迪医生病例集,例二,现代临床
肠型过敏性紫斑病,疾病表现症状,泄泻,丁光迪医生病例集,例二,现代临床
肠型过敏性紫斑病,疾病表现症状,浮肿少尿,丁光迪医生病例集,例二,现代临床
肠型过敏性紫斑病,疾病表现症状,下肢又有紫斑,丁光迪医生病例集,例二,现代临床
肠型过敏性紫斑病,疾病表现症状,腹中绞痛,丁光迪医生病例集,例二,现代临床
肠型过敏性紫斑病,疾病表现症状,大便泄泻出血不止,丁光迪医生病例集,例二,现代临床
肠型过敏性紫斑病,疾病表现症状,血尿,丁光迪医生病例集,例二,现代临床
肠型过敏性紫斑病,疾病表现症状,头晕眼糊,丁光迪医生病例集,例二,现代临床
肠型过敏性紫斑病,疾病表现症状,全身轻度虚浮,丁光迪医生病例集,例二,现代临床
肠型过敏性紫斑病,疾病表现症状,两手作痛,丁光迪医生病例集,例二,现代临床
肠型过敏性紫斑病,疾病表现症状,两脚沉重,丁光迪医生病例集,例二,现代临床
肠型过敏性紫斑病,疾病表现症状,纳谷不香,丁光迪医生病例集,例二,现代临床
肠型过敏性紫斑病,疾病表现症状,睡时惊惕,丁光迪医生病例集,例二,现代临床
肠型过敏性紫斑病,疾病表现症状,面色形体苍黄色,丁光迪医生病例集,例二,现代临床
肠型过敏性紫斑病,疾病表现症状,时自畏寒,丁光迪医生病例集,例二,现代临床
肠型过敏性紫斑病,疾病导致舌象,舌质淡胖,丁光迪医生病例集,例二,现代临床
肠型过敏性紫斑病,疾病导致舌象,有紫气紫斑,丁光迪医生病例集,例二,现代临床
肠型过敏性紫斑病,疾病导致舌象,苔罩薄黄腻,丁光迪医生病例集,例二,现代临床
肠型过敏性紫斑病,疾病导致脉象,脉细弱,丁光迪医生病例集,例二,现代临床
肠型过敏性紫斑病,疾病导致脉象,按之有弦象,丁光迪医生病例集,例二,现代临床
阴斑,证候导致舌象,舌质淡胖,丁光迪医生病例集,例二,现代临床
阴斑,证候导致舌象,有紫气紫斑,丁光迪医生病例集,例二,现代临床
阴斑,证候导致舌象,苔罩薄黄腻,丁光迪医生病例集,例二,现代临床
阴斑,证候导致脉象,脉细弱,丁光迪医生病例集,例二,现代临床
阴斑,证候导致脉象,按之有弦象,丁光迪医生病例集,例二,现代临床
升阳益气，摄血化斑法,证候采用方剂,升阳除湿汤,丁光迪医生病例集,例二,现代临床
升阳除湿汤,方剂组成药材,炙升麻,丁光迪医生病例集,例二,现代临床
升阳除湿汤,方剂组成药材,荆芥,丁光迪医生病例集,例二,现代临床
升阳除湿汤,方剂组成药材,防风炭,丁光迪医生病例集,例二,现代临床
升阳除湿汤,方剂组成药材,羌活,丁光迪医生病例集,例二,现代临床
升阳除湿汤,方剂组成药材,独活,丁光迪医生病例集,例二,现代临床
升阳除湿汤,方剂组成药材,苍术,丁光迪医生病例集,例二,现代临床
升阳除湿汤,方剂组成药材,白术,丁光迪医生病例集,例二,现代临床
升阳除湿汤,方剂组成药材,泽泻,丁光迪医生病例集,例二,现代临床
升阳除湿汤,方剂组成药材,益智仁,丁光迪医生病例集,例二,现代临床
升阳除湿汤,方剂组成药材,炙甘草,丁光迪医生病例集,例二,现代临床
升阳除湿汤,方剂组成药材,白芍,丁光迪医生病例集,例二,现代临床
升阳除湿汤,方剂组成药材,黄芷,丁光迪医生病例集,例二,现代临床
升阳除湿汤,方剂组成药材,党参,丁光迪医生病例集,例二,现代临床
升阳除湿汤,方剂组成药材,炒黄柏,丁光迪医生病例集,例二,现代临床
升阳除湿汤,方剂组成药材,青荷叶,丁光迪医生病例集,例二,现代临床
炙升麻,药材具有功效,升清气,丁光迪医生病例集,例二,现代临床
荆芥,药材具有功效,升举阳气,丁光迪医生病例集,例二,现代临床
荆芥,药材具有功效,搜风邪,丁光迪医生病例集,例二,现代临床
防风炭,药材具有功效,升举阳气,丁光迪医生病例集,例二,现代临床
防风炭,药材具有功效,搜风邪,丁光迪医生病例集,例二,现代临床
羌活,药材具有功效,升举阳气,丁光迪医生病例集,例二,现代临床
羌活,药材具有功效,搜风邪,丁光迪医生病例集,例二,现代临床
独活,药材具有功效,升举阳气,丁光迪医生病例集,例二,现代临床
独活,药材具有功效,搜风邪,丁光迪医生病例集,例二,现代临床
苍术,药材具有功效,风燥药能胜阴湿,丁光迪医生病例集,例二,现代临床
苍术,药材具有功效,急挽胃气下陷,丁光迪医生病例集,例二,现代临床
黄芷,药材具有功效,补虚元气,丁光迪医生病例集,例二,现代临床
黄芷,药材具有功效,补血摄血,丁光迪医生病例集,例二,现代临床
炙甘草,药材具有功效,补虚元气,丁光迪医生病例集,例二,现代临床
炙甘草,药材具有功效,补血摄血,丁光迪医生病例集,例二,现代临床
当归,药材具有功效,补虚元气,丁光迪医生病例集,例二,现代临床
当归,药材具有功效,补血摄血,丁光迪医生病例集,例二,现代临床
升阳除湿汤,归属于经典,兰室秘藏,丁光迪医生病例集,例二,现代临床
肠型过敏性紫斑病,理论指导实践,风者善行而数变,丁光迪医生病例集,例二,现代临床
丁光迪,名医经验总结,肠型过敏性紫斑病治疗经验,丁光迪医生病例集,例二,现代临床
尊麻疹,疾病表现症状,腹痛拘急,丁光迪医生病例集,例三,现代临床
尊麻疹,疾病表现症状,泄泻,丁光迪医生病例集,例三,现代临床
尊麻疹,疾病表现症状,疹块遍体,丁光迪医生病例集,例三,现代临床
尊麻疹,疾病表现症状,瘙痒难忍,丁光迪医生病例集,例三,现代临床
尊麻疹,疾病表现症状,恶寒发热,丁光迪医生病例集,例三,现代临床
尊麻疹,疾病导致舌象,舌淡苔薄,丁光迪医生病例集,例三,现代临床
尊麻疹,疾病导致脉象,脉细弦,丁光迪医生病例集,例三,现代临床
脾胃不足,证候导致舌象,舌淡苔薄,丁光迪医生病例集,例三,现代临床
脾胃不足,证候导致脉象,脉细弦,丁光迪医生病例集,例三,现代临床
脾胃不足,证候导致舌象,舌有紫气,丁光迪医生病例集,例三,现代临床
脾胃不足,症状伴随症状,饮食乏味,丁光迪医生病例集,例三,现代临床
脾胃不足,症状伴随症状,晚分每有烘热,丁光迪医生病例集,例三,现代临床
脾胃不足,症状伴随症状,寐歸中盗汗,丁光迪医生病例集,例三,现代临床
脾胃不足,症状伴随症状,形寒,丁光迪医生病例集,例三,现代临床
脾胃不足,症状伴随症状,时形寒,丁光迪医生病例集,例三,现代临床
脾胃不足,症状伴随症状,饮食乏味,丁光迪医生病例集,例三,现代临床
脾胃不足,症状伴随症状,晚分每有烘热,丁光迪医生病例集,例三,现代临床
脾胃不足,症状伴随症状,寐歸中盗汗,丁光迪医生病例集,例三,现代临床
脾胃不足,症状伴随症状,脉细弦,丁光迪医生病例集,例三,现代临床
脾胃不足,症状伴随症状,舌淡苔薄,丁光迪医生病例集,例三,现代临床
脾胃不足,症状伴随症状,视之有紫气,丁光迪医生病例集,例三,现代临床
脾胃不足,症状伴随症状,中气下陷,丁光迪医生病例集,例三,现代临床
脾胃不足,症状伴随症状,阴火上冲,丁光迪医生病例集,例三,现代临床
脾胃不足,症状伴随症状,外不固,丁光迪医生病例集,例三,现代临床
脾胃不足,症状伴随症状,易招风邪,丁光迪医生病例集,例三,现代临床
脾胃不足,症状伴随症状,遍体发风疹,丁光迪医生病例集,例三,现代临床
脾胃不足,症状伴随症状,气虚血亦涩,丁光迪医生病例集,例三,现代临床
脾胃不足,症状伴随症状,疹色由白而红,丁光迪医生病例集,例三,现代临床
脾胃不足,症状伴随症状,最后紫暗,丁光迪医生病例集,例三,现代临床
脾胃不足,症状伴随症状,风邪人里,丁光迪医生病例集,例三,现代临床
脾胃不足,症状伴随症状,伤脾胃脉络,丁光迪医生病例集,例三,现代临床
脾胃不足,症状伴随症状,腹阳痛泄泻,丁光迪医生病例集,例三,现代临床
脾胃不足,症状伴随症状,细弦之脉,丁光迪医生病例集,例三,现代临床
脾胃不足,症状伴随症状,舌淡薄苔有紫气,丁光迪医生病例集,例三,现代临床
脾胃不足,证候采用方剂,补中益气汤加味,丁光迪医生病例集,例三,现代临床
补中益气汤加味,方剂组成药材,黄芷,丁光迪医生病例集,例三,现代临床
补中益气汤加味,方剂组成药材,党参,丁光迪医生病例集,例三,现代临床
补中益气汤加味,方剂组成药材,白术,丁光迪医生病例集,例三,现代临床
补中益气汤加味,方剂组成药材,升麻,丁光迪医生病例集,例三,现代临床
补中益气汤加味,方剂组成药材,柴胡,丁光迪医生病例集,例三,现代临床
补中益气汤加味,方剂组成药材,川萼,丁光迪医生病例集,例三,现代临床
补中益气汤加味,方剂组成药材,红花,丁光迪医生病例集,例三,现代临床
补中益气汤加味,方剂组成药材,苏木,丁光迪医生病例集,例三,现代临床
补中益气汤加味,方剂组成药材,防风,丁光迪医生病例集,例三,现代临床
补中益气汤加味,方剂组成药材,黄柏,丁光迪医生病例集,例三,现代临床
黄芷,药材具有功效,益气升阳,丁光迪医生病例集,例三,现代临床
党参,药材具有功效,益气升阳,丁光迪医生病例集,例三,现代临床
白术,药材具有功效,益气升阳,丁光迪医生病例集,例三,现代临床
升麻,药材具有功效,益气升阳,丁光迪医生病例集,例三,现代临床
柴胡,药材具有功效,益气升阳,丁光迪医生病例集,例三,现代临床
红花,药材具有功效,搜风活血,丁光迪医生病例集,例三,现代临床
苏木,药材具有功效,搜风活血,丁光迪医生病例集,例三,现代临床
防风,药材具有功效,搜风活血,丁光迪医生病例集,例三,现代临床
黄柏,药材具有功效,降阴火,丁光迪医生病例集,例三,现代临床
风疹块病,疾病表现症状,风疹块,丁光迪医生病例集,例四,现代临床
风疹块病,疾病表现症状,瘙痒,丁光迪医生病例集,例四,现代临床
风疹块病,疾病表现症状,睡眠受影响,丁光迪医生病例集,例四,现代临床
风疹块病,症状伴随症状,遇风吹,丁光迪医生病例集,例四,现代临床
风疹块病,症状伴随症状,下冷水,丁光迪医生病例集,例四,现代临床
风疹块病,症状伴随症状,漱洗,丁光迪医生病例集,例四,现代临床
风疹块病,症状伴随症状,稍乘风凉,丁光迪医生病例集,例四,现代临床
风疹块病,症状伴随症状,遇冷,丁光迪医生病例集,例四,现代临床
风疹块病,疾病导致舌象,苔薄腻,丁光迪医生病例集,例四,现代临床
风疹块病,疾病导致脉象,脉浮,丁光迪医生病例集,例四,现代临床
风疹块病,症状辨证证候,营卫气弱,丁光迪医生病例集,例四,现代临床
风疹块病,症状辨证证候,肺脾两虚,丁光迪医生病例集,例四,现代临床
风疹块病,症状辨证证候,防护不固,丁光迪医生病例集,例四,现代临床
风疹块病,症状辨证证候,感受风寒邪侵,丁光迪医生病例集,例四,现代临床
风疹块病,症状辨证证候,过敏之病,丁光迪医生病例集,例四,现代临床
风疹块病,证候导致舌象,苔薄腻,丁光迪医生病例集,例四,现代临床
风疹块病,证候导致脉象,脉浮,丁光迪医生病例集,例四,现代临床
风疹块病,综合辨证证候,调和营卫，搜风和络,丁光迪医生病例集,例四,现代临床
风疹块病,证候采用方剂,麻黄桂枝各半汤加味,丁光迪医生病例集,例四,现代临床
风疹块病,证候采用方剂,三豆汤,丁光迪医生病例集,例四,现代临床
麻黄桂枝各半汤加味,方剂组成药材,麻黄,丁光迪医生病例集,例四,现代临床
麻黄桂枝各半汤加味,方剂组成药材,防风,丁光迪医生病例集,例四,现代临床
麻黄桂枝各半汤加味,方剂组成药材,白术,丁光迪医生病例集,例四,现代临床
麻黄桂枝各半汤加味,方剂组成药材,陈皮,丁光迪医生病例集,例四,现代临床
麻黄桂枝各半汤加味,方剂组成药材,炙甘草,丁光迪医生病例集,例四,现代临床
麻黄桂枝各半汤加味,方剂组成药材,川苔,丁光迪医生病例集,例四,现代临床
麻黄桂枝各半汤加味,方剂组成药材,桂枝,丁光迪医生病例集,例四,现代临床
麻黄桂枝各半汤加味,方剂组成药材,白芍,丁光迪医生病例集,例四,现代临床
麻黄桂枝各半汤加味,方剂组成药材,桃仁泥,丁光迪医生病例集,例四,现代临床
麻黄桂枝各半汤加味,方剂组成药材,杏仁泥,丁光迪医生病例集,例四,现代临床
麻黄桂枝各半汤加味,方剂组成药材,焦枳实,丁光迪医生病例集,例四,现代临床
麻黄桂枝各半汤加味,方剂组成药材,露蜂房（炙）,丁光迪医生病例集,例四,现代临床
麻黄桂枝各半汤加味,方剂组成药材,制天虫,丁光迪医生病例集,例四,现代临床
麻黄桂枝各半汤加味,方剂组成药材,紫背浮萍草,丁光迪医生病例集,例四,现代临床
麻黄桂枝各半汤加味,方剂组成药材,生姜,丁光迪医生病例集,例四,现代临床
麻黄桂枝各半汤加味,方剂组成药材,大枣,丁光迪医生病例集,例四,现代临床
三豆汤,方剂组成药材,黄豆,丁光迪医生病例集,例四,现代临床
三豆汤,方剂组成药材,绿豆,丁光迪医生病例集,例四,现代临床
三豆汤,方剂组成药材,赤豆,丁光迪医生病例集,例四,现代临床
三豆汤,方剂组成药材,生甘草,丁光迪医生病例集,例四,现代临床
风疹块病,临床验证理论,邵某女,丁光迪医生病例集,例四,现代临床
丁光迪,名医经验总结,风疹块病,丁光迪医生病例集,例四,现代临床
风疹,疾病表现症状,恶寒发热,丁光迪医生病例集,例五,现代临床
风疹,疾病表现症状,无汗,丁光迪医生病例集,例五,现代临床
风疹,疾病表现症状,周身连发红疹,丁光迪医生病例集,例五,现代临床
风疹,疾病表现症状,奇痒,丁光迪医生病例集,例五,现代临床
风疹,疾病表现症状,火辣作痛,丁光迪医生病例集,例五,现代临床
风疹,疾病表现症状,夜晚尤甚,丁光迪医生病例集,例五,现代临床
风疹,疾病表现症状,烦躁不寐,丁光迪医生病例集,例五,现代临床
风疹,疾病表现症状,不欲饮食,丁光迪医生病例集,例五,现代临床
风疹,疾病表现症状,二便均涩,丁光迪医生病例集,例五,现代临床
风疹,疾病导致舌象,舌赤苔薄白,丁光迪医生病例集,例五,现代临床
风疹,疾病导致脉象,脉浮而数,丁光迪医生病例集,例五,现代临床
风疹,症状伴随症状,上半身疹点多,丁光迪医生病例集,例五,现代临床
风疹,症状伴随症状,下半身连片成块,丁光迪医生病例集,例五,现代临床
风疹,症状伴随症状,似乎丹毒,丁光迪医生病例集,例五,现代临床
风疹,症状伴随症状,尚畏风发热,丁光迪医生病例集,例五,现代临床
风疹,症状伴随症状,疹点尚有起伏,丁光迪医生病例集,例五,现代临床
风疹,症状伴随症状,发热亦未退尽,丁光迪医生病例集,例五,现代临床
风疹,症状伴随症状,诸症渐平,丁光迪医生病例集,例五,现代临床
风疹,症状伴随症状,发热已退,丁光迪医生病例集,例五,现代临床
风疹,症状伴随症状,红疹大部分隐退,丁光迪医生病例集,例五,现代临床
风疹,症状伴随症状,痒痛全除,丁光迪医生病例集,例五,现代临床
风疹,症状伴随症状,眠食亦可,丁光迪医生病例集,例五,现代临床
风疹,症状伴随症状,脉数亦平,丁光迪医生病例集,例五,现代临床
风疹,证候导致舌象,舌赤,丁光迪医生病例集,例五,现代临床
风疹,证候导致舌象,苔薄白,丁光迪医生病例集,例五,现代临床
风疹,证候导致脉象,脉浮,丁光迪医生病例集,例五,现代临床
风疹,证候导致脉象,脉数,丁光迪医生病例集,例五,现代临床
风疹,综合辨证证候,风邪外袭夹热毒,丁光迪医生病例集,例五,现代临床
风疹,综合辨证证候,表气不能宣发,丁光迪医生病例集,例五,现代临床
风疹,综合辨证证候,热毒无从外泄,丁光迪医生病例集,例五,现代临床
风疹,综合辨证证候,由气伤营,丁光迪医生病例集,例五,现代临床
风疹,证候采用方剂,连翘败毒散,丁光迪医生病例集,例五,现代临床
连翘败毒散,方剂组成药材,连翘,丁光迪医生病例集,例五,现代临床
连翘败毒散,方剂组成药材,黑山梔,丁光迪医生病例集,例五,现代临床
连翘败毒散,方剂组成药材,黄苓,丁光迪医生病例集,例五,现代临床
连翘败毒散,方剂组成药材,赤芍,丁光迪医生病例集,例五,现代临床
连翘败毒散,方剂组成药材,紫草根,丁光迪医生病例集,例五,现代临床
连翘败毒散,方剂组成药材,柴胡,丁光迪医生病例集,例五,现代临床
连翘败毒散,方剂组成药材,升麻,丁光迪医生病例集,例五,现代临床
连翘败毒散,方剂组成药材,羌活,丁光迪医生病例集,例五,现代临床
连翘败毒散,方剂组成药材,防风,丁光迪医生病例集,例五,现代临床
连翘败毒散,方剂组成药材,丹皮,丁光迪医生病例集,例五,现代临床
连翘败毒散,方剂组成药材,小生地,丁光迪医生病例集,例五,现代临床
连翘败毒散,方剂组成药材,鸡苏散,丁光迪医生病例集,例五,现代临床
连翘败毒散,方剂组成药材,生大黄,丁光迪医生病例集,例五,现代临床
连翘,药材具有功效,清热解毒,丁光迪医生病例集,例五,现代临床
黑山梔,药材具有功效,清热解毒,丁光迪医生病例集,例五,现代临床
黄苓,药材具有功效,清热燥湿,丁光迪医生病例集,例五,现代临床
赤芍,药材具有功效,清热凉血,丁光迪医生病例集,例五,现代临床
紫草根,药材具有功效,清热解毒,丁光迪医生病例集,例五,现代临床
柴胡,药材具有功效,疏肝解郁,丁光迪医生病例集,例五,现代临床
升麻,药材具有功效,发表透疹,丁光迪医生病例集,例五,现代临床
羌活,药材具有功效,祛风胜湿,丁光迪医生病例集,例五,现代临床
防风,药材具有功效,祛风解表,丁光迪医生病例集,例五,现代临床
丹皮,药材具有功效,清热凉血,丁光迪医生病例集,例五,现代临床
小生地,药材具有功效,滋阴清热,丁光迪医生病例集,例五,现代临床
鸡苏散,药材具有功效,清热解毒,丁光迪医生病例集,例五,现代临床
生大黄,药材具有功效,泻下攻积,丁光迪医生病例集,例五,现代临床
风疹,名医经验总结,丁光迪,丁光迪医生病例集,例五,现代临床
风疹块,疾病表现症状,红疹密布,丁光迪医生病例集,例六,现代临床
风疹块,疾病表现症状,皮肤燥痒难忍,丁光迪医生病例集,例六,现代临床
风疹块,疾病表现症状,手搔不能稍停,丁光迪医生病例集,例六,现代临床
风疹块,疾病表现症状,坐卧不安,丁光迪医生病例集,例六,现代临床
风疹块,疾病表现症状,彻夜不能入寐,丁光迪医生病例集,例六,现代临床
风疹块,疾病表现症状,肌肤轰热,丁光迪医生病例集,例六,现代临床
风疹块,疾病表现症状,心烦意躁,丁光迪医生病例集,例六,现代临床
风疹块,疾病表现症状,饮食不甘,丁光迪医生病例集,例六,现代临床
风疹块,疾病表现症状,口干不欲多饮,丁光迪医生病例集,例六,现代临床
风疹块,疾病导致舌象,舌深红,丁光迪医生病例集,例六,现代临床
风疹块,疾病导致舌象,苔薄,丁光迪医生病例集,例六,现代临床
风疹块,疾病导致脉象,脉细滑,丁光迪医生病例集,例六,现代临床
血热风邪,证候导致舌象,舌深红,丁光迪医生病例集,例六,现代临床
血热风邪,证候导致舌象,苔薄,丁光迪医生病例集,例六,现代临床
血热风邪,证候导致脉象,脉细滑,丁光迪医生病例集,例六,现代临床
血热风邪,综合辨证证候,风疹块,丁光迪医生病例集,例六,现代临床
血热风邪,证候采用方剂,血风汤,丁光迪医生病例集,例六,现代临床
血风汤,方剂组成药材,生地,丁光迪医生病例集,例六,现代临床
血风汤,方剂组成药材,玄参,丁光迪医生病例集,例六,现代临床
血风汤,方剂组成药材,赤芍,丁光迪医生病例集,例六,现代临床
血风汤,方剂组成药材,连翘,丁光迪医生病例集,例六,现代临床
血风汤,方剂组成药材,紫草根,丁光迪医生病例集,例六,现代临床
血风汤,方剂组成药材,地骨皮,丁光迪医生病例集,例六,现代临床
血风汤,方剂组成药材,丹皮,丁光迪医生病例集,例六,现代临床
血风汤,方剂组成药材,六一散,丁光迪医生病例集,例六,现代临床
血风汤,方剂组成药材,荆防风,丁光迪医生病例集,例六,现代临床
血风汤,方剂组成药材,白术,丁光迪医生病例集,例六,现代临床
血风汤,方剂组成药材,焦枳实,丁光迪医生病例集,例六,现代临床
生地,药材具有功效,凉血,丁光迪医生病例集,例六,现代临床
玄参,药材具有功效,泄风,丁光迪医生病例集,例六,现代临床
赤芍,药材具有功效,清热解毒,丁光迪医生病例集,例六,现代临床
连翘,药材具有功效,清热解毒,丁光迪医生病例集,例六,现代临床
紫草根,药材具有功效,凉血,丁光迪医生病例集,例六,现代临床
地骨皮,药材具有功效,泄风,丁光迪医生病例集,例六,现代临床
丹皮,药材具有功效,凉血,丁光迪医生病例集,例六,现代临床
六一散,药材具有功效,清热解毒,丁光迪医生病例集,例六,现代临床
荆防风,药材具有功效,疏风,丁光迪医生病例集,例六,现代临床
白术,药材具有功效,健脾,丁光迪医生病例集,例六,现代临床
焦枳实,药材具有功效,理气,丁光迪医生病例集,例六,现代临床
丁光迪,名医经验总结,风疹块,丁光迪医生病例集,例六,现代临床
心肌炎,疾病表现症状,发热心悸,丁光迪医生病例集,例一,现代临床
心肌炎,疾病表现症状,肢面微肿,丁光迪医生病例集,例一,现代临床
心肌炎,疾病导致舌象,舌稍胖,丁光迪医生病例集,例一,现代临床
心肌炎,疾病导致脉象,脉浮细少力,丁光迪医生病例集,例一,现代临床
气虚湿阻，心脾两伤,证候导致舌象,舌稍胖,丁光迪医生病例集,例一,现代临床
气虚湿阻，心脾两伤,证候导致脉象,脉浮细少力,丁光迪医生病例集,例一,现代临床
气虚湿阻，心脾两伤,症状伴随症状,气短懒言,丁光迪医生病例集,例一,现代临床
气虚湿阻，心脾两伤,症状伴随症状,身困疲乏,丁光迪医生病例集,例一,现代临床
气虚湿阻，心脾两伤,症状伴随症状,动则心悸易汗,丁光迪医生病例集,例一,现代临床
气虚湿阻，心脾两伤,症状伴随症状,面色微黄,丁光迪医生病例集,例一,现代临床
脾虚,证候导致症状,胸腹作痞,丁光迪医生病例集,例一,现代临床
脾虚,证候导致症状,纳少便澹,丁光迪医生病例集,例一,现代临床
脾虚,证候导致症状,肢面微肿,丁光迪医生病例集,例一,现代临床
湿郁生热,证候导致症状,低热,丁光迪医生病例集,例一,现代临床
湿郁生热,症状伴随症状,下午颊赤,丁光迪医生病例集,例一,现代临床
湿郁生热,症状伴随症状,小便时黄,丁光迪医生病例集,例一,现代临床
气虚湿阻，心脾两伤,证候采用方剂,东垣清暑益气汤,丁光迪医生病例集,例一,现代临床
东垣清暑益气汤,方剂组成药材,黄芷,丁光迪医生病例集,例一,现代临床
东垣清暑益气汤,方剂组成药材,太子参,丁光迪医生病例集,例一,现代临床
东垣清暑益气汤,方剂组成药材,白术,丁光迪医生病例集,例一,现代临床
东垣清暑益气汤,方剂组成药材,苍术,丁光迪医生病例集,例一,现代临床
东垣清暑益气汤,方剂组成药材,连皮茯苓,丁光迪医生病例集,例一,现代临床
东垣清暑益气汤,方剂组成药材,泽泻,丁光迪医生病例集,例一,现代临床
东垣清暑益气汤,方剂组成药材,焦神曲,丁光迪医生病例集,例一,现代临床
东垣清暑益气汤,方剂组成药材,陈皮,丁光迪医生病例集,例一,现代临床
东垣清暑益气汤,方剂组成药材,黄柏,丁光迪医生病例集,例一,现代临床
东垣清暑益气汤,方剂组成药材,青蒿,丁光迪医生病例集,例一,现代临床
东垣清暑益气汤,方剂组成药材,麦冬,丁光迪医生病例集,例一,现代临床
东垣清暑益气汤,方剂组成药材,五味子,丁光迪医生病例集,例一,现代临床
东垣清暑益气汤,方剂组成药材,广蕾香,丁光迪医生病例集,例一,现代临床
黄芷,药材具有功效,益气化湿,丁光迪医生病例集,例一,现代临床
太子参,药材具有功效,益气,丁光迪医生病例集,例一,现代临床
白术,药材具有功效,健脾化湿,丁光迪医生病例集,例一,现代临床
苍术,药材具有功效,燥湿健脾,丁光迪医生病例集,例一,现代临床
连皮茯苓,药材具有功效,利水渗湿,丁光迪医生病例集,例一,现代临床
泽泻,药材具有功效,利水渗湿,丁光迪医生病例集,例一,现代临床
黄柏,药材具有功效,清热燥湿,丁光迪医生病例集,例一,现代临床
青蒿,药材具有功效,清虚热,丁光迪医生病例集,例一,现代临床
麦冬,药材具有功效,养阴生津,丁光迪医生病例集,例一,现代临床
五味子,药材具有功效,敛汗生津,丁光迪医生病例集,例一,现代临床
广蕾香,药材具有功效,理气和胃,丁光迪医生病例集,例一,现代临床
邱某,临床验证理论,气虚湿阻，心脾两伤,丁光迪医生病例集,例一,现代临床
丁光迪,名医经验总结,治疗心肌炎采用益气化湿，兼调心脾的方法,丁光迪医生病例集,例一,现代临床
中虚气陷湿热逗留,疾病表现症状,低热将近一年,丁光迪医生病例集,例二,现代临床
中虚气陷湿热逗留,症状伴随症状,经常疲乏无力,丁光迪医生病例集,例二,现代临床
中虚气陷湿热逗留,症状伴随症状,面色萎黄,丁光迪医生病例集,例二,现代临床
中虚气陷湿热逗留,症状伴随症状,易汗,丁光迪医生病例集,例二,现代临床
中虚气陷湿热逗留,症状伴随症状,易感冒,丁光迪医生病例集,例二,现代临床
中虚气陷湿热逗留,症状伴随症状,纳谷不贪,丁光迪医生病例集,例二,现代临床
中虚气陷湿热逗留,症状伴随症状,口味变异,丁光迪医生病例集,例二,现代临床
中虚气陷湿热逗留,症状伴随症状,大便澹薄,丁光迪医生病例集,例二,现代临床
中虚气陷湿热逗留,症状伴随症状,小便时黄,丁光迪医生病例集,例二,现代临床
中虚气陷湿热逗留,疾病导致舌象,舌稍胖嫩,丁光迪医生病例集,例二,现代临床
中虚气陷湿热逗留,疾病导致舌象,苔薄腻,丁光迪医生病例集,例二,现代临床
中虚气陷湿热逗留,疾病导致舌象,微泛黄,丁光迪医生病例集,例二,现代临床
中虚气陷湿热逗留,疾病导致脉象,脉细,丁光迪医生病例集,例二,现代临床
中虚气陷湿热逗留,疾病导致脉象,右见弦象,丁光迪医生病例集,例二,现代临床
中虚气陷湿热逗留,证候采用方剂,补中益气汤,丁光迪医生病例集,例二,现代临床
补中益气汤,方剂组成药材,黄芷,丁光迪医生病例集,例二,现代临床
补中益气汤,方剂组成药材,党参,丁光迪医生病例集,例二,现代临床
补中益气汤,方剂组成药材,白术,丁光迪医生病例集,例二,现代临床
补中益气汤,方剂组成药材,柴胡,丁光迪医生病例集,例二,现代临床
补中益气汤,方剂组成药材,陈皮,丁光迪医生病例集,例二,现代临床
补中益气汤,方剂组成药材,黄柏,丁光迪医生病例集,例二,现代临床
补中益气汤,方剂组成药材,神曲,丁光迪医生病例集,例二,现代临床
补中益气汤,方剂组成药材,炒车前子,丁光迪医生病例集,例二,现代临床
补中益气汤,方剂组成药材,荷叶,丁光迪医生病例集,例二,现代临床
黄芷,药材具有功效,补中益气,丁光迪医生病例集,例二,现代临床
党参,药材具有功效,补中益气,丁光迪医生病例集,例二,现代临床
白术,药材具有功效,补中益气,丁光迪医生病例集,例二,现代临床
黄柏,药材具有功效,清化湿热,丁光迪医生病例集,例二,现代临床
中虚气陷湿热逗留,理论指导实践,李东垣所说：脾胃元气先虚，阴火逆而上冲,丁光迪医生病例集,例二,现代临床
丁光迪,名医经验总结,治疗中虚气陷湿热逗留，以补中益气为主，佐以清化湿热,丁光迪医生病例集,例二,现代临床
长期低热不退,疾病表现症状,肌肤煥燥,丁光迪医生病例集,例三,现代临床
长期低热不退,疾病表现症状,意烦少寐,丁光迪医生病例集,例三,现代临床
长期低热不退,疾病表现症状,易汗畏风,丁光迪医生病例集,例三,现代临床
长期低热不退,疾病表现症状,大便次多,丁光迪医生病例集,例三,现代临床
长期低热不退,疾病表现症状,粪便濾而量多,丁光迪医生病例集,例三,现代临床
长期低热不退,疾病表现症状,间夹不消化食物,丁光迪医生病例集,例三,现代临床
长期低热不退,疾病表现症状,喜温饮,丁光迪医生病例集,例三,现代临床
长期低热不退,疾病表现症状,下午即热升,丁光迪医生病例集,例三,现代临床
长期低热不退,疾病表现症状,疲乏,丁光迪医生病例集,例三,现代临床
长期低热不退,疾病表现症状,懒得动作,丁光迪医生病例集,例三,现代临床
长期低热不退,疾病导致舌象,苔腻较厚,丁光迪医生病例集,例三,现代临床
长期低热不退,疾病导致舌象,舌质有紫气,丁光迪医生病例集,例三,现代临床
长期低热不退,疾病导致脉象,脉细弦,丁光迪医生病例集,例三,现代临床
脾胃气虚,证候导致舌象,苔腻较厚,丁光迪医生病例集,例三,现代临床
脾胃气虚,证候导致脉象,脉细,丁光迪医生病例集,例三,现代临床
脾虚生湿,证候导致舌象,舌苔较厚,丁光迪医生病例集,例三,现代临床
脾虚生湿,证候导致症状,低热不退,丁光迪医生病例集,例三,现代临床
脾虚生湿,证候导致症状,意烦少寐,丁光迪医生病例集,例三,现代临床
脾虚生湿,证候导致症状,渴饮,丁光迪医生病例集,例三,现代临床
脾虚生湿,证候导致症状,小便黄少,丁光迪医生病例集,例三,现代临床
病久入络,证候导致舌象,舌有紫气,丁光迪医生病例集,例三,现代临床
病久入络,证候导致症状,肌肤煥燥,丁光迪医生病例集,例三,现代临床
低热的复杂病情,综合辨证证候,脾虚气陷，湿热逗留，病久入络,丁光迪医生病例集,例三,现代临床
脾虚气陷，湿热逗留，病久入络,证候采用方剂,东垣升阳益胃汤,丁光迪医生病例集,例三,现代临床
东垣升阳益胃汤,方剂组成药材,黄茂、党参、白术、升麻、柴胡、苍术、陈皮、茯苓、泽泻、黄连、姜半夏、焦神曲、丹皮、炙地鳖虫,丁光迪医生病例集,例三,现代临床
丹皮,药材具有功效,通络脉而润肌肤,丁光迪医生病例集,例三,现代临床
地鳖虫,药材具有功效,通络脉而润肌肤,丁光迪医生病例集,例三,现代临床
东垣升阳益胃汤,归属于经典,李东垣,丁光迪医生病例集,例三,现代临床
丁光迪,名医经验总结,看病应从全面考虑，如此证主诉是有年低热，而实际是脾虚气陷，低热仅是个标象。所以单从低热去治，几年亦不见效.而从脾虚气陷着手，两个多月其病彻底痊愈了。,丁光迪医生病例集,例三,现代临床
不育,疾病导致舌象,舌嫩苔浮薄白,丁光迪医生病例集,例一,现代临床
不育,疾病表现症状,口中常清淡,丁光迪医生病例集,例一,现代临床
不育,疾病表现症状,欲得温饮温食,丁光迪医生病例集,例一,现代临床
不育,疾病表现症状,每逢值晚班不胜阴寒,丁光迪医生病例集,例一,现代临床
不育,疾病表现症状,入秋冬身寒更甚,丁光迪医生病例集,例一,现代临床
不育,疾病表现症状,四肢面耳发冻疮,丁光迪医生病例集,例一,现代临床
不育,疾病表现症状,下半身常寒,丁光迪医生病例集,例一,现代临床
不育,疾病表现症状,阴冷,丁光迪医生病例集,例一,现代临床
不育,疾病表现症状,就寝被盖不易还暖,丁光迪医生病例集,例一,现代临床
不育,疾病表现症状,间有遗精早泄,丁光迪医生病例集,例一,现代临床
不育,疾病导致脉象,脉细,丁光迪医生病例集,例一,现代临床
不育,证候导致脉象,寸尺按之少力欠神,丁光迪医生病例集,例一,现代临床
不育,综合辨证证候,二阴不足企阳俱衰,丁光迪医生病例集,例一,现代临床
不育,证候采用方剂,参茸还少丹,丁光迪医生病例集,例一,现代临床
不育,证候采用方剂,五子丸,丁光迪医生病例集,例一,现代临床
参茸还少丹,方剂组成药材,鹿角胶,丁光迪医生病例集,例一,现代临床
参茸还少丹,方剂组成药材,新开河人参,丁光迪医生病例集,例一,现代临床
参茸还少丹,方剂组成药材,熟地,丁光迪医生病例集,例一,现代临床
参茸还少丹,方剂组成药材,山萸肉,丁光迪医生病例集,例一,现代临床
参茸还少丹,方剂组成药材,生山药,丁光迪医生病例集,例一,现代临床
参茸还少丹,方剂组成药材,茯苓,丁光迪医生病例集,例一,现代临床
参茸还少丹,方剂组成药材,五味子,丁光迪医生病例集,例一,现代临床
参茸还少丹,方剂组成药材,枸杞,丁光迪医生病例集,例一,现代临床
参茸还少丹,方剂组成药材,菟丝子,丁光迪医生病例集,例一,现代临床
参茸还少丹,方剂组成药材,炒川断,丁光迪医生病例集,例一,现代临床
参茸还少丹,方剂组成药材,金樱子,丁光迪医生病例集,例一,现代临床
参茸还少丹,方剂组成药材,荧实,丁光迪医生病例集,例一,现代临床
参茸还少丹,方剂组成药材,巴戟肉,丁光迪医生病例集,例一,现代临床
参茸还少丹,方剂组成药材,駅蓉,丁光迪医生病例集,例一,现代临床
参茸还少丹,方剂组成药材,炙黄能,丁光迪医生病例集,例一,现代临床
参茸还少丹,方剂组成药材,白术,丁光迪医生病例集,例一,现代临床
参茸还少丹,方剂组成药材,炙甘草,丁光迪医生病例集,例一,现代临床
参茸还少丹,方剂组成药材,砂仁末,丁光迪医生病例集,例一,现代临床
参茸还少丹,方剂组成药材,远忐肉,丁光迪医生病例集,例一,现代临床
参茸还少丹,方剂组成药材,炒车前子,丁光迪医生病例集,例一,现代临床
参茸还少丹,方剂组成药材,龙骨,丁光迪医生病例集,例一,现代临床
参茸还少丹,方剂组成药材,焦神曲,丁光迪医生病例集,例一,现代临床
不育,临床验证理论,马某男26岁宜兴丁山邮电局职工,丁光迪医生病例集,例一,现代临床
不育,名医经验总结,丁光迪,丁光迪医生病例集,例一,现代临床
慢性过敏性结肠炎,疾病表现症状,便泄,丁光迪医生病例集,例二,现代临床
慢性过敏性结肠炎,疾病表现症状,肠鸣腹痛,丁光迪医生病例集,例二,现代临床
慢性过敏性结肠炎,疾病表现症状,畏寒,丁光迪医生病例集,例二,现代临床
慢性过敏性结肠炎,疾病表现症状,倦怠,丁光迪医生病例集,例二,现代临床
慢性过敏性结肠炎,疾病表现症状,兴趣不高,丁光迪医生病例集,例二,现代临床
慢性过敏性结肠炎,疾病表现症状,面色晦黄,丁光迪医生病例集,例二,现代临床
慢性过敏性结肠炎,疾病表现症状,下身沉重,丁光迪医生病例集,例二,现代临床
慢性过敏性结肠炎,疾病表现症状,脚冷,丁光迪医生病例集,例二,现代临床
慢性过敏性结肠炎,疾病导致舌象,苔腻舌较淡,丁光迪医生病例集,例二,现代临床
慢性过敏性结肠炎,疾病导致舌象,舌隐紫气,丁光迪医生病例集,例二,现代临床
慢性过敏性结肠炎,疾病导致脉象,脉细而弦,丁光迪医生病例集,例二,现代临床
脾肾两病,证候导致舌象,舌色淡红,丁光迪医生病例集,例二,现代临床
脾肾两病,证候导致脉象,脉见细滑,丁光迪医生病例集,例二,现代临床
脾肾两病,证候采用方剂,升阳除湿汤加减,丁光迪医生病例集,例二,现代临床
升阳除湿汤加减,方剂组成药材,黄茂,丁光迪医生病例集,例二,现代临床
升阳除湿汤加减,方剂组成药材,党参,丁光迪医生病例集,例二,现代临床
升阳除湿汤加减,方剂组成药材,白术,丁光迪医生病例集,例二,现代临床
升阳除湿汤加减,方剂组成药材,炙升麻,丁光迪医生病例集,例二,现代临床
升阳除湿汤加减,方剂组成药材,苍术,丁光迪医生病例集,例二,现代临床
升阳除湿汤加减,方剂组成药材,陈皮,丁光迪医生病例集,例二,现代临床
升阳除湿汤加减,方剂组成药材,藁本,丁光迪医生病例集,例二,现代临床
升阳除湿汤加减,方剂组成药材,防风,丁光迪医生病例集,例二,现代临床
升阳除湿汤加减,方剂组成药材,独活,丁光迪医生病例集,例二,现代临床
升阳除湿汤加减,方剂组成药材,川芎,丁光迪医生病例集,例二,现代临床
升阳除湿汤加减,方剂组成药材,红花,丁光迪医生病例集,例二,现代临床
升阳除湿汤加减,方剂组成药材,炙甘草,丁光迪医生病例集,例二,现代临床
升阳除湿汤加减,方剂组成药材,炒白芍,丁光迪医生病例集,例二,现代临床
升阳除湿汤加减,方剂组成药材,焦神曲,丁光迪医生病例集,例二,现代临床
升阳除湿汤加减,方剂组成药材,茯苓,丁光迪医生病例集,例二,现代临床
升阳除湿汤加减,方剂组成药材,荷叶,丁光迪医生病例集,例二,现代临床
黄茂,药材具有功效,益气,丁光迪医生病例集,例二,现代临床
党参,药材具有功效,健脾,丁光迪医生病例集,例二,现代临床
白术,药材具有功效,燥湿,丁光迪医生病例集,例二,现代临床
朱某,临床验证理论,脾肾两病,丁光迪医生病例集,例二,现代临床
丁光迪,名医经验总结,慢性过敏性结肠炎,丁光迪医生病例集,例二,现代临床
痛经,疾病表现症状,周身不适,丁光迪医生病例集,例一,现代临床
痛经,疾病表现症状,两胁作胀,丁光迪医生病例集,例一,现代临床
痛经,疾病表现症状,腹中隐痛,丁光迪医生病例集,例一,现代临床
痛经,疾病表现症状,乳房腰背作酸,丁光迪医生病例集,例一,现代临床
痛经,疾病表现症状,腹痛骤作,丁光迪医生病例集,例一,现代临床
痛经,疾病表现症状,泛恶欲吐,丁光迪医生病例集,例一,现代临床
痛经,疾病表现症状,腹痛拒按,丁光迪医生病例集,例一,现代临床
痛经,疾病表现症状,手足发麻,丁光迪医生病例集,例一,现代临床
痛经,疾病表现症状,周身痉挛,丁光迪医生病例集,例一,现代临床
痛经,疾病表现症状,神志昏厥,丁光迪医生病例集,例一,现代临床
痛经,疾病表现症状,经量增多,丁光迪医生病例集,例一,现代临床
痛经,疾病表现症状,肢麻痉挛腹痛,丁光迪医生病例集,例一,现代临床
痛经,疾病表现症状,神疲力竭,丁光迪医生病例集,例一,现代临床
痛经,疾病表现症状,气色晦滞,丁光迪医生病例集,例一,现代临床
痛经,疾病表现症状,白带,丁光迪医生病例集,例一,现代临床
痛经,疾病表现症状,大便艰解,丁光迪医生病例集,例一,现代临床
痛经,疾病导致舌象,舌色淡,丁光迪医生病例集,例一,现代临床
痛经,疾病导致舌象,苔薄滑,丁光迪医生病例集,例一,现代临床
痛经,疾病导致脉象,脉细,丁光迪医生病例集,例一,现代临床
痛经,疾病导致脉象,脉弦,丁光迪医生病例集,例一,现代临床
痛经,症状伴随症状,月经周期尚准,丁光迪医生病例集,例一,现代临床
痛经,症状伴随症状,经前有白带,丁光迪医生病例集,例一,现代临床
痛经,症状伴随症状,大便艰解,丁光迪医生病例集,例一,现代临床
痛经,症状伴随症状,眠食尚可,丁光迪医生病例集,例一,现代临床
痛经,症状伴随症状,逐渐形成恐经症,丁光迪医生病例集,例一,现代临床
痛经,症状伴随症状,临经前恐惧自惊,丁光迪医生病例集,例一,现代临床
痛经,症状辨证证候,风寒客于冲任,丁光迪医生病例集,例一,现代临床
痛经,症状辨证证候,胞宫失于煦揣,丁光迪医生病例集,例一,现代临床
痛经,症状辨证证候,寒凝则脉急,丁光迪医生病例集,例一,现代临床
痛经,症状辨证证候,风动则痉厥,丁光迪医生病例集,例一,现代临床
痛经,症状辨证证候,影响月经蓄泄失常,丁光迪医生病例集,例一,现代临床
痛经,证候导致舌象,舌色淡,丁光迪医生病例集,例一,现代临床
痛经,证候导致舌象,苔薄滑,丁光迪医生病例集,例一,现代临床
痛经,证候导致脉象,脉细,丁光迪医生病例集,例一,现代临床
痛经,证候导致脉象,脉弦,丁光迪医生病例集,例一,现代临床
痛经,综合辨证证候,冲任气血为病的变化,丁光迪医生病例集,例一,现代临床
痛经,综合辨证证候,冲脉隶于阳明,丁光迪医生病例集,例一,现代临床
痛经,综合辨证证候,肝为藏血之脏,丁光迪医生病例集,例一,现代临床
痛经,证候采用方剂,当归四逆加吴萸生姜汤,丁光迪医生病例集,例一,现代临床
当归四逆加吴萸生姜汤,方剂组成药材,吴萸,丁光迪医生病例集,例一,现代临床
当归四逆加吴萸生姜汤,方剂组成药材,炒小茴,丁光迪医生病例集,例一,现代临床
当归四逆加吴萸生姜汤,方剂组成药材,当归,丁光迪医生病例集,例一,现代临床
当归四逆加吴萸生姜汤,方剂组成药材,桂枝,丁光迪医生病例集,例一,现代临床
当归四逆加吴萸生姜汤,方剂组成药材,白芍,丁光迪医生病例集,例一,现代临床
当归四逆加吴萸生姜汤,方剂组成药材,制全蝎,丁光迪医生病例集,例一,现代临床
当归四逆加吴萸生姜汤,方剂组成药材,柴胡,丁光迪医生病例集,例一,现代临床
当归四逆加吴萸生姜汤,方剂组成药材,陈皮,丁光迪医生病例集,例一,现代临床
当归四逆加吴萸生姜汤,方剂组成药材,乌药,丁光迪医生病例集,例一,现代临床
当归四逆加吴萸生姜汤,方剂组成药材,威防风,丁光迪医生病例集,例一,现代临床
当归四逆加吴萸生姜汤,方剂组成药材,白芷,丁光迪医生病例集,例一,现代临床
当归四逆加吴萸生姜汤,方剂组成药材,姜半夏,丁光迪医生病例集,例一,现代临床
当归四逆加吴萸生姜汤,方剂组成药材,生姜,丁光迪医生病例集,例一,现代临床
吴萸,药材具有功效,温经暖肝,丁光迪医生病例集,例一,现代临床
当归,药材具有功效,调和营卫,丁光迪医生病例集,例一,现代临床
痛经,证候采用方剂,桂枝茯苓丸,丁光迪医生病例集,例一,现代临床
桂枝茯苓丸,方剂组成药材,桂枝,丁光迪医生病例集,例一,现代临床
桂枝茯苓丸,方剂组成药材,茯苓,丁光迪医生病例集,例一,现代临床
桂枝茯苓丸,方剂组成药材,丹皮,丁光迪医生病例集,例一,现代临床
桂枝茯苓丸,方剂组成药材,制乳香,丁光迪医生病例集,例一,现代临床
桂枝茯苓丸,方剂组成药材,益母草,丁光迪医生病例集,例一,现代临床
痛经,名医经验总结,丁光迪,丁光迪医生病例集,例一,现代临床
痛经,疾病表现症状,腹痛,丁光迪医生病例集,例二,现代临床
痛经,疾病表现症状,畏寒欲暖,丁光迪医生病例集,例二,现代临床
痛经,疾病表现症状,乳胀,丁光迪医生病例集,例二,现代临床
痛经,疾病表现症状,胸胁痛,丁光迪医生病例集,例二,现代临床
痛经,疾病表现症状,不欲饮食,丁光迪医生病例集,例二,现代临床
痛经,疾病表现症状,食入作胀,丁光迪医生病例集,例二,现代临床
痛经,疾病表现症状,常欲太息,丁光迪医生病例集,例二,现代临床
痛经,疾病导致舌象,舌色暗,丁光迪医生病例集,例二,现代临床
痛经,疾病导致舌象,苔腻,丁光迪医生病例集,例二,现代临床
痛经,疾病导致脉象,脉细而弦,丁光迪医生病例集,例二,现代临床
寒凝脉络，气滞血涩，厥阴俱病,证候导致舌象,舌色暗,丁光迪医生病例集,例二,现代临床
寒凝脉络，气滞血涩，厥阴俱病,证候导致舌象,苔腻,丁光迪医生病例集,例二,现代临床
寒凝脉络，气滞血涩，厥阴俱病,证候导致脉象,脉细而弦,丁光迪医生病例集,例二,现代临床
停经,疾病表现症状,失眠头昏,丁光迪医生病例集,例二,现代临床
停经,疾病表现症状,形寒疲乏,丁光迪医生病例集,例二,现代临床
停经,疾病表现症状,白天易打盹,丁光迪医生病例集,例二,现代临床
停经,疾病表现症状,记忆力大减,丁光迪医生病例集,例二,现代临床
停经,疾病表现症状,纳谷无味,丁光迪医生病例集,例二,现代临床
停经,疾病表现症状,涎唾多,丁光迪医生病例集,例二,现代临床
停经,疾病表现症状,小便多,丁光迪医生病例集,例二,现代临床
停经,疾病导致舌象,舌淡苔薄,丁光迪医生病例集,例二,现代临床
停经,疾病导致脉象,脉细,丁光迪医生病例集,例二,现代临床
停经,疾病导致脉象,按之弦,丁光迪医生病例集,例二,现代临床
元气不足，心脾两伤,证候导致舌象,舌淡苔薄,丁光迪医生病例集,例二,现代临床
元气不足，心脾两伤,证候导致脉象,脉细,丁光迪医生病例集,例二,现代临床
元气不足，心脾两伤,证候导致脉象,按之弦,丁光迪医生病例集,例二,现代临床
小柴胡合当归四逆加味,证候采用方剂,寒凝脉络，气滞血涩，厥阴俱病,丁光迪医生病例集,例二,现代临床
补中益气法兼调阳明,证候采用方剂,元气不足，心脾两伤,丁光迪医生病例集,例二,现代临床
小柴胡合当归四逆加味,方剂组成药材,柴胡,丁光迪医生病例集,例二,现代临床
小柴胡合当归四逆加味,方剂组成药材,姜半夏,丁光迪医生病例集,例二,现代临床
小柴胡合当归四逆加味,方剂组成药材,陈皮,丁光迪医生病例集,例二,现代临床
小柴胡合当归四逆加味,方剂组成药材,茯苓,丁光迪医生病例集,例二,现代临床
小柴胡合当归四逆加味,方剂组成药材,白芍,丁光迪医生病例集,例二,现代临床
小柴胡合当归四逆加味,方剂组成药材,桂枝,丁光迪医生病例集,例二,现代临床
小柴胡合当归四逆加味,方剂组成药材,炙草,丁光迪医生病例集,例二,现代临床
小柴胡合当归四逆加味,方剂组成药材,吴萸,丁光迪医生病例集,例二,现代临床
补中益气法兼调阳明,方剂组成药材,柴胡,丁光迪医生病例集,例二,现代临床
补中益气法兼调阳明,方剂组成药材,党参,丁光迪医生病例集,例二,现代临床
补中益气法兼调阳明,方剂组成药材,白术,丁光迪医生病例集,例二,现代临床
补中益气法兼调阳明,方剂组成药材,炙甘草,丁光迪医生病例集,例二,现代临床
补中益气法兼调阳明,方剂组成药材,陈皮,丁光迪医生病例集,例二,现代临床
补中益气法兼调阳明,方剂组成药材,茯苓,丁光迪医生病例集,例二,现代临床
补中益气法兼调阳明,方剂组成药材,吴萸,丁光迪医生病例集,例二,现代临床
补中益气法兼调阳明,方剂组成药材,姜半夏,丁光迪医生病例集,例二,现代临床
补中益气法兼调阳明,方剂组成药材,炮姜,丁光迪医生病例集,例二,现代临床
补中益气法兼调阳明,方剂组成药材,益智仁,丁光迪医生病例集,例二,现代临床
补中益气法兼调阳明,方剂组成药材,远志肉,丁光迪医生病例集,例二,现代临床
补中益气法兼调阳明,方剂组成药材,木香,丁光迪医生病例集,例二,现代临床
补中益气法兼调阳明,方剂组成药材,当归,丁光迪医生病例集,例二,现代临床
补中益气法兼调阳明,方剂组成药材,白芍,丁光迪医生病例集,例二,现代临床
柴胡,药材具有功效,疏肝解郁,丁光迪医生病例集,例二,现代临床
吴萸,药材具有功效,温中散寒,丁光迪医生病例集,例二,现代临床
党参,药材具有功效,补中益气,丁光迪医生病例集,例二,现代临床
白术,药材具有功效,健脾燥湿,丁光迪医生病例集,例二,现代临床
丁光迪医生病例集,归属于经典,丁光迪,丁光迪医生病例集,例二,现代临床
月经失调,疾病表现症状,经量快少,丁光迪医生病例集,例二,现代临床
月经失调,疾病表现症状,停经,丁光迪医生病例集,例二,现代临床
月经失调,疾病表现症状,身懒力乏,丁光迪医生病例集,例二,现代临床
月经失调,疾病表现症状,学习成绩下降,丁光迪医生病例集,例二,现代临床
月经失调,疾病表现症状,不能参加体育课程,丁光迪医生病例集,例二,现代临床
月经失调,疾病表现症状,心慌气促,丁光迪医生病例集,例二,现代临床
月经失调,疾病表现症状,坐下不能起身,丁光迪医生病例集,例二,现代临床
月经失调,疾病导致舌象,舌嫩色滞,丁光迪医生病例集,例二,现代临床
月经失调,疾病导致舌象,苔薄白,丁光迪医生病例集,例二,现代临床
月经失调,疾病导致脉象,脉细,丁光迪医生病例集,例二,现代临床
月经失调,疾病导致脉象,按之少力,丁光迪医生病例集,例二,现代临床
先天不足，后天失调,证候导致舌象,舌嫩色滞,丁光迪医生病例集,例二,现代临床
先天不足，后天失调,证候导致舌象,苔薄白,丁光迪医生病例集,例二,现代临床
先天不足，后天失调,证候导致脉象,脉细,丁光迪医生病例集,例二,现代临床
先天不足，后天失调,证候导致脉象,按之少力,丁光迪医生病例集,例二,现代临床
先天不足，后天失调,综合辨证证候,心肾失养,丁光迪医生病例集,例二,现代临床
先天不足，后天失调,综合辨证证候,冲任之脉不能正常运行,丁光迪医生病例集,例二,现代临床
先天不足，后天失调,证候采用方剂,逍遥散,丁光迪医生病例集,例二,现代临床
先天不足，后天失调,证候采用方剂,归脾汤,丁光迪医生病例集,例二,现代临床
逍遥散,方剂组成药材,柴胡,丁光迪医生病例集,例二,现代临床
逍遥散,方剂组成药材,白术,丁光迪医生病例集,例二,现代临床
逍遥散,方剂组成药材,茯苓,丁光迪医生病例集,例二,现代临床
逍遥散,方剂组成药材,当归,丁光迪医生病例集,例二,现代临床
逍遥散,方剂组成药材,白芍,丁光迪医生病例集,例二,现代临床
逍遥散,方剂组成药材,黄芩,丁光迪医生病例集,例二,现代临床
逍遥散,方剂组成药材,党参,丁光迪医生病例集,例二,现代临床
逍遥散,方剂组成药材,炙甘草,丁光迪医生病例集,例二,现代临床
逍遥散,方剂组成药材,远志肉,丁光迪医生病例集,例二,现代临床
逍遥散,方剂组成药材,广木香,丁光迪医生病例集,例二,现代临床
逍遥散,方剂组成药材,桂圆肉,丁光迪医生病例集,例二,现代临床
逍遥散,方剂组成药材,炒谷麦芽,丁光迪医生病例集,例二,现代临床
归脾汤,方剂组成药材,柴胡,丁光迪医生病例集,例二,现代临床
归脾汤,方剂组成药材,白术,丁光迪医生病例集,例二,现代临床
归脾汤,方剂组成药材,茯苓,丁光迪医生病例集,例二,现代临床
归脾汤,方剂组成药材,当归,丁光迪医生病例集,例二,现代临床
归脾汤,方剂组成药材,白芍,丁光迪医生病例集,例二,现代临床
归脾汤,方剂组成药材,黄芩,丁光迪医生病例集,例二,现代临床
归脾汤,方剂组成药材,党参,丁光迪医生病例集,例二,现代临床
归脾汤,方剂组成药材,炙甘草,丁光迪医生病例集,例二,现代临床
归脾汤,方剂组成药材,远志肉,丁光迪医生病例集,例二,现代临床
归脾汤,方剂组成药材,广木香,丁光迪医生病例集,例二,现代临床
归脾汤,方剂组成药材,桂圆肉,丁光迪医生病例集,例二,现代临床
归脾汤,方剂组成药材,炒谷麦芽,丁光迪医生病例集,例二,现代临床
柴胡,药材具有功效,疏肝解郁,丁光迪医生病例集,例二,现代临床
白术,药材具有功效,健脾益气,丁光迪医生病例集,例二,现代临床
茯苓,药材具有功效,利水渗湿,丁光迪医生病例集,例二,现代临床
当归,药材具有功效,补血调经,丁光迪医生病例集,例二,现代临床
白芍,药材具有功效,养血柔肝,丁光迪医生病例集,例二,现代临床
黄芩,药材具有功效,清热燥湿,丁光迪医生病例集,例二,现代临床
党参,药材具有功效,补中益气,丁光迪医生病例集,例二,现代临床
炙甘草,药材具有功效,调和诸药,丁光迪医生病例集,例二,现代临床
远志肉,药材具有功效,安神益智,丁光迪医生病例集,例二,现代临床
广木香,药材具有功效,行气止痛,丁光迪医生病例集,例二,现代临床
桂圆肉,药材具有功效,补心益脾,丁光迪医生病例集,例二,现代临床
炒谷麦芽,药材具有功效,消食和中,丁光迪医生病例集,例二,现代临床
丁光迪,名医经验总结,治损大法，一般分为二层，治脾治肾，治脾尤为要着,丁光迪医生病例集,例二,现代临床
妇女更年期综合征,疾病表现症状,虚火,丁光迪医生病例集,例三,现代临床
妇女更年期综合征,疾病表现症状,身热,丁光迪医生病例集,例三,现代临床
妇女更年期综合征,疾病表现症状,五心烦热,丁光迪医生病例集,例三,现代临床
妇女更年期综合征,疾病表现症状,易汗,丁光迪医生病例集,例三,现代临床
妇女更年期综合征,疾病表现症状,白烦躁,丁光迪医生病例集,例三,现代临床
妇女更年期综合征,疾病表现症状,寐差心悸,丁光迪医生病例集,例三,现代临床
妇女更年期综合征,导致舌象,舌红,丁光迪医生病例集,例三,现代临床
妇女更年期综合征,导致舌象,苔薄腻,丁光迪医生病例集,例三,现代临床
妇女更年期综合征,导致舌象,罩浅黄色,丁光迪医生病例集,例三,现代临床
妇女更年期综合征,导致脉象,脉弦滑,丁光迪医生病例集,例三,现代临床
妇女更年期综合征,症状伴随症状,停经,丁光迪医生病例集,例三,现代临床
妇女更年期综合征,症状伴随症状,乳胀腹痛,丁光迪医生病例集,例三,现代临床
妇女更年期综合征,症状伴随症状,经血量不太多,丁光迪医生病例集,例三,现代临床
妇女更年期综合征,症状伴随症状,经色校暗,丁光迪医生病例集,例三,现代临床
妇女更年期综合征,症状伴随症状,净后亦无特殊不适,丁光迪医生病例集,例三,现代临床
妇女更年期综合征,症状伴随症状,胃口好,丁光迪医生病例集,例三,现代临床
妇女更年期综合征,症状伴随症状,大便偏下,丁光迪医生病例集,例三,现代临床
妇女更年期综合征,综合辨证证候,肝肾虚,丁光迪医生病例集,例三,现代临床
妇女更年期综合征,综合辨证证候,相火迫于血室,丁光迪医生病例集,例三,现代临床
妇女更年期综合征,综合辨证证候,阴络伤则血下泄,丁光迪医生病例集,例三,现代临床
妇女更年期综合征,综合辨证证候,乱经,丁光迪医生病例集,例三,现代临床
妇女更年期综合征,综合辨证证候,血热经乱,丁光迪医生病例集,例三,现代临床
妇女更年期综合征,证候采用方剂,二至丸,丁光迪医生病例集,例三,现代临床
妇女更年期综合征,证候采用方剂,丹梔逍遥加味,丁光迪医生病例集,例三,现代临床
二至丸,方剂组成药材,女贞子,丁光迪医生病例集,例三,现代临床
二至丸,方剂组成药材,墨旱莲,丁光迪医生病例集,例三,现代临床
丹梔逍遥加味,方剂组成药材,丹皮,丁光迪医生病例集,例三,现代临床
丹梔逍遥加味,方剂组成药材,黑山梔,丁光迪医生病例集,例三,现代临床
丹梔逍遥加味,方剂组成药材,柴胡,丁光迪医生病例集,例三,现代临床
丹梔逍遥加味,方剂组成药材,橘叶,丁光迪医生病例集,例三,现代临床
丹梔逍遥加味,方剂组成药材,当归,丁光迪医生病例集,例三,现代临床
丹梔逍遥加味,方剂组成药材,白芍,丁光迪医生病例集,例三,现代临床
丹梔逍遥加味,方剂组成药材,白术,丁光迪医生病例集,例三,现代临床
丹梔逍遥加味,方剂组成药材,茯苓,丁光迪医生病例集,例三,现代临床
丹梔逍遥加味,方剂组成药材,炙甘草,丁光迪医生病例集,例三,现代临床
丹梔逍遥加味,方剂组成药材,炒黄柏,丁光迪医生病例集,例三,现代临床
丹梔逍遥加味,方剂组成药材,炙龟板,丁光迪医生病例集,例三,现代临床
丹梔逍遥加味,方剂组成药材,泽泻,丁光迪医生病例集,例三,现代临床
妇女更年期综合征,证候采用方剂,升阳举经汤,丁光迪医生病例集,例三,现代临床
升阳举经汤,方剂组成药材,柴胡,丁光迪医生病例集,例三,现代临床
升阳举经汤,方剂组成药材,炒防风,丁光迪医生病例集,例三,现代临床
升阳举经汤,方剂组成药材,荆芥炭,丁光迪医生病例集,例三,现代临床
升阳举经汤,方剂组成药材,独活,丁光迪医生病例集,例三,现代临床
升阳举经汤,方剂组成药材,白芷,丁光迪医生病例集,例三,现代临床
升阳举经汤,方剂组成药材,藁本,丁光迪医生病例集,例三,现代临床
升阳举经汤,方剂组成药材,苍术,丁光迪医生病例集,例三,现代临床
升阳举经汤,方剂组成药材,炙甘草,丁光迪医生病例集,例三,现代临床
升阳举经汤,方剂组成药材,炒白芍,丁光迪医生病例集,例三,现代临床
升阳举经汤,方剂组成药材,当归,丁光迪医生病例集,例三,现代临床
升阳举经汤,方剂组成药材,妙川断,丁光迪医生病例集,例三,现代临床
升阳举经汤,方剂组成药材,艾叶炭,丁光迪医生病例集,例三,现代临床
升阳举经汤,方剂组成药材,砂仁末,丁光迪医生病例集,例三,现代临床
升阳举经汤,方剂组成药材,茯神,丁光迪医生病例集,例三,现代临床
升阳举经汤,方剂组成药材,鲜藕,丁光迪医生病例集,例三,现代临床
妇女更年期综合征,名医经验总结,丁光迪,丁光迪医生病例集,例三,现代临床
崩漏,疾病表现症状,月经量多,丁光迪医生病例集,例二,现代临床
崩漏,疾病表现症状,每次来潮如崩,丁光迪医生病例集,例二,现代临床
崩漏,疾病表现症状,淋漓不净,丁光迪医生病例集,例二,现代临床
崩漏,疾病表现症状,腰酸肢凉,丁光迪医生病例集,例二,现代临床
崩漏,疾病表现症状,气短音低,丁光迪医生病例集,例二,现代临床
崩漏,疾病表现症状,面色青黄,丁光迪医生病例集,例二,现代临床
崩漏,疾病表现症状,精神淡漠,丁光迪医生病例集,例二,现代临床
崩漏,疾病表现症状,额汗微凉,丁光迪医生病例集,例二,现代临床
崩漏,疾病表现症状,胃不欲纳,丁光迪医生病例集,例二,现代临床
崩漏,疾病导致舌象,舌淡苔薄,丁光迪医生病例集,例二,现代临床
崩漏,疾病导致脉象,脉浮而虚,丁光迪医生病例集,例二,现代临床
崩漏,综合辨证证候,阳气下陷,丁光迪医生病例集,例二,现代临床
崩漏,综合辨证证候,气血虚脱,丁光迪医生病例集,例二,现代临床
崩漏,证候采用方剂,急挽崩漏汤,丁光迪医生病例集,例二,现代临床
急挽崩漏汤,方剂组成药材,升麻,丁光迪医生病例集,例二,现代临床
急挽崩漏汤,方剂组成药材,柴胡,丁光迪医生病例集,例二,现代临床
急挽崩漏汤,方剂组成药材,炒防风,丁光迪医生病例集,例二,现代临床
急挽崩漏汤,方剂组成药材,荆芥炭,丁光迪医生病例集,例二,现代临床
急挽崩漏汤,方剂组成药材,白芷,丁光迪医生病例集,例二,现代临床
急挽崩漏汤,方剂组成药材,藁本,丁光迪医生病例集,例二,现代临床
急挽崩漏汤,方剂组成药材,独活,丁光迪医生病例集,例二,现代临床
急挽崩漏汤,方剂组成药材,白术,丁光迪医生病例集,例二,现代临床
急挽崩漏汤,方剂组成药材,炙黄芪,丁光迪医生病例集,例二,现代临床
急挽崩漏汤,方剂组成药材,炙黑甘草,丁光迪医生病例集,例二,现代临床
急挽崩漏汤,方剂组成药材,当归,丁光迪医生病例集,例二,现代临床
急挽崩漏汤,方剂组成药材,陈阿胶珠,丁光迪医生病例集,例二,现代临床
急挽崩漏汤,方剂组成药材,炮姜炭,丁光迪医生病例集,例二,现代临床
急挽崩漏汤,方剂组成药材,艾叶炭,丁光迪医生病例集,例二,现代临床
急挽崩漏汤,方剂组成药材,红参,丁光迪医生病例集,例二,现代临床
急挽崩漏汤,方剂组成药材,莲蓬,丁光迪医生病例集,例二,现代临床
升麻,药材具有功效,升举清阳,丁光迪医生病例集,例二,现代临床
柴胡,药材具有功效,升举清阳,丁光迪医生病例集,例二,现代临床
炒防风,药材具有功效,胜湿,丁光迪医生病例集,例二,现代临床
荆芥炭,药材具有功效,摄血止血,丁光迪医生病例集,例二,现代临床
炙黄芪,药材具有功效,补气,丁光迪医生病例集,例二,现代临床
当归,药材具有功效,养血,丁光迪医生病例集,例二,现代临床
崩漏,归属于经典,七室秘藏,丁光迪医生病例集,例二,现代临床
李东垣,名医经验总结,崩漏的治疗法则是先补其阳，后泻其阴,丁光迪医生病例集,例二,现代临床
崩漏,疾病表现症状,月经不调,丁光迪医生病例集,例二,现代临床
崩漏,疾病表现症状,经血量多,丁光迪医生病例集,例二,现代临床
崩漏,疾病表现症状,漏下不止,丁光迪医生病例集,例二,现代临床
崩漏,疾病导致舌象,舌淡或胖,丁光迪医生病例集,例二,现代临床
崩漏,疾病导致舌象,苔薄滑,丁光迪医生病例集,例二,现代临床
崩漏,疾病导致脉象,脉细,丁光迪医生病例集,例二,现代临床
崩漏,疾病导致脉象,肤凉,丁光迪医生病例集,例二,现代临床
崩漏,疾病导致脉象,或按之微弦,丁光迪医生病例集,例二,现代临床
崩漏,疾病导致脉象,甚时空大,丁光迪医生病例集,例二,现代临床
崩漏,症状伴随症状,腰尻酸坠,丁光迪医生病例集,例二,现代临床
崩漏,症状伴随症状,头昏目黑,丁光迪医生病例集,例二,现代临床
崩漏,症状伴随症状,四肢无力,丁光迪医生病例集,例二,现代临床
崩漏,症状伴随症状,面色萎黄或白光白,丁光迪医生病例集,例二,现代临床
崩漏,症状伴随症状,肢凉畏寒,丁光迪医生病例集,例二,现代临床
崩漏,症状伴随症状,时见躁热,丁光迪医生病例集,例二,现代临床
崩漏,证候导致舌象,舌淡或胖,丁光迪医生病例集,例二,现代临床
崩漏,证候导致舌象,苔薄滑,丁光迪医生病例集,例二,现代临床
崩漏,证候导致脉象,脉细,丁光迪医生病例集,例二,现代临床
崩漏,证候导致脉象,肤凉,丁光迪医生病例集,例二,现代临床
崩漏,证候导致脉象,或按之微弦,丁光迪医生病例集,例二,现代临床
崩漏,证候导致脉象,甚时空大,丁光迪医生病例集,例二,现代临床
崩漏,综合辨证证候,阳气下陷,丁光迪医生病例集,例二,现代临床
崩漏,综合辨证证候,气血虚脱,丁光迪医生病例集,例二,现代临床
崩漏,证候采用方剂,急挽崩漏汤,丁光迪医生病例集,例二,现代临床
急挽崩漏汤,方剂组成药材,升麻,丁光迪医生病例集,例二,现代临床
急挽崩漏汤,方剂组成药材,柴胡,丁光迪医生病例集,例二,现代临床
急挽崩漏汤,方剂组成药材,炒防风,丁光迪医生病例集,例二,现代临床
急挽崩漏汤,方剂组成药材,荆芥炭,丁光迪医生病例集,例二,现代临床
急挽崩漏汤,方剂组成药材,白芷,丁光迪医生病例集,例二,现代临床
急挽崩漏汤,方剂组成药材,藁本,丁光迪医生病例集,例二,现代临床
急挽崩漏汤,方剂组成药材,羌活,丁光迪医生病例集,例二,现代临床
急挽崩漏汤,方剂组成药材,独活,丁光迪医生病例集,例二,现代临床
急挽崩漏汤,方剂组成药材,炙黑甘草,丁光迪医生病例集,例二,现代临床
急挽崩漏汤,方剂组成药材,炙黄芪,丁光迪医生病例集,例二,现代临床
急挽崩漏汤,方剂组成药材,当归,丁光迪医生病例集,例二,现代临床
急挽崩漏汤,方剂组成药材,白术,丁光迪医生病例集,例二,现代临床
急挽崩漏汤,方剂组成药材,艾叶炭,丁光迪医生病例集,例二,现代临床
急挽崩漏汤,方剂组成药材,红参,丁光迪医生病例集,例二,现代临床
急挽崩漏汤,方剂组成药材,莲蓬炭,丁光迪医生病例集,例二,现代临床
红参,药材具有功效,益气摄血,丁光迪医生病例集,例二,现代临床
当归,药材具有功效,补血,丁光迪医生病例集,例二,现代临床
艾叶炭,药材具有功效,摄血止血,丁光迪医生病例集,例二,现代临床
莲蓬炭,药材具有功效,摄血止血,丁光迪医生病例集,例二,现代临床
炙甘草,药材具有功效,发散为阳,丁光迪医生病例集,例二,现代临床
白术,药材具有功效,守住中宫,丁光迪医生病例集,例二,现代临床
崩漏,证候采用方剂,补中益气汤合归脾汤,丁光迪医生病例集,例二,现代临床
崩漏,证候采用方剂,逍遥散,丁光迪医生病例集,例二,现代临床
崩漏,证候采用方剂,杞菊地黄,丁光迪医生病例集,例二,现代临床
崩漏,证候采用方剂,知柏地黄,丁光迪医生病例集,例二,现代临床
崩漏,证候采用方剂,还少丹,丁光迪医生病例集,例二,现代临床
还少丹,方剂组成药材,熟地,丁光迪医生病例集,例二,现代临床
还少丹,方剂组成药材,山药,丁光迪医生病例集,例二,现代临床
还少丹,方剂组成药材,牛膝,丁光迪医生病例集,例二,现代临床
丁光迪,名医经验总结,崩漏治疗经验,丁光迪医生病例集,例二,现代临床
月经不调,疾病表现症状,腰酸腹坠,丁光迪医生病例集,例三,现代临床
月经不调,疾病表现症状,血下如崩,丁光迪医生病例集,例三,现代临床
月经不调,疾病表现症状,出血四五六天不等,丁光迪医生病例集,例三,现代临床
月经不调,疾病表现症状,血色先暗后淡,丁光迪医生病例集,例三,现代临床
月经不调,疾病表现症状,白带多,丁光迪医生病例集,例三,现代临床
月经不调,疾病表现症状,面色虚浮,丁光迪医生病例集,例三,现代临床
月经不调,疾病表现症状,下午足肿,丁光迪医生病例集,例三,现代临床
月经不调,疾病表现症状,形寒畏冷,丁光迪医生病例集,例三,现代临床
月经不调,疾病表现症状,心悸少寐,丁光迪医生病例集,例三,现代临床
月经不调,疾病导致舌象,舌淡稍胖,丁光迪医生病例集,例三,现代临床
月经不调,疾病导致舌象,苔白腻,丁光迪医生病例集,例三,现代临床
月经不调,疾病导致脉象,脉濡,丁光迪医生病例集,例三,现代临床
月经不调,疾病导致脉象,按之弦细无力,丁光迪医生病例集,例三,现代临床
中虚湿胜，气不摄血,证候导致舌象,舌淡稍胖,丁光迪医生病例集,例三,现代临床
中虚湿胜，气不摄血,证候导致舌象,苔白腻,丁光迪医生病例集,例三,现代临床
中虚湿胜，气不摄血,证候导致脉象,脉濡,丁光迪医生病例集,例三,现代临床
中虚湿胜，气不摄血,证候导致脉象,按之弦细无力,丁光迪医生病例集,例三,现代临床
升阳除湿，益气摄血,证候采用方剂,升阳除湿汤,丁光迪医生病例集,例三,现代临床
升阳除湿汤,方剂组成药材,炙升麻,丁光迪医生病例集,例三,现代临床
升阳除湿汤,方剂组成药材,柴胡,丁光迪医生病例集,例三,现代临床
升阳除湿汤,方剂组成药材,苍白术,丁光迪医生病例集,例三,现代临床
升阳除湿汤,方剂组成药材,白芒,丁光迪医生病例集,例三,现代临床
升阳除湿汤,方剂组成药材,藁本,丁光迪医生病例集,例三,现代临床
升阳除湿汤,方剂组成药材,防风,丁光迪医生病例集,例三,现代临床
升阳除湿汤,方剂组成药材,炙甘草,丁光迪医生病例集,例三,现代临床
升阳除湿汤,方剂组成药材,桂枝,丁光迪医生病例集,例三,现代临床
升阳除湿汤,方剂组成药材,羌独活,丁光迪医生病例集,例三,现代临床
升阳除湿汤,方剂组成药材,炙黄芪,丁光迪医生病例集,例三,现代临床
升阳除湿汤,方剂组成药材,当归,丁光迪医生病例集,例三,现代临床
升阳除湿汤,方剂组成药材,茯苓,丁光迪医生病例集,例三,现代临床
炙升麻,药材具有功效,升阳气,丁光迪医生病例集,例三,现代临床
炙升麻,药材具有功效,解表证,丁光迪医生病例集,例三,现代临床
炙升麻,药材具有功效,辟邪气,丁光迪医生病例集,例三,现代临床
炙升麻,药材具有功效,解时毒,丁光迪医生病例集,例三,现代临床
炙升麻,药材具有功效,补脾胃,丁光迪医生病例集,例三,现代临床
柴胡,药材具有功效,主气,丁光迪医生病例集,例三,现代临床
柴胡,药材具有功效,主血,丁光迪医生病例集,例三,现代临床
防风,药材具有功效,祛风,丁光迪医生病例集,例三,现代临床
防风,药材具有功效,通利周身关节,丁光迪医生病例集,例三,现代临床
防风,药材具有功效,补中益神,丁光迪医生病例集,例三,现代临床
防风,药材具有功效,匀气脉,丁光迪医生病例集,例三,现代临床
荆芥,药材具有功效,发汗散风邪,丁光迪医生病例集,例三,现代临床
荆芥,药材具有功效,通利血脉,丁光迪医生病例集,例三,现代临床
荆芥,药材具有功效,传送五脏不足气,丁光迪医生病例集,例三,现代临床
荆芥,药材具有功效,助脾胃,丁光迪医生病例集,例三,现代临床
藁本,药材具有功效,除风头痛,丁光迪医生病例集,例三,现代临床
藁本,药材具有功效,治妇人疝痕,丁光迪医生病例集,例三,现代临床
藁本,药材具有功效,通血,丁光迪医生病例集,例三,现代临床
藁本,药材具有功效,治痈疽,丁光迪医生病例集,例三,现代临床
藁本,药材具有功效,排脓内塞,丁光迪医生病例集,例三,现代临床
白芷,药材具有功效,疗风,丁光迪医生病例集,例三,现代临床
白芷,药材具有功效,发汗通窍,丁光迪医生病例集,例三,现代临床
白芷,药材具有功效,治头面诸风,丁光迪医生病例集,例三,现代临床
白芷,药材具有功效,疗肠风痔痿,丁光迪医生病例集,例三,现代临床
白芷,药材具有功效,止痛排脓,丁光迪医生病例集,例三,现代临床
羌活,药材具有功效,疗诸贼风,丁光迪医生病例集,例三,现代临床
羌活,药材具有功效,升阳除湿,丁光迪医生病例集,例三,现代临床
独活,药材具有功效,疗诸贼风,丁光迪医生病例集,例三,现代临床
独活,药材具有功效,升阳除湿,丁光迪医生病例集,例三,现代临床
蔓荆子,药材具有功效,治贼风,丁光迪医生病例集,例三,现代临床
蔓荆子,药材具有功效,散上部风邪,丁光迪医生病例集,例三,现代临床
蔓荆子,药材具有功效,凉血,丁光迪医生病例集,例三,现代临床
月经不调,归属于经典,兰室秘藏，妇人门,丁光迪医生病例集,例三,现代临床
李东垣,名医经验总结,女子漏下恶血，月事不调，或暴崩不止，多由水浆之物，皆由饮食不节，或带伤形体，或素有心气不足，因饮食劳倦伤中致之,丁光迪医生病例集,例三,现代临床
崩漏,症状辨证证候,中虚湿胜，气不摄血,丁光迪医生病例集,例三,现代临床
崩漏,症状辨证证候,水血同病,丁光迪医生病例集,例三,现代临床
崩漏,综合辨证证候,中虚湿胜，气不摄血,丁光迪医生病例集,例三,现代临床
崩漏,综合辨证证候,水血同病,丁光迪医生病例集,例三,现代临床
月经不调,疾病表现症状,漏下不止,丁光迪医生病例集,例四,现代临床
月经不调,疾病表现症状,经行不畅,丁光迪医生病例集,例四,现代临床
月经不调,疾病表现症状,经色紫暗,丁光迪医生病例集,例四,现代临床
月经不调,疾病表现症状,血块多,丁光迪医生病例集,例四,现代临床
月经不调,疾病表现症状,淋沥不净,丁光迪医生病例集,例四,现代临床
月经不调,疾病表现症状,头昏心悸,丁光迪医生病例集,例四,现代临床
月经不调,疾病表现症状,手足心热,丁光迪医生病例集,例四,现代临床
月经不调,疾病表现症状,形体消瘦,丁光迪医生病例集,例四,现代临床
月经不调,疾病导致舌象,舌尖红,丁光迪医生病例集,例四,现代临床
月经不调,疾病导致舌象,苔薄腻,丁光迪医生病例集,例四,现代临床
月经不调,疾病导致舌象,舌根稍厚,丁光迪医生病例集,例四,现代临床
月经不调,疾病导致脉象,脉细,丁光迪医生病例集,例四,现代临床
月经不调,疾病导致脉象,脉微涩,丁光迪医生病例集,例四,现代临床
月经不调,症状伴随症状,腰腹重坠酸胀,丁光迪医生病例集,例四,现代临床
月经不调,症状伴随症状,肌肤灼热,丁光迪医生病例集,例四,现代临床
月经不调,症状辨证证候,气不摄血之证,丁光迪医生病例集,例四,现代临床
月经不调,症状辨证证候,阳气不足,丁光迪医生病例集,例四,现代临床
月经不调,症状辨证证候,胞宫欠温,丁光迪医生病例集,例四,现代临床
月经不调,症状辨证证候,气虚下陷,丁光迪医生病例集,例四,现代临床
月经不调,症状辨证证候,阴阳不调,丁光迪医生病例集,例四,现代临床
月经不调,症状辨证证候,虚阳外浮,丁光迪医生病例集,例四,现代临床
月经不调,综合辨证证候,内伤,丁光迪医生病例集,例四,现代临床
月经不调,综合辨证证候,先天不足,丁光迪医生病例集,例四,现代临床
月经不调,综合辨证证候,后天失调,丁光迪医生病例集,例四,现代临床
月经不调,综合辨证证候,胞宫欠温,丁光迪医生病例集,例四,现代临床
月经不调,综合辨证证候,气虚下陷,丁光迪医生病例集,例四,现代临床
月经不调,证候采用方剂,升阳举经汤,丁光迪医生病例集,例四,现代临床
月经不调,证候采用方剂,金匮妇人陷经胶姜汤,丁光迪医生病例集,例四,现代临床
升阳举经汤,方剂组成药材,炙升麻,丁光迪医生病例集,例四,现代临床
升阳举经汤,方剂组成药材,柴胡,丁光迪医生病例集,例四,现代临床
升阳举经汤,方剂组成药材,防风,丁光迪医生病例集,例四,现代临床
升阳举经汤,方剂组成药材,白术,丁光迪医生病例集,例四,现代临床
升阳举经汤,方剂组成药材,藁本,丁光迪医生病例集,例四,现代临床
升阳举经汤,方剂组成药材,羌独活,丁光迪医生病例集,例四,现代临床
升阳举经汤,方剂组成药材,炙甘草,丁光迪医生病例集,例四,现代临床
升阳举经汤,方剂组成药材,当归,丁光迪医生病例集,例四,现代临床
升阳举经汤,方剂组成药材,茯苓,丁光迪医生病例集,例四,现代临床
升阳举经汤,方剂组成药材,炮姜,丁光迪医生病例集,例四,现代临床
升阳举经汤,方剂组成药材,阿胶珠,丁光迪医生病例集,例四,现代临床
升阳举经汤,方剂组成药材,炙艾叶炭,丁光迪医生病例集,例四,现代临床
炙升麻,药材具有功效,升阳,丁光迪医生病例集,例四,现代临床
柴胡,药材具有功效,疏肝解郁,丁光迪医生病例集,例四,现代临床
防风,药材具有功效,祛风解表,丁光迪医生病例集,例四,现代临床
白术,药材具有功效,健脾益气,丁光迪医生病例集,例四,现代临床
当归,药材具有功效,补血调经,丁光迪医生病例集,例四,现代临床
茯苓,药材具有功效,利水渗湿,丁光迪医生病例集,例四,现代临床
炙甘草,药材具有功效,调和诸药,丁光迪医生病例集,例四,现代临床
李东垣升阳举经汤,归属于经典,金匮要略,丁光迪医生病例集,例四,现代临床
李东垣升阳举经汤,理论指导实践,月经不调,丁光迪医生病例集,例四,现代临床
丁光迪,名医经验总结,月经不调,丁光迪医生病例集,例四,现代临床
白带病,疾病表现症状,白带绵绵,丁光迪医生病例集,例一,现代临床
白带病,疾病表现症状,质稀如水,丁光迪医生病例集,例一,现代临床
白带病,疾病表现症状,略有腥气,丁光迪医生病例集,例一,现代临床
白带病,疾病表现症状,面色萎黄,丁光迪医生病例集,例一,现代临床
白带病,疾病表现症状,目胞虚浮,丁光迪医生病例集,例一,现代临床
白带病,疾病表现症状,形神疲乏,丁光迪医生病例集,例一,现代临床
白带病,疾病表现症状,饮食无味,丁光迪医生病例集,例一,现代临床
白带病,疾病导致舌象,舌胖质淡,丁光迪医生病例集,例一,现代临床
白带病,疾病导致舌象,苔薄白腻,丁光迪医生病例集,例一,现代临床
脾虚气陷，湿胜成带,证候导致舌象,舌胖质淡,丁光迪医生病例集,例一,现代临床
脾虚气陷，湿胜成带,证候导致舌象,苔薄白腻,丁光迪医生病例集,例一,现代临床
脾虚气陷，湿胜成带,证候导致脉象,脉细,丁光迪医生病例集,例一,现代临床
脾虚气陷，湿胜成带,症状伴随症状,不能久站,丁光迪医生病例集,例一,现代临床
脾虚气陷，湿胜成带,症状伴随症状,下坠感,丁光迪医生病例集,例一,现代临床
脾虚气陷，湿胜成带,症状伴随症状,大便之意,丁光迪医生病例集,例一,现代临床
脾虚气陷，湿胜成带,症状伴随症状,欲得依坐稍适,丁光迪医生病例集,例一,现代临床
脾虚气陷，湿胜成带,症状伴随症状,常畏寒,丁光迪医生病例集,例一,现代临床
脾虚气陷，湿胜成带,症状伴随症状,烦劳又易躁热汗出,丁光迪医生病例集,例一,现代临床
脾虚气陷，湿胜成带,症状伴随症状,欲得温饮热食,丁光迪医生病例集,例一,现代临床
脾虚气陷，湿胜成带,症状伴随症状,尤其下半身欲得温暖,丁光迪医生病例集,例一,现代临床
脾虚气陷，湿胜成带,证候采用方剂,补中益气汤,丁光迪医生病例集,例一,现代临床
脾虚气陷，湿胜成带,证候采用方剂,升阳除湿汤,丁光迪医生病例集,例一,现代临床
补中益气汤,方剂组成药材,炙升麻,丁光迪医生病例集,例一,现代临床
补中益气汤,方剂组成药材,柴胡,丁光迪医生病例集,例一,现代临床
补中益气汤,方剂组成药材,党参,丁光迪医生病例集,例一,现代临床
补中益气汤,方剂组成药材,白术,丁光迪医生病例集,例一,现代临床
补中益气汤,方剂组成药材,炙甘草,丁光迪医生病例集,例一,现代临床
补中益气汤,方剂组成药材,茯苓,丁光迪医生病例集,例一,现代临床
补中益气汤,方剂组成药材,当归,丁光迪医生病例集,例一,现代临床
补中益气汤,方剂组成药材,陈皮,丁光迪医生病例集,例一,现代临床
升阳除湿汤,方剂组成药材,苍术,丁光迪医生病例集,例一,现代临床
升阳除湿汤,方剂组成药材,白芷,丁光迪医生病例集,例一,现代临床
升阳除湿汤,方剂组成药材,藁本,丁光迪医生病例集,例一,现代临床
升阳除湿汤,方剂组成药材,羌活,丁光迪医生病例集,例一,现代临床
升阳除湿汤,方剂组成药材,炒黄柏,丁光迪医生病例集,例一,现代临床
脾虚气陷，湿胜成带,症状辨证证候,脾虚气陷,丁光迪医生病例集,例一,现代临床
脾虚气陷，湿胜成带,症状辨证证候,湿胜成带,丁光迪医生病例集,例一,现代临床
脾虚气陷，湿胜成带,综合辨证证候,中气下陷,丁光迪医生病例集,例一,现代临床
脾虚气陷，湿胜成带,综合辨证证候,虚实夹杂,丁光迪医生病例集,例一,现代临床
补中益气丸,药材具有功效,补中益气,丁光迪医生病例集,例一,现代临床
归脾丸,药材具有功效,归脾,丁光迪医生病例集,例一,现代临床
月经错乱,疾病表现症状,白带绵下,丁光迪医生病例集,例二,现代临床
月经错乱,疾病表现症状,小腹不适,丁光迪医生病例集,例二,现代临床
月经错乱,疾病表现症状,腰以下畏寒怕冷,丁光迪医生病例集,例二,现代临床
月经错乱,疾病表现症状,两足肿,丁光迪医生病例集,例二,现代临床
月经错乱,疾病表现症状,阴痒,丁光迪医生病例集,例二,现代临床
月经错乱,疾病表现症状,阴道下垂感,丁光迪医生病例集,例二,现代临床
月经错乱,疾病表现症状,带多要用卫生巾扶托,丁光迪医生病例集,例二,现代临床
月经错乱,疾病表现症状,形寒疲乏,丁光迪医生病例集,例二,现代临床
月经错乱,疾病表现症状,纳谷不香,丁光迪医生病例集,例二,现代临床
月经错乱,疾病导致舌象,舌色晦滞,丁光迪医生病例集,例二,现代临床
月经错乱,疾病导致舌象,苔腻,丁光迪医生病例集,例二,现代临床
月经错乱,疾病导致脉象,脉细,丁光迪医生病例集,例二,现代临床
中气下陷,证候导致舌象,舌色晦滞,丁光迪医生病例集,例二,现代临床
中气下陷,证候导致舌象,苔腻,丁光迪医生病例集,例二,现代临床
中气下陷,证候导致脉象,脉细,丁光迪医生病例集,例二,现代临床
中气下陷,综合辨证证候,脾肾两伤,丁光迪医生病例集,例二,现代临床
中气下陷,综合辨证证候,混浊不化,丁光迪医生病例集,例二,现代临床
中气下陷,综合辨证证候,虚实错杂,丁光迪医生病例集,例二,现代临床
中气下陷,证候采用方剂,升阳除湿汤,丁光迪医生病例集,例二,现代临床
中气下陷,证候采用方剂,蕙故附子败酱散,丁光迪医生病例集,例二,现代临床
中气下陷,证候采用方剂,蜡矶丸,丁光迪医生病例集,例二,现代临床
升阳除湿汤,方剂组成药材,炙升麻,丁光迪医生病例集,例二,现代临床
升阳除湿汤,方剂组成药材,柴胡,丁光迪医生病例集,例二,现代临床
升阳除湿汤,方剂组成药材,苍术,丁光迪医生病例集,例二,现代临床
升阳除湿汤,方剂组成药材,门术,丁光迪医生病例集,例二,现代临床
升阳除湿汤,方剂组成药材,白芷,丁光迪医生病例集,例二,现代临床
升阳除湿汤,方剂组成药材,藁本,丁光迪医生病例集,例二,现代临床
升阳除湿汤,方剂组成药材,党参,丁光迪医生病例集,例二,现代临床
升阳除湿汤,方剂组成药材,炙甘草,丁光迪医生病例集,例二,现代临床
升阳除湿汤,方剂组成药材,制附子,丁光迪医生病例集,例二,现代临床
升阳除湿汤,方剂组成药材,生故仁,丁光迪医生病例集,例二,现代临床
升阳除湿汤,方剂组成药材,败酱草,丁光迪医生病例集,例二,现代临床
升阳除湿汤,方剂组成药材,蛇床子,丁光迪医生病例集,例二,现代临床
升阳除湿汤,方剂组成药材,石菖蒲,丁光迪医生病例集,例二,现代临床
蕙故附子败酱散,方剂组成药材,附子,丁光迪医生病例集,例二,现代临床
蕙故附子败酱散,方剂组成药材,败酱草,丁光迪医生病例集,例二,现代临床
蜡矶丸,药材具有功效,解毒护膜,丁光迪医生病例集,例二,现代临床
蜡矶丸,药材具有功效,敛疮止痛,丁光迪医生病例集,例二,现代临床
宫颈糜烂,疾病导致舌象,舌色晦滞,丁光迪医生病例集,例二,现代临床
宫颈糜烂,疾病导致舌象,苔腻,丁光迪医生病例集,例二,现代临床
宫颈糜烂,疾病导致脉象,脉细,丁光迪医生病例集,例二,现代临床
宫颈糜烂,疾病表现症状,白带绵下,丁光迪医生病例集,例二,现代临床
宫颈糜烂,疾病表现症状,小腹不适,丁光迪医生病例集,例二,现代临床
宫颈糜烂,疾病表现症状,腰以下畏寒怕冷,丁光迪医生病例集,例二,现代临床
宫颈糜烂,疾病表现症状,两足肿,丁光迪医生病例集,例二,现代临床
宫颈糜烂,疾病表现症状,阴痒,丁光迪医生病例集,例二,现代临床
宫颈糜烂,疾病表现症状,阴道下垂感,丁光迪医生病例集,例二,现代临床
宫颈糜烂,疾病表现症状,带多要用卫生巾扶托,丁光迪医生病例集,例二,现代临床
宫颈糜烂,疾病表现症状,形寒疲乏,丁光迪医生病例集,例二,现代临床
宫颈糜烂,疾病表现症状,纳谷不香,丁光迪医生病例集,例二,现代临床
宫颈糜烂,症状伴随症状,气色萎黄,丁光迪医生病例集,例二,现代临床
宫颈糜烂,症状伴随症状,身体明显受累,丁光迪医生病例集,例二,现代临床
宫颈糜烂,症状伴随症状,气色转润,丁光迪医生病例集,例二,现代临床
宫颈糜烂,症状伴随症状,神态活跃,丁光迪医生病例集,例二,现代临床
宫颈糜烂,症状伴随症状,精力大有好转,丁光迪医生病例集,例二,现代临床
宫颈糜烂,症状伴随症状,生活恢复正常,丁光迪医生病例集,例二,现代临床
宫颈糜烂,症状伴随症状,白带减少,丁光迪医生病例集,例二,现代临床
宫颈糜烂,症状伴随症状,阴痒消除,丁光迪医生病例集,例二,现代临床
宫颈糜烂,症状伴随症状,脉滑,丁光迪医生病例集,例二,现代临床
宫颈糜烂,症状伴随症状,舌色红活,丁光迪医生病例集,例二,现代临床
宫颈糜烂,症状伴随症状,苔薄白,丁光迪医生病例集,例二,现代临床
湿热蕴蒸,疾病导致舌象,舌红，苔腻根厚,丁光迪医生病例集,例一,现代临床
湿热蕴蒸,疾病导致脉象,脉弦略数,丁光迪医生病例集,例一,现代临床
湿热蕴蒸,疾病表现症状,小腹痛未除,丁光迪医生病例集,例一,现代临床
湿热蕴蒸,疾病表现症状,带下甚多,丁光迪医生病例集,例一,现代临床
湿热蕴蒸,疾病表现症状,间夹赤色,丁光迪医生病例集,例一,现代临床
湿热蕴蒸,疾病表现症状,混浊有臭气,丁光迪医生病例集,例一,现代临床
湿热蕴蒸,疾病表现症状,时低热,丁光迪医生病例集,例一,现代临床
湿热蕴蒸,疾病表现症状,五心烦躁,丁光迪医生病例集,例一,现代临床
湿热蕴蒸,疾病表现症状,小腹阴道有坠胀感,丁光迪医生病例集,例一,现代临床
湿热蕴蒸,疾病表现症状,小便有刺激痛,丁光迪医生病例集,例一,现代临床
湿热蕴蒸,疾病表现症状,大便燥结,丁光迪医生病例集,例一,现代临床
湿热蕴蒸,证候导致舌象,舌红,丁光迪医生病例集,例一,现代临床
湿热蕴蒸,证候导致舌象,苔腻,丁光迪医生病例集,例一,现代临床
湿热蕴蒸,证候导致舌象,根厚,丁光迪医生病例集,例一,现代临床
湿热蕴蒸,证候导致脉象,脉弦,丁光迪医生病例集,例一,现代临床
湿热蕴蒸,证候导致脉象,略数,丁光迪医生病例集,例一,现代临床
湿热蕴蒸,证候采用方剂,龙胆泻肝汤,丁光迪医生病例集,例一,现代临床
龙胆泻肝汤,方剂组成药材,龙胆草,丁光迪医生病例集,例一,现代临床
龙胆泻肝汤,方剂组成药材,柴胡,丁光迪医生病例集,例一,现代临床
龙胆泻肝汤,方剂组成药材,黑山梔,丁光迪医生病例集,例一,现代临床
龙胆泻肝汤,方剂组成药材,丹皮,丁光迪医生病例集,例一,现代临床
龙胆泻肝汤,方剂组成药材,黄柏,丁光迪医生病例集,例一,现代临床
龙胆泻肝汤,方剂组成药材,芦荟,丁光迪医生病例集,例一,现代临床
龙胆泻肝汤,方剂组成药材,鸡苏散,丁光迪医生病例集,例一,现代临床
龙胆泻肝汤,方剂组成药材,泽泻,丁光迪医生病例集,例一,现代临床
龙胆泻肝汤,方剂组成药材,木通,丁光迪医生病例集,例一,现代临床
龙胆泻肝汤,方剂组成药材,当归,丁光迪医生病例集,例一,现代临床
龙胆泻肝汤,方剂组成药材,赤芍,丁光迪医生病例集,例一,现代临床
龙胆泻肝汤,方剂组成药材,焦枳实,丁光迪医生病例集,例一,现代临床
龙胆泻肝汤,方剂组成药材,赤苓,丁光迪医生病例集,例一,现代临床
龙胆泻肝汤,方剂组成药材,鲜车前草,丁光迪医生病例集,例一,现代临床
龙胆泻肝汤,方剂组成药材,贯众,丁光迪医生病例集,例一,现代临床
湿热蕴蒸,症状伴随症状,口唇干燥,丁光迪医生病例集,例一,现代临床
湿热蕴蒸,症状伴随症状,神情烦躁,丁光迪医生病例集,例一,现代临床
湿热蕴蒸,症状伴随症状,腹不痞滞,丁光迪医生病例集,例一,现代临床
湿热蕴蒸,症状辨证证候,湿热蕴蒸于下焦,丁光迪医生病例集,例一,现代临床
湿热蕴蒸,综合辨证证候,腑气不通，冲任带脉受累,丁光迪医生病例集,例一,现代临床
湿热蕴蒸,证候导致舌象,舌红,丁光迪医生病例集,例一,现代临床
湿热蕴蒸,证候导致舌象,苔腻,丁光迪医生病例集,例一,现代临床
湿热蕴蒸,证候导致舌象,根厚,丁光迪医生病例集,例一,现代临床
湿热蕴蒸,证候导致脉象,脉弦,丁光迪医生病例集,例一,现代临床
湿热蕴蒸,证候导致脉象,略数,丁光迪医生病例集,例一,现代临床
湿热蕴蒸,症状伴随症状,时低热,丁光迪医生病例集,例一,现代临床
湿热蕴蒸,症状伴随症状,五心烦躁,丁光迪医生病例集,例一,现代临床
湿热蕴蒸,症状伴随症状,小腹阴道有坠胀感,丁光迪医生病例集,例一,现代临床
湿热蕴蒸,症状伴随症状,小便有刺激痛,丁光迪医生病例集,例一,现代临床
湿热蕴蒸,症状伴随症状,大便燥结,丁光迪医生病例集,例一,现代临床
湿热蕴蒸,证候采用方剂,龙胆泻肝汤,丁光迪医生病例集,例一,现代临床
龙胆泻肝汤,方剂组成药材,龙胆草,丁光迪医生病例集,例一,现代临床
龙胆泻肝汤,方剂组成药材,柴胡,丁光迪医生病例集,例一,现代临床
龙胆泻肝汤,方剂组成药材,黑山梔,丁光迪医生病例集,例一,现代临床
龙胆泻肝汤,方剂组成药材,丹皮,丁光迪医生病例集,例一,现代临床
龙胆泻肝汤,方剂组成药材,黄柏,丁光迪医生病例集,例一,现代临床
龙胆泻肝汤,方剂组成药材,芦荟,丁光迪医生病例集,例一,现代临床
龙胆泻肝汤,方剂组成药材,鸡苏散,丁光迪医生病例集,例一,现代临床
龙胆泻肝汤,方剂组成药材,泽泻,丁光迪医生病例集,例一,现代临床
龙胆泻肝汤,方剂组成药材,木通,丁光迪医生病例集,例一,现代临床
龙胆泻肝汤,方剂组成药材,当归,丁光迪医生病例集,例一,现代临床
龙胆泻肝汤,方剂组成药材,赤芍,丁光迪医生病例集,例一,现代临床
龙胆泻肝汤,方剂组成药材,焦枳实,丁光迪医生病例集,例一,现代临床
龙胆泻肝汤,方剂组成药材,赤苓,丁光迪医生病例集,例一,现代临床
龙胆泻肝汤,方剂组成药材,鲜车前草,丁光迪医生病例集,例一,现代临床
龙胆泻肝汤,方剂组成药材,贯众,丁光迪医生病例集,例一,现代临床
湿热蕴蒸,症状伴随症状,口唇干燥,丁光迪医生病例集,例一,现代临床
湿热蕴蒸,症状伴随症状,神情烦躁,丁光迪医生病例集,例一,现代临床
湿热蕴蒸,症状伴随症状,腹不痞滞,丁光迪医生病例集,例一,现代临床
湿热蕴蒸,症状辨证证候,湿热蕴蒸于下焦,丁光迪医生病例集,例一,现代临床
湿热蕴蒸,综合辨证证候,腑气不通，冲任带脉受累,丁光迪医生病例集,例一,现代临床
脾虚湿胜,疾病表现症状,白带绵下,丁光迪医生病例集,例一,现代临床
脾虚湿胜,疾病表现症状,无臭不粘,丁光迪医生病例集,例一,现代临床
脾虚湿胜,证候导致舌象,苔薄,丁光迪医生病例集,例一,现代临床
脾虚湿胜,证候导致舌象,舌嫩,丁光迪医生病例集,例一,现代临床
脾虚湿胜,证候导致脉象,脉缓弱,丁光迪医生病例集,例一,现代临床
脾虚湿胜,证候采用方剂,升阳除湿方法,丁光迪医生病例集,例一,现代临床
脾津下渗,疾病表现症状,白带清稀,丁光迪医生病例集,例一,现代临床
脾津下渗,疾病表现症状,或较粘,丁光迪医生病例集,例一,现代临床
脾津下渗,疾病表现症状,沾裤变硬,丁光迪医生病例集,例一,现代临床
脾津下渗,疾病表现症状,便澧少,丁光迪医生病例集,例一,现代临床
脾津下渗,疾病表现症状,口干欲饮,丁光迪医生病例集,例一,现代临床
脾津下渗,证候导致舌象,苔薄,丁光迪医生病例集,例一,现代临床
脾津下渗,证候导致舌象,舌嫩,丁光迪医生病例集,例一,现代临床
脾津下渗,证候导致脉象,脉缓弱,丁光迪医生病例集,例一,现代临床
脾津下渗,证候采用方剂,参苓白术散,丁光迪医生病例集,例一,现代临床
脾津下渗,症状伴随症状,口干欲饮,丁光迪医生病例集,例一,现代临床
脾津下渗,症状伴随症状,苔薄舌嫩,丁光迪医生病例集,例一,现代临床
脾津下渗,症状伴随症状,两脉缓弱,丁光迪医生病例集,例一,现代临床
脾津下渗,症状辨证证候,脾津下渗,丁光迪医生病例集,例一,现代临床
脾津下渗,综合辨证证候,胃液日损,丁光迪医生病例集,例一,现代临床
脾津下渗,证候导致舌象,苔薄,丁光迪医生病例集,例一,现代临床
脾津下渗,证候导致舌象,舌嫩,丁光迪医生病例集,例一,现代临床
脾津下渗,证候导致脉象,脉缓弱,丁光迪医生病例集,例一,现代临床
脾津下渗,证候采用方剂,参苓白术散,丁光迪医生病例集,例一,现代临床
脾阳虚失守,疾病表现症状,带下清稀如水,丁光迪医生病例集,例一,现代临床
脾阳虚失守,疾病表现症状,阵下如磷注,丁光迪医生病例集,例一,现代临床
脾阳虚失守,疾病表现症状,脐腹阴冷,丁光迪医生病例集,例一,现代临床
脾阳虚失守,疾病表现症状,阴中亦冷,丁光迪医生病例集,例一,现代临床
脾阳虚失守,疾病表现症状,形寒神萎,丁光迪医生病例集,例一,现代临床
脾阳虚失守,证候导致舌象,舌淡,丁光迪医生病例集,例一,现代临床
脾阳虚失守,证候导致脉象,脉细,丁光迪医生病例集,例一,现代临床
脾阳虚失守,证候采用方剂,补骨脂丸,丁光迪医生病例集,例一,现代临床
脾阳虚失守,证候采用方剂,脾肾双补丸,丁光迪医生病例集,例一,现代临床
脾阳虚失守,证候采用方剂,鹿角胶丸,丁光迪医生病例集,例一,现代临床
湿热下注,疾病表现症状,带色黄稠,丁光迪医生病例集,例一,现代临床
湿热下注,疾病表现症状,气臭且秽,丁光迪医生病例集,例一,现代临床
湿热下注,疾病表现症状,心烦意躁,丁光迪医生病例集,例一,现代临床
湿热下注,疾病表现症状,口干苫燥或粘,丁光迪医生病例集,例一,现代临床
湿热下注,疾病表现症状,阴痒或阴肿,丁光迪医生病例集,例一,现代临床
湿热下注,证候导致脉象,脉尺数,丁光迪医生病例集,例一,现代临床
湿热下注,证候导致舌象,舌红苔黄腻,丁光迪医生病例集,例一,现代临床
湿热下注,证候采用方剂,龙胆泻肝汤,丁光迪医生病例集,例一,现代临床
湿热下注,证候采用方剂,四妙散,丁光迪医生病例集,例一,现代临床
恶阻,疾病表现症状,恶心欲吐,丁光迪医生病例集,例一,现代临床
恶阻,疾病表现症状,不能饮食,丁光迪医生病例集,例一,现代临床
恶阻,疾病表现症状,腰酸腹痛,丁光迪医生病例集,例一,现代临床
恶阻,证候导致舌象,舌红苔薄腻,丁光迪医生病例集,例一,现代临床
恶阻,证候导致脉象,脉细,丁光迪医生病例集,例一,现代临床
恶阻,症状伴随症状,恶心呕吐,丁光迪医生病例集,例一,现代临床
恶阻,症状伴随症状,多涎,丁光迪医生病例集,例一,现代临床
恶阻,症状伴随症状,胸闷太息,丁光迪医生病例集,例一,现代临床
恶阻,症状伴随症状,卧不安席,丁光迪医生病例集,例一,现代临床
恶阻,症状辨证证候,冲任不固,丁光迪医生病例集,例一,现代临床
恶阻,症状辨证证候,浊气上逆,丁光迪医生病例集,例一,现代临床
恶阻,症状辨证证候,肝胃不和,丁光迪医生病例集,例一,现代临床
恶阻,证候采用方剂,姜半夏,丁光迪医生病例集,例一,现代临床
恶阻,证候采用方剂,陈皮,丁光迪医生病例集,例一,现代临床
恶阻,证候采用方剂,茯苓,丁光迪医生病例集,例一,现代临床
恶阻,证候采用方剂,吴萸,丁光迪医生病例集,例一,现代临床
恶阻,证候采用方剂,川连,丁光迪医生病例集,例一,现代临床
恶阻,证候采用方剂,嫩苏梗,丁光迪医生病例集,例一,现代临床
恶阻,证候采用方剂,当归,丁光迪医生病例集,例一,现代临床
恶阻,证候采用方剂,白芍,丁光迪医生病例集,例一,现代临床
恶阻,证候采用方剂,桑寄生,丁光迪医生病例集,例一,现代临床
恶阻,证候采用方剂,炒川断,丁光迪医生病例集,例一,现代临床
恶阻,证候采用方剂,白术,丁光迪医生病例集,例一,现代临床
恶阻,证候采用方剂,黄苓,丁光迪医生病例集,例一,现代临床
恶阻,证候采用方剂,鲜竺麻根,丁光迪医生病例集,例一,现代临床
痰湿白带,疾病表现症状,带下稠而光亮,丁光迪医生病例集,例一,现代临床
痰湿白带,疾病表现症状,或如涕如痰,丁光迪医生病例集,例一,现代临床
痰湿白带,疾病表现症状,或者成片成块外溢,丁光迪医生病例集,例一,现代临床
痰湿白带,疾病表现症状,或者兼有阴痒,丁光迪医生病例集,例一,现代临床
痰湿白带,证候采用方剂,二术一陈汤加味,丁光迪医生病例集,例一,现代临床
痰湿白带,证候采用方剂,蛇床广散,丁光迪医生病例集,例一,现代临床
痰湿白带,症状伴随症状,阴痒,丁光迪医生病例集,例一,现代临床
痰湿白带,症状辨证证候,痰湿,丁光迪医生病例集,例一,现代临床
痰湿白带,综合辨证证候,滴虫,丁光迪医生病例集,例一,现代临床
连续流产,疾病表现症状,心虚不安,丁光迪医生病例集,例二,现代临床
急性肠炎,疾病导致舌象,舌嫩苔腻,丁光迪医生病例集,例二,现代临床
泄泻,疾病表现症状,痛泻,丁光迪医生病例集,例二,现代临床
泄泻,症状伴随症状,肠鸣腹痛,丁光迪医生病例集,例二,现代临床
泄泻,症状伴随症状,大便不实,丁光迪医生病例集,例二,现代临床
泄泻,症状伴随症状,矢气多,丁光迪医生病例集,例二,现代临床
泄泻,症状伴随症状,遗矢,丁光迪医生病例集,例二,现代临床
怀孕,疾病表现症状,身重腹滞,丁光迪医生病例集,例二,现代临床
怀孕,症状伴随症状,气下坠,丁光迪医生病例集,例二,现代临床
怀孕,症状伴随症状,小便频,丁光迪医生病例集,例二,现代临床
怀孕,症状伴随症状,头昏脚弱,丁光迪医生病例集,例二,现代临床
怀孕,症状伴随症状,恶阻症状不著,丁光迪医生病例集,例二,现代临床
肝脾不调,证候导致舌象,舌嫩苔腻,丁光迪医生病例集,例二,现代临床
肝脾不调,证候导致脉象,脉浮细而弦,丁光迪医生病例集,例二,现代临床
肝脾不调,综合辨证证候,营卫怯弱,丁光迪医生病例集,例二,现代临床
肝脾不调,综合辨证证候,元气不能上升,丁光迪医生病例集,例二,现代临床
肝脾不调,综合辨证证候,举胎无力,丁光迪医生病例集,例二,现代临床
补中益气汤、桂枝汤与千金保孕丸,证候采用方剂,肝脾不调,丁光迪医生病例集,例二,现代临床
补中益气汤、桂枝汤与千金保孕丸,方剂组成药材,升麻,丁光迪医生病例集,例二,现代临床
补中益气汤、桂枝汤与千金保孕丸,方剂组成药材,柴胡,丁光迪医生病例集,例二,现代临床
补中益气汤、桂枝汤与千金保孕丸,方剂组成药材,炒党参,丁光迪医生病例集,例二,现代临床
补中益气汤、桂枝汤与千金保孕丸,方剂组成药材,白术,丁光迪医生病例集,例二,现代临床
补中益气汤、桂枝汤与千金保孕丸,方剂组成药材,陈皮,丁光迪医生病例集,例二,现代临床
补中益气汤、桂枝汤与千金保孕丸,方剂组成药材,炒白芍,丁光迪医生病例集,例二,现代临床
补中益气汤、桂枝汤与千金保孕丸,方剂组成药材,桂枝,丁光迪医生病例集,例二,现代临床
补中益气汤、桂枝汤与千金保孕丸,方剂组成药材,炙甘草,丁光迪医生病例集,例二,现代临床
补中益气汤、桂枝汤与千金保孕丸,方剂组成药材,炒防风,丁光迪医生病例集,例二,现代临床
补中益气汤、桂枝汤与千金保孕丸,方剂组成药材,白芷,丁光迪医生病例集,例二,现代临床
补中益气汤、桂枝汤与千金保孕丸,方剂组成药材,砂仁,丁光迪医生病例集,例二,现代临床
补中益气汤、桂枝汤与千金保孕丸,方剂组成药材,杜仲,丁光迪医生病例集,例二,现代临床
补中益气汤、桂枝汤与千金保孕丸,方剂组成药材,川断,丁光迪医生病例集,例二,现代临床
补中益气汤、桂枝汤与千金保孕丸,方剂组成药材,鲜竺麻根,丁光迪医生病例集,例二,现代临床
补中益气汤、桂枝汤与千金保孕丸,方剂组成药材,生姜,丁光迪医生病例集,例二,现代临床
补中益气汤、桂枝汤与千金保孕丸,方剂组成药材,大枣,丁光迪医生病例集,例二,现代临床
砂仁,药材具有功效,温暖肝胃,丁光迪医生病例集,例二,现代临床
砂仁,药材具有功效,止痛安胎,丁光迪医生病例集,例二,现代临床
杜仲、川断,药材具有功效,补肾续断,丁光迪医生病例集,例二,现代临床
杜仲、川断,药材具有功效,温阳安胎,丁光迪医生病例集,例二,现代临床
茯苓,药材具有功效,调补脾胃,丁光迪医生病例集,例二,现代临床
茯苓,药材具有功效,安胎,丁光迪医生病例集,例二,现代临床
丁光迪,名医经验总结,此案始终抓住脾胃一关，流有个砥柱，则营卫气血充裕，胎儿亦像盘石那样安稳,丁光迪医生病例集,例二,现代临床
月经不调,疾病表现症状,两乳房作胀,丁光迪医生病例集,例一,现代临床
月经不调,疾病表现症状,乳头竖起,丁光迪医生病例集,例一,现代临床
月经不调,疾病表现症状,痛感,丁光迪医生病例集,例一,现代临床
月经不调,疾病表现症状,肠鸣腹痛,丁光迪医生病例集,例一,现代临床
月经不调,疾病表现症状,连连泄泻,丁光迪医生病例集,例一,现代临床
月经不调,疾病表现症状,月经量少色暗,丁光迪医生病例集,例一,现代临床
月经不调,疾病表现症状,有紫块,丁光迪医生病例集,例一,现代临床
月经不调,疾病表现症状,经血量多,丁光迪医生病例集,例一,现代临床
月经不调,疾病表现症状,淋沥不尽,丁光迪医生病例集,例一,现代临床
月经不调,疾病表现症状,乳胀,丁光迪医生病例集,例一,现代临床
月经不调,疾病表现症状,痛泻,丁光迪医生病例集,例一,现代临床
月经不调,疾病导致舌象,舌色较暗,丁光迪医生病例集,例一,现代临床
月经不调,疾病导致舌象,苔腻湿润,丁光迪医生病例集,例一,现代临床
月经不调,疾病导致脉象,脉来弦而涩,丁光迪医生病例集,例一,现代临床
肝多郁气，脾虚湿生,证候导致舌象,舌色较暗,丁光迪医生病例集,例一,现代临床
肝多郁气，脾虚湿生,证候导致舌象,苔腻湿润,丁光迪医生病例集,例一,现代临床
肝多郁气，脾虚湿生,证候导致脉象,脉来弦而涩,丁光迪医生病例集,例一,现代临床
肝多郁气，脾虚湿生,综合辨证证候,湿燥并存,丁光迪医生病例集,例一,现代临床
肝多郁气，脾虚湿生,综合辨证证候,土木失调,丁光迪医生病例集,例一,现代临床
肝多郁气，脾虚湿生,综合辨证证候,影响及于冲任,丁光迪医生病例集,例一,现代临床
肝多郁气，脾虚湿生,证候采用方剂,逍遥、痛泻合方加味,丁光迪医生病例集,例一,现代临床
逍遥、痛泻合方加味,方剂组成药材,柴胡,丁光迪医生病例集,例一,现代临床
逍遥、痛泻合方加味,方剂组成药材,牡蛎,丁光迪医生病例集,例一,现代临床
逍遥、痛泻合方加味,方剂组成药材,当归,丁光迪医生病例集,例一,现代临床
逍遥、痛泻合方加味,方剂组成药材,川芎,丁光迪医生病例集,例一,现代临床
逍遥、痛泻合方加味,方剂组成药材,白芍,丁光迪医生病例集,例一,现代临床
逍遥、痛泻合方加味,方剂组成药材,白术,丁光迪医生病例集,例一,现代临床
逍遥、痛泻合方加味,方剂组成药材,茯苓,丁光迪医生病例集,例一,现代临床
逍遥、痛泻合方加味,方剂组成药材,防风,丁光迪医生病例集,例一,现代临床
逍遥、痛泻合方加味,方剂组成药材,陈皮,丁光迪医生病例集,例一,现代临床
逍遥、痛泻合方加味,方剂组成药材,木瓜,丁光迪医生病例集,例一,现代临床
逍遥、痛泻合方加味,方剂组成药材,炙地鳖虫,丁光迪医生病例集,例一,现代临床
柴胡,药材具有功效,舒肝,丁光迪医生病例集,例一,现代临床
当归,药材具有功效,调畅血液,丁光迪医生病例集,例一,现代临床
丁光迪,名医经验总结,月经不调治疗经验,丁光迪医生病例集,例一,现代临床
月经量少,疾病表现症状,大便干结,丁光迪医生病例集,例二,现代临床
月经量少,疾病表现症状,经前低热,丁光迪医生病例集,例二,现代临床
月经量少,症状伴随症状,经前乳胀,丁光迪医生病例集,例二,现代临床
月经量少,症状伴随症状,经前腹痛,丁光迪医生病例集,例二,现代临床
胞宫有恶物,证候导致舌象,舌有紫气,丁光迪医生病例集,例二,现代临床
胞宫有恶物,证候导致脉象,脉形较小,丁光迪医生病例集,例二,现代临床
胞宫有恶物,证候导致脉象,脉涩,丁光迪医生病例集,例二,现代临床
下焦有瘀热,证候导致舌象,苔薄腻罩黄色,丁光迪医生病例集,例二,现代临床
瘀阻积滞,症状辨证证候,月经量少,丁光迪医生病例集,例二,现代临床
瘀阻积滞,症状辨证证候,经色较暗,丁光迪医生病例集,例二,现代临床
瘀阻积滞,症状辨证证候,目眶气色晦暗,丁光迪医生病例集,例二,现代临床
瘀阻积滞,症状辨证证候,经前低热,丁光迪医生病例集,例二,现代临床
瘀阻积滞,症状辨证证候,大便秘结,丁光迪医生病例集,例二,现代临床
瘀阻积滞,舌象辨证证候,舌有紫气,丁光迪医生病例集,例二,现代临床
瘀阻积滞,脉象辨证证候,脉形较小,丁光迪医生病例集,例二,现代临床
瘀阻积滞,脉象辨证证候,脉涩,丁光迪医生病例集,例二,现代临床
瘀阻积滞,综合辨证证候,胞宫有恶物,丁光迪医生病例集,例二,现代临床
瘀阻积滞,综合辨证证候,下焦有瘀热,丁光迪医生病例集,例二,现代临床
胞宫有恶物，下焦有瘀热,证候采用方剂,金朴消荡胞汤,丁光迪医生病例集,例二,现代临床
金朴消荡胞汤,方剂组成药材,朴消,丁光迪医生病例集,例二,现代临床
金朴消荡胞汤,方剂组成药材,大黄,丁光迪医生病例集,例二,现代临床
金朴消荡胞汤,方剂组成药材,丹皮,丁光迪医生病例集,例二,现代临床
金朴消荡胞汤,方剂组成药材,赤芍,丁光迪医生病例集,例二,现代临床
金朴消荡胞汤,方剂组成药材,桃仁,丁光迪医生病例集,例二,现代临床
金朴消荡胞汤,方剂组成药材,川牛膝,丁光迪医生病例集,例二,现代临床
金朴消荡胞汤,方剂组成药材,益母草,丁光迪医生病例集,例二,现代临床
桃仁,药材具有功效,活血化瘀,丁光迪医生病例集,例二,现代临床
益母草,药材具有功效,调经止痛,丁光迪医生病例集,例二,现代临床
调经种玉,归属于经典,《备急千金要方》,丁光迪医生病例集,例二,现代临床
荡胞去恶物,理论指导实践,孙思邈,丁光迪医生病例集,例二,现代临床
丁光迪,名医经验总结,瘀阻积滞致病在腑而不在脏，属于后天之病,丁光迪医生病例集,例二,现代临床
气滞血瘀,疾病表现症状,月经变化,丁光迪医生病例集,例三,现代临床
气滞血瘀,疾病导致舌象,舌有紫气,丁光迪医生病例集,例三,现代临床
气滞血瘀,疾病导致舌象,苔薄腻,丁光迪医生病例集,例三,现代临床
气滞血瘀,疾病导致舌象,罩浮黄,丁光迪医生病例集,例三,现代临床
气滞血瘀,疾病导致脉象,脉涩,丁光迪医生病例集,例三,现代临床
脾胃湿积,疾病表现症状,大便常软,丁光迪医生病例集,例三,现代临床
脾胃湿积,疾病表现症状,有时便澹,丁光迪医生病例集,例三,现代临床
脾胃湿积,疾病表现症状,不能吃重油腻或油炸食品,丁光迪医生病例集,例三,现代临床
脾胃湿积,疾病导致脉象,脉涩,丁光迪医生病例集,例三,现代临床
气滞血瘀,证候导致舌象,舌有紫气,丁光迪医生病例集,例三,现代临床
气滞血瘀,证候导致舌象,苔薄腻,丁光迪医生病例集,例三,现代临床
气滞血瘀,证候导致舌象,罩浮黄,丁光迪医生病例集,例三,现代临床
脾胃湿积,证候导致舌象,苔薄腻,丁光迪医生病例集,例三,现代临床
气滞血瘀,证候导致脉象,脉涩,丁光迪医生病例集,例三,现代临床
脾胃湿积,证候导致脉象,脉涩,丁光迪医生病例集,例三,现代临床
气滞血瘀,症状辨证证候,月经变化,丁光迪医生病例集,例三,现代临床
气滞血瘀,症状辨证证候,舌有紫气,丁光迪医生病例集,例三,现代临床
气滞血瘀,症状辨证证候,苔薄腻,丁光迪医生病例集,例三,现代临床
气滞血瘀,症状辨证证候,罩浮黄,丁光迪医生病例集,例三,现代临床
气滞血瘀,症状辨证证候,脉涩,丁光迪医生病例集,例三,现代临床
脾胃湿积,症状辨证证候,大便常软,丁光迪医生病例集,例三,现代临床
脾胃湿积,症状辨证证候,有时便澹,丁光迪医生病例集,例三,现代临床
脾胃湿积,症状辨证证候,不能吃重油腻或油炸食品,丁光迪医生病例集,例三,现代临床
脾胃湿积,症状辨证证候,脉涩,丁光迪医生病例集,例三,现代临床
气滞血瘀,证候采用方剂,逍遥、保和合方加味,丁光迪医生病例集,例三,现代临床
脾胃湿积,证候采用方剂,逍遥、保和合方加味,丁光迪医生病例集,例三,现代临床
逍遥、保和合方加味,方剂组成药材,柴胡,丁光迪医生病例集,例三,现代临床
逍遥、保和合方加味,方剂组成药材,川苓,丁光迪医生病例集,例三,现代临床
逍遥、保和合方加味,方剂组成药材,赤白芍,丁光迪医生病例集,例三,现代临床
逍遥、保和合方加味,方剂组成药材,白术,丁光迪医生病例集,例三,现代临床
逍遥、保和合方加味,方剂组成药材,茯苓,丁光迪医生病例集,例三,现代临床
逍遥、保和合方加味,方剂组成药材,陈皮,丁光迪医生病例集,例三,现代临床
逍遥、保和合方加味,方剂组成药材,姜半夏,丁光迪医生病例集,例三,现代临床
逍遥、保和合方加味,方剂组成药材,焦楂曲,丁光迪医生病例集,例三,现代临床
逍遥、保和合方加味,方剂组成药材,川连,丁光迪医生病例集,例三,现代临床
逍遥、保和合方加味,方剂组成药材,红花,丁光迪医生病例集,例三,现代临床
逍遥、保和合方加味,方剂组成药材,炙地鳖虫,丁光迪医生病例集,例三,现代临床
逍遥、保和合方加味,方剂组成药材,白芷,丁光迪医生病例集,例三,现代临床
逍遥、保和合方加味,方剂组成药材,炒车前子,丁光迪医生病例集,例三,现代临床
柴胡,药材具有功效,理气,丁光迪医生病例集,例三,现代临床
川苓,药材具有功效,利湿,丁光迪医生病例集,例三,现代临床
赤白芍,药材具有功效,和营,丁光迪医生病例集,例三,现代临床
白术,药材具有功效,健脾,丁光迪医生病例集,例三,现代临床
茯苓,药材具有功效,化湿,丁光迪医生病例集,例三,现代临床
陈皮,药材具有功效,调脾,丁光迪医生病例集,例三,现代临床
姜半夏,药材具有功效,化湿,丁光迪医生病例集,例三,现代临床
焦楂曲,药材具有功效,消食,丁光迪医生病例集,例三,现代临床
川连,药材具有功效,清热,丁光迪医生病例集,例三,现代临床
红花,药材具有功效,活血,丁光迪医生病例集,例三,现代临床
炙地鳖虫,药材具有功效,破血,丁光迪医生病例集,例三,现代临床
白芷,药材具有功效,燥湿,丁光迪医生病例集,例三,现代临床
炒车前子,药材具有功效,利水,丁光迪医生病例集,例三,现代临床
逍遥、保和合方加味,归属于经典,逍遥散,丁光迪医生病例集,例三,现代临床
逍遥、保和合方加味,归属于经典,保和丸,丁光迪医生病例集,例三,现代临床
丁光迪,名医经验总结,妇女不孕，男子不肯，病例日益增多，亦尚艰说出一个确切因素，仅云与生存師境冇关，巳引起各方面注意，都在探索a中医内含甚卷，大町研究，应该作出页献。,丁光迪医生病例集,例三,现代临床
乳房块,疾病表现症状,时大时小,丁光迪医生病例集,例一,现代临床
乳房块,疾病表现症状,右侧乳房块作痛,丁光迪医生病例集,例一,现代临床
乳房块,疾病表现症状,乳头不能碰,丁光迪医生病例集,例一,现代临床
乳房块,疾病表现症状,按之痛甚,丁光迪医生病例集,例一,现代临床
乳房块,疾病表现症状,摸之如简萄凫,丁光迪医生病例集,例一,现代临床
乳房块,疾病表现症状,高低不平,丁光迪医生病例集,例一,现代临床
乳房块,疾病表现症状,不光滑,丁光迪医生病例集,例一,现代临床
乳房块,症状伴随症状,月经址务,丁光迪医生病例集,例一,现代临床
乳房块,症状伴随症状,纳使,丁光迪医生病例集,例一,现代临床
乳房块,症状伴随症状,唾眠不佳,丁光迪医生病例集,例一,现代临床
肝郁气滞，痰瘀交阻,证候导致舌象,舌样薄腻,丁光迪医生病例集,例一,现代临床
肝郁气滞，痰瘀交阻,证候导致舌象,舌有紫气,丁光迪医生病例集,例一,现代临床
肝郁气滞，痰瘀交阻,证候导致脉象,脉细,丁光迪医生病例集,例一,现代临床
肝郁气滞，痰瘀交阻,证候导致脉象,按之弦,丁光迪医生病例集,例一,现代临床
疏肝通络，淸经软坚,证候采用方剂,柴胡疏肝散加味,丁光迪医生病例集,例一,现代临床
柴胡疏肝散加味,方剂组成药材,柴胡,丁光迪医生病例集,例一,现代临床
柴胡疏肝散加味,方剂组成药材,炒枳壳,丁光迪医生病例集,例一,现代临床
柴胡疏肝散加味,方剂组成药材,赤白芍,丁光迪医生病例集,例一,现代临床
柴胡疏肝散加味,方剂组成药材,丹皮,丁光迪医生病例集,例一,现代临床
柴胡疏肝散加味,方剂组成药材,参谆,丁光迪医生病例集,例一,现代临床
柴胡疏肝散加味,方剂组成药材,炒川棟子,丁光迪医生病例集,例一,现代临床
柴胡疏肝散加味,方剂组成药材,醋炒延胡,丁光迪医生病例集,例一,现代临床
柴胡疏肝散加味,方剂组成药材,橘叶核,丁光迪医生病例集,例一,现代临床
柴胡疏肝散加味,方剂组成药材,广郁金,丁光迪医生病例集,例一,现代临床
柴胡疏肝散加味,方剂组成药材,象贝母,丁光迪医生病例集,例一,现代临床
柴胡疏肝散加味,方剂组成药材,昆布,丁光迪医生病例集,例一,现代临床
柴胡疏肝散加味,方剂组成药材,牛牡蛎,丁光迪医生病例集,例一,现代临床
柴胡疏肝散加味,方剂组成药材,泽泻,丁光迪医生病例集,例一,现代临床
柴胡疏肝散加味,方剂组成药材,玫瑰花,丁光迪医生病例集,例一,现代临床
柴胡,药材具有功效,疏肝,丁光迪医生病例集,例一,现代临床
炒枳壳,药材具有功效,疏肝,丁光迪医生病例集,例一,现代临床
赤白芍,药材具有功效,疏肝,丁光迪医生病例集,例一,现代临床
丹皮,药材具有功效,疏肝,丁光迪医生病例集,例一,现代临床
肝郁气滞，痰瘀交阻,综合辨证证候,由无形血变为有形，结成乳癖,丁光迪医生病例集,例一,现代临床
丁光迪,名医经验总结,对这些病情，既要重视药治，又要重视治心，使心情舒畅，肝气条达，结块亦易散消,丁光迪医生病例集,例一,现代临床
两乳胀痛,疾病表现症状,不能按压,丁光迪医生病例集,例二,现代临床
两乳胀痛,症状伴随症状,乳头更加敏感,丁光迪医生病例集,例二,现代临床
两乳胀痛,症状伴随症状,竖起作硬,丁光迪医生病例集,例二,现代临床
两乳胀痛,症状伴随症状,甚时两腋亦胀痛,丁光迪医生病例集,例二,现代临床
月经量逐月减少,疾病表现症状,其色发黑,丁光迪医生病例集,例二,现代临床
气逆,症状伴随症状,面赤肢凉,丁光迪医生病例集,例二,现代临床
气逆,症状伴随症状,心悸易惊,丁光迪医生病例集,例二,现代临床
大便偏结,症状伴随症状,近来变澹薄,丁光迪医生病例集,例二,现代临床
奇经，冲任两病,证候导致舌象,苔薄腻，质紫暗,丁光迪医生病例集,例二,现代临床
奇经，冲任两病,证候导致脉象,脉细弦,丁光迪医生病例集,例二,现代临床
气滞血瘀,证候导致舌象,苔薄腻，质紫暗,丁光迪医生病例集,例二,现代临床
气滞血瘀,证候导致脉象,脉细弦,丁光迪医生病例集,例二,现代临床
乳房结癖,疾病表现症状,左侧乳房结癖,丁光迪医生病例集,例二,现代临床
乳房结癖,症状伴随症状,每在月经周期作胀,丁光迪医生病例集,例二,现代临床
乳房结癖,症状伴随症状,左腋下亦胀,丁光迪医生病例集,例二,现代临床
乳房结癖,症状伴随症状,经后缓解,丁光迪医生病例集,例二,现代临床
乳房结癖,症状伴随症状,肿块增大,丁光迪医生病例集,例二,现代临床
乳房结癖,症状伴随症状,左臂掣引,丁光迪医生病例集,例二,现代临床
乳房结癖,症状伴随症状,不能抬举,丁光迪医生病例集,例二,现代临床
乳房结癖,症状伴随症状,睡眠不能左卧,丁光迪医生病例集,例二,现代临床
乳房结癖,症状伴随症状,左乳头面积增粗,丁光迪医生病例集,例二,现代临床
乳房结癖,症状伴随症状,乳头上方已有溃疡面,丁光迪医生病例集,例二,现代临床
乳房结癖,症状伴随症状,流血较多,丁光迪医生病例集,例二,现代临床
乳房结癖,症状伴随症状,流黄色脂水,丁光迪医生病例集,例二,现代临床
乳房结癖,证候导致舌象,舌色较滞,丁光迪医生病例集,例二,现代临床
乳房结癖,证候导致舌象,苔腻根厚,丁光迪医生病例集,例二,现代临床
乳房结癖,证候导致脉象,脉依弦滑,丁光迪医生病例集,例二,现代临床
痰瘀交阻,证候导致舌象,舌色较滞,丁光迪医生病例集,例二,现代临床
痰瘀交阻,证候导致舌象,苔腻根厚,丁光迪医生病例集,例二,现代临床
痰瘀交阻,证候导致脉象,脉依弦滑,丁光迪医生病例集,例二,现代临床
乳房结癖,证候采用方剂,柴觇疏肝散合棱莪丸加味,丁光迪医生病例集,例二,现代临床
柴觇疏肝散合棱莪丸加味,方剂组成药材,柴胡,丁光迪医生病例集,例二,现代临床
柴觇疏肝散合棱莪丸加味,方剂组成药材,炒枳壳,丁光迪医生病例集,例二,现代临床
柴觇疏肝散合棱莪丸加味,方剂组成药材,陈皮,丁光迪医生病例集,例二,现代临床
柴觇疏肝散合棱莪丸加味,方剂组成药材,青皮,丁光迪医生病例集,例二,现代临床
柴觇疏肝散合棱莪丸加味,方剂组成药材,丹皮,丁光迪医生病例集,例二,现代临床
柴觇疏肝散合棱莪丸加味,方剂组成药材,夏枯草,丁光迪医生病例集,例二,现代临床
柴觇疏肝散合棱莪丸加味,方剂组成药材,醋炒r棱,丁光迪医生病例集,例二,现代临床
柴觇疏肝散合棱莪丸加味,方剂组成药材,醋炒莪术,丁光迪医生病例集,例二,现代临床
柴觇疏肝散合棱莪丸加味,方剂组成药材,当归,丁光迪医生病例集,例二,现代临床
柴觇疏肝散合棱莪丸加味,方剂组成药材,川萼,丁光迪医生病例集,例二,现代临床
柴觇疏肝散合棱莪丸加味,方剂组成药材,茯茶,丁光迪医生病例集,例二,现代临床
柴觇疏肝散合棱莪丸加味,方剂组成药材,象贝母,丁光迪医生病例集,例二,现代临床
柴觇疏肝散合棱莪丸加味,方剂组成药材,天花粉,丁光迪医生病例集,例二,现代临床
柴觇疏肝散合棱莪丸加味,方剂组成药材,牡蛎,丁光迪医生病例集,例二,现代临床
柴胡,药材具有功效,疏肝解郁,丁光迪医生病例集,例二,现代临床
炒枳壳,药材具有功效,行气破滞,丁光迪医生病例集,例二,现代临床
陈皮,药材具有功效,理气调中,丁光迪医生病例集,例二,现代临床
青皮,药材具有功效,疏肝破气,丁光迪医生病例集,例二,现代临床
丹皮,药材具有功效,清热凉血,丁光迪医生病例集,例二,现代临床
夏枯草,药材具有功效,清肝火，散郁结,丁光迪医生病例集,例二,现代临床
醋炒r棱,药材具有功效,破血逐瘀,丁光迪医生病例集,例二,现代临床
醋炒莪术,药材具有功效,破血逐瘀,丁光迪医生病例集,例二,现代临床
当归,药材具有功效,补血调经,丁光迪医生病例集,例二,现代临床
川萼,药材具有功效,疏肝解郁,丁光迪医生病例集,例二,现代临床
茯茶,药材具有功效,健脾利湿,丁光迪医生病例集,例二,现代临床
象贝母,药材具有功效,清热化痰,丁光迪医生病例集,例二,现代临床
天花粉,药材具有功效,清热生津,丁光迪医生病例集,例二,现代临床
牡蛎,药材具有功效,软坚散结,丁光迪医生病例集,例二,现代临床
低热,疾病表现症状,足心干灼,丁光迪医生病例集,例一,现代临床
低热,疾病表现症状,意烦少寐,丁光迪医生病例集,例一,现代临床
低热,疾病表现症状,口唇燥,丁光迪医生病例集,例一,现代临床
低热,症状伴随症状,再凉润但不欲饮,丁光迪医生病例集,例一,现代临床
腰痛,症状伴随症状,局部自感有内热,丁光迪医生病例集,例一,现代临床
腰痛,症状伴随症状,畏寒喜暖,丁光迪医生病例集,例一,现代临床
大便亍结,症状伴随症状,便前少腹坠胀,丁光迪医生病例集,例一,现代临床
月经推迟,症状伴随症状,量少色黑,丁光迪医生病例集,例一,现代临床
瘀郁化热,证候导致舌象,舌色暗有瘀斑,丁光迪医生病例集,例一,现代临床
瘀郁化热,证候导致脉象,脉细,丁光迪医生病例集,例一,现代临床
瘀郁化热,证候导致舌象,舌有瘀斑,丁光迪医生病例集,例一,现代临床
瘀郁化热,证候导致舌象,舌色暗,丁光迪医生病例集,例一,现代临床
瘀郁化热,证候导致脉象,脉细,丁光迪医生病例集,例一,现代临床
瘀郁化热,症状辨证证候,瘀郁化热,丁光迪医生病例集,例一,现代临床
舌色暗有瘀斑,舌象辨证证候,瘀郁化热,丁光迪医生病例集,例一,现代临床
脉细,脉象辨证证候,瘀郁化热,丁光迪医生病例集,例一,现代临床
瘀郁化热,综合辨证证候,瘀郁化热,丁光迪医生病例集,例一,现代临床
瘀郁化热,证候采用方剂,青蒿鳖甲汤合下瘀血汤,丁光迪医生病例集,例一,现代临床
青蒿鳖甲汤合下瘀血汤,方剂组成药材,青蒿,丁光迪医生病例集,例一,现代临床
青蒿鳖甲汤合下瘀血汤,方剂组成药材,炙鳖甲,丁光迪医生病例集,例一,现代临床
青蒿鳖甲汤合下瘀血汤,方剂组成药材,细生地,丁光迪医生病例集,例一,现代临床
青蒿鳖甲汤合下瘀血汤,方剂组成药材,丹皮,丁光迪医生病例集,例一,现代临床
青蒿鳖甲汤合下瘀血汤,方剂组成药材,大黄,丁光迪医生病例集,例一,现代临床
青蒿鳖甲汤合下瘀血汤,方剂组成药材,炙廣虫,丁光迪医生病例集,例一,现代临床
青蒿鳖甲汤合下瘀血汤,方剂组成药材,桃仁泥,丁光迪医生病例集,例一,现代临床
青蒿鳖甲汤合下瘀血汤,方剂组成药材,红花,丁光迪医生病例集,例一,现代临床
青蒿鳖甲汤合下瘀血汤,方剂组成药材,赤芍,丁光迪医生病例集,例一,现代临床
青蒿鳖甲汤合下瘀血汤,方剂组成药材,当归,丁光迪医生病例集,例一,现代临床
青蒿鳖甲汤合下瘀血汤,方剂组成药材,制乳香,丁光迪医生病例集,例一,现代临床
青蒿鳖甲汤合下瘀血汤,方剂组成药材,鲜藕,丁光迪医生病例集,例一,现代临床
青蒿,药材具有功效,养阴清热,丁光迪医生病例集,例一,现代临床
炙鳖甲,药材具有功效,化瘀通络,丁光迪医生病例集,例一,现代临床
丁光迪医生病例集,归属于经典,例一,丁光迪医生病例集,例一,现代临床
急性盆腔炎,疾病表现症状,低热,丁光迪医生病例集,例二,现代临床
急性盆腔炎,疾病表现症状,小腹部痞滞不适,丁光迪医生病例集,例二,现代临床
急性盆腔炎,疾病表现症状,白带多,丁光迪医生病例集,例二,现代临床
急性盆腔炎,疾病表现症状,大小便艰涩,丁光迪医生病例集,例二,现代临床
急性盆腔炎,疾病导致舌象,舌暗苔薄,丁光迪医生病例集,例二,现代临床
急性盆腔炎,疾病导致脉象,脉细弦涩,丁光迪医生病例集,例二,现代临床
瘀热,症状伴随症状,头昏脚软,丁光迪医生病例集,例二,现代临床
瘀热,症状伴随症状,畏风,丁光迪医生病例集,例二,现代临床
瘀热,症状伴随症状,五心烦热,丁光迪医生病例集,例二,现代临床
瘀热,症状伴随症状,下午颊赤,丁光迪医生病例集,例二,现代临床
瘀热,症状伴随症状,形体瘦弱,丁光迪医生病例集,例二,现代临床
瘀热,症状伴随症状,纳谷睡眠均差,丁光迪医生病例集,例二,现代临床
瘀热,症状伴随症状,瘀血块,丁光迪医生病例集,例二,现代临床
瘀热,症状伴随症状,乳胀腹痛,丁光迪医生病例集,例二,现代临床
瘀热,症状伴随症状,经量少,丁光迪医生病例集,例二,现代临床
瘀热,症状伴随症状,经期错乱,丁光迪医生病例集,例二,现代临床
瘀热,症状伴随症状,经转,丁光迪医生病例集,例二,现代临床
瘀热,症状伴随症状,瘀郁生热,丁光迪医生病例集,例二,现代临床
瘀热,症状伴随症状,气血失调,丁光迪医生病例集,例二,现代临床
瘀热,症状伴随症状,二便艰涩,丁光迪医生病例集,例二,现代临床
瘀热,症状伴随症状,月经错乱,丁光迪医生病例集,例二,现代临床
瘀热,症状伴随症状,带多,丁光迪医生病例集,例二,现代临床
瘀热,症状伴随症状,瘀热久久不愈,丁光迪医生病例集,例二,现代临床
瘀热,症状伴随症状,留邪不去,丁光迪医生病例集,例二,现代临床
瘀热,症状伴随症状,面色晦滞,丁光迪医生病例集,例二,现代临床
瘀热,症状伴随症状,肌肤干涩,丁光迪医生病例集,例二,现代临床
瘀热,症状伴随症状,体温上午37.5℃，下午至晚上38℃,丁光迪医生病例集,例二,现代临床
瘀热,症状伴随症状,形体清灌,丁光迪医生病例集,例二,现代临床
瘀热,症状伴随症状,弱不禁风,丁光迪医生病例集,例二,现代临床
瘀热,症状伴随症状,有时似畏风,丁光迪医生病例集,例二,现代临床
瘀热,症状伴随症状,瘀热亦随之减轻,丁光迪医生病例集,例二,现代临床
瘀热,症状伴随症状,多在37.5℃以下,丁光迪医生病例集,例二,现代临床
瘀热,症状伴随症状,眠食尚差,丁光迪医生病例集,例二,现代临床
瘀热,症状伴随症状,经前没有不适之症,丁光迪医生病例集,例二,现代临床
瘀热,症状伴随症状,经行较为爽利,丁光迪医生病例集,例二,现代临床
瘀热,症状伴随症状,经血较前为多,丁光迪医生病例集,例二,现代临床
瘀热,症状伴随症状,血块减少,丁光迪医生病例集,例二,现代临床
瘀热,症状伴随症状,自感一身轻适,丁光迪医生病例集,例二,现代临床
瘀热,症状伴随症状,白带减少,丁光迪医生病例集,例二,现代临床
瘀热,症状伴随症状,脉见滑象,丁光迪医生病例集,例二,现代临床
瘀热,症状伴随症状,浮黄腻苔全化,丁光迪医生病例集,例二,现代临床
瘀热,症状伴随症状,瘀热即随之而退,丁光迪医生病例集,例二,现代临床
瘀热,症状伴随症状,下午偶有面红低热,丁光迪医生病例集,例二,现代临床
瘀热,症状伴随症状,眠食均佳,丁光迪医生病例集,例二,现代临床
瘀热,症状伴随症状,入寐即无躁热,丁光迪医生病例集,例二,现代临床
瘀热,症状伴随症状,能够微微汗出,丁光迪医生病例集,例二,现代临床
瘀热,症状伴随症状,肌肤转润,丁光迪医生病例集,例二,现代临床
瘀热,症状伴随症状,白带很少,丁光迪医生病例集,例二,现代临床
瘀热,症状伴随症状,月经按期血至,丁光迪医生病例集,例二,现代临床
瘀热,症状伴随症状,经血基本正常,丁光迪医生病例集,例二,现代临床
瘀热,症状伴随症状,舌苴尚小有紫气,丁光迪医生病例集,例二,现代临床
瘀热,症状伴随症状,舌色红润,丁光迪医生病例集,例二,现代临床
瘀热,症状伴随症状,脉见细滑,丁光迪医生病例集,例二,现代临床
瘀热,症状伴随症状,神情佳,丁光迪医生病例集,例二,现代临床
瘀热,症状伴随症状,生活正常,丁光迪医生病例集,例二,现代临床
瘀热,症状伴随症状,形体见润,丁光迪医生病例集,例二,现代临床
瘀热,症状伴随症状,月经恢复正常,丁光迪医生病例集,例二,现代临床
瘀热,症状伴随症状,已能前去上班,丁光迪医生病例集,例二,现代临床
瘀热,症状伴随症状,再用逍遥丸巩固半月,丁光迪医生病例集,例二,现代临床
瘀热,症状伴随症状,可以勿药,丁光迪医生病例集,例二,现代临床
瘀热,症状伴随症状,一年病困,丁光迪医生病例集,例二,现代临床
瘀热,症状伴随症状,二个多月终告康复,丁光迪医生病例集,例二,现代临床
瘀热,症状伴随症状,癥块,丁光迪医生病例集,例二,现代临床
瘀热,症状伴随症状,妇人癥积,丁光迪医生病例集,例二,现代临床
瘀热,症状伴随症状,小腹大都关血室,丁光迪医生病例集,例二,现代临床
瘀热,症状伴随症状,部位不同病又变化,丁光迪医生病例集,例二,现代临床
瘀热,症状伴随症状,癥消瘀效明显,丁光迪医生病例集,例二,现代临床
瘀热,证候导致舌象,舌暗苔薄,丁光迪医生病例集,例二,现代临床
瘀热,证候导致脉象,脉细弦涩,丁光迪医生病例集,例二,现代临床
瘀热,综合辨证证候,正虚邪邰为思,丁光迪医生病例集,例二,现代临床
瘀热,综合辨证证候,邪与血结,丁光迪医生病例集,例二,现代临床
瘀热,综合辨证证候,蓄血之证,丁光迪医生病例集,例二,现代临床
瘀热,综合辨证证候,气血失调,丁光迪医生病例集,例二,现代临床
瘀热,综合辨证证候,瘀郁生热,丁光迪医生病例集,例二,现代临床
瘀热,综合辨证证候,留邪不去,丁光迪医生病例集,例二,现代临床
瘀热,证候采用方剂,下瘀血汤合丹梔逍遥丸,丁光迪医生病例集,例二,现代临床
下瘀血汤合丹梔逍遥丸,方剂组成药材,制大黄,丁光迪医生病例集,例二,现代临床
下瘀血汤合丹梔逍遥丸,方剂组成药材,桃仁泥,丁光迪医生病例集,例二,现代临床
下瘀血汤合丹梔逍遥丸,方剂组成药材,炙地鳖虫,丁光迪医生病例集,例二,现代临床
下瘀血汤合丹梔逍遥丸,方剂组成药材,赤芍,丁光迪医生病例集,例二,现代临床
下瘀血汤合丹梔逍遥丸,方剂组成药材,白芍,丁光迪医生病例集,例二,现代临床
下瘀血汤合丹梔逍遥丸,方剂组成药材,丹皮,丁光迪医生病例集,例二,现代临床
下瘀血汤合丹梔逍遥丸,方剂组成药材,当归,丁光迪医生病例集,例二,现代临床
下瘀血汤合丹梔逍遥丸,方剂组成药材,炒川楝子,丁光迪医生病例集,例二,现代临床
下瘀血汤合丹梔逍遥丸,方剂组成药材,醋炒延胡,丁光迪医生病例集,例二,现代临床
下瘀血汤合丹梔逍遥丸,方剂组成药材,茯苓,丁光迪医生病例集,例二,现代临床
下瘀血汤合丹梔逍遥丸,方剂组成药材,白术,丁光迪医生病例集,例二,现代临床
下瘀血汤合丹梔逍遥丸,方剂组成药材,桂枝尖,丁光迪医生病例集,例二,现代临床
下瘀血汤合丹梔逍遥丸,方剂组成药材,焦枳实,丁光迪医生病例集,例二,现代临床
下瘀血汤合丹梔逍遥丸,方剂组成药材,柴胡,丁光迪医生病例集,例二,现代临床
下瘀血汤合丹梔逍遥丸,方剂组成药材,败酱草,丁光迪医生病例集,例二,现代临床
下瘀血汤合丹梔逍遥丸,方剂组成药材,陈皮,丁光迪医生病例集,例二,现代临床
下瘀血汤合丹梔逍遥丸,方剂组成药材,炙甘草,丁光迪医生病例集,例二,现代临床
下瘀血汤合丹梔逍遥丸,方剂组成药材,党参,丁光迪医生病例集,例二,现代临床
下瘀血汤合丹梔逍遥丸,方剂组成药材,生姜,丁光迪医生病例集,例二,现代临床
下瘀血汤合丹梔逍遥丸,方剂组成药材,大枣,丁光迪医生病例集,例二,现代临床
逍遥丸,方剂组成药材,柴胡,丁光迪医生病例集,例二,现代临床
逍遥丸,方剂组成药材,白术,丁光迪医生病例集,例二,现代临床
逍遥丸,方剂组成药材,茯苓,丁光迪医生病例集,例二,现代临床
逍遥丸,方剂组成药材,当归,丁光迪医生病例集,例二,现代临床
逍遥丸,方剂组成药材,赤白芍,丁光迪医生病例集,例二,现代临床
逍遥丸,方剂组成药材,丹皮,丁光迪医生病例集,例二,现代临床
逍遥丸,方剂组成药材,炙地鳖虫,丁光迪医生病例集,例二,现代临床
逍遥丸,方剂组成药材,桃仁泥,丁光迪医生病例集,例二,现代临床
逍遥丸,方剂组成药材,红花,丁光迪医生病例集,例二,现代临床
逍遥丸,方剂组成药材,陈皮,丁光迪医生病例集,例二,现代临床
逍遥丸,方剂组成药材,炙甘草,丁光迪医生病例集,例二,现代临床
逍遥丸,方剂组成药材,党参,丁光迪医生病例集,例二,现代临床
逍遥丸,方剂组成药材,生姜,丁光迪医生病例集,例二,现代临床
逍遥丸,方剂组成药材,大枣,丁光迪医生病例集,例二,现代临床
制大黄,药材具有功效,逐瘀通腑,丁光迪医生病例集,例二,现代临床
桃仁泥,药材具有功效,逐瘀通腑,丁光迪医生病例集,例二,现代临床
炙地鳖虫,药材具有功效,逐瘀通腑,丁光迪医生病例集,例二,现代临床
赤芍,药材具有功效,逐瘀通腑,丁光迪医生病例集,例二,现代临床
白芍,药材具有功效,逐瘀通腑,丁光迪医生病例集,例二,现代临床
丹皮,药材具有功效,逐瘀通腑,丁光迪医生病例集,例二,现代临床
当归,药材具有功效,逐瘀通腑,丁光迪医生病例集,例二,现代临床
炒川楝子,药材具有功效,逐瘀通腑,丁光迪医生病例集,例二,现代临床
醋炒延胡,药材具有功效,逐瘀通腑,丁光迪医生病例集,例二,现代临床
茯苓,药材具有功效,逐瘀通腑,丁光迪医生病例集,例二,现代临床
白术,药材具有功效,逐瘀通腑,丁光迪医生病例集,例二,现代临床
桂枝尖,药材具有功效,逐瘀通腑,丁光迪医生病例集,例二,现代临床
焦枳实,药材具有功效,逐瘀通腑,丁光迪医生病例集,例二,现代临床
柴胡,药材具有功效,逐瘀通腑,丁光迪医生病例集,例二,现代临床
败酱草,药材具有功效,逐瘀通腑,丁光迪医生病例集,例二,现代临床
陈皮,药材具有功效,逐瘀通腑,丁光迪医生病例集,例二,现代临床
炙甘草,药材具有功效,逐瘀通腑,丁光迪医生病例集,例二,现代临床
党参,药材具有功效,逐瘀通腑,丁光迪医生病例集,例二,现代临床
生姜,药材具有功效,逐瘀通腑,丁光迪医生病例集,例二,现代临床
大枣,药材具有功效,逐瘀通腑,丁光迪医生病例集,例二,现代临床
逍遥丸,归属于经典,《太平惠民和剂局方》,丁光迪医生病例集,例二,现代临床
下瘀血汤,归属于经典,《金匮要略》,丁光迪医生病例集,例二,现代临床
丁光迪,名医经验总结,瘀热,丁光迪医生病例集,例二,现代临床
急性盆腔炎,疾病表现症状,腹痛发热,丁光迪医生病例集,例一,现代临床
急性盆腔炎,疾病导致舌象,舌色暗，边有瘀斑，苔薄黄腻,丁光迪医生病例集,例一,现代临床
急性盆腔炎,疾病导致脉象,脉细弦，按之无力,丁光迪医生病例集,例一,现代临床
慢性盆腔炎,疾病表现症状,小腹有一包块,丁光迪医生病例集,例一,现代临床
慢性盆腔炎,疾病表现症状,经常腰甑酸胀,丁光迪医生病例集,例一,现代临床
慢性盆腔炎,疾病表现症状,小腹坠胀作痛,丁光迪医生病例集,例一,现代临床
慢性盆腔炎,疾病表现症状,白带多,丁光迪医生病例集,例一,现代临床
慢性盆腔炎,疾病表现症状,月经不调,丁光迪医生病例集,例一,现代临床
慢性盆腔炎,疾病表现症状,大便秘结,丁光迪医生病例集,例一,现代临床
慢性盆腔炎,疾病表现症状,时有低热,丁光迪医生病例集,例一,现代临床
慢性盆腔炎,疾病表现症状,面色萎黄,丁光迪医生病例集,例一,现代临床
慢性盆腔炎,疾病表现症状,不耐烦劳,丁光迪医生病例集,例一,现代临床
瘀阻气滞，湿积郁热,证候导致舌象,舌色暗，边有瘀斑，苔薄黄腻,丁光迪医生病例集,例一,现代临床
瘀阻气滞，湿积郁热,证候导致脉象,脉细弦有力,丁光迪医生病例集,例一,现代临床
瘀阻气滞，湿积郁热,综合辨证证候,癥积,丁光迪医生病例集,例一,现代临床
癥积,证候采用方剂,下瘀血汤合桂枝茯苓丸加味,丁光迪医生病例集,例一,现代临床
下瘀血汤合桂枝茯苓丸加味,方剂组成药材,制大黄、桃仁泥、炙鹰虫、桂枝、茯苓、丹皮、赤芍、当归、川牛膝、丹参、炒川楝子、醋炒香附、白芷、鲜藕,丁光迪医生病例集,例一,现代临床
制大黄,药材具有功效,通瘀热,丁光迪医生病例集,例一,现代临床
桃仁泥,药材具有功效,活血化瘀,丁光迪医生病例集,例一,现代临床
桂枝,药材具有功效,通阳化气,丁光迪医生病例集,例一,现代临床
茯苓,药材具有功效,利水渗湿,丁光迪医生病例集,例一,现代临床
瘀热成实,证候导致舌象,舌暗苔黄腻,丁光迪医生病例集,例一,现代临床
瘀热成实,症状伴随症状,大便秘结,丁光迪医生病例集,例一,现代临床
瘀热成实,症状伴随症状,月经涩少,丁光迪医生病例集,例一,现代临床
瘀热成实,症状伴随症状,白带气臭,丁光迪医生病例集,例一,现代临床
瘀热成实,症状伴随症状,并发低热,丁光迪医生病例集,例一,现代临床
瘀热成实,症状辨证证候,邪实有余,丁光迪医生病例集,例一,现代临床
瘀热成实,证候采用方剂,清营化瘀,丁光迪医生病例集,例一,现代临床
瘀热成实,证候采用方剂,削坚之药,丁光迪医生病例集,例一,现代临床
瘀血病,证候导致舌象,舌暗苔黄腻,丁光迪医生病例集,例一,现代临床
瘀血病,证候导致脉象,脉细弦有力,丁光迪医生病例集,例一,现代临床
瘀血病,症状伴随症状,大便秘结,丁光迪医生病例集,例一,现代临床
瘀血病,症状伴随症状,低热自退,丁光迪医生病例集,例一,现代临床
瘀血病,症状伴随症状,带少无臭,丁光迪医生病例集,例一,现代临床
瘀血病,症状伴随症状,癥块全消,丁光迪医生病例集,例一,现代临床
瘀血病,证候采用方剂,清营药,丁光迪医生病例集,例一,现代临床
瘀血病,证候采用方剂,通阳化气药,丁光迪医生病例集,例一,现代临床
瘀血病,证候采用方剂,异功散,丁光迪医生病例集,例一,现代临床
瘀血病,理论指导实践,治瘀注意通阳化气，善后注意寓消于补,丁光迪医生病例集,例一,现代临床
急性阑尾炎,疾病表现症状,右少腹痛,丁光迪医生病例集,例二,现代临床
急性阑尾炎,疾病表现症状,几至休克,丁光迪医生病例集,例二,现代临床
急性阑尾炎,疾病导致舌象,舌有紫斑,丁光迪医生病例集,例二,现代临床
急性阑尾炎,疾病导致脉象,脉细弦,丁光迪医生病例集,例二,现代临床
瘀阻少腹,证候导致舌象,舌有紫斑,丁光迪医生病例集,例二,现代临床
瘀阻少腹,证候导致脉象,脉细弦,丁光迪医生病例集,例二,现代临床
瘀阻少腹,证候导致舌象,苔薄而润,丁光迪医生病例集,例二,现代临床
瘀阻少腹,证候导致脉象,脉微涩,丁光迪医生病例集,例二,现代临床
瘀阻少腹,症状伴随症状,右少腹不仁,丁光迪医生病例集,例二,现代临床
瘀阻少腹,症状伴随症状,觉有冷气,丁光迪医生病例集,例二,现代临床
瘀阻少腹,症状伴随症状,按之感痛,丁光迪医生病例集,例二,现代临床
瘀阻少腹,症状伴随症状,有包块,丁光迪医生病例集,例二,现代临床
瘀阻少腹,症状伴随症状,月经不调,丁光迪医生病例集,例二,现代临床
瘀阻少腹,症状伴随症状,经前后腹痛,丁光迪医生病例集,例二,现代临床
瘀阻少腹,症状伴随症状,不孕,丁光迪医生病例集,例二,现代临床
逍遥散合桂枝茯苓丸,证候采用方剂,瘀阻少腹,丁光迪医生病例集,例二,现代临床
逍遥散合桂枝茯苓丸,方剂组成药材,柴胡,丁光迪医生病例集,例二,现代临床
逍遥散合桂枝茯苓丸,方剂组成药材,赤白芍,丁光迪医生病例集,例二,现代临床
逍遥散合桂枝茯苓丸,方剂组成药材,当归,丁光迪医生病例集,例二,现代临床
逍遥散合桂枝茯苓丸,方剂组成药材,白术,丁光迪医生病例集,例二,现代临床
逍遥散合桂枝茯苓丸,方剂组成药材,茯苓,丁光迪医生病例集,例二,现代临床
逍遥散合桂枝茯苓丸,方剂组成药材,桂枝,丁光迪医生病例集,例二,现代临床
逍遥散合桂枝茯苓丸,方剂组成药材,丹皮,丁光迪医生病例集,例二,现代临床
逍遥散合桂枝茯苓丸,方剂组成药材,肉桂,丁光迪医生病例集,例二,现代临床
逍遥散合桂枝茯苓丸,方剂组成药材,桃仁泥,丁光迪医生病例集,例二,现代临床
逍遥散合桂枝茯苓丸,方剂组成药材,陈青皮,丁光迪医生病例集,例二,现代临床
逍遥散合桂枝茯苓丸,方剂组成药材,姜川朴,丁光迪医生病例集,例二,现代临床
逍遥散合桂枝茯苓丸,方剂组成药材,焦楂曲,丁光迪医生病例集,例二,现代临床
逍遥散合黑归脾丸,证候采用方剂,瘀阻少腹,丁光迪医生病例集,例二,现代临床
逍遥散合黑归脾丸,方剂组成药材,炙地鳖虫,丁光迪医生病例集,例二,现代临床
逍遥散合黑归脾丸,方剂组成药材,制乳没,丁光迪医生病例集,例二,现代临床
逍遥散合黑归脾丸,方剂组成药材,川苓,丁光迪医生病例集,例二,现代临床
逍遥散合黑归脾丸,方剂组成药材,意菠仁,丁光迪医生病例集,例二,现代临床
逍遥散合黑归脾丸,药材具有功效,调理肝脾,丁光迪医生病例集,例二,现代临床
逍遥散合黑归脾丸,药材具有功效,养血和络,丁光迪医生病例集,例二,现代临床
千金朴硝荡胞汤,证候采用方剂,瘀阻少腹,丁光迪医生病例集,例二,现代临床
千金朴硝荡胞汤,方剂组成药材,芒硝,丁光迪医生病例集,例二,现代临床
千金朴硝荡胞汤,方剂组成药材,桃仁,丁光迪医生病例集,例二,现代临床
千金朴硝荡胞汤,药材具有功效,峻剂破阴之寒,丁光迪医生病例集,例二,现代临床
千金朴硝荡胞汤,药材具有功效,攻凝痼之瘀,丁光迪医生病例集,例二,现代临床
丁光迪,名医经验总结,瘀阻少腹,丁光迪医生病例集,例二,现代临床
瘀阻少腹,症状伴随症状,面色晦暗,丁光迪医生病例集,例二,现代临床
瘀阻少腹,症状伴随症状,情绪较差,丁光迪医生病例集,例二,现代临床
瘀阻少腹,症状伴随症状,口唇有紫气,丁光迪医生病例集,例二,现代临床
瘀阻少腹,症状伴随症状,形体较瘦,丁光迪医生病例集,例二,现代临床
瘀阻少腹,症状伴随症状,自感身重,丁光迪医生病例集,例二,现代临床
瘀阻少腹,症状伴随症状,月经来潮,丁光迪医生病例集,例二,现代临床
瘀阻少腹,症状伴随症状,污黑经血,丁光迪医生病例集,例二,现代临床
瘀阻少腹,症状伴随症状,右少腹包块消失,丁光迪医生病例集,例二,现代临床
瘀阻少腹,症状伴随症状,情绪很好,丁光迪医生病例集,例二,现代临床
瘀阻少腹,症状伴随症状,画色转亮,丁光迪医生病例集,例二,现代临床
瘀阻少腹,症状伴随症状,泛红,丁光迪医生病例集,例二,现代临床
瘀阻少腹,症状伴随症状,舌上瘀斑亦淡,丁光迪医生病例集,例二,现代临床
瘀阻少腹,症状伴随症状,脉转细滑,丁光迪医生病例集,例二,现代临床
瘀阻少腹,症状伴随症状,月经转期正常,丁光迪医生病例集,例二,现代临床
子宫原位癌,疾病表现症状,肥胖,丁光迪医生病例集,例一,现代临床
子宫原位癌,疾病表现症状,肿胀,丁光迪医生病例集,例一,现代临床
子宫原位癌,疾病表现症状,体重增加,丁光迪医生病例集,例一,现代临床
子宫原位癌,疾病表现症状,毫毛脱落,丁光迪医生病例集,例一,现代临床
子宫原位癌,疾病表现症状,下半身冰冷硬肿,丁光迪医生病例集,例一,现代临床
子宫原位癌,疾病表现症状,畏寒,丁光迪医生病例集,例一,现代临床
子宫原位癌,疾病表现症状,上半身发热,丁光迪医生病例集,例一,现代临床
子宫原位癌,疾病表现症状,龈间、鼻峋血,丁光迪医生病例集,例一,现代临床
子宫原位癌,疾病表现症状,口燥咽干,丁光迪医生病例集,例一,现代临床
子宫原位癌,疾病表现症状,咽痛,丁光迪医生病例集,例一,现代临床
子宫原位癌,疾病表现症状,体疲力乏,丁光迪医生病例集,例一,现代临床
子宫原位癌,疾病导致舌象,舌淡苔薄,丁光迪医生病例集,例一,现代临床
子宫原位癌,疾病导致脉象,脉沉细,丁光迪医生病例集,例一,现代临床
子宫原位癌,疾病导致脉象,肤凉,丁光迪医生病例集,例一,现代临床
阴阳两虚,证候导致舌象,舌淡苔薄,丁光迪医生病例集,例一,现代临床
阴阳两虚,证候导致脉象,脉沉细,丁光迪医生病例集,例一,现代临床
阴阳两虚,证候导致脉象,肤凉,丁光迪医生病例集,例一,现代临床
阴阳两虚,综合辨证证候,阳虚则水气不化，又成水分；阴伤则又虚阳上浮，出现躁热,丁光迪医生病例集,例一,现代临床
阴阳两虚,证候采用方剂,济生肾气丸,丁光迪医生病例集,例一,现代临床
济生肾气丸,方剂组成药材,熟地,丁光迪医生病例集,例一,现代临床
济生肾气丸,方剂组成药材,山药,丁光迪医生病例集,例一,现代临床
济生肾气丸,方剂组成药材,女贞子,丁光迪医生病例集,例一,现代临床
济生肾气丸,方剂组成药材,丹皮,丁光迪医生病例集,例一,现代临床
济生肾气丸,方剂组成药材,肉桂,丁光迪医生病例集,例一,现代临床
济生肾气丸,方剂组成药材,茯苓,丁光迪医生病例集,例一,现代临床
济生肾气丸,方剂组成药材,泽泻,丁光迪医生病例集,例一,现代临床
济生肾气丸,方剂组成药材,仙茅,丁光迪医生病例集,例一,现代临床
济生肾气丸,方剂组成药材,仙灵脾,丁光迪医生病例集,例一,现代临床
济生肾气丸,方剂组成药材,巴戟肉,丁光迪医生病例集,例一,现代临床
济生肾气丸,方剂组成药材,肉苁蓉,丁光迪医生病例集,例一,现代临床
济生肾气丸,方剂组成药材,淮牛膝,丁光迪医生病例集,例一,现代临床
济生肾气丸,方剂组成药材,车前子,丁光迪医生病例集,例一,现代临床
济生肾气丸,方剂组成药材,泽兰,丁光迪医生病例集,例一,现代临床
肉桂,药材具有功效,温阳,丁光迪医生病例集,例一,现代临床
熟地,药材具有功效,滋阴,丁光迪医生病例集,例一,现代临床
丁光迪,名医经验总结,阴阳两虚的治疗经验,丁光迪医生病例集,例一,现代临床
避孕药,疾病表现症状,月经周期虽准，而经量逐渐减少,丁光迪医生病例集,例二,现代临床
避孕药,症状伴随症状,全身肿胀,丁光迪医生病例集,例二,现代临床
避孕药,症状伴随症状,体重逐渐增加,丁光迪医生病例集,例二,现代临床
避孕药,症状伴随症状,饮食逐渐减少,丁光迪医生病例集,例二,现代临床
避孕药,症状伴随症状,大便秘结,丁光迪医生病例集,例二,现代临床
经量减少,疾病导致舌象,舌稍胖，质暗，苔腻,丁光迪医生病例集,例二,现代临床
经量减少,疾病导致脉象,脉细滑无力,丁光迪医生病例集,例二,现代临床
肿胀眩晕,症状辨证证候,痰湿证,丁光迪医生病例集,例二,现代临床
经少舌暗,舌象辨证证候,瘀滞证,丁光迪医生病例集,例二,现代临床
痰瘀交阻,综合辨证证候,气机涩滞,丁光迪医生病例集,例二,现代临床
气机涩滞,证候导致症状,大便秘结,丁光迪医生病例集,例二,现代临床
痰瘀交阻,证候导致舌象,舌稍胖，质暗，苔腻,丁光迪医生病例集,例二,现代临床
痰瘀交阻,证候导致脉象,脉细滑无力,丁光迪医生病例集,例二,现代临床
痰瘀交阻,证候采用方剂,平胃二陈合F瘀血汤加味,丁光迪医生病例集,例二,现代临床
平胃二陈合F瘀血汤加味,方剂组成药材,姜川朴、苍术、黑芝麻、陈皮、姜半夏、茯苓、泽泻、郁李仁、川莒、当归、桃仁泥、制大黄、炙地鳖虫,丁光迪医生病例集,例二,现代临床
姜川朴,药材具有功效,燥湿化痰,丁光迪医生病例集,例二,现代临床
苍术,药材具有功效,燥湿化痰,丁光迪医生病例集,例二,现代临床
黑芝麻,药材具有功效,活血逐瘀,丁光迪医生病例集,例二,现代临床
当归,药材具有功效,活血逐瘀,丁光迪医生病例集,例二,现代临床
桃仁泥,药材具有功效,活血逐瘀,丁光迪医生病例集,例二,现代临床
大黄,药材具有功效,通便,丁光迪医生病例集,例二,现代临床
丁光迪医生病例集,归属于经典,丁光迪医生病例集,丁光迪医生病例集,例二,现代临床
小儿疳积,归属于经典,丁光迪医生病例集,丁光迪医生病例集,例一,现代临床
小儿疳积,理论指导实践,小儿疳积，脾胃先伤，气血俱损，属于劳怯不宜多用汤药，否则病未得益，苦先伤中；亦不宜用丸药，脾胃已不能消化。最好是采用合治方法，引起胃喜，才能奏效,丁光迪医生病例集,例一,现代临床
小儿疳积,名医经验总结,丁光迪,丁光迪医生病例集,例一,现代临床
小儿疳积,证候导致舌象,舌象表现特征,丁光迪医生病例集,例一,现代临床
小儿疳积,证候导致脉象,脉象表现特征,丁光迪医生病例集,例一,现代临床
小儿疳积,症状伴随症状,厌食恶食已经年余，大便或结或漉，时有低热，形瘦骨立，但腹部膨大，按之硬,丁光迪医生病例集,例一,现代临床
小儿疳积,证候采用方剂,殆消散,丁光迪医生病例集,例一,现代临床
殆消散,方剂组成药材,大蟾赊、鼠什、砂仁、胡黄连,丁光迪医生病例集,例一,现代临床
大蟾赊,药材具有功效,消疳解毒,丁光迪医生病例集,例一,现代临床
胡黄连,药材具有功效,清热驱虫,丁光迪医生病例集,例一,现代临床
砂仁,药材具有功效,开胃进食,丁光迪医生病例集,例一,现代临床
小儿咳嗽,归属于经典,丁光迪医生病例集,丁光迪医生病例集,例一,现代临床
小儿咳嗽,症状伴随症状,时常发作，咽中气塞，咳甚喘急，痰不多，咯不出,丁光迪医生病例集,例一,现代临床
小儿咳嗽,证候采用方剂,百花膏,丁光迪医生病例集,例一,现代临床
百花膏,方剂组成药材,凤凰衣、麻黄、款冬花、百合,丁光迪医生病例集,例一,现代临床
小儿哮喘,归属于经典,丁光迪医生病例集,丁光迪医生病例集,例一,现代临床
小儿哮喘,症状伴随症状,喉中哮吼作声，哮喘发作则不能平卧，痰少咳不多,丁光迪医生病例集,例一,现代临床
小儿哮喘,证候采用方剂,止哮豆,丁光迪医生病例集,例一,现代临床
止哮豆,方剂组成药材,腊月猪胆、黄大豆,丁光迪医生病例集,例一,现代临床
小儿夏秋季湿热痢疾,归属于经典,丁光迪医生病例集,丁光迪医生病例集,例一,现代临床
小儿夏秋季湿热痢疾,症状伴随症状,赤白杂下，日数十行，腹痛，里急后重；或兼发热，口渴欲饮，干恶不欲食,丁光迪医生病例集,例一,现代临床
小儿夏秋季湿热痢疾,证候采用方剂,三花汤,丁光迪医生病例集,例一,现代临床
三花汤,方剂组成药材,扁豆花、金银花、益母草花、六一散、乌药,丁光迪医生病例集,例一,现代临床
小儿痢疾,归属于经典,丁光迪医生病例集,丁光迪医生病例集,例一,现代临床
小儿痢疾,症状伴随症状,久久不愈，或反复发作，脓血垢冻杂下，后重脱肛，小漫少，不欲食，形体消瘦萎黄，或疳痢，口舌生疮，肛门不收等症,丁光迪医生病例集,例一,现代临床
小儿痢疾,证候采用方剂,久痢方,丁光迪医生病例集,例一,现代临床
久痢方,方剂组成药材,益母草、乌梅肉、炮姜、炙甘草、大枣,丁光迪医生病例集,例一,现代临床
小儿壮热不解,归属于经典,丁光迪医生病例集,丁光迪医生病例集,例一,现代临床
小儿壮热不解,症状伴随症状,突然起惊风，不啼哭，亦无泪，有时惊叫一声，手足搐搦，大便不通,丁光迪医生病例集,例一,现代临床
小儿壮热不解,证候采用方剂,平惊丹,丁光迪医生病例集,例一,现代临床
平惊丹,方剂组成药材,青黛、朱砂,丁光迪医生病例集,例一,现代临床
小儿痢疾,疾病表现症状,脓血垢冻杂下,丁光迪医生病例集,例一,现代临床
小儿痢疾,疾病表现症状,后重脱肛,丁光迪医生病例集,例一,现代临床
小儿痢疾,疾病表现症状,小漫少,丁光迪医生病例集,例一,现代临床
小儿痢疾,疾病表现症状,不欲食,丁光迪医生病例集,例一,现代临床
小儿痢疾,疾病表现症状,形体消瘦萎黄,丁光迪医生病例集,例一,现代临床
小儿痢疾,疾病表现症状,口舌生疮,丁光迪医生病例集,例一,现代临床
小儿痢疾,疾病表现症状,肛门不收,丁光迪医生病例集,例一,现代临床
小儿壮热不解,疾病表现症状,突然起惊风,丁光迪医生病例集,例一,现代临床
小儿壮热不解,疾病表现症状,不啼哭,丁光迪医生病例集,例一,现代临床
小儿壮热不解,疾病表现症状,无泪,丁光迪医生病例集,例一,现代临床
小儿壮热不解,疾病表现症状,有时惊叫,丁光迪医生病例集,例一,现代临床
小儿壮热不解,疾病表现症状,手足搐搦,丁光迪医生病例集,例一,现代临床
小儿壮热不解,疾病表现症状,大便不通,丁光迪医生病例集,例一,现代临床
小儿腹痛惊啼,疾病表现症状,突然发作,丁光迪医生病例集,例一,现代临床
小儿腹痛惊啼,疾病表现症状,腹皮急,丁光迪医生病例集,例一,现代临床
小儿腹痛惊啼,疾病表现症状,不能按,丁光迪医生病例集,例一,现代临床
小儿腹痛惊啼,疾病表现症状,按之惊啼益甚,丁光迪医生病例集,例一,现代临床
小儿腹痛惊啼,疾病表现症状,不肯乳食,丁光迪医生病例集,例一,现代临床
小儿腹痛惊啼,疾病表现症状,腹不鸣,丁光迪医生病例集,例一,现代临床
小儿腹痛惊啼,疾病表现症状,二便不利,丁光迪医生病例集,例一,现代临床
小儿腹痛惊啼,疾病表现症状,额汗出,丁光迪医生病例集,例一,现代临床
小儿腹痛惊啼,疾病表现症状,足凉,丁光迪医生病例集,例一,现代临床
久痢方,证候采用方剂,和营止痢,丁光迪医生病例集,例一,现代临床
平惊丹,证候采用方剂,清热平惊,丁光迪医生病例集,例一,现代临床
暖脐止痛膏,证候采用方剂,暖脐温中，止痛止泻,丁光迪医生病例集,例一,现代临床
中医学,归属于经典,黄帝内经,丁光迪医生病例集,例一,现代临床
儒家,理论指导实践,中医学,丁光迪医生病例集,例一,现代临床
朱丹溪,名医经验总结,中庸之道，和医易同源论,丁光迪医生病例集,例一,现代临床
中医,理论指导实践,整体观念,丁光迪医生病例集,例一,现代临床
周省吾的中道说,理论指导实践,中医,丁光迪医生病例集,例一,现代临床
医易同源论,理论指导实践,中医,丁光迪医生病例集,例一,现代临床
老子的学说,理论指导实践,医学,丁光迪医生病例集,例一,现代临床
医易同源论,归属于经典,易经,丁光迪医生病例集,例一,现代临床
医易同源论,归属于经典,内经,丁光迪医生病例集,例一,现代临床
医易同源论,归属于经典,老子,丁光迪医生病例集,例一,现代临床
丁光迪,名医经验总结,中医,丁光迪医生病例集,例一,现代临床
四时阴阳,理论指导实践,医学,丁光迪医生病例集,例一,现代临床
生长化收藏,理论指导实践,医学,丁光迪医生病例集,例一,现代临床
寒暑燥湿风,理论指导实践,医学,丁光迪医生病例集,例一,现代临床
兵法,理论指导实践,医学,丁光迪医生病例集,例一,现代临床
名家思想,理论指导实践,中医辨证施治,丁光迪医生病例集,例一,现代临床
合同异,归属于经典,名家思想,丁光迪医生病例集,例一,现代临床
离坚白,归属于经典,名家思想,丁光迪医生病例集,例一,现代临床
丁光迪,名医经验总结,医学实践,丁光迪医生病例集,例一,现代临床
阴阳五行学说,理论指导实践,中医药学,丁光迪医生病例集,例一,现代临床
中国传统文化,与中医的理论发展,有密切的关系,丁光迪医生病例集,例一,现代临床
天人相应学说,归属于经典,内经,丁光迪医生病例集,例一,现代临床
天人相应学说,理论指导实践,医学,丁光迪医生病例集,例一,现代临床
天人相应学说,渗透到,医学和养生学,丁光迪医生病例集,例一,现代临床
天食人以五气，地食人以五味,理论指导实践,生活健康,丁光迪医生病例集,例一,现代临床
风气,疾病导致舌象,通于肝,丁光迪医生病例集,例一,现代临床
暑气,疾病导致舌象,通于心,丁光迪医生病例集,例一,现代临床
湿气,疾病导致舌象,通于脾,丁光迪医生病例集,例一,现代临床
燥气,疾病导致舌象,通于肺,丁光迪医生病例集,例一,现代临床
寒气,疾病导致舌象,通于肾,丁光迪医生病例集,例一,现代临床
天人相应理论,归属于经典,内经,丁光迪医生病例集,例一,现代临床
天人相应理论,理论指导实践,中医临床实践,丁光迪医生病例集,例一,现代临床
刘完素,名医经验总结,五运六气与脏腑的关系,丁光迪医生病例集,例一,现代临床
张子和,名医经验总结,中风之病与天人相应之理,丁光迪医生病例集,例一,现代临床
中风,疾病导致舌象,风病善行而数变,丁光迪医生病例集,例一,现代临床
中风,症状伴随症状,肠鸣殯泄,丁光迪医生病例集,例一,现代临床
中风,症状伴随症状,两手脉皆浮,丁光迪医生病例集,例一,现代临床
中风,症状伴随症状,自五月至六月不愈,丁光迪医生病例集,例一,现代临床
中风,症状伴随症状,春伤于风,丁光迪医生病例集,例一,现代临床
中风,症状伴随症状,夏必殖泄,丁光迪医生病例集,例一,现代临床
中风,症状伴随症状,岁木人过,丁光迪医生病例集,例一,现代临床
中风,症状伴随症状,风气流彳,丁光迪医生病例集,例一,现代临床
中风,症状伴随症状,脾上受邪,丁光迪医生病例集,例一,现代临床
中风,症状伴随症状,病殖泄之变,丁光迪医生病例集,例一,现代临床
中风,症状伴随症状,风邪尚在表,丁光迪医生病例集,例一,现代临床
中风,症状伴随症状,涌剂一吐以升下陷之气,丁光迪医生病例集,例一,现代临床
中风,症状伴随症状,麻黄削发汗以祛风邪,丁光迪医生病例集,例一,现代临床
中风,症状伴随症状,汗止泄亦止,丁光迪医生病例集,例一,现代临床
风湿寒之气合而成痹,症状伴随症状,一半足皆不随,丁光迪医生病例集,例一,现代临床
风湿寒之气合而成痹,症状伴随症状,若遇阴雨其病转加,丁光迪医生病例集,例一,现代临床
风湿寒之气合而成痹,症状伴随症状,水痹得寒而浮蓄于皮媵之间,丁光迪医生病例集,例一,现代临床
风湿寒之气合而成痹,症状伴随症状,内舍六腑,丁光迪医生病例集,例一,现代临床
风湿寒之气合而成痹,症状伴随症状,去水之药可也,丁光迪医生病例集,例一,现代临床
风湿寒之气合而成痹,症状伴随症状,舟车丸下三十余行,丁光迪医生病例集,例一,现代临床
风湿寒之气合而成痹,症状伴随症状,去青黄沫水五升,丁光迪医生病例集,例一,现代临床
风湿寒之气合而成痹,症状伴随症状,淡剂渗泄之,丁光迪医生病例集,例一,现代临床
风湿寒之气合而成痹,症状伴随症状,数日手足皆举,丁光迪医生病例集,例一,现代临床
风湿寒之气合而成痹,症状伴随症状,水湿者人身中之寒物也,丁光迪医生病例集,例一,现代临床
风湿寒之气合而成痹,症状伴随症状,寒去则血行,丁光迪医生病例集,例一,现代临床
风湿寒之气合而成痹,症状伴随症状,血行,丁光迪医生病例集,例一,现代临床
春伤于风,疾病表现症状,肠鸣殯泄,丁光迪医生病例集,例一,现代临床
春伤于风,疾病导致脉象,两手脉皆浮,丁光迪医生病例集,例一,现代临床
风湿寒之气合而成痹,证候导致舌象,水痹得寒，而浮蓄于皮媵之间,丁光迪医生病例集,例一,现代临床
风湿寒之气合而成痹,证候导致脉象,手足皆不随,丁光迪医生病例集,例一,现代临床
人在南城中，饮食不节，及劳役所伤,症状伴随症状,胃气亏乏,丁光迪医生病例集,例一,现代临床
胃气亏乏,症状伴随症状,朝饥暮饱，起居不时，寒温失所,丁光迪医生病例集,例一,现代临床
胃气亏乏,症状伴随症状,动经三两月,丁光迪医生病例集,例一,现代临床
胃气亏乏,症状伴随症状,一口一饱食太过,丁光迪医生病例集,例一,现代临床
胃气亏乏,症状伴随症状,感而伤人,丁光迪医生病例集,例一,现代临床
胃气亏乏,症状伴随症状,调治失宜,丁光迪医生病例集,例一,现代临床
胃气亏乏,症状伴随症状,死亡,丁光迪医生病例集,例一,现代临床
淫雨阴寒,症状伴随症状,体重肢节疼痛,丁光迪医生病例集,例一,现代临床
淫雨阴寒,症状伴随症状,大便泄泻,丁光迪医生病例集,例一,现代临床
淫雨阴寒,症状伴随症状,小便闭塞,丁光迪医生病例集,例一,现代临床
淫雨阴寒,症状辨证证候,客邪寒湿,丁光迪医生病例集,例一,现代临床
淫雨阴寒,症状辨证证候,六淫从外而入里,丁光迪医生病例集,例一,现代临床
淫雨阴寒,症状辨证证候,耳甚暴,丁光迪医生病例集,例一,现代临床
淫雨阴寒,症状辨证证候,病已下利,丁光迪医生病例集,例一,现代临床
淫雨阴寒,症状辨证证候,再用渗泄之匆,丁光迪医生病例集,例一,现代临床
淫雨阴寒,症状辨证证候,降之又降,丁光迪医生病例集,例一,现代临床
淫雨阴寒,症状辨证证候,复益其阴,丁光迪医生病例集,例一,现代临床
淫雨阴寒,症状辨证证候,重竭其阳气,丁光迪医生病例集,例一,现代临床
淫雨阴寒,症状辨证证候,不达升降浮沉之理,丁光迪医生病例集,例一,现代临床
淫雨阴寒,症状辨证证候,必用升阳风药,丁光迪医生病例集,例一,现代临床
淫雨阴寒,症状辨证证候,使阳气上升,丁光迪医生病例集,例一,现代临床
淫雨阴寒,症状辨证证候,浊气自降,丁光迪医生病例集,例一,现代临床
淫雨阴寒,症状辨证证候,其病亦就痊愈,丁光迪医生病例集,例一,现代临床
淫雨阴寒,症状辨证证候,湿寒之胜,丁光迪医生病例集,例一,现代临床
淫雨阴寒,症状辨证证候,助风以平之,丁光迪医生病例集,例一,现代临床
淫雨阴寒,症状辨证证候,宜用风药胜湿,丁光迪医生病例集,例一,现代临床
淫雨阴寒,症状辨证证候,下者举之,丁光迪医生病例集,例一,现代临床
淫雨阴寒,症状辨证证候,得阳气升腾而愈,丁光迪医生病例集,例一,现代临床
淫雨阴寒,症状辨证证候,脾气升运,丁光迪医生病例集,例一,现代临床
淫雨阴寒,症状辨证证候,阳能胜阴,丁光迪医生病例集,例一,现代临床
淫雨阴寒,症状辨证证候,此为治脾虚湿胜泄泻的根本方法,丁光迪医生病例集,例一,现代临床
淫雨阴寒,症状辨证证候,升阳益气,丁光迪医生病例集,例一,现代临床
淫雨阴寒,症状辨证证候,崇土以御客邪,丁光迪医生病例集,例一,现代临床
淫雨阴寒,症状辨证证候,临床上有显著功效,丁光迪医生病例集,例一,现代临床
风眩证,症状伴随症状,不敢见风,丁光迪医生病例集,例一,现代临床
风眩证,症状伴随症状,眼涩,丁光迪医生病例集,例一,现代临床
风眩证,症状伴随症状,头痛眼黑,丁光迪医生病例集,例一,现代临床
风眩证,症状伴随症状,胸中有痰,丁光迪医生病例集,例一,现代临床
风眩证,症状伴随症状,恶心兀兀欲吐,丁光迪医生病例集,例一,现代临床
风眩证,症状伴随症状,若遇外风，则觉皮肉紧缩,丁光迪医生病例集,例一,现代临床
风眩证,症状伴随症状,神疲乏力,丁光迪医生病例集,例一,现代临床
风眩证,症状伴随症状,手足难举重物,丁光迪医生病例集,例一,现代临床
风眩证,症状伴随症状,如其居于暖室中，则少出微汗,丁光迪医生病例集,例一,现代临床
风眩证,症状伴随症状,其证乃减,丁光迪医生病例集,例一,现代临床
风眩证,症状伴随症状,若再遇风，病又复发,丁光迪医生病例集,例一,现代临床
风眩证,症状辨证证候,中气不足,丁光迪医生病例集,例一,现代临床
风眩证,症状辨证证候,阳不12外,丁光迪医生病例集,例一,现代临床
风眩证,症状辨证证候,不任外风的影响,丁光迪医生病例集,例一,现代临床
风眩证,症状辨证证候,中虚则湿生,丁光迪医生病例集,例一,现代临床
风眩证,症状辨证证候,又郁而为痰,丁光迪医生病例集,例一,现代临床
风眩证,症状辨证证候,阻碍清浊之升降,丁光迪医生病例集,例一,现代临床
风眩证,症状辨证证候,故致风眩不愈,丁光迪医生病例集,例一,现代临床
风眩证,证候采用方剂,补肛汤,丁光迪医生病例集,例一,现代临床
补肛汤,方剂组成药材,柴胡,丁光迪医生病例集,例一,现代临床
补肛汤,方剂组成药材,升麻,丁光迪医生病例集,例一,现代临床
补肛汤,方剂组成药材,藁本,丁光迪医生病例集,例一,现代临床
补肛汤,方剂组成药材,苍术,丁光迪医生病例集,例一,现代临床
补肛汤,方剂组成药材,茯荟,丁光迪医生病例集,例一,现代临床
补肛汤,方剂组成药材,半夏,丁光迪医生病例集,例一,现代临床
补肛汤,方剂组成药材,生姜,丁光迪医生病例集,例一,现代临床
补肛汤,方剂组成药材,神曲,丁光迪医生病例集,例一,现代临床
痛风,症状伴随症状,血受热,丁光迪医生病例集,例一,现代临床
痛风,症状伴随症状,已自沸腾,丁光迪医生病例集,例一,现代临床
痛风,症状伴随症状,或涉冷水,丁光迪医生病例集,例一,现代临床
痛风,症状伴随症状,或立湿地,丁光迪医生病例集,例一,现代临床
痛风,症状伴随症状,或扇取凉,丁光迪医生病例集,例一,现代临床
痛风,症状伴随症状,或卧当风,丁光迪医生病例集,例一,现代临床
痛风,症状伴随症状,寒凉外搏,丁光迪医生病例集,例一,现代临床
痛风,症状伴随症状,热血得寒,丁光迪医生病例集,例一,现代临床
痛风,症状伴随症状,污浊凝涩,丁光迪医生病例集,例一,现代临床
痛风,症状伴随症状,所以作痛,丁光迪医生病例集,例一,现代临床
痛风,症状伴随症状,夜则痛甚,丁光迪医生病例集,例一,现代临床
痛风,症状辨证证候,行于阴分,丁光迪医生病例集,例一,现代临床
痛风,证候采用方剂,辛热之剂,丁光迪医生病例集,例一,现代临床
痛风,证候采用方剂,流散寒湿,丁光迪医生病例集,例一,现代临床
痛风,证候采用方剂,开发媵理,丁光迪医生病例集,例一,现代临床
痛风,证候采用方剂,其血得行,丁光迪医生病例集,例一,现代临床
痛风,证候采用方剂,与气相和,丁光迪医生病例集,例一,现代临床
痛风,证候采用方剂,其病自安,丁光迪医生病例集,例一,现代临床
痛风,症状辨证证候,病情亦有数种,丁光迪医生病例集,例一,现代临床
痛风,症状辨证证候,治法亦当稍异,丁光迪医生病例集,例一,现代临床
痛风,症状辨证证候,诊东阳傅文,丁光迪医生病例集,例一,现代临床
痛风,症状辨证证候,年逾六十,丁光迪医生病例集,例一,现代临床
痛风,症状辨证证候,性急作劳,丁光迪医生病例集,例一,现代临床
痛风,症状辨证证候,两腿痛甚,丁光迪医生病例集,例一,现代临床
痛风,症状辨证证候,动则尤剧,丁光迪医生病例集,例一,现代临床
痛风,症状辨证证候,此兼虚证,丁光迪医生病例集,例一,现代临床
痛风,症状辨证证候,不能徒治其表,丁光迪医生病例集,例一,现代临床
痛风,症状辨证证候,当用补血温血,丁光迪医生病例集,例一,现代临床
痛风,症状辨证证候,病可自安,丁光迪医生病例集,例一,现代临床
痛风,证候采用方剂,四物汤加桃仁、陈皮、牛膝、生甘草,丁光迪医生病例集,例一,现代临床
痛风,证候采用方剂,煎入生姜,丁光迪医生病例集,例一,现代临床
痛风,证候采用方剂,研潜行散,丁光迪医生病例集,例一,现代临床
痛风,证候采用方剂,热饮三四十贴,丁光迪医生病例集,例一,现代临床
痛风,症状辨证证候,诊余淒话,丁光迪医生病例集,例一,现代临床
痛风,症状辨证证候,而愈,丁光迪医生病例集,例一,现代临床
痛风,症状辨证证候,又如朱宅妇,丁光迪医生病例集,例一,现代临床
痛风,症状辨证证候,年近二十,丁光迪医生病例集,例一,现代临床
痛风,症状辨证证候,食味甚厚,丁光迪医生病例集,例一,现代临床
痛风,症状辨证证候,性躁急,丁光迪医生病例集,例一,现代临床
痛风,症状辨证证候,痛风挛缩数月,丁光迪医生病例集,例一,现代临床
痛风,症状辨证证候,医药不应,丁光迪医生病例集,例一,现代临床
痛风,症状辨证证候,此属夹痰与气为患,丁光迪医生病例集,例一,现代临床
痛风,症状辨证证候,亦不能就风论风,丁光迪医生病例集,例一,现代临床
痛风,症状辨证证候,与和血疏气导痰方法,丁光迪医生病例集,例一,现代临床
痛风,症状辨证证候,以潜行散入生甘草、牛膝、炒枳壳、通草、陈皮、桃仁,丁光迪医生病例集,例一,现代临床
痛风,症状辨证证候,姜汁煎服,丁光迪医生病例集,例一,现代临床
痛风,症状辨证证候,半年而安,丁光迪医生病例集,例一,现代临床
痛风,症状辨证证候,审察病机,丁光迪医生病例集,例一,现代临床
痛风,症状辨证证候,无失气宜,丁光迪医生病例集,例一,现代临床
痛风,症状辨证证候,天地上下,丁光迪医生病例集,例一,现代临床
痛风,症状辨证证候,人生其中,丁光迪医生病例集,例一,现代临床
痛风,症状辨证证候,脏腑气穴,丁光迪医生病例集,例一,现代临床
痛风,症状辨证证候,亦与天地相为流通,丁光迪医生病例集,例一,现代临床
痛风,症状辨证证候,厌之为洽,丁光迪医生病例集,例一,现代临床
痛风,症状辨证证候,惟当察此,丁光迪医生病例集,例一,现代临床
痛风,症状辨证证候,使无失其宜而后可,丁光迪医生病例集,例一,现代临床
丁光迪,名医经验总结,用刘河间辛凉之剂，解利伤寒温热中営伏热,丁光迪医生病例集,例一,现代临床
丁光迪,名医经验总结,用涌剂，一吐以升下陷之气，再勺麻黄削，发汗以祛风邪,丁光迪医生病例集,例一,现代临床
丁光迪,名医经验总结,用去水之药可也一以舟车丸下三十余行，去青黄沫水五升，次以淡剂渗泄之,丁光迪医生病例集,例一,现代临床
丁光迪,名医经验总结,必先岁气，无伐犬和。无盛盛，无虚虚，而遗人夭殃；无致邪，无失正，绝人长命,丁光迪医生病例集,例一,现代临床
丁光迪,名医经验总结,大兵之后，必有大疫,丁光迪医生病例集,例一,现代临床
丁光迪,名医经验总结,邪之所凑，其气必虚,丁光迪医生病例集,例一,现代临床
丁光迪,名医经验总结,胃为水谷之海，饮食入胃，而精气输脾归肺，上行春夏之令，以滋养周身,丁光迪医生病例集,例一,现代临床
丁光迪,名医经验总结,顺四时之气，起居有吋，以避寒暑，饮食有节，及不暴喜怒，以颐神志,丁光迪医生病例集,例一,现代临床
丁光迪,名医经验总结,湿寒之胜，助风以平之,丁光迪医生病例集,例一,现代临床
丁光迪,名医经验总结,下者举之，得阳气升腾而愈,丁光迪医生病例集,例一,现代临床
丁光迪,名医经验总结,湿多成五泄之变,丁光迪医生病例集,例一,现代临床
丁光迪,名医经验总结,必用升阳风药，如羌活、独活、柴胡、升麻、防风、炙甘草等,丁光迪医生病例集,例一,现代临床
丁光迪,名医经验总结,大法云：湿寒之胜，助风以平之 ，即宜用风药胜湿,丁光迪医生病例集,例一,现代临床
丁光迪,名医经验总结,又云：下者举之，得阳气升腾而愈 ，即使脾气升运，阳能胜阴,丁光迪医生病例集,例一,现代临床
丁光迪,名医经验总结,补中升阳的变法，表里两顾，调和内外,丁光迪医生病例集,例一,现代临床
丁光迪,名医经验总结,应该调摄起居，协和天人关系,丁光迪医生病例集,例一,现代临床
丁光迪,名医经验总结,冬夏两季，为年之虚时,丁光迪医生病例集,例一,现代临床
丁光迪,名医经验总结,若上弦前，下弦后，月廓空；一日之虚，如大风大雾，暴寒暴热，H月薄彼，惊恐悲哀,丁光迪医生病例集,例一,现代临床
丁光迪,名医经验总结,更有摘患初退，疮痍正作等等,丁光迪医生病例集,例一,现代临床
丁光迪,名医经验总结,若此四者之虚，切莫犯忌，摄牛养性，主之以静，则能外内相应，保全大和,丁光迪医生病例集,例一,现代临床
丁光迪,名医经验总结,孩疟，内经谓夏伤于暑，秋伤于风，明显是外感之病，与天时有关,丁光迪医生病例集,例一,现代临床
丁光迪,名医经验总结,但如胃气虚者，不能轻试速效，劫病之药，胃气重伤，后果不佳,丁光迪医生病例集,例一,现代临床
丁光迪,名医经验总结,尝遇体虚之人，先以参、术、陈皮、芍药等补剂，辅以本经之药，惟其取汗,丁光迪医生病例集,例一,现代临床
丁光迪,名医经验总结,若得汗而体尚虚者，还须重用补剂以助之，候汗岀通身，下过委中，方是佳兆,丁光迪医生病例集,例一,现代临床
丁光迪,名医经验总结,仍教以淡饮食，省出人，避风就温，远去帷薄，谨密调养，无有不安,丁光迪医生病例集,例一,现代临床
丁光迪,名医经验总结,单纯外感的，病较易治，若脏腑虚的，本实先拔，不能径情而往，应固本以适时，安内而攘外,丁光迪医生病例集,例一,现代临床
丁光迪,名医经验总结,审察病机，无失气宜,丁光迪医生病例集,例一,现代临床
丁光迪,名医经验总结,天地上下，人生其中，脏腑气穴，亦与天地相为流通,丁光迪医生病例集,例一,现代临床
丁光迪,名医经验总结,厌之为洽，惟当察此，使无失其宜而后可,丁光迪医生病例集,例一,现代临床
性急作劳,疾病表现症状,两腿痛甚,丁光迪医生病例集,例一,现代临床
两腿痛甚,症状伴随症状,动则尤剧,丁光迪医生病例集,例一,现代临床
性急作劳,证候导致舌象,兼虚证,丁光迪医生病例集,例一,现代临床
兼虚证,证候采用方剂,四物汤加桃仁、陈皮、牛膝、生甘草,丁光迪医生病例集,例一,现代临床
四物汤加桃仁、陈皮、牛膝、生甘草,方剂组成药材,桃仁,丁光迪医生病例集,例一,现代临床
四物汤加桃仁、陈皮、牛膝、生甘草,方剂组成药材,陈皮,丁光迪医生病例集,例一,现代临床
四物汤加桃仁、陈皮、牛膝、生甘草,方剂组成药材,牛膝,丁光迪医生病例集,例一,现代临床
四物汤加桃仁、陈皮、牛膝、生甘草,方剂组成药材,生甘草,丁光迪医生病例集,例一,现代临床
食味甚厚,疾病表现症状,痛风挛缩,丁光迪医生病例集,例一,现代临床
痛风挛缩,症状伴随症状,数月,丁光迪医生病例集,例一,现代临床
食味甚厚,证候导致舌象,夹痰与气为患,丁光迪医生病例集,例一,现代临床
夹痰与气为患,证候采用方剂,和血疏气导痰方法,丁光迪医生病例集,例一,现代临床
和血疏气导痰方法,方剂组成药材,生甘草,丁光迪医生病例集,例一,现代临床
和血疏气导痰方法,方剂组成药材,牛膝,丁光迪医生病例集,例一,现代临床
和血疏气导痰方法,方剂组成药材,炒枳壳,丁光迪医生病例集,例一,现代临床
和血疏气导痰方法,方剂组成药材,通草,丁光迪医生病例集,例一,现代临床
和血疏气导痰方法,方剂组成药材,陈皮,丁光迪医生病例集,例一,现代临床
和血疏气导痰方法,方剂组成药材,桃仁,丁光迪医生病例集,例一,现代临床
天人相应理论,理论指导实践,审察病机，无失气宜,丁光迪医生病例集,例一,现代临床
膀胱藏津液问题,归属于经典,素问,丁光迪医生病例集,例一,现代临床
膀胱气化问题,归属于经典,素问,丁光迪医生病例集,例一,现代临床
丁光迪,名医经验总结,审察病机，无失气宜,丁光迪医生病例集,例一,现代临床
伤寒蓄血,证候导致舌象,舌上胎滑,丁光迪医生病例集,例一,现代临床
脏结,疾病表现症状,不往来寒热,丁光迪医生病例集,例一,现代临床
脏结,疾病表现症状,其人反静,丁光迪医生病例集,例一,现代临床
脏结,疾病导致舌象,舌上胎滑,丁光迪医生病例集,例一,现代临床
结胸,疾病导致舌象,舌无黄黑芒刺之苔,丁光迪医生病例集,例一,现代临床
结胸,疾病表现症状,烦躁潮热,丁光迪医生病例集,例一,现代临床
脏结,疾病导致脉象,脉沉紧,丁光迪医生病例集,例一,现代临床
寒实结胸,证候采用方剂,三物白散,丁光迪医生病例集,例一,现代临床
寒实结胸,证候采用方剂,小陷胸汤,丁光迪医生病例集,例一,现代临床
三物白散,方剂组成药材,巴豆,丁光迪医生病例集,例一,现代临床
三物白散,方剂组成药材,贝母,丁光迪医生病例集,例一,现代临床
三物白散,方剂组成药材,桔梗,丁光迪医生病例集,例一,现代临床
小陷胸汤,方剂组成药材,黄连,丁光迪医生病例集,例一,现代临床
小陷胸汤,方剂组成药材,半夏,丁光迪医生病例集,例一,现代临床
小陷胸汤,方剂组成药材,栝楼实,丁光迪医生病例集,例一,现代临床
巴豆,药材具有功效,攻下,丁光迪医生病例集,例一,现代临床
贝母,药材具有功效,清热化痰,丁光迪医生病例集,例一,现代临床
桔梗,药材具有功效,开胸散结,丁光迪医生病例集,例一,现代临床
黄连,药材具有功效,清热燥湿,丁光迪医生病例集,例一,现代临床
半夏,药材具有功效,燥湿化痰,丁光迪医生病例集,例一,现代临床
栝楼实,药材具有功效,清热涤痰,丁光迪医生病例集,例一,现代临床
寒实结胸,疾病导致舌象,无热证,丁光迪医生病例集,例一,现代临床
寒实结胸,疾病导致脉象,脉沉紧,丁光迪医生病例集,例一,现代临床
寒实结胸,症状伴随症状,心下痛,丁光迪医生病例集,例一,现代临床
寒实结胸,症状伴随症状,面色赤,丁光迪医生病例集,例一,现代临床
寒实结胸,症状伴随症状,发热色黄,丁光迪医生病例集,例一,现代临床
寒实结胸,症状伴随症状,小便不利,丁光迪医生病例集,例一,现代临床
寒实结胸,证候采用方剂,白散,丁光迪医生病例集,例一,现代临床
寒实结胸,证候采用方剂,小陷胸汤,丁光迪医生病例集,例一,现代临床
白散,方剂组成药材,桔梗,丁光迪医生病例集,例一,现代临床
白散,方剂组成药材,贝母,丁光迪医生病例集,例一,现代临床
白散,方剂组成药材,巴豆,丁光迪医生病例集,例一,现代临床
小陷胸汤,方剂组成药材,半夏,丁光迪医生病例集,例一,现代临床
小陷胸汤,方剂组成药材,瓜蒌实,丁光迪医生病例集,例一,现代临床
小陷胸汤,方剂组成药材,黄连,丁光迪医生病例集,例一,现代临床
巴豆,药材具有功效,散寒逐水,丁光迪医生病例集,例一,现代临床
桔梗,药材具有功效,消饮开膈,丁光迪医生病例集,例一,现代临床
贝母,药材具有功效,消饮开膈,丁光迪医生病例集,例一,现代临床
半夏,药材具有功效,去痰饮,丁光迪医生病例集,例一,现代临床
黄连,药材具有功效,清解寒实,丁光迪医生病例集,例一,现代临床
寒实结胸,归属于经典,伤寒论,丁光迪医生病例集,例一,现代临床
丁光迪,名医经验总结,寒实结胸的治疗经验,丁光迪医生病例集,例一,现代临床
阳明蓄热,疾病表现症状,发热色黄,丁光迪医生病例集,例一,现代临床
阳明瘀热,疾病表现症状,发热色黄,丁光迪医生病例集,例一,现代临床
阳明误攻,疾病导致舌象,邪热内陷,丁光迪医生病例集,例一,现代临床
阳明误攻,疾病导致脉象,气化被阻,丁光迪医生病例集,例一,现代临床
阳明误攻,疾病导致症状,小便不利,丁光迪医生病例集,例一,现代临床
阳明误攻,疾病导致症状,大便因鞅,丁光迪医生病例集,例一,现代临床
阳绝于里,证候导致舌象,阳脉实,丁光迪医生病例集,例一,现代临床
阳绝于里,证候导致脉象,亡津液,丁光迪医生病例集,例一,现代临床
阳绝于里,证候导致症状,大便因鞅,丁光迪医生病例集,例一,现代临床
阳绝于里,证候导致舌象,阳极于里,丁光迪医生病例集,例一,现代临床
阳绝于里,证候导致脉象,阳极津伤,丁光迪医生病例集,例一,现代临床
阳绝于里,证候导致症状,大便必鞅,丁光迪医生病例集,例一,现代临床
无表里证,症状辨证证候,阳明病,丁光迪医生病例集,例一,现代临床
无表里证,症状辨证证候,里实,丁光迪医生病例集,例一,现代临床
无表里证,症状辨证证候,里热,丁光迪医生病例集,例一,现代临床
丁光迪,名医经验总结,261条的栃子柏皮汤证,丁光迪医生病例集,例一,现代临床
丁光迪,名医经验总结,236条的茵陈蒿汤证,丁光迪医生病例集,例一,现代临床
丁光迪,名医经验总结,阳绝于里的训释,丁光迪医生病例集,例一,现代临床
恶寒,疾病表现症状,虚证,丁光迪医生病例集,例一,现代临床
发汗不解，反加恶寒者,症状伴随症状,邪气不从汗而去,丁光迪医生病例集,例一,现代临床
发汗后恶寒,症状辨证证候,里虚,丁光迪医生病例集,例一,现代临床
不恶寒但热者,症状辨证证候,实证,丁光迪医生病例集,例一,现代临床
太阳与阳明合病,疾病导致舌象,必自下利,丁光迪医生病例集,例一,现代临床
太阳与阳明合病,证候采用方剂,葛根黄苓黄连汤,丁光迪医生病例集,例一,现代临床
太阳病，桂枝证，医反下之，利遂不止,症状辨证证候,误下以后所致的协热利,丁光迪医生病例集,例一,现代临床
太阳病，桂枝证，医反下之，利遂不止,证候采用方剂,葛根黄苓黄连汤,丁光迪医生病例集,例一,现代临床
太阳病，桂枝证，医反下之，利遂不止,症状伴随症状,表未解,丁光迪医生病例集,例一,现代临床
喘而汗出者,症状伴随症状,表未解,丁光迪医生病例集,例一,现代临床
太阳病，桂枝证，医反下之，利遂不止,症状辨证证候,太阳表证、误下而形成的协热利,丁光迪医生病例集,例一,现代临床
葛根黄苓黄连汤,证候采用方剂,两阳合病,丁光迪医生病例集,例一,现代临床
葛根黄苓黄连汤,证候采用方剂,太阳与少阳合病,丁光迪医生病例集,例一,现代临床
葛根汤,证候采用方剂,太阳病,丁光迪医生病例集,例一,现代临床
桂枝去芍药,证候采用方剂,太阳病下后脉促胸满,丁光迪医生病例集,例一,现代临床
桂枝加厚朴杏子汤,证候采用方剂,太阳病下后微喘,丁光迪医生病例集,例一,现代临床
麻黄杏仁甘草石膏汤,证候采用方剂,下后汗出而喘无大热,丁光迪医生病例集,例一,现代临床
桂枝人参汤,证候采用方剂,太阳病下后表里不解,丁光迪医生病例集,例一,现代临床
侯氏黑散,证候采用方剂,中风四肢烦重,丁光迪医生病例集,例一,现代临床
风引汤,证候采用方剂,中风,丁光迪医生病例集,例一,现代临床
菊花,药材具有功效,治诸风，头眩肿痛,丁光迪医生病例集,例一,现代临床
防风,药材具有功效,主大风，头眩痛恶风,丁光迪医生病例集,例一,现代临床
细辛,药材具有功效,善治暗风卒倒,丁光迪医生病例集,例一,现代临床
桂枝,药材具有功效,祛风，开腠理,丁光迪医生病例集,例一,现代临床
葛根,药材具有功效,升阳达表，清热治利,丁光迪医生病例集,例一,现代临床
葛根黄苓黄连汤,方剂组成药材,葛根、黄芩、黄连,丁光迪医生病例集,例一,现代临床
侯氏黑散,方剂组成药材,菊花、防风、白术、细辛、桂枝、当归、人参、干姜、茯苓、黄芩、牡蛎、矶石、桔梗,丁光迪医生病例集,例一,现代临床
侯氏黑散,归属于经典,金匮要略,丁光迪医生病例集,例一,现代临床
风引汤,归属于经典,金匮要略,丁光迪医生病例集,例一,现代临床
侯氏黑散,方剂组成药材,菊花、防风、萼势、细辛、桂枝、当归、白术、人参、干姜、茯苓、黄苓、牡蛎、矶石、桔梗,丁光迪医生病例集,例一,现代临床
风引汤,方剂组成药材,石膏、寒水石、滑石、甘草、大黄、龙骨、牡蛎、赤石脂、白石脂、紫石英、桂枝、干姜,丁光迪医生病例集,例一,现代临床
菊花,药材具有功效,治诸风，头眩肿痛，泪出、皮肤死肌,丁光迪医生病例集,例一,现代临床
防风,药材具有功效,主大风，头眩痛恶风，风邪目盲无所见，风行周身，骨日疼痹，烦满,丁光迪医生病例集,例一,现代临床
细辛,药材具有功效,善治暗风卒倒，不省人事,丁光迪医生病例集,例一,现代临床
桂枝,药材具有功效,祛风，开腠理，温经通脉,丁光迪医生病例集,例一,现代临床
石膏,药材具有功效,治中风寒热，心下逆气惊喘，口干舌焦，不能息,丁光迪医生病例集,例一,现代临床
龙骨,药材具有功效,治小儿热气惊痫,丁光迪医生病例集,例一,现代临床
牡蛎,药材具有功效,治惊恚怒气,丁光迪医生病例集,例一,现代临床
侯氏黑散,证候采用方剂,肝风兼有脾虚症状,丁光迪医生病例集,例一,现代临床
风引汤,证候采用方剂,镇心肝、熄风阳,丁光迪医生病例集,例一,现代临床
赵锡武,名医经验总结,半身不遂善后方，选用侯氏黑散，宜冷服；病愈后还可用侯氏黑散加六味地黄丸以巩固其疗效,丁光迪医生病例集,例一,现代临床
赵锡武,名医经验总结,对半身不遂为主，兼血压高的，予潜阳通络，选用风引汤加磁石、龟板、鳖甲、生铁落,丁光迪医生病例集,例一,现代临床
张仲景的处方用药,归属于经典,伤寒论,丁光迪医生病例集,例一,现代临床
侯氏黑散、风引汤,归属于经典,金匮要略,丁光迪医生病例集,例一,现代临床
紫石寒石散,归属于经典,金匮要略,丁光迪医生病例集,例一,现代临床
孙思邈,名医经验总结,千金要方,丁光迪医生病例集,例一,现代临床
孙思邈,名医经验总结,千金翼方,丁光迪医生病例集,例一,现代临床
中风,症状伴随症状,神识昏蒙,丁光迪医生病例集,例一,现代临床
中风,症状伴随症状,僵直,丁光迪医生病例集,例一,现代临床
中风,症状伴随症状,抽搐,丁光迪医生病例集,例一,现代临床
中风,症状伴随症状,偏废,丁光迪医生病例集,例一,现代临床
中风,症状伴随症状,瘩排,丁光迪医生病例集,例一,现代临床
中风,理论指导实践,孙思邈的治疗中风理论,丁光迪医生病例集,例一,现代临床
续命汤类,证候采用方剂,中风,丁光迪医生病例集,例一,现代临床
地黄煎类,证候采用方剂,中风,丁光迪医生病例集,例一,现代临床
小续命汤,方剂组成药材,人参,丁光迪医生病例集,例一,现代临床
小续命汤,方剂组成药材,附子,丁光迪医生病例集,例一,现代临床
小续命汤,方剂组成药材,麻黄,丁光迪医生病例集,例一,现代临床
小续命汤,方剂组成药材,桂心,丁光迪医生病例集,例一,现代临床
小续命汤,方剂组成药材,甘茸,丁光迪医生病例集,例一,现代临床
小续命汤,方剂组成药材,杏仁,丁光迪医生病例集,例一,现代临床
小续命汤,方剂组成药材,芍药,丁光迪医生病例集,例一,现代临床
小续命汤,方剂组成药材,生姜,丁光迪医生病例集,例一,现代临床
小续命汤,方剂组成药材,川粤,丁光迪医生病例集,例一,现代临床
小续命汤,方剂组成药材,防己,丁光迪医生病例集,例一,现代临床
小续命汤,方剂组成药材,黄苓,丁光迪医生病例集,例一,现代临床
人参,药材具有功效,益气救逆,丁光迪医生病例集,例一,现代临床
附子,药材具有功效,益气救逆,丁光迪医生病例集,例一,现代临床
桂枝,药材具有功效,通阳解散,丁光迪医生病例集,例一,现代临床
麻黄,药材具有功效,通阳解散,丁光迪医生病例集,例一,现代临床
川粤,药材具有功效,祛风通络,丁光迪医生病例集,例一,现代临床
防风,药材具有功效,祛风通络,丁光迪医生病例集,例一,现代临床
防己,药材具有功效,祛风通络,丁光迪医生病例集,例一,现代临床
出六经续命汤,归属于经典,保命集,丁光迪医生病例集,例一,现代临床
小续命汤,症状伴随症状,本有热者,丁光迪医生病例集,例一,现代临床
小续命汤,证候采用方剂,去附子，倍芍药,丁光迪医生病例集,例一,现代临床
大续命汤,方剂组成药材,石音，荆沥、独活、葛根、扶鉴,丁光迪医生病例集,例一,现代临床
大续命汤,药材具有功效,清热化痰,丁光迪医生病例集,例一,现代临床
地黄煎类,方剂组成药材,生地黄汁、枸杞根汁，天门冬,丁光迪医生病例集,例一,现代临床
地黄煎类,药材具有功效,凉血养阴,丁光迪医生病例集,例一,现代临床
地黄煎类,方剂组成药材,梔子、大黄,丁光迪医生病例集,例一,现代临床
地黄煎类,药材具有功效,泻火泄熟,丁光迪医生病例集,例一,现代临床
地黄煎类,方剂组成药材,荆汕、竹沥,丁光迪医生病例集,例一,现代临床
地黄煎类,药材具有功效,清見痰火,丁光迪医生病例集,例一,现代临床
地黄煎类,方剂组成药材,人参、茯苓,丁光迪医生病例集,例一,现代临床
地黄煎类,药材具有功效,宁心安神,丁光迪医生病例集,例一,现代临床
竹沥汤类方剂,方剂组成药材,竹沥、牛葛汁、七姜汁,丁光迪医生病例集,例一,现代临床
竹沥汤类方剂,药材具有功效,汚火以熄风，滑痰以通络,丁光迪医生病例集,例一,现代临床
除余风方,方剂组成药材,人参、麻黄、桂心、生姜、芍药、川夸、防风、黄苓、石膏、羚羊角、升麻、白术、独活、秦充、貲芷、茯神、远志、石斛、牛膝、丹参、厚朴、天冬、五加皮、地骨皮、橘皮、地黄、模瑯、藁本、杜仲、犀角,丁光迪医生病例集,例一,现代临床
独活煮散,方剂组成药材,葛根、人参、桂心、甘草、芍药、防风、防己、石膏、羚羊角、白术、独活、茯苓、当归、麦冬、磁石,丁光迪医生病例集,例一,现代临床
五补丸,方剂组成药材,干姜、生姜屑、人参、附子、桂心、甘草、芍药、川写、防风、防己，黄苓、石膏、羚羊角、升麻，白术、独活、秦茏、黄芷、茯神、石斛、牛膝、丹参、天冬、五加皮、地骨皮、地黄、淮山药、寒水石、麦冬、从蓉、食茱萸、甘菊花,丁光迪医生病例集,例一,现代临床
孙思邈,名医经验总结,对伤寒病学有很大贡献,丁光迪医生病例集,例一,现代临床
孙思邈,理论指导实践,博采群经，广设备拟,丁光迪医生病例集,例一,现代临床
孙思邈,理论指导实践,整理改编伤寒论,丁光迪医生病例集,例一,现代临床
孙思邈,归属于经典,千金要方,丁光迪医生病例集,例一,现代临床
孙思邈,归属于经典,千金翼方,丁光迪医生病例集,例一,现代临床
伤寒论,归属于经典,孙思邈整理方法,丁光迪医生病例集,例一,现代临床
伤寒病,理论指导实践,方证同条，比类相附,丁光迪医生病例集,例一,现代临床
伤寒病,理论指导实践,早期诊断，早期治疗,丁光迪医生病例集,例一,现代临床
伤寒病,名医经验总结,孙思邈,丁光迪医生病例集,例一,现代临床
屠苏酒,药材具有功效,辟温辟疫,丁光迪医生病例集,例一,现代临床
辟温辟疫,方剂组成药材,雄黄、雌黄、丹砂、矶石、鬼箭羽，鬼臼、鬼督邮、菖蒲、首勞、白旭,丁光迪医生病例集,例一,现代临床
四时感受乖气,疾病导致舌象,阴阳毒,丁光迪医生病例集,例一,现代临床
四时感受乖气,方剂组成药材,石膏、寒水石、芒硝、柴胡、升麻、大青、玄参、生地、苦参,丁光迪医生病例集,例一,现代临床
伤寒病,方剂组成药材,青膏、黄膏、白膏,丁光迪医生病例集,例一,现代临床
伤寒病,方剂组成药材,归、莒、椒、拒、吴茱萸、乌、附、天雄、细辛、下姜、桂心、大黄、巴豆、羊綁躅,丁光迪医生病例集,例一,现代临床
伤寒病,方剂组成药材,麻黄、桂枝、大青龙,丁光迪医生病例集,例一,现代临床
伤寒病,方剂组成药材,细辛、吴茱萸、附子、鸟头、F姜、蜀椒、防风、桔梗,丁光迪医生病例集,例一,现代临床
伤寒病,方剂组成药材,石膏、寒水石、大黄、芒硝,丁光迪医生病例集,例一,现代临床
伤寒病,方剂组成药材,麻黄、葛根、升麻，配伍石膏、寒水石和大黄、芒硝,丁光迪医生病例集,例一,现代临床
伤寒病,方剂组成药材,葱豉、梔子、黄连、黄柏、大黄,丁光迪医生病例集,例一,现代临床
伤寒病,方剂组成药材,麻黄、杏,丁光迪医生病例集,例一,现代临床
麻黄汤,证候采用方剂,风寒,丁光迪医生病例集,例一,现代临床
大育龙汤,证候采用方剂,风寒,丁光迪医生病例集,例一,现代临床
葱豉汤,证候采用方剂,伤寒病辛凉解表,丁光迪医生病例集,例一,现代临床
葛根龙胆汤,证候采用方剂,伤寒三日外病不差,丁光迪医生病例集,例一,现代临床
葱豉配伍梔子、黄连、黄柏.大黄,证候采用方剂,伤寒四五日头痛壮热,丁光迪医生病例集,例一,现代临床
发汗丸,证候采用方剂,内容较少,丁光迪医生病例集,例一,现代临床
神丹丸,证候采用方剂,内容较少,丁光迪医生病例集,例一,现代临床
麦奴丸,证候采用方剂,内容较少,丁光迪医生病例集,例一,现代临床
生地黄汤,证候采用方剂,肠中实而大便不利,丁光迪医生病例集,例一,现代临床
大柴胡加萎蕤知母汤,证候采用方剂,伤寒七八日不解,丁光迪医生病例集,例一,现代临床
青藕子丸,证候采用方剂,伤寒后结热在内烦渴,丁光迪医生病例集,例一,现代临床
大青汤,证候采用方剂,伤寒热病十日以上不解,丁光迪医生病例集,例一,现代临床
小量麻桂加知母、黄苓,证候采用方剂,伤寒后不了了,丁光迪医生病例集,例一,现代临床
苦参、青箱、艾、梔子、草苗、苦酒、乌梅,药材具有功效,清热解毒,丁光迪医生病例集,例一,现代临床
苦参一两，酒煮饮之,证候采用方剂,治温气病欲死,丁光迪医生病例集,例一,现代临床
猪胆汤方,证候采用方剂,伤寒五六日斑出,丁光迪医生病例集,例一,现代临床
汽根饮子,证候采用方剂,伤寒后呕啰反胃,丁光迪医生病例集,例一,现代临床
大枣合乌梅,证候采用方剂,伤寒热病后口干喜唾,丁光迪医生病例集,例一,现代临床
牡蛎散,证候采用方剂,盗汗风虚头痛,丁光迪医生病例集,例一,现代临床
黄连三两煮汁顿服,证候采用方剂,热病后发豌豆疮,丁光迪医生病例集,例一,现代临床
大黄五两煮汤,证候采用方剂,豌豆疮初发觉者,丁光迪医生病例集,例一,现代临床
地黄三斤煮汤,证候采用方剂,汗出不止,丁光迪医生病例集,例一,现代临床
前胡、葱白、黄苓、梔子、大青和石膏、知母配伍,证候采用方剂,妊娠伤寒,丁光迪医生病例集,例一,现代临床
麻黄、竹叶、石膏三味,证候采用方剂,妊娠伤寒头痛壮热不歇,丁光迪医生病例集,例一,现代临床
葱白与生姜,证候采用方剂,妊娠伤寒,丁光迪医生病例集,例一,现代临床
葱白与豆豉,证候采用方剂,妊娠伤寒,丁光迪医生病例集,例一,现代临床
葛根汁分饮,证候采用方剂,妊娠伤寒,丁光迪医生病例集,例一,现代临床
四物解肌汤,证候采用方剂,小儿伤寒,丁光迪医生病例集,例一,现代临床
麻黄汤方,证候采用方剂,少小伤寒发热咳嗽,丁光迪医生病例集,例一,现代临床
葛根汁、淡竹沥二味相和煮服,证候采用方剂,小儿伤寒,丁光迪医生病例集,例一,现代临床
升麻汤,证候采用方剂,小儿伤寒变热毒病,丁光迪医生病例集,例一,现代临床
竹叶汤,证候采用方剂,小儿夏季发热,丁光迪医生病例集,例一,现代临床
十二物寒水石散海,证候采用方剂,少小身体壮热,丁光迪医生病例集,例一,现代临床
清暑益气,方剂组成药材,黄苓、茯苓、人参、麦冬、甘草,丁光迪医生病例集,例一,现代临床
粉身方十二物寒水石散海,方剂组成药材,辛香散表与清热解毒,丁光迪医生病例集,例一,现代临床
伤寒,证候导致舌象,外感热病的多种证候,丁光迪医生病例集,例一,现代临床
伤寒,证候采用方剂,屠苏酒,丁光迪医生病例集,例一,现代临床
伤寒,证候采用方剂,柴胡地黄汤,丁光迪医生病例集,例一,现代临床
伤寒,证候采用方剂,石膏竹叶汤,丁光迪医生病例集,例一,现代临床
伤寒,证候采用方剂,石膏地黄汤,丁光迪医生病例集,例一,现代临床
伤寒,证候采用方剂,玄参寒水石汤,丁光迪医生病例集,例一,现代临床
伤寒,证候采用方剂,石膏杏仁汤,丁光迪医生病例集,例一,现代临床
伤寒,证候采用方剂,石膏葱白汤,丁光迪医生病例集,例一,现代临床
伤寒,证候采用方剂,苦参石膏汤,丁光迪医生病例集,例一,现代临床
伤寒,证候采用方剂,葛根龙胆汤,丁光迪医生病例集,例一,现代临床
伤寒,证候采用方剂,术入脏腑方,丁光迪医生病例集,例一,现代临床
伤寒,证候采用方剂,青茹子丸,丁光迪医生病例集,例一,现代临床
伤寒,证候采用方剂,大青汤,丁光迪医生病例集,例一,现代临床
伤寒,证候采用方剂,热如疟状方,丁光迪医生病例集,例一,现代临床
伤寒,证候采用方剂,严根饮子,丁光迪医生病例集,例一,现代临床
伤寒,证候采用方剂,四牡蛎散,丁光迪医生病例集,例一,现代临床
伤寒,证候采用方剂,四物解肌汤,丁光迪医生病例集,例一,现代临床
伤寒,证候采用方剂,升麻汤,丁光迪医生病例集,例一,现代临床
伤寒,证候采用方剂,物寒水石散,丁光迪医生病例集,例一,现代临床
压热法,理论指导实践,治疗外感内伤的实热,丁光迪医生病例集,例一,现代临床
压热法,药材具有功效,重以镇逆，咸以润下、以寒制热，以水胜火,丁光迪医生病例集,例一,现代临床
黄金,药材具有功效,疗惊痫风热肝胆之病，镇心安神,丁光迪医生病例集,例一,现代临床
朱砂,药材具有功效,通血脉，止烦满消渴，润心肺，治惊痫,丁光迪医生病例集,例一,现代临床
石膏,药材具有功效,除中风、伤寒、时气二焦大热、天行狂热,丁光迪医生病例集,例一,现代临床
井泉石,药材具有功效,解心脏热结,丁光迪医生病例集,例一,现代临床
凝水石,药材具有功效,凉血降火,丁光迪医生病例集,例一,现代临床
滑石,药材具有功效,发表，利水道，为表里上下三焦荡热燥湿之剂,丁光迪医生病例集,例一,现代临床
朴硝,药材具有功效,除寒热邪气，逐六腑积聚，结固留癖，天行热疾,丁光迪医生病例集,例一,现代临床
芒硝,药材具有功效,治五脏积聚，久热胃闭，时疾壅热，能散恶血,丁光迪医生病例集,例一,现代临床
卤碱,药材具有功效,治大热消渴狂烦，去元脏謗目留热结气,丁光迪医生病例集,例一,现代临床
冰凌,药材具有功效,解烦渴，消暑毒，伤寒阳毒，热盛神昏,丁光迪医生病例集,例一,现代临床
露水,药材具有功效,愈百疾，止消渴,丁光迪医生病例集,例一,现代临床
霜水,药材具有功效,诸热面赤，解酒热，寒热疟疾,丁光迪医生病例集,例一,现代临床
雪水,药材具有功效,解一切毒，治天行时汽温疫，小儿热摘狂啼，大人丹石发动,丁光迪医生病例集,例一,现代临床
寒泉水,药材具有功效,止消渴，下热气，治热闷昏督烦躁,丁光迪医生病例集,例一,现代临床
犀角,药材具有功效,清熟解毒，凉血镇痉,丁光迪医生病例集,例一,现代临床
青木香,药材具有功效,香以去腐，行气开窍,丁光迪医生病例集,例一,现代临床
压热法,归属于经典,金匮要略,丁光迪医生病例集,例一,现代临床
压热法,归属于经典,千金翼方,丁光迪医生病例集,例一,现代临床
压热法,归属于经典,千金要方,丁光迪医生病例集,例一,现代临床
压热法,归属于经典,和剂局方,丁光迪医生病例集,例一,现代临床
压热法,归属于经典,疫疹一得,丁光迪医生病例集,例一,现代临床
压热法,理论指导实践,压热法用于治疗急性热病,丁光迪医生病例集,例一,现代临床
压热法,名医经验总结,孙思邈,丁光迪医生病例集,例一,现代临床
压热法,方剂组成药材,石膏、寒水石、滑石、赤石脂、白石脂、紫石英、龙骨、牡蛎、桂枝、甘草、大黄、干姜,丁光迪医生病例集,例一,现代临床
压热法,方剂组成药材,石膏、寒水石、朴硝、硝石、芒硝、青黛、马牙硝、甘草,丁光迪医生病例集,例一,现代临床
压热法,方剂组成药材,石膏（大剂180-250克，中剂60-125克，小剂3-60克）、鲜生地、犀角（现用水牛角代之）、川连、梔子、桔梗、黄苓、知母、赤芍、玄参、连翘、草、丹皮、鲜竹叶,丁光迪医生病例集,例一,现代临床
压热法,药材具有功效,石膏具有压热功效,丁光迪医生病例集,例一,现代临床
压热法,药材具有功效,寒水石具有压热功效,丁光迪医生病例集,例一,现代临床
压热法,药材具有功效,朴硝具有压热功效,丁光迪医生病例集,例一,现代临床
压热法,药材具有功效,硝石具有压热功效,丁光迪医生病例集,例一,现代临床
压热法,药材具有功效,青黛具有压热功效,丁光迪医生病例集,例一,现代临床
压热法,药材具有功效,犀角（现用水牛角代之）具有压热功效,丁光迪医生病例集,例一,现代临床
压热法,药材具有功效,川连具有压热功效,丁光迪医生病例集,例一,现代临床
压热法,药材具有功效,梔子具有压热功效,丁光迪医生病例集,例一,现代临床
压热法,药材具有功效,桔梗具有压热功效,丁光迪医生病例集,例一,现代临床
压热法,药材具有功效,黄苓具有压热功效,丁光迪医生病例集,例一,现代临床
压热法,药材具有功效,知母具有压热功效,丁光迪医生病例集,例一,现代临床
压热法,药材具有功效,赤芍具有压热功效,丁光迪医生病例集,例一,现代临床
压热法,药材具有功效,玄参具有压热功效,丁光迪医生病例集,例一,现代临床
压热法,药材具有功效,连翘具有压热功效,丁光迪医生病例集,例一,现代临床
压热法,药材具有功效,草具有压热功效,丁光迪医生病例集,例一,现代临床
压热法,药材具有功效,丹皮具有压热功效,丁光迪医生病例集,例一,现代临床
压热法,药材具有功效,鲜竹叶具有压热功效,丁光迪医生病例集,例一,现代临床
孙思邈,理论指导实践,重复用药药乃有力,丁光迪医生病例集,例一,现代临床
孙思邈,理论指导实践,吐下泄毒万病悉除,丁光迪医生病例集,例一,现代临床
孙思邈,理论指导实践,中风大法发汗漕热,丁光迪医生病例集,例一,现代临床
孙思邈,名医经验总结,蛮夷酒,丁光迪医生病例集,例一,现代临床
孙思邈,名医经验总结,天门冬大煎,丁光迪医生病例集,例一,现代临床
孙思邈,名医经验总结,芫花散,丁光迪医生病例集,例一,现代临床
孙思邈,名医经验总结,万病丸,丁光迪医生病例集,例一,现代临床
中风,疾病导致舌象,舌质红,丁光迪医生病例集,例一,现代临床
中风,疾病导致脉象,脉象浮,丁光迪医生病例集,例一,现代临床
中风,疾病表现症状,身体缓急,丁光迪医生病例集,例一,现代临床
中风,疾病表现症状,口眼不正,丁光迪医生病例集,例一,现代临床
中风,症状伴随症状,身体缓急伴随口眼不正,丁光迪医生病例集,例一,现代临床
中风,证候导致舌象,舌苔黄,丁光迪医生病例集,例一,现代临床
中风,证候导致脉象,脉象数,丁光迪医生病例集,例一,现代临床
中风,症状辨证证候,风火相煽,丁光迪医生病例集,例一,现代临床
中风,证候采用方剂,大、小续命汤,丁光迪医生病例集,例一,现代临床
大、小续命汤,方剂组成药材,人参、附子,丁光迪医生病例集,例一,现代临床
人参,药材具有功效,回阳救逆,丁光迪医生病例集,例一,现代临床
附子,药材具有功效,益气补中,丁光迪医生病例集,例一,现代临床
中风,证候导致舌象,舌苔燥,丁光迪医生病例集,例一,现代临床
中风,证候导致脉象,脉象滑,丁光迪医生病例集,例一,现代临床
中风,症状辨证证候,热盛生风,丁光迪医生病例集,例一,现代临床
中风,证候采用方剂,竹沥汤方,丁光迪医生病例集,例一,现代临床
竹沥汤方,方剂组成药材,竹沥、荆沥、生葛汁、生姜汁、石膏,丁光迪医生病例集,例一,现代临床
竹沥,药材具有功效,清热凉血,丁光迪医生病例集,例一,现代临床
荆沥,药材具有功效,平肝熄风,丁光迪医生病例集,例一,现代临床
中风,症状辨证证候,邪正表坚,丁光迪医生病例集,例一,现代临床
调经求子,证候导致舌象,舌质淡,丁光迪医生病例集,例一,现代临床
调经求子,证候导致脉象,脉象沉,丁光迪医生病例集,例一,现代临床
调经求子,症状辨证证候,瘀血停凝,丁光迪医生病例集,例一,现代临床
调经求子,证候采用方剂,朴消荡胞汤,丁光迪医生病例集,例一,现代临床
朴消荡胞汤,方剂组成药材,朴消、大黄,丁光迪医生病例集,例一,现代临床
朴消,药材具有功效,活血祛瘀,丁光迪医生病例集,例一,现代临床
大黄,药材具有功效,调经下瘀,丁光迪医生病例集,例一,现代临床
调经求子,症状辨证证候,子宫内瘀血,丁光迪医生病例集,例一,现代临床
本草纲目,归属于经典,中医药文献,丁光迪医生病例集,例一,现代临床
孙氏,名医经验总结,中风大法发汗清热,丁光迪医生病例集,例一,现代临床
孙氏,名医经验总结,调经求子重在下瘀,丁光迪医生病例集,例一,现代临床
李时珍,理论指导实践,农业生产,丁光迪医生病例集,例一,现代临床
李时珍,理论指导实践,医学,丁光迪医生病例集,例一,现代临床
李时珍,名医经验总结,牵牛能走气分，通三焦,丁光迪医生病例集,例一,现代临床
李时珍,名医经验总结,胡椒大辛热，纯阳之物,丁光迪医生病例集,例一,现代临床
李时珍,名医经验总结,吴茱萸性味辛温，能散能温,丁光迪医生病例集,例一,现代临床
李时珍,名医经验总结,黄苓之退热，乃寒能胜热,丁光迪医生病例集,例一,现代临床
李时珍,名医经验总结,柴胡之退热，乃苦以发之,丁光迪医生病例集,例一,现代临床
李时珍,名医经验总结,蜀苓汤泻肺经气分之热,丁光迪医生病例集,例一,现代临床
头疼背寒,疾病表现症状,呕吐酸汁,丁光迪医生病例集,例一,现代临床
头疼背寒,疾病表现症状,数日伏枕不食,丁光迪医生病例集,例一,现代临床
头疼背寒,症状伴随症状,呕吐酸汁,丁光迪医生病例集,例一,现代临床
头疼背寒,症状伴随症状,数日伏枕不食,丁光迪医生病例集,例一,现代临床
饮食过多,症状伴随症状,腹满,丁光迪医生病例集,例一,现代临床
痰饮眩晕,疾病表现症状,不能乘车卷舟,丁光迪医生病例集,例一,现代临床
痰饮眩晕,疾病表现症状,多年不敢出门,丁光迪医生病例集,例一,现代临床
痰饮眩晕,疾病表现症状,动辄头眩头痛,丁光迪医生病例集,例一,现代临床
痰饮眩晕,疾病表现症状,呕吐清涎酸水,丁光迪医生病例集,例一,现代临床
感冒咳嗽,疾病表现症状,骨蒸发热,丁光迪医生病例集,例一,现代临床
感冒咳嗽,疾病表现症状,肤如火燎,丁光迪医生病例集,例一,现代临床
感冒咳嗽,疾病表现症状,吐痰碗许,丁光迪医生病例集,例一,现代临床
感冒咳嗽,疾病表现症状,烦渴,丁光迪医生病例集,例一,现代临床
感冒咳嗽,疾病表现症状,寝食几废,丁光迪医生病例集,例一,现代临床
感冒咳嗽,疾病导致脉象,六脉浮洪,丁光迪医生病例集,例一,现代临床
滑石,药材具有功效,淡渗利小便,丁光迪医生病例集,例一,现代临床
滑石,药材具有功效,利毛媵之窍,丁光迪医生病例集,例一,现代临床
滑石,药材具有功效,利精溺之窍,丁光迪医生病例集,例一,现代临床
滑石,药材具有功效,发表,丁光迪医生病例集,例一,现代临床
滑石,药材具有功效,利水道,丁光迪医生病例集,例一,现代临床
射干,药材具有功效,降火,丁光迪医生病例集,例一,现代临床
半夏,药材具有功效,主痰饮及腹胀,丁光迪医生病例集,例一,现代临床
半夏,药材具有功效,行湿而通大便,丁光迪医生病例集,例一,现代临床
半夏,药材具有功效,利窍而泄小便,丁光迪医生病例集,例一,现代临床
香附,药材具有功效,气平而不寒,丁光迪医生病例集,例一,现代临床
香附,药材具有功效,香而能窜,丁光迪医生病例集,例一,现代临床
香附,药材具有功效,味多辛能散,丁光迪医生病例集,例一,现代临床
香附,药材具有功效,微苦能降,丁光迪医生病例集,例一,现代临床
香附,药材具有功效,微甘能和,丁光迪医生病例集,例一,现代临床
牡丹皮,药材具有功效,治手、足少阴、厥阴四经血分伏火,丁光迪医生病例集,例一,现代临床
漏芦,药材具有功效,下乳汁,丁光迪医生病例集,例一,现代临床
漏芦,药材具有功效,消热毒,丁光迪医生病例集,例一,现代临床
漏芦,药材具有功效,排脓止血,丁光迪医生病例集,例一,现代临床
漏芦,药材具有功效,生肌杀虫,丁光迪医生病例集,例一,现代临床
吴仙散,证候采用方剂,痰饮眩晕,丁光迪医生病例集,例一,现代临床
吴仙散,方剂组成药材,吴萸,丁光迪医生病例集,例一,现代临床
吴仙散,方剂组成药材,茯苓,丁光迪医生病例集,例一,现代临床
一味蜀苓汤,证候采用方剂,肺热如火燎,丁光迪医生病例集,例一,现代临床
一味蜀苓汤,方剂组成药材,蜀苓,丁光迪医生病例集,例一,现代临床
李氏,名医经验总结,黄苓之退热，乃寒能胜热，拆火之本也,丁光迪医生病例集,例一,现代临床
李氏,名医经验总结,滑石利窍，不独小便也,丁光迪医生病例集,例一,现代临床
李氏,名医经验总结,射干能降火,丁光迪医生病例集,例一,现代临床
李氏,名医经验总结,半夏能主痰饮及腹胀者，为其体滑而味辛性温也,丁光迪医生病例集,例一,现代临床
李氏,名医经验总结,香附是一味热门药,丁光迪医生病例集,例一,现代临床
李氏,名医经验总结,牡丹皮治手、足少阴、厥阴四经血分伏火,丁光迪医生病例集,例一,现代临床
李氏,名医经验总结,漏芦能下乳汁，消热毒，排脓止血，生肌杀虫,丁光迪医生病例集,例一,现代临床
胆囊炎,疾病表现症状,右胁下疼痛,于己百医生病例集,于己百医生病例集_病例1,现代临床
胆囊炎,疾病表现症状,发热,于己百医生病例集,于己百医生病例集_病例1,现代临床
胆囊炎,疾病表现症状,恶心,于己百医生病例集,于己百医生病例集_病例1,现代临床
胆囊炎,疾病表现症状,呕吐,于己百医生病例集,于己百医生病例集_病例1,现代临床
胆囊炎,疾病表现症状,黄疸,于己百医生病例集,于己百医生病例集_病例1,现代临床
胆石症,疾病表现症状,右胁下疼痛,于己百医生病例集,于己百医生病例集_病例1,现代临床
胆石症,症状伴随症状,胆囊炎,于己百医生病例集,于己百医生病例集_病例1,现代临床
胆石症,疾病表现症状,便秘,于己百医生病例集,于己百医生病例集_病例1,现代临床
胆囊炎,归属于经典,胁痛,于己百医生病例集,于己百医生病例集_病例1,现代临床
胆囊炎,归属于经典,黄疸,于己百医生病例集,于己百医生病例集_病例1,现代临床
胆囊炎,归属于经典,结胸,于己百医生病例集,于己百医生病例集_病例1,现代临床
胆囊炎,归属于经典,胆胀,于己百医生病例集,于己百医生病例集_病例1,现代临床
胆石症,归属于经典,胁痛,于己百医生病例集,于己百医生病例集_病例1,现代临床
胆石症,归属于经典,黄疸,于己百医生病例集,于己百医生病例集_病例1,现代临床
胆石症,归属于经典,结胸,于己百医生病例集,于己百医生病例集_病例1,现代临床
胆石症,归属于经典,胆胀,于己百医生病例集,于己百医生病例集_病例1,现代临床
胆囊炎,证候导致舌象,舌象表现特征,于己百医生病例集,于己百医生病例集_病例1,现代临床
胆石症,证候导致舌象,舌象表现特征,于己百医生病例集,于己百医生病例集_病例1,现代临床
胆囊炎,证候导致脉象,脉象表现特征,于己百医生病例集,于己百医生病例集_病例1,现代临床
胆石症,证候导致脉象,脉象表现特征,于己百医生病例集,于己百医生病例集_病例1,现代临床
胆囊炎,症状辨证证候,胆胀,于己百医生病例集,于己百医生病例集_病例1,现代临床
胆石症,症状辨证证候,胆胀,于己百医生病例集,于己百医生病例集_病例1,现代临床
胆囊炎,证候采用方剂,大柴胡汤,于己百医生病例集,于己百医生病例集_病例1,现代临床
胆石症,证候采用方剂,大柴胡汤,于己百医生病例集,于己百医生病例集_病例1,现代临床
大柴胡汤,方剂组成药材,柴胡,于己百医生病例集,于己百医生病例集_病例1,现代临床
大柴胡汤,方剂组成药材,芍药,于己百医生病例集,于己百医生病例集_病例1,现代临床
大柴胡汤,方剂组成药材,枳实,于己百医生病例集,于己百医生病例集_病例1,现代临床
大柴胡汤,方剂组成药材,大黄,于己百医生病例集,于己百医生病例集_病例1,现代临床
大柴胡汤,方剂组成药材,生姜,于己百医生病例集,于己百医生病例集_病例1,现代临床
柴胡,药材具有功效,疏肝理气,于己百医生病例集,于己百医生病例集_病例1,现代临床
芍药,药材具有功效,活血定痛,于己百医生病例集,于己百医生病例集_病例1,现代临床
枳实,药材具有功效,散结除胀,于己百医生病例集,于己百医生病例集_病例1,现代临床
大黄,药材具有功效,泻下清热,于己百医生病例集,于己百医生病例集_病例1,现代临床
生姜,药材具有功效,止呕,于己百医生病例集,于己百医生病例集_病例1,现代临床
胆囊炎,理论指导实践,痛则不通 须散郁，行气通腑是大法,于己百医生病例集,于己百医生病例集_病例1,现代临床
胆石症,理论指导实践,痛则不通 须散郁，行气通腑是大法,于己百医生病例集,于己百医生病例集_病例1,现代临床
胆囊炎,名医经验总结,于己百,于己百医生病例集,于己百医生病例集_病例1,现代临床
胆石症,名医经验总结,于己百,于己百医生病例集,于己百医生病例集_病例1,现代临床
慢性胃炎,疾病表现症状,上腹饱胀不适,于己百医生病例集,于己百医生病例集_病例1,现代临床
慢性胃炎,症状伴随症状,暧气,于己百医生病例集,于己百医生病例集_病例1,现代临床
慢性胃炎,症状伴随症状,食欲减退,于己百医生病例集,于己百医生病例集_病例1,现代临床
慢性胃炎,症状伴随症状,无规律性的上腹疼痛,于己百医生病例集,于己百医生病例集_病例1,现代临床
慢性胃炎,疾病导致舌象,舌尖红苔薄白,于己百医生病例集,于己百医生病例集_病例1,现代临床
慢性胃炎,疾病导致脉象,脉弦滑,于己百医生病例集,于己百医生病例集_病例1,现代临床
慢性胃炎,证候导致舌象,舌红,于己百医生病例集,于己百医生病例集_病例1,现代临床
慢性胃炎,证候导致舌象,苔薄白,于己百医生病例集,于己百医生病例集_病例1,现代临床
慢性胃炎,证候导致脉象,脉弦,于己百医生病例集,于己百医生病例集_病例1,现代临床
慢性胃炎,证候导致脉象,脉滑,于己百医生病例集,于己百医生病例集_病例1,现代临床
慢性胃炎,症状辨证证候,中气虚弱,于己百医生病例集,于己百医生病例集_病例1,现代临床
慢性胃炎,症状辨证证候,寒热互结,于己百医生病例集,于己百医生病例集_病例1,现代临床
慢性胃炎,症状辨证证候,升降失调,于己百医生病例集,于己百医生病例集_病例1,现代临床
慢性胃炎,综合辨证证候,胃胀作痞,于己百医生病例集,于己百医生病例集_病例1,现代临床
慢性胃炎,证候采用方剂,半夏泻心汤合旋覆代赭汤加减,于己百医生病例集,于己百医生病例集_病例1,现代临床
半夏泻心汤合旋覆代赭汤加减,方剂组成药材,半夏,于己百医生病例集,于己百医生病例集_病例1,现代临床
半夏泻心汤合旋覆代赭汤加减,方剂组成药材,黄苓,于己百医生病例集,于己百医生病例集_病例1,现代临床
半夏泻心汤合旋覆代赭汤加减,方剂组成药材,黄连,于己百医生病例集,于己百医生病例集_病例1,现代临床
半夏泻心汤合旋覆代赭汤加减,方剂组成药材,党参,于己百医生病例集,于己百医生病例集_病例1,现代临床
半夏泻心汤合旋覆代赭汤加减,方剂组成药材,炙草,于己百医生病例集,于己百医生病例集_病例1,现代临床
半夏泻心汤合旋覆代赭汤加减,方剂组成药材,干姜,于己百医生病例集,于己百医生病例集_病例1,现代临床
半夏泻心汤合旋覆代赭汤加减,方剂组成药材,代赭石,于己百医生病例集,于己百医生病例集_病例1,现代临床
半夏泻心汤合旋覆代赭汤加减,方剂组成药材,莱施子,于己百医生病例集,于己百医生病例集_病例1,现代临床
半夏泻心汤合旋覆代赭汤加减,方剂组成药材,枳实,于己百医生病例集,于己百医生病例集_病例1,现代临床
半夏泻心汤合旋覆代赭汤加减,方剂组成药材,芍药,于己百医生病例集,于己百医生病例集_病例1,现代临床
半夏,药材具有功效,和胃止呕,于己百医生病例集,于己百医生病例集_病例1,现代临床
半夏,药材具有功效,散结消痞,于己百医生病例集,于己百医生病例集_病例1,现代临床
干姜,药材具有功效,辛开祛寒,于己百医生病例集,于己百医生病例集_病例1,现代临床
黄苓,药材具有功效,苦降清热,于己百医生病例集,于己百医生病例集_病例1,现代临床
黄连,药材具有功效,清热,于己百医生病例集,于己百医生病例集_病例1,现代临床
党参,药材具有功效,扶正,于己百医生病例集,于己百医生病例集_病例1,现代临床
炙草,药材具有功效,助祛邪,于己百医生病例集,于己百医生病例集_病例1,现代临床
代赭石,药材具有功效,苦辛通降,于己百医生病例集,于己百医生病例集_病例1,现代临床
莱菠子,药材具有功效,降气和胃,于己百医生病例集,于己百医生病例集_病例1,现代临床
于己百医生病例集,归属于经典,伤寒论,于己百医生病例集,于己百医生病例集_病例1,现代临床
于己百医生病例集,归属于经典,素问,于己百医生病例集,于己百医生病例集_病例1,现代临床
于己百医生病例集,名医经验总结,于己百,于己百医生病例集,于己百医生病例集_病例1,现代临床
萎缩性胃炎,疾病表现症状,胃脘痞满胀痛,于己百医生病例集,于己百医生病例集_病例1,现代临床
萎缩性胃炎,疾病表现症状,纳食过多或情绪不佳尤甚,于己百医生病例集,于己百医生病例集_病例1,现代临床
萎缩性胃炎,疾病表现症状,时有暧气、呃逆,于己百医生病例集,于己百医生病例集_病例1,现代临床
萎缩性胃炎,疾病表现症状,纳食量少,于己百医生病例集,于己百医生病例集_病例1,现代临床
萎缩性胃炎,疾病表现症状,不知饥饿,于己百医生病例集,于己百医生病例集_病例1,现代临床
萎缩性胃炎,疾病表现症状,大便稀软,于己百医生病例集,于己百医生病例集_病例1,现代临床
萎缩性胃炎,疾病表现症状,易于上火,于己百医生病例集,于己百医生病例集_病例1,现代临床
萎缩性胃炎,疾病表现症状,形体消瘦,于己百医生病例集,于己百医生病例集_病例1,现代临床
萎缩性胃炎,疾病导致舌象,舌尖红苔薄白,于己百医生病例集,于己百医生病例集_病例1,现代临床
萎缩性胃炎,疾病导致脉象,脉弦滑,于己百医生病例集,于己百医生病例集_病例1,现代临床
中气虚弱，寒热互结，升降失调,证候导致舌象,舌尖红苔薄白,于己百医生病例集,于己百医生病例集_病例1,现代临床
中气虚弱，寒热互结，升降失调,证候导致脉象,脉弦滑,于己百医生病例集,于己百医生病例集_病例1,现代临床
溃疡病,疾病表现症状,上腹部疼痛,于己百医生病例集,于己百医生病例集_病例1,现代临床
溃疡病,疾病表现症状,暧气,于己百医生病例集,于己百医生病例集_病例1,现代临床
溃疡病,疾病表现症状,泛酸,于己百医生病例集,于己百医生病例集_病例1,现代临床
溃疡病,疾病表现症状,恶心,于己百医生病例集,于己百医生病例集_病例1,现代临床
溃疡病,疾病表现症状,呕吐,于己百医生病例集,于己百医生病例集_病例1,现代临床
溃疡病,疾病表现症状,上腹饱胀,于己百医生病例集,于己百医生病例集_病例1,现代临床
溃疡病,疾病表现症状,食少,于己百医生病例集,于己百医生病例集_病例1,现代临床
溃疡病,疾病表现症状,疲乏无力,于己百医生病例集,于己百医生病例集_病例1,现代临床
溃疡病,疾病表现症状,腹泻,于己百医生病例集,于己百医生病例集_病例1,现代临床
溃疡病,疾病表现症状,便秘,于己百医生病例集,于己百医生病例集_病例1,现代临床
溃疡病,疾病表现症状,失眠,于己百医生病例集,于己百医生病例集_病例1,现代临床
溃疡病,疾病表现症状,营养不良,于己百医生病例集,于己百医生病例集_病例1,现代临床
溃疡病,疾病表现症状,贫血,于己百医生病例集,于己百医生病例集_病例1,现代临床
溃疡病,疾病导致舌象,舌红,于己百医生病例集,于己百医生病例集_病例1,现代临床
溃疡病,疾病导致舌象,大便干结,于己百医生病例集,于己百医生病例集_病例1,现代临床
溃疡病,疾病导致舌象,舌淡暗尖红,于己百医生病例集,于己百医生病例集_病例1,现代临床
溃疡病,疾病导致舌象,苔薄白稍黄,于己百医生病例集,于己百医生病例集_病例1,现代临床
溃疡病,疾病导致脉象,脉沉缓稍弦,于己百医生病例集,于己百医生病例集_病例1,现代临床
脾胃虚寒，邪热郁阻,证候导致舌象,舌淡暗尖红,于己百医生病例集,于己百医生病例集_病例1,现代临床
脾胃虚寒，邪热郁阻,证候导致舌象,苔薄白稍黄,于己百医生病例集,于己百医生病例集_病例1,现代临床
脾胃虚寒，邪热郁阻,证候导致脉象,脉沉缓稍弦,于己百医生病例集,于己百医生病例集_病例1,现代临床
溃疡性结肠炎,疾病表现症状,腹泻,于己百医生病例集,于己百医生病例集_病例1,现代临床
溃疡性结肠炎,疾病表现症状,腹痛,于己百医生病例集,于己百医生病例集_病例1,现代临床
溃疡性结肠炎,疾病表现症状,粘液血便,于己百医生病例集,于己百医生病例集_病例1,现代临床
溃疡性结肠炎,疾病表现症状,里急后重,于己百医生病例集,于己百医生病例集_病例1,现代临床
溃疡性结肠炎,归属于经典,肠潞、泄泻、腹痛、休息痢,于己百医生病例集,于己百医生病例集_病例1,现代临床
半夏泻心汤加减,证候采用方剂,溃疡病,于己百医生病例集,于己百医生病例集_病例1,现代临床
半夏泻心汤加减,方剂组成药材,半夏,于己百医生病例集,于己百医生病例集_病例1,现代临床
半夏泻心汤加减,方剂组成药材,黄苓,于己百医生病例集,于己百医生病例集_病例1,现代临床
半夏泻心汤加减,方剂组成药材,黄连,于己百医生病例集,于己百医生病例集_病例1,现代临床
半夏泻心汤加减,方剂组成药材,党参,于己百医生病例集,于己百医生病例集_病例1,现代临床
半夏泻心汤加减,方剂组成药材,炙草,于己百医生病例集,于己百医生病例集_病例1,现代临床
半夏泻心汤加减,方剂组成药材,炮姜,于己百医生病例集,于己百医生病例集_病例1,现代临床
半夏泻心汤加减,方剂组成药材,芍药,于己百医生病例集,于己百医生病例集_病例1,现代临床
半夏泻心汤加减,方剂组成药材,木香,于己百医生病例集,于己百医生病例集_病例1,现代临床
半夏泻心汤加减,方剂组成药材,白芷,于己百医生病例集,于己百医生病例集_病例1,现代临床
半夏泻心汤加减,方剂组成药材,川楝子,于己百医生病例集,于己百医生病例集_病例1,现代临床
半夏泻心汤加减,方剂组成药材,元胡,于己百医生病例集,于己百医生病例集_病例1,现代临床
半夏泻心汤加减,方剂组成药材,瓦楞子,于己百医生病例集,于己百医生病例集_病例1,现代临床
半夏泻心汤加减,方剂组成药材,海螺蜻,于己百医生病例集,于己百医生病例集_病例1,现代临床
半夏泻心汤加减,方剂组成药材,枳实,于己百医生病例集,于己百医生病例集_病例1,现代临床
半夏泻心汤加减,方剂组成药材,槟榔,于己百医生病例集,于己百医生病例集_病例1,现代临床
半夏泻心汤加减,方剂组成药材,陈皮,于己百医生病例集,于己百医生病例集_病例1,现代临床
半夏,药材具有功效,散郁开结,于己百医生病例集,于己百医生病例集_病例1,现代临床
炮姜,药材具有功效,辛散暖中,于己百医生病例集,于己百医生病例集_病例1,现代临床
黄苓,药材具有功效,清热,于己百医生病例集,于己百医生病例集_病例1,现代临床
黄连,药材具有功效,清热,于己百医生病例集,于己百医生病例集_病例1,现代临床
瓦楞子,药材具有功效,中和胃酸,于己百医生病例集,于己百医生病例集_病例1,现代临床
海螺蜻,药材具有功效,中和胃酸,于己百医生病例集,于己百医生病例集_病例1,现代临床
枳实,药材具有功效,通腑降气,于己百医生病例集,于己百医生病例集_病例1,现代临床
槟榔,药材具有功效,通腑降气,于己百医生病例集,于己百医生病例集_病例1,现代临床
于己百,名医经验总结,溃疡病的治疗经验,于己百医生病例集,于己百医生病例集_病例1,现代临床
溃疡性结肠炎,疾病表现症状,腹泻,于己百医生病例集,于己百医生病例集_病例1,现代临床
溃疡性结肠炎,疾病表现症状,腹痛,于己百医生病例集,于己百医生病例集_病例1,现代临床
溃疡性结肠炎,疾病表现症状,粘液血便,于己百医生病例集,于己百医生病例集_病例1,现代临床
溃疡性结肠炎,症状伴随症状,里急后重,于己百医生病例集,于己百医生病例集_病例1,现代临床
溃疡性结肠炎,疾病导致舌象,舌微红苔薄白,于己百医生病例集,于己百医生病例集_病例1,现代临床
溃疡性结肠炎,疾病导致脉象,脉弦滑,于己百医生病例集,于己百医生病例集_病例1,现代临床
溃疡性结肠炎,证候导致舌象,舌微红苔薄白,于己百医生病例集,于己百医生病例集_病例1,现代临床
溃疡性结肠炎,证候导致脉象,脉弦滑,于己百医生病例集,于己百医生病例集_病例1,现代临床
溃疡性结肠炎,综合辨证证候,寒热互结，脾肾双虚,于己百医生病例集,于己百医生病例集_病例1,现代临床
溃疡性结肠炎,证候采用方剂,半夏泻心汤合黄连汤加减,于己百医生病例集,于己百医生病例集_病例1,现代临床
半夏泻心汤合黄连汤加减,方剂组成药材,半夏,于己百医生病例集,于己百医生病例集_病例1,现代临床
半夏泻心汤合黄连汤加减,方剂组成药材,黄苓,于己百医生病例集,于己百医生病例集_病例1,现代临床
半夏泻心汤合黄连汤加减,方剂组成药材,黄连,于己百医生病例集,于己百医生病例集_病例1,现代临床
半夏泻心汤合黄连汤加减,方剂组成药材,党参,于己百医生病例集,于己百医生病例集_病例1,现代临床
半夏泻心汤合黄连汤加减,方剂组成药材,炙草,于己百医生病例集,于己百医生病例集_病例1,现代临床
半夏泻心汤合黄连汤加减,方剂组成药材,炮姜,于己百医生病例集,于己百医生病例集_病例1,现代临床
半夏泻心汤合黄连汤加减,方剂组成药材,桂枝,于己百医生病例集,于己百医生病例集_病例1,现代临床
半夏泻心汤合黄连汤加减,方剂组成药材,焦楂,于己百医生病例集,于己百医生病例集_病例1,现代临床
半夏泻心汤合黄连汤加减,方剂组成药材,白术,于己百医生病例集,于己百医生病例集_病例1,现代临床
半夏泻心汤合黄连汤加减,方剂组成药材,茯苓,于己百医生病例集,于己百医生病例集_病例1,现代临床
半夏泻心汤合黄连汤加减,方剂组成药材,芍药,于己百医生病例集,于己百医生病例集_病例1,现代临床
半夏泻心汤合黄连汤加减,方剂组成药材,白芷,于己百医生病例集,于己百医生病例集_病例1,现代临床
半夏泻心汤合黄连汤加减,方剂组成药材,格根皮,于己百医生病例集,于己百医生病例集_病例1,现代临床
半夏泻心汤合黄连汤加减,方剂组成药材,乌梅,于己百医生病例集,于己百医生病例集_病例1,现代临床
半夏泻心汤合黄连汤加减,方剂组成药材,补骨脂,于己百医生病例集,于己百医生病例集_病例1,现代临床
半夏泻心汤合黄连汤加减,方剂组成药材,吴茱萸,于己百医生病例集,于己百医生病例集_病例1,现代临床
半夏,药材具有功效,散寒和阴、温中降逆,于己百医生病例集,于己百医生病例集_病例1,现代临床
炮姜,药材具有功效,温中散寒消食、行气和血止泻,于己百医生病例集,于己百医生病例集_病例1,现代临床
白芷,药材具有功效,行气通阳散寒、缓急解痉止痛,于己百医生病例集,于己百医生病例集_病例1,现代临床
椿根皮,药材具有功效,清热凉血、涩肠止泻,于己百医生病例集,于己百医生病例集_病例1,现代临床
于己百医生病例集,归属于经典,内经,于己百医生病例集,于己百医生病例集_病例1,现代临床
于己百医生病例集,名医经验总结,于己百,于己百医生病例集,于己百医生病例集_病例1,现代临床
呃逆,疾病表现症状,胃气上逆动膈,于己百医生病例集,于己百医生病例集_病例1,现代临床
呃逆,疾病表现症状,喉间呃呃连声,于己百医生病例集,于己百医生病例集_病例1,现代临床
呃逆,疾病表现症状,声短而频,于己百医生病例集,于己百医生病例集_病例1,现代临床
呃逆,症状伴随症状,不能自制,于己百医生病例集,于己百医生病例集_病例1,现代临床
胃寒呃逆,证候导致舌象,苔白,于己百医生病例集,于己百医生病例集_病例1,现代临床
胃寒呃逆,证候导致脉象,脉迟缓,于己百医生病例集,于己百医生病例集_病例1,现代临床
胃热呃逆,证候导致舌象,苔黄,于己百医生病例集,于己百医生病例集_病例1,现代临床
胃热呃逆,证候导致脉象,脉滑数,于己百医生病例集,于己百医生病例集_病例1,现代临床
肝气犯胃呃逆,证候导致舌象,舌红苔白或黄,于己百医生病例集,于己百医生病例集_病例1,现代临床
肝气犯胃呃逆,证候导致脉象,脉弦,于己百医生病例集,于己百医生病例集_病例1,现代临床
胃阴不足呃逆,证候导致舌象,舌红少津,于己百医生病例集,于己百医生病例集_病例1,现代临床
胃阴不足呃逆,证候导致脉象,脉细数,于己百医生病例集,于己百医生病例集_病例1,现代临床
脾肾阳虚呃逆,证候导致舌象,舌淡苔白,于己百医生病例集,于己百医生病例集_病例1,现代临床
脾肾阳虚呃逆,证候导致脉象,脉沉细,于己百医生病例集,于己百医生病例集_病例1,现代临床
胃寒呃逆,证候采用方剂,丁香散加味,于己百医生病例集,于己百医生病例集_病例1,现代临床
胃热呃逆,证候采用方剂,竹叶石膏汤加减,于己百医生病例集,于己百医生病例集_病例1,现代临床
肝气犯胃呃逆,证候采用方剂,逍遥散加味,于己百医生病例集,于己百医生病例集_病例1,现代临床
胃阴不足呃逆,证候采用方剂,益胃汤加减,于己百医生病例集,于己百医生病例集_病例1,现代临床
脾肾阳虚呃逆,证候采用方剂,旋覆代赭汤加减,于己百医生病例集,于己百医生病例集_病例1,现代临床
小半夏汤加味,方剂组成药材,半夏,于己百医生病例集,于己百医生病例集_病例1,现代临床
小半夏汤加味,方剂组成药材,生姜,于己百医生病例集,于己百医生病例集_病例1,现代临床
小半夏汤加味,方剂组成药材,砂仁,于己百医生病例集,于己百医生病例集_病例1,现代临床
小半夏汤加味,方剂组成药材,荔枝核,于己百医生病例集,于己百医生病例集_病例1,现代临床
小半夏汤加味,方剂组成药材,白酒,于己百医生病例集,于己百医生病例集_病例1,现代临床
砂仁,药材具有功效,温胃宽中,于己百医生病例集,于己百医生病例集_病例1,现代临床
砂仁,药材具有功效,除脾胃之滞气,于己百医生病例集,于己百医生病例集_病例1,现代临床
荔枝核,药材具有功效,行散滞气,于己百医生病例集,于己百医生病例集_病例1,现代临床
逍遥散加味,方剂组成药材,柴胡,于己百医生病例集,于己百医生病例集_病例1,现代临床
逍遥散加味,方剂组成药材,芍药,于己百医生病例集,于己百医生病例集_病例1,现代临床
逍遥散加味,方剂组成药材,当归,于己百医生病例集,于己百医生病例集_病例1,现代临床
逍遥散加味,方剂组成药材,茯苓,于己百医生病例集,于己百医生病例集_病例1,现代临床
逍遥散加味,方剂组成药材,白术,于己百医生病例集,于己百医生病例集_病例1,现代临床
逍遥散加味,方剂组成药材,炙草,于己百医生病例集,于己百医生病例集_病例1,现代临床
逍遥散加味,方剂组成药材,生姜,于己百医生病例集,于己百医生病例集_病例1,现代临床
逍遥散加味,方剂组成药材,薄荷,于己百医生病例集,于己百医生病例集_病例1,现代临床
逍遥散加味,方剂组成药材,半夏,于己百医生病例集,于己百医生病例集_病例1,现代临床
逍遥散加味,方剂组成药材,代赭石,于己百医生病例集,于己百医生病例集_病例1,现代临床
逍遥散加味,方剂组成药材,竹茹,于己百医生病例集,于己百医生病例集_病例1,现代临床
逍遥散加味,方剂组成药材,砂仁,于己百医生病例集,于己百医生病例集_病例1,现代临床
伏龙肝煎液煎煮逍遥散,方剂组成药材,伏龙肝,于己百医生病例集,于己百医生病例集_病例1,现代临床
伏龙肝,药材具有功效,温中止血,于己百医生病例集,于己百医生病例集_病例1,现代临床
伏龙肝,药材具有功效,止呕止呃,于己百医生病例集,于己百医生病例集_病例1,现代临床
伏龙肝,药材具有功效,治疗各种虚寒出血,于己百医生病例集,于己百医生病例集_病例1,现代临床
伏龙肝,药材具有功效,妊娠护胎,于己百医生病例集,于己百医生病例集_病例1,现代临床
于己百,名医经验总结,临床上对呃逆常分成胃寒、胃热、肝气犯胃、胃阴不足和脾肾阳虚五型辨治,于己百医生病例集,于己百医生病例集_病例1,现代临床
妊娠呃逆,证候导致舌象,舌红、苔薄白,于己百医生病例集,于己百医生病例集_病例1,现代临床
妊娠呃逆,症状伴随症状,心烦躁扰、口苦口干、大便较硬,于己百医生病例集,于己百医生病例集_病例1,现代临床
妊娠呃逆,证候导致脉象,两脉俱滑、稍有弦数,于己百医生病例集,于己百医生病例集_病例1,现代临床
妊娠呃逆,综合辨证证候,肝失疏泄，肝气犯胃，胃气逆上,于己百医生病例集,于己百医生病例集_病例1,现代临床
妊娠呃逆,证候采用方剂,逍遥散加味,于己百医生病例集,于己百医生病例集_病例1,现代临床
逍遥散加味,方剂组成药材,柴胡、芍药、当归、茯苓、白术、炙草、生姜、薄荷、半夏、代赭石、黄连、丹皮、梔子、枳实、伏龙肝,于己百医生病例集,于己百医生病例集_病例1,现代临床
胃下垂,归属于经典,金匮要略痰饮咳嗽病脉证并治篇,于己百医生病例集,于己百医生病例集_病例1,现代临床
胃下垂,疾病导致舌象,舌淡或淡暗,于己百医生病例集,于己百医生病例集_病例1,现代临床
胃下垂,疾病导致脉象,脉沉缓或沉弱无力,于己百医生病例集,于己百医生病例集_病例1,现代临床
胃下垂,综合辨证证候,中虚不运、饮停中焦的痰饮病,于己百医生病例集,于己百医生病例集_病例1,现代临床
胃下垂,证候导致舌象,舌淡或淡暗,于己百医生病例集,于己百医生病例集_病例1,现代临床
胃下垂,证候导致脉象,脉沉缓或沉弱无力,于己百医生病例集,于己百医生病例集_病例1,现代临床
胃下垂,证候采用方剂,苓桂术甘汤合枳术汤加味,于己百医生病例集,于己百医生病例集_病例1,现代临床
苓桂术甘汤合枳术汤加味,方剂组成药材,茯苓、桂枝、苍术、炙草、枳壳、黄芪、党参、柴胡、升麻、半夏、陈皮、香附、炒麦芽,于己百医生病例集,于己百医生病例集_病例1,现代临床
胆囊炎,疾病表现症状,右胁下疼痛及压痛,于己百医生病例集,于己百医生病例集_病例1,现代临床
胆囊炎,症状伴随症状,发热、恶心、呕吐及黄疸,于己百医生病例集,于己百医生病例集_病例1,现代临床
胆石症,疾病表现症状,右胁下疼痛,于己百医生病例集,于己百医生病例集_病例1,现代临床
胆石症,症状伴随症状,可伴发胆囊炎,于己百医生病例集,于己百医生病例集_病例1,现代临床
胆囊炎与胆石症,综合辨证证候,胆胀，肝郁湿热结滞,于己百医生病例集,于己百医生病例集_病例1,现代临床
胆囊炎,疾病表现症状,右胁下疼痛,于己百医生病例集,于己百医生病例集_病例1,现代临床
胆囊炎,疾病表现症状,发热,于己百医生病例集,于己百医生病例集_病例1,现代临床
胆囊炎,疾病表现症状,恶心,于己百医生病例集,于己百医生病例集_病例1,现代临床
胆囊炎,疾病表现症状,呕吐,于己百医生病例集,于己百医生病例集_病例1,现代临床
胆囊炎,疾病表现症状,黄疸,于己百医生病例集,于己百医生病例集_病例1,现代临床
胆石症,疾病表现症状,右胁下疼痛,于己百医生病例集,于己百医生病例集_病例1,现代临床
胆石症,症状伴随症状,胆囊炎,于己百医生病例集,于己百医生病例集_病例1,现代临床
胆石症,疾病表现症状,便秘,于己百医生病例集,于己百医生病例集_病例1,现代临床
胆囊炎,归属于经典,胁痛,于己百医生病例集,于己百医生病例集_病例1,现代临床
胆囊炎,归属于经典,黄疸,于己百医生病例集,于己百医生病例集_病例1,现代临床
胆囊炎,归属于经典,结胸,于己百医生病例集,于己百医生病例集_病例1,现代临床
胆囊炎,归属于经典,胆胀,于己百医生病例集,于己百医生病例集_病例1,现代临床
胆石症,归属于经典,胁痛,于己百医生病例集,于己百医生病例集_病例1,现代临床
胆石症,归属于经典,黄疸,于己百医生病例集,于己百医生病例集_病例1,现代临床
胆石症,归属于经典,结胸,于己百医生病例集,于己百医生病例集_病例1,现代临床
胆石症,归属于经典,胆胀,于己百医生病例集,于己百医生病例集_病例1,现代临床
胆囊炎,证候导致舌象,舌象表现特征,于己百医生病例集,于己百医生病例集_病例1,现代临床
胆石症,证候导致舌象,舌象表现特征,于己百医生病例集,于己百医生病例集_病例1,现代临床
胆囊炎,证候导致脉象,脉象表现特征,于己百医生病例集,于己百医生病例集_病例1,现代临床
胆石症,证候导致脉象,脉象表现特征,于己百医生病例集,于己百医生病例集_病例1,现代临床
胆囊炎,症状辨证证候,胆胀,于己百医生病例集,于己百医生病例集_病例1,现代临床
胆石症,症状辨证证候,胆胀,于己百医生病例集,于己百医生病例集_病例1,现代临床
胆囊炎,证候采用方剂,大柴胡汤,于己百医生病例集,于己百医生病例集_病例1,现代临床
胆石症,证候采用方剂,大柴胡汤,于己百医生病例集,于己百医生病例集_病例1,现代临床
大柴胡汤,方剂组成药材,柴胡,于己百医生病例集,于己百医生病例集_病例1,现代临床
大柴胡汤,方剂组成药材,芍药,于己百医生病例集,于己百医生病例集_病例1,现代临床
大柴胡汤,方剂组成药材,枳实,于己百医生病例集,于己百医生病例集_病例1,现代临床
大柴胡汤,方剂组成药材,大黄,于己百医生病例集,于己百医生病例集_病例1,现代临床
大柴胡汤,方剂组成药材,生姜,于己百医生病例集,于己百医生病例集_病例1,现代临床
柴胡,药材具有功效,疏肝理气,于己百医生病例集,于己百医生病例集_病例1,现代临床
芍药,药材具有功效,活血定痛,于己百医生病例集,于己百医生病例集_病例1,现代临床
枳实,药材具有功效,散结除胀,于己百医生病例集,于己百医生病例集_病例1,现代临床
大黄,药材具有功效,泻下清热,于己百医生病例集,于己百医生病例集_病例1,现代临床
生姜,药材具有功效,止呕,于己百医生病例集,于己百医生病例集_病例1,现代临床
胆囊炎,理论指导实践,痛则不通 须散郁，行气通腑是大法,于己百医生病例集,于己百医生病例集_病例1,现代临床
胆石症,理论指导实践,痛则不通 须散郁，行气通腑是大法,于己百医生病例集,于己百医生病例集_病例1,现代临床
胆囊炎,名医经验总结,于己百,于己百医生病例集,于己百医生病例集_病例1,现代临床
胆石症,名医经验总结,于己百,于己百医生病例集,于己百医生病例集_病例1,现代临床
慢性胆囊炎,疾病表现症状,发热,于己百医生病例集,例一,现代临床
慢性胆囊炎,疾病表现症状,胁肋背部胀痛,于己百医生病例集,例一,现代临床
慢性胆囊炎,疾病导致舌象,舌暗红苔薄白稍黄,于己百医生病例集,例一,现代临床
慢性胆囊炎,疾病导致脉象,脉弦滑,于己百医生病例集,例一,现代临床
肝胆湿热蕴结，胃腑结滞,证候导致舌象,舌暗红苔薄白稍黄,于己百医生病例集,例一,现代临床
肝胆湿热蕴结，胃腑结滞,证候导致脉象,脉弦滑,于己百医生病例集,例一,现代临床
肝胆湿热蕴结，胃腑结滞,症状伴随症状,口干口苦,于己百医生病例集,例一,现代临床
肝胆湿热蕴结，胃腑结滞,症状伴随症状,大便干结,于己百医生病例集,例一,现代临床
肝胆湿热蕴结，胃腑结滞,症状伴随症状,胁肋背部胀痛,于己百医生病例集,例一,现代临床
肝胆湿热蕴结，胃腑结滞,综合辨证证候,疏肝理气、清热利湿、通腑泻下,于己百医生病例集,例一,现代临床
大柴胡汤加味,证候采用方剂,肝胆湿热蕴结，胃腑结滞,于己百医生病例集,例一,现代临床
大柴胡汤加味,方剂组成药材,柴胡,于己百医生病例集,例一,现代临床
大柴胡汤加味,方剂组成药材,黄苓,于己百医生病例集,例一,现代临床
大柴胡汤加味,方剂组成药材,生姜,于己百医生病例集,例一,现代临床
大柴胡汤加味,方剂组成药材,半夏,于己百医生病例集,例一,现代临床
大柴胡汤加味,方剂组成药材,芍药,于己百医生病例集,例一,现代临床
大柴胡汤加味,方剂组成药材,大黄,于己百医生病例集,例一,现代临床
大柴胡汤加味,方剂组成药材,枳实,于己百医生病例集,例一,现代临床
大柴胡汤加味,方剂组成药材,槟榔,于己百医生病例集,例一,现代临床
大柴胡汤加味,方剂组成药材,郁金,于己百医生病例集,例一,现代临床
大柴胡汤加味,方剂组成药材,连翘,于己百医生病例集,例一,现代临床
大柴胡汤加味,方剂组成药材,公英,于己百医生病例集,例一,现代临床
大柴胡汤加味,方剂组成药材,赤芍,于己百医生病例集,例一,现代临床
大柴胡汤加味,方剂组成药材,赤小豆,于己百医生病例集,例一,现代临床
大柴胡汤加味,方剂组成药材,香附,于己百医生病例集,例一,现代临床
大柴胡汤加味,方剂组成药材,白芷,于己百医生病例集,例一,现代临床
柴胡,药材具有功效,疏肝理气,于己百医生病例集,例一,现代临床
黄苓,药材具有功效,清热利湿,于己百医生病例集,例一,现代临床
大黄,药材具有功效,通腑泻下,于己百医生病例集,例一,现代临床
于己百,名医经验总结,胆胀证属肝胆湿热蕴结，胃腑结滞，治宜疏肝理气、清热利湿、通腑泻下，方用大柴胡汤加味,于己百医生病例集,例一,现代临床
胆结石,疾病表现症状,胁肋背部胀痛,于己百医生病例集,例二,现代临床
胆结石,疾病表现症状,口干口苦,于己百医生病例集,例二,现代临床
胆结石,疾病表现症状,恶心,于己百医生病例集,例二,现代临床
胆结石,疾病表现症状,纳呆纳差,于己百医生病例集,例二,现代临床
胆结石,疾病表现症状,大便秘结,于己百医生病例集,例二,现代临床
肝胆气郁湿热蕴结,证候导致舌象,舌红苔薄黄腻,于己百医生病例集,例二,现代临床
肝胆气郁湿热蕴结,证候导致脉象,脉弦滑稍数,于己百医生病例集,例二,现代临床
感冒,疾病表现症状,鼻塞流涕,于己百医生病例集,例二,现代临床
感冒,疾病表现症状,喷嚏咳嗽,于己百医生病例集,例二,现代临床
感冒,疾病表现症状,咽喉疼痛,于己百医生病例集,例二,现代临床
感冒,疾病表现症状,发热恶寒,于己百医生病例集,例二,现代临床
感冒,疾病表现症状,头痛,于己百医生病例集,例二,现代临床
感冒,疾病表现症状,肢体酸痛,于己百医生病例集,例二,现代临床
风寒型感冒,证候导致舌象,舌苔薄白,于己百医生病例集,例二,现代临床
风寒型感冒,证候导致脉象,脉浮,于己百医生病例集,例二,现代临床
风寒表实证,证候采用方剂,麻黄汤,于己百医生病例集,例二,现代临床
麻黄汤,方剂组成药材,麻黄,于己百医生病例集,例二,现代临床
麻黄汤,方剂组成药材,桂枝,于己百医生病例集,例二,现代临床
麻黄汤,方剂组成药材,杏仁,于己百医生病例集,例二,现代临床
麻黄汤,方剂组成药材,炙草,于己百医生病例集,例二,现代临床
桂枝汤,方剂组成药材,桂枝,于己百医生病例集,例二,现代临床
桂枝汤,方剂组成药材,芍药,于己百医生病例集,例二,现代临床
桂枝汤,方剂组成药材,炙草,于己百医生病例集,例二,现代临床
桂枝汤,方剂组成药材,生姜,于己百医生病例集,例二,现代临床
桂枝汤,方剂组成药材,大枣,于己百医生病例集,例二,现代临床
银翘散,方剂组成药材,银花,于己百医生病例集,例二,现代临床
银翘散,方剂组成药材,连翘,于己百医生病例集,例二,现代临床
银翘散,方剂组成药材,桔梗,于己百医生病例集,例二,现代临床
银翘散,方剂组成药材,甘草,于己百医生病例集,例二,现代临床
银翘散,方剂组成药材,牛莠子,于己百医生病例集,例二,现代临床
银翘散,方剂组成药材,薄荷,于己百医生病例集,例二,现代临床
银翘散,方剂组成药材,竹叶,于己百医生病例集,例二,现代临床
银翘散,方剂组成药材,荆芥穗,于己百医生病例集,例二,现代临床
银翘散,方剂组成药材,淡豆豉,于己百医生病例集,例二,现代临床
桑菊饮,方剂组成药材,桑叶,于己百医生病例集,例二,现代临床
桑菊饮,方剂组成药材,菊花,于己百医生病例集,例二,现代临床
桑菊饮,方剂组成药材,杏仁,于己百医生病例集,例二,现代临床
桑菊饮,方剂组成药材,连翘,于己百医生病例集,例二,现代临床
桑菊饮,方剂组成药材,薄荷,于己百医生病例集,例二,现代临床
桑菊饮,方剂组成药材,桔梗,于己百医生病例集,例二,现代临床
桑菊饮,方剂组成药材,甘草,于己百医生病例集,例二,现代临床
桑菊饮,方剂组成药材,芦根,于己百医生病例集,例二,现代临床
银翘散,药材具有功效,辛凉解表,于己百医生病例集,例二,现代临床
桑菊饮,药材具有功效,清热解毒,于己百医生病例集,例二,现代临床
感冒,归属于经典,伤风,于己百医生病例集,例二,现代临床
感冒,归属于经典,感冒,于己百医生病例集,例二,现代临床
于己百,名医经验总结,擅长治疗伤寒热病,于己百医生病例集,例二,现代临床
于己百,名医经验总结,对感冒的治疗亦很有特色,于己百医生病例集,例二,现代临床
半表半里型,疾病表现症状,寒热往来,于己百医生病例集,例二,现代临床
半表半里型,疾病表现症状,胸胁苦满,于己百医生病例集,例二,现代临床
半表半里型,疾病表现症状,心烦喜呕,于己百医生病例集,例二,现代临床
半表半里型,疾病表现症状,食欲不振,于己百医生病例集,例二,现代临床
半表半里型,疾病表现症状,口苦咽干,于己百医生病例集,例二,现代临床
半表半里型,疾病表现症状,头晕目眩,于己百医生病例集,例二,现代临床
半表半里型,疾病导致舌象,舌苔白或微黄,于己百医生病例集,例二,现代临床
半表半里型,疾病导致脉象,脉弦细,于己百医生病例集,例二,现代临床
半表半里型,证候采用方剂,小柴胡汤,于己百医生病例集,例二,现代临床
小柴胡汤,方剂组成药材,柴胡18g,于己百医生病例集,例二,现代临床
小柴胡汤,方剂组成药材,黄苓9g,于己百医生病例集,例二,现代临床
小柴胡汤,方剂组成药材,生姜9g,于己百医生病例集,例二,现代临床
小柴胡汤,方剂组成药材,半夏9g,于己百医生病例集,例二,现代临床
小柴胡汤,方剂组成药材,党参9g,于己百医生病例集,例二,现代临床
小柴胡汤,方剂组成药材,炙草9g,于己百医生病例集,例二,现代临床
小柴胡汤,方剂组成药材,大枣12枚,于己百医生病例集,例二,现代临床
半表半里兼风寒表虚证,证候采用方剂,柴胡桂枝汤,于己百医生病例集,例二,现代临床
柴胡桂枝汤,方剂组成药材,柴胡18g,于己百医生病例集,例二,现代临床
柴胡桂枝汤,方剂组成药材,黄苓9g,于己百医生病例集,例二,现代临床
柴胡桂枝汤,方剂组成药材,生姜9g,于己百医生病例集,例二,现代临床
柴胡桂枝汤,方剂组成药材,半夏9g,于己百医生病例集,例二,现代临床
柴胡桂枝汤,方剂组成药材,党参9g,于己百医生病例集,例二,现代临床
柴胡桂枝汤,方剂组成药材,炙草6g,于己百医生病例集,例二,现代临床
柴胡桂枝汤,方剂组成药材,大枣6枚,于己百医生病例集,例二,现代临床
柴胡桂枝汤,方剂组成药材,桂枝9g,于己百医生病例集,例二,现代临床
柴胡桂枝汤,方剂组成药材,芍药9g,于己百医生病例集,例二,现代临床
半表半里兼内热实证,证候采用方剂,大柴胡汤,于己百医生病例集,例二,现代临床
大柴胡汤,方剂组成药材,柴胡18g,于己百医生病例集,例二,现代临床
大柴胡汤,方剂组成药材,黄苓9g,于己百医生病例集,例二,现代临床
大柴胡汤,方剂组成药材,生姜12g,于己百医生病例集,例二,现代临床
大柴胡汤,方剂组成药材,半夏9g,于己百医生病例集,例二,现代临床
大柴胡汤,方剂组成药材,大枣12枚,于己百医生病例集,例二,现代临床
大柴胡汤,方剂组成药材,芍药9g,于己百医生病例集,例二,现代临床
大柴胡汤,方剂组成药材,枳实12g,于己百医生病例集,例二,现代临床
大柴胡汤,方剂组成药材,大黄6g,于己百医生病例集,例二,现代临床
小柴胡汤,药材具有功效,和解表里,于己百医生病例集,例二,现代临床
柴胡桂枝汤,药材具有功效,和解表里、调卫解肌,于己百医生病例集,例二,现代临床
大柴胡汤,药材具有功效,外和内清、表里双解,于己百医生病例集,例二,现代临床
半表半里型,名医经验总结,于己百,于己百医生病例集,例二,现代临床
外感风寒,疾病表现症状,寒热往来,于己百医生病例集,例一,现代临床
外感风寒,疾病表现症状,头痛头晕,于己百医生病例集,例一,现代临床
外感风寒,疾病表现症状,恶心,于己百医生病例集,例一,现代临床
外感风寒,疾病表现症状,纳差,于己百医生病例集,例一,现代临床
外感风寒,疾病表现症状,口苦鼻干,于己百医生病例集,例一,现代临床
外感风寒,疾病导致舌象,舌淡暗,于己百医生病例集,例一,现代临床
外感风寒,疾病导致舌象,苔薄白,于己百医生病例集,例一,现代临床
外感风寒,疾病导致脉象,脉弦细,于己百医生病例集,例一,现代临床
外感风寒,综合辨证证候,邪入少阳,于己百医生病例集,例一,现代临床
外感风寒,综合辨证证候,经气不利,于己百医生病例集,例一,现代临床
外感风寒,综合辨证证候,肝胃失和,于己百医生病例集,例一,现代临床
外感风寒,证候采用方剂,小柴胡汤加味,于己百医生病例集,例一,现代临床
小柴胡汤加味,方剂组成药材,柴胡,于己百医生病例集,例一,现代临床
小柴胡汤加味,方剂组成药材,黄苓,于己百医生病例集,例一,现代临床
小柴胡汤加味,方剂组成药材,生姜,于己百医生病例集,例一,现代临床
小柴胡汤加味,方剂组成药材,半夏,于己百医生病例集,例一,现代临床
小柴胡汤加味,方剂组成药材,党参,于己百医生病例集,例一,现代临床
小柴胡汤加味,方剂组成药材,炙草,于己百医生病例集,例一,现代临床
小柴胡汤加味,方剂组成药材,大枣,于己百医生病例集,例一,现代临床
小柴胡汤加味,方剂组成药材,菊花,于己百医生病例集,例一,现代临床
小柴胡汤加味,方剂组成药材,蔓荆子,于己百医生病例集,例一,现代临床
小柴胡汤加味,方剂组成药材,川夸,于己百医生病例集,例一,现代临床
小柴胡汤加味,方剂组成药材,陈皮,于己百医生病例集,例一,现代临床
小柴胡汤加味,方剂组成药材,砂仁,于己百医生病例集,例一,现代临床
王某某,临床验证理论,外感风寒,于己百医生病例集,例一,现代临床
感冒,疾病表现症状,头痛,于己百医生病例集,例二,现代临床
感冒,疾病表现症状,肢体酸疼,于己百医生病例集,例二,现代临床
感冒,疾病表现症状,项强,于己百医生病例集,例二,现代临床
感冒,疾病表现症状,寒热往来,于己百医生病例集,例二,现代临床
感冒,疾病表现症状,口干口苦,于己百医生病例集,例二,现代临床
感冒,疾病表现症状,咳嗽,于己百医生病例集,例二,现代临床
表寒里热（肺热）型,疾病表现症状,发热恶寒,于己百医生病例集,例二,现代临床
表寒里热（肺热）型,疾病表现症状,头痛,于己百医生病例集,例二,现代临床
表寒里热（肺热）型,疾病表现症状,肢体酸痛,于己百医生病例集,例二,现代临床
表寒里热（肺热）型,疾病表现症状,口渴咽干,于己百医生病例集,例二,现代临床
表寒里热（肺热）型,疾病表现症状,汗出或无汗,于己百医生病例集,例二,现代临床
表寒里热（肺热）型,疾病表现症状,咳嗽气喘,于己百医生病例集,例二,现代临床
表寒里热（肺热）型,疾病表现症状,烦躁不安,于己百医生病例集,例二,现代临床
表寒里热（肺热）型,疾病表现症状,小便短赤,于己百医生病例集,例二,现代临床
感冒挟湿（胃肠型感冒）,疾病表现症状,发热恶寒,于己百医生病例集,例二,现代临床
感冒挟湿（胃肠型感冒）,疾病表现症状,关节酸痛,于己百医生病例集,例二,现代临床
感冒挟湿（胃肠型感冒）,疾病表现症状,头痛如裹,于己百医生病例集,例二,现代临床
感冒挟湿（胃肠型感冒）,疾病表现症状,身重困倦,于己百医生病例集,例二,现代临床
感冒挟湿（胃肠型感冒）,疾病表现症状,胸脱满闷,于己百医生病例集,例二,现代临床
感冒挟湿（胃肠型感冒）,疾病表现症状,腹痛,于己百医生病例集,例二,现代临床
感冒挟湿（胃肠型感冒）,疾病表现症状,呕吐泄泻,于己百医生病例集,例二,现代临床
感冒挟湿（胃肠型感冒）,疾病表现症状,无汗,于己百医生病例集,例二,现代临床
感冒挟湿（胃肠型感冒）,疾病表现症状,口不渴,于己百医生病例集,例二,现代临床
感冒挟暑,疾病表现症状,发热恶寒,于己百医生病例集,例二,现代临床
感冒挟暑,疾病表现症状,头重头痛,于己百医生病例集,例二,现代临床
感冒挟暑,疾病表现症状,面赤口渴,于己百医生病例集,例二,现代临床
感冒挟暑,疾病表现症状,不出汗,于己百医生病例集,例二,现代临床
感冒挟暑,疾病表现症状,吐泻,于己百医生病例集,例二,现代临床
风邪伤表,疾病表现症状,微恶风寒,于己百医生病例集,例一,现代临床
风邪伤表,疾病表现症状,头痛,于己百医生病例集,例一,现代临床
风邪伤表,疾病表现症状,汗出,于己百医生病例集,例一,现代临床
风邪伤表,疾病表现症状,喉痒咳嗽,于己百医生病例集,例一,现代临床
风邪伤表,疾病表现症状,痰多色白,于己百医生病例集,例一,现代临床
风邪伤表,疾病表现症状,大便较干,于己百医生病例集,例一,现代临床
风邪伤表,疾病导致舌象,舌苔白腻,于己百医生病例集,例一,现代临床
风邪伤表,疾病导致脉象,肺浮缓,于己百医生病例集,例一,现代临床
风邪伤表,证候导致舌象,舌苔白腻,于己百医生病例集,例一,现代临床
风邪伤表,证候导致脉象,肺浮缓,于己百医生病例集,例一,现代临床
桂枝加厚朴杏子汤加味,证候采用方剂,风邪伤表,于己百医生病例集,例一,现代临床
桂枝加厚朴杏子汤加味,方剂组成药材,桂枝,于己百医生病例集,例一,现代临床
桂枝加厚朴杏子汤加味,方剂组成药材,芍药,于己百医生病例集,例一,现代临床
桂枝加厚朴杏子汤加味,方剂组成药材,炙草,于己百医生病例集,例一,现代临床
桂枝加厚朴杏子汤加味,方剂组成药材,生姜,于己百医生病例集,例一,现代临床
桂枝加厚朴杏子汤加味,方剂组成药材,大枣,于己百医生病例集,例一,现代临床
桂枝加厚朴杏子汤加味,方剂组成药材,厚朴,于己百医生病例集,例一,现代临床
桂枝加厚朴杏子汤加味,方剂组成药材,杏仁,于己百医生病例集,例一,现代临床
桂枝加厚朴杏子汤加味,方剂组成药材,百部,于己百医生病例集,例一,现代临床
桂枝加厚朴杏子汤加味,方剂组成药材,紫莞,于己百医生病例集,例一,现代临床
桂枝加厚朴杏子汤加味,方剂组成药材,桔梗,于己百医生病例集,例一,现代临床
桂枝加厚朴杏子汤加味,方剂组成药材,菊花,于己百医生病例集,例一,现代临床
桂枝加厚朴杏子汤加味,方剂组成药材,蔓荆子,于己百医生病例集,例一,现代临床
于己百,名医经验总结,风邪伤表,于己百医生病例集,例一,现代临床
风热犯肺,疾病表现症状,发热,于己百医生病例集,例三,现代临床
风热犯肺,疾病表现症状,头痛,于己百医生病例集,例三,现代临床
风热犯肺,疾病表现症状,鼻流黄涕,于己百医生病例集,例三,现代临床
风热犯肺,疾病表现症状,咽喉肿痛,于己百医生病例集,例三,现代临床
风热犯肺,疾病表现症状,咳嗽痰黄,于己百医生病例集,例三,现代临床
风热犯肺,疾病表现症状,胸闷气憋,于己百医生病例集,例三,现代临床
风热犯肺,疾病表现症状,口干口苦,于己百医生病例集,例三,现代临床
风热犯肺,疾病导致舌象,舌红苔薄黄,于己百医生病例集,例三,现代临床
风热犯肺,疾病导致脉象,脉浮数,于己百医生病例集,例三,现代临床
风热犯肺,证候导致舌象,舌红苔薄黄,于己百医生病例集,例三,现代临床
风热犯肺,证候导致脉象,脉浮数,于己百医生病例集,例三,现代临床
风热犯肺,证候采用方剂,桑菊饮加味,于己百医生病例集,例三,现代临床
桑菊饮加味,方剂组成药材,牛蒡子,于己百医生病例集,例三,现代临床
桑菊饮加味,方剂组成药材,桔梗,于己百医生病例集,例三,现代临床
桑菊饮加味,方剂组成药材,甘草,于己百医生病例集,例三,现代临床
桑菊饮加味,方剂组成药材,杏仁,于己百医生病例集,例三,现代临床
桑菊饮加味,方剂组成药材,瓜蒌仁,于己百医生病例集,例三,现代临床
桑菊饮加味,方剂组成药材,黄芩,于己百医生病例集,例三,现代临床
桑菊饮加味,方剂组成药材,麦冬,于己百医生病例集,例三,现代临床
桑菊饮加味,方剂组成药材,胆南星,于己百医生病例集,例三,现代临床
桑菊饮加味,方剂组成药材,地龙,于己百医生病例集,例三,现代临床
桑菊饮加味,方剂组成药材,赤芍,于己百医生病例集,例三,现代临床
桑菊饮加味,方剂组成药材,蝉衣,于己百医生病例集,例三,现代临床
牛蒡子,药材具有功效,辛凉解表,于己百医生病例集,例三,现代临床
桔梗,药材具有功效,肃肺利咽,于己百医生病例集,例三,现代临床
杏仁,药材具有功效,止咳化痰,于己百医生病例集,例三,现代临床
桑菊饮加味,临床验证理论,孙某,于己百医生病例集,例三,现代临床
燥热伤肺,疾病表现症状,咳嗽气粗,于己百医生病例集,例五,现代临床
燥热伤肺,疾病表现症状,口鼻干燥,于己百医生病例集,例五,现代临床
燥热伤肺,疾病表现症状,咽喉干痛,于己百医生病例集,例五,现代临床
燥热伤肺,疾病表现症状,痰少而粘,于己百医生病例集,例五,现代临床
燥热伤肺,疾病表现症状,小便短赤,于己百医生病例集,例五,现代临床
燥热伤肺,疾病表现症状,大便燥结,于己百医生病例集,例五,现代临床
燥热伤肺,疾病导致舌象,舌红苔少微黄,于己百医生病例集,例五,现代临床
燥热伤肺,疾病导致脉象,脉细数,于己百医生病例集,例五,现代临床
燥热伤肺,证候采用方剂,桑杏汤合沙参麦门冬汤加减,于己百医生病例集,例五,现代临床
桑杏汤合沙参麦门冬汤加减,方剂组成药材,桑叶,于己百医生病例集,例五,现代临床
桑杏汤合沙参麦门冬汤加减,方剂组成药材,北沙参,于己百医生病例集,例五,现代临床
桑杏汤合沙参麦门冬汤加减,方剂组成药材,浙贝,于己百医生病例集,例五,现代临床
桑杏汤合沙参麦门冬汤加减,方剂组成药材,枇杷叶,于己百医生病例集,例五,现代临床
桑杏汤合沙参麦门冬汤加减,方剂组成药材,元参,于己百医生病例集,例五,现代临床
桑杏汤合沙参麦门冬汤加减,方剂组成药材,牛旁子,于己百医生病例集,例五,现代临床
桑杏汤合沙参麦门冬汤加减,方剂组成药材,麦冬,于己百医生病例集,例五,现代临床
桑杏汤合沙参麦门冬汤加减,方剂组成药材,黄苓,于己百医生病例集,例五,现代临床
桑杏汤合沙参麦门冬汤加减,方剂组成药材,天花粉,于己百医生病例集,例五,现代临床
桑杏汤合沙参麦门冬汤加减,方剂组成药材,桔梗,于己百医生病例集,例五,现代临床
桑杏汤合沙参麦门冬汤加减,方剂组成药材,甘草,于己百医生病例集,例五,现代临床
痰湿咳喘证,症状伴随症状,痰涎粘稠,于己百医生病例集,例五,现代临床
痰湿咳喘证,症状伴随症状,咳吐不爽,于己百医生病例集,例五,现代临床
痰湿咳喘证,症状伴随症状,胸部胀满发闷,于己百医生病例集,例五,现代临床
痰湿咳喘证,症状伴随症状,食欲不振,于己百医生病例集,例五,现代临床
痰湿咳喘证,症状伴随症状,恶心呕吐,于己百医生病例集,例五,现代临床
痰湿咳喘证,症状伴随症状,便软或澹,于己百医生病例集,例五,现代临床
痰湿咳喘证,疾病导致舌象,舌体胖而有齿痕,于己百医生病例集,例五,现代临床
痰湿咳喘证,疾病导致舌象,苔白腻,于己百医生病例集,例五,现代临床
痰湿咳喘证,疾病导致脉象,脉弦滑,于己百医生病例集,例五,现代临床
痰湿咳喘证,证候采用方剂,二陈汤合茯苓杏仁甘草汤加味,于己百医生病例集,例五,现代临床
痰湿咳喘证,证候采用方剂,二陈汤合三子养亲汤加减,于己百医生病例集,例五,现代临床
痰湿咳喘证,证候采用方剂,清金化痰汤,于己百医生病例集,例五,现代临床
痰湿咳喘证,证候采用方剂,节斋化痰丸,于己百医生病例集,例五,现代临床
痰湿咳喘证,证候采用方剂,二陈理中汤加味,于己百医生病例集,例五,现代临床
痰湿咳喘证,证候采用方剂,苓桂术甘汤合六君子汤加味,于己百医生病例集,例五,现代临床
痰湿咳喘证,证候采用方剂,苓桂术甘汤合苓甘五味姜辛汤加味,于己百医生病例集,例五,现代临床
二陈汤合茯苓杏仁甘草汤加味,方剂组成药材,橘红,于己百医生病例集,例五,现代临床
二陈汤合茯苓杏仁甘草汤加味,方剂组成药材,半夏,于己百医生病例集,例五,现代临床
二陈汤合茯苓杏仁甘草汤加味,方剂组成药材,茯苓,于己百医生病例集,例五,现代临床
二陈汤合茯苓杏仁甘草汤加味,方剂组成药材,苍术,于己百医生病例集,例五,现代临床
二陈汤合茯苓杏仁甘草汤加味,方剂组成药材,厚朴,于己百医生病例集,例五,现代临床
二陈汤合茯苓杏仁甘草汤加味,方剂组成药材,杏仁,于己百医生病例集,例五,现代临床
二陈汤合茯苓杏仁甘草汤加味,方剂组成药材,紫竟,于己百医生病例集,例五,现代临床
二陈汤合茯苓杏仁甘草汤加味,方剂组成药材,冬花,于己百医生病例集,例五,现代临床
二陈汤合茯苓杏仁甘草汤加味,方剂组成药材,百部,于己百医生病例集,例五,现代临床
二陈汤合茯苓杏仁甘草汤加味,方剂组成药材,甘草,于己百医生病例集,例五,现代临床
二陈汤合三子养亲汤加减,方剂组成药材,陈皮,于己百医生病例集,例五,现代临床
二陈汤合三子养亲汤加减,方剂组成药材,半夏,于己百医生病例集,例五,现代临床
二陈汤合三子养亲汤加减,方剂组成药材,茯苓,于己百医生病例集,例五,现代临床
二陈汤合三子养亲汤加减,方剂组成药材,苏子,于己百医生病例集,例五,现代临床
二陈汤合三子养亲汤加减,方剂组成药材,白芥子,于己百医生病例集,例五,现代临床
二陈汤合三子养亲汤加减,方剂组成药材,莱農子,于己百医生病例集,例五,现代临床
二陈汤合三子养亲汤加减,方剂组成药材,杏仁,于己百医生病例集,例五,现代临床
二陈汤合三子养亲汤加减,方剂组成药材,草苗子,于己百医生病例集,例五,现代临床
二陈汤合三子养亲汤加减,方剂组成药材,大枣,于己百医生病例集,例五,现代临床
二陈汤合三子养亲汤加减,方剂组成药材,海蛤粉,于己百医生病例集,例五,现代临床
清金化痰汤,方剂组成药材,黄苓,于己百医生病例集,例五,现代临床
清金化痰汤,方剂组成药材,梔子,于己百医生病例集,例五,现代临床
清金化痰汤,方剂组成药材,桔梗,于己百医生病例集,例五,现代临床
清金化痰汤,方剂组成药材,麦冬,于己百医生病例集,例五,现代临床
清金化痰汤,方剂组成药材,桑白皮,于己百医生病例集,例五,现代临床
清金化痰汤,方剂组成药材,贝母,于己百医生病例集,例五,现代临床
清金化痰汤,方剂组成药材,知母,于己百医生病例集,例五,现代临床
清金化痰汤,方剂组成药材,瓜萎仁,于己百医生病例集,例五,现代临床
清金化痰汤,方剂组成药材,橘红,于己百医生病例集,例五,现代临床
清金化痰汤,方剂组成药材,茯苓,于己百医生病例集,例五,现代临床
清金化痰汤,方剂组成药材,甘草,于己百医生病例集,例五,现代临床
节斋化痰丸,方剂组成药材,天冬,于己百医生病例集,例五,现代临床
节斋化痰丸,方剂组成药材,黄苓,于己百医生病例集,例五,现代临床
节斋化痰丸,方剂组成药材,海浮石,于己百医生病例集,例五,现代临床
节斋化痰丸,方剂组成药材,橘红,于己百医生病例集,例五,现代临床
节斋化痰丸,方剂组成药材,桔梗,于己百医生病例集,例五,现代临床
节斋化痰丸,方剂组成药材,青黛,于己百医生病例集,例五,现代临床
节斋化痰丸,方剂组成药材,瓜萎仁,于己百医生病例集,例五,现代临床
节斋化痰丸,方剂组成药材,连翘,于己百医生病例集,例五,现代临床
节斋化痰丸,方剂组成药材,芒硝,于己百医生病例集,例五,现代临床
节斋化痰丸,方剂组成药材,香附,于己百医生病例集,例五,现代临床
节斋化痰丸,方剂组成药材,蜜丸,于己百医生病例集,例五,现代临床
二陈理中汤加减,方剂组成药材,橘红,于己百医生病例集,例五,现代临床
二陈理中汤加减,方剂组成药材,半夏,于己百医生病例集,例五,现代临床
二陈理中汤加减,方剂组成药材,茯苓,于己百医生病例集,例五,现代临床
二陈理中汤加减,方剂组成药材,党参,于己百医生病例集,例五,现代临床
二陈理中汤加减,方剂组成药材,白术,于己百医生病例集,例五,现代临床
二陈理中汤加减,方剂组成药材,干姜,于己百医生病例集,例五,现代临床
二陈理中汤加减,方剂组成药材,砂仁,于己百医生病例集,例五,现代临床
二陈理中汤加减,方剂组成药材,甘草,于己百医生病例集,例五,现代临床
二陈理中汤加减,方剂组成药材,紫竟,于己百医生病例集,例五,现代临床
二陈理中汤加减,方剂组成药材,冬花,于己百医生病例集,例五,现代临床
二陈理中汤加减,方剂组成药材,细辛,于己百医生病例集,例五,现代临床
二陈理中汤加减,方剂组成药材,五味子,于己百医生病例集,例五,现代临床
苓桂术甘汤合六君子汤加减,方剂组成药材,茯苓,于己百医生病例集,例五,现代临床
苓桂术甘汤合六君子汤加减,方剂组成药材,桂枝,于己百医生病例集,例五,现代临床
苓桂术甘汤合六君子汤加减,方剂组成药材,白术,于己百医生病例集,例五,现代临床
苓桂术甘汤合六君子汤加减,方剂组成药材,炙草,于己百医生病例集,例五,现代临床
苓桂术甘汤合六君子汤加减,方剂组成药材,党参,于己百医生病例集,例五,现代临床
苓桂术甘汤合六君子汤加减,方剂组成药材,陈皮,于己百医生病例集,例五,现代临床
苓桂术甘汤合六君子汤加减,方剂组成药材,半夏,于己百医生病例集,例五,现代临床
苓桂术甘汤合六君子汤加减,方剂组成药材,黄茂,于己百医生病例集,例五,现代临床
苓桂术甘汤合六君子汤加减,方剂组成药材,杏仁,于己百医生病例集,例五,现代临床
苓桂术甘汤合六君子汤加减,方剂组成药材,干姜,于己百医生病例集,例五,现代临床
苓桂术甘汤合六君子汤加减,方剂组成药材,细辛,于己百医生病例集,例五,现代临床
苓桂术甘汤合六君子汤加减,方剂组成药材,五味子,于己百医生病例集,例五,现代临床
苓桂术甘汤合苓甘五味姜辛汤加味,方剂组成药材,茯苓,于己百医生病例集,例五,现代临床
苓桂术甘汤合苓甘五味姜辛汤加味,方剂组成药材,桂枝,于己百医生病例集,例五,现代临床
苓桂术甘汤合苓甘五味姜辛汤加味,方剂组成药材,白术,于己百医生病例集,例五,现代临床
苓桂术甘汤合苓甘五味姜辛汤加味,方剂组成药材,炙草,于己百医生病例集,例五,现代临床
苓桂术甘汤合苓甘五味姜辛汤加味,方剂组成药材,五味子,于己百医生病例集,例五,现代临床
苓桂术甘汤合苓甘五味姜辛汤加味,方剂组成药材,干姜,于己百医生病例集,例五,现代临床
苓桂术甘汤合苓甘五味姜辛汤加味,方剂组成药材,细辛,于己百医生病例集,例五,现代临床
苓桂术甘汤合苓甘五味姜辛汤加味,方剂组成药材,陈皮,于己百医生病例集,例五,现代临床
苓桂术甘汤合苓甘五味姜辛汤加味,方剂组成药材,半夏,于己百医生病例集,例五,现代临床
苓桂术甘汤合苓甘五味姜辛汤加味,方剂组成药材,杏仁,于己百医生病例集,例五,现代临床
痰湿壅盛，肺气失宣,疾病表现症状,咳嗽痰多,于己百医生病例集,例六,现代临床
痰湿壅盛，肺气失宣,疾病表现症状,色白而粘,于己百医生病例集,例六,现代临床
痰湿壅盛，肺气失宣,疾病表现症状,咳吐不爽,于己百医生病例集,例六,现代临床
痰湿壅盛，肺气失宣,疾病表现症状,胸闷腕胀,于己百医生病例集,例六,现代临床
痰湿壅盛，肺气失宣,疾病表现症状,食欲不振,于己百医生病例集,例六,现代临床
痰湿壅盛，肺气失宣,疾病表现症状,恶心欲吐,于己百医生病例集,例六,现代临床
痰湿壅盛，肺气失宣,疾病导致舌象,舌淡苔白腻,于己百医生病例集,例六,现代临床
痰湿壅盛，肺气失宣,疾病导致脉象,脉弦滑,于己百医生病例集,例六,现代临床
痰湿壅盛，肺气失宣,证候采用方剂,二陈汤合茯苓杏仁甘草汤加味,于己百医生病例集,例六,现代临床
二陈汤合茯苓杏仁甘草汤加味,方剂组成药材,陈皮10g,于己百医生病例集,例六,现代临床
二陈汤合茯苓杏仁甘草汤加味,方剂组成药材,半夏10g,于己百医生病例集,例六,现代临床
二陈汤合茯苓杏仁甘草汤加味,方剂组成药材,茯苓12g,于己百医生病例集,例六,现代临床
二陈汤合茯苓杏仁甘草汤加味,方剂组成药材,炙草10g,于己百医生病例集,例六,现代临床
二陈汤合茯苓杏仁甘草汤加味,方剂组成药材,杏仁12g,于己百医生病例集,例六,现代临床
二陈汤合茯苓杏仁甘草汤加味,方剂组成药材,桔梗10g,于己百医生病例集,例六,现代临床
二陈汤合茯苓杏仁甘草汤加味,方剂组成药材,厚朴12g,于己百医生病例集,例六,现代临床
二陈汤合茯苓杏仁甘草汤加味,方剂组成药材,苍术12g,于己百医生病例集,例六,现代临床
二陈汤合茯苓杏仁甘草汤加味,方剂组成药材,紫竟10g,于己百医生病例集,例六,现代临床
二陈汤合茯苓杏仁甘草汤加味,方剂组成药材,冬花10g,于己百医生病例集,例六,现代临床
二陈汤合茯苓杏仁甘草汤加味,方剂组成药材,百部10g,于己百医生病例集,例六,现代临床
二陈汤合茯苓杏仁甘草汤加味,方剂组成药材,生姜3片,于己百医生病例集,例六,现代临床
于己百,名医经验总结,金某某病例,于己百医生病例集,例六,现代临床
脾虚失运、痰饮渍肺,疾病表现症状,咳喘,于己百医生病例集,例八,现代临床
脾虚失运、痰饮渍肺,疾病表现症状,痰量较多,于己百医生病例集,例八,现代临床
脾虚失运、痰饮渍肺,疾病表现症状,色白,于己百医生病例集,例八,现代临床
脾虚失运、痰饮渍肺,疾病表现症状,呈泡沫状,于己百医生病例集,例八,现代临床
脾虚失运、痰饮渍肺,疾病表现症状,面部肿胀,于己百医生病例集,例八,现代临床
脾虚失运、痰饮渍肺,疾病表现症状,周身困倦,于己百医生病例集,例八,现代临床
脾虚失运、痰饮渍肺,疾病表现症状,纳呆纳差,于己百医生病例集,例八,现代临床
脾虚失运、痰饮渍肺,疾病导致舌象,舌淡红,于己百医生病例集,例八,现代临床
脾虚失运、痰饮渍肺,疾病导致舌象,苔白,于己百医生病例集,例八,现代临床
脾虚失运、痰饮渍肺,疾病导致脉象,脉沉弦,于己百医生病例集,例八,现代临床
脾虚失运、痰饮渍肺,证候采用方剂,苓甘五味姜辛汤合止嗽散加减,于己百医生病例集,例八,现代临床
苓甘五味姜辛汤合止嗽散加减,方剂组成药材,茯苓,于己百医生病例集,例八,现代临床
苓甘五味姜辛汤合止嗽散加减,方剂组成药材,炙草,于己百医生病例集,例八,现代临床
苓甘五味姜辛汤合止嗽散加减,方剂组成药材,生姜,于己百医生病例集,例八,现代临床
苓甘五味姜辛汤合止嗽散加减,方剂组成药材,细辛,于己百医生病例集,例八,现代临床
苓甘五味姜辛汤合止嗽散加减,方剂组成药材,陈皮,于己百医生病例集,例八,现代临床
苓甘五味姜辛汤合止嗽散加减,方剂组成药材,半夏,于己百医生病例集,例八,现代临床
苓甘五味姜辛汤合止嗽散加减,方剂组成药材,杏仁,于己百医生病例集,例八,现代临床
苓甘五味姜辛汤合止嗽散加减,方剂组成药材,紫莞,于己百医生病例集,例八,现代临床
苓甘五味姜辛汤合止嗽散加减,方剂组成药材,冬花,于己百医生病例集,例八,现代临床
苓甘五味姜辛汤合止嗽散加减,方剂组成药材,荆芥,于己百医生病例集,例八,现代临床
苓甘五味姜辛汤合止嗽散加减,方剂组成药材,白前,于己百医生病例集,例八,现代临床
苓甘五味姜辛汤合止嗽散加减,方剂组成药材,炒麦芽,于己百医生病例集,例八,现代临床
肺肾阴虚咳喘证,疾病表现症状,咳嗽,于己百医生病例集,例八,现代临床
肺肾阴虚咳喘证,疾病表现症状,干咳少痰,于己百医生病例集,例八,现代临床
肺肾阴虚咳喘证,疾病表现症状,痰中带血,于己百医生病例集,例八,现代临床
肺肾阴虚咳喘证,疾病表现症状,喉干音哑,于己百医生病例集,例八,现代临床
肺肾阴虚咳喘证,疾病表现症状,午后潮热,于己百医生病例集,例八,现代临床
肺肾阴虚咳喘证,疾病表现症状,盗汗额红,于己百医生病例集,例八,现代临床
肺肾阴虚咳喘证,疾病表现症状,手足心热,于己百医生病例集,例八,现代临床
肺肾阴虚咳喘证,疾病表现症状,烦躁失眠,于己百医生病例集,例八,现代临床
肺肾阴虚咳喘证,疾病表现症状,日渐消瘦,于己百医生病例集,例八,现代临床
肺肾阴虚咳喘证,疾病导致舌象,舌质嫩红,于己百医生病例集,例八,现代临床
肺肾阴虚咳喘证,疾病导致舌象,苔薄白或薄黄,于己百医生病例集,例八,现代临床
肺肾阴虚咳喘证,疾病导致脉象,脉细数,于己百医生病例集,例八,现代临床
肺肾阴虚咳喘证,证候采用方剂,百合固金汤加减,于己百医生病例集,例八,现代临床
肺肾阴虚咳喘证,证候采用方剂,六味地黄汤合生脉散加减,于己百医生病例集,例八,现代临床
百合固金汤加减,方剂组成药材,生地,于己百医生病例集,例八,现代临床
百合固金汤加减,方剂组成药材,麦冬,于己百医生病例集,例八,现代临床
百合固金汤加减,方剂组成药材,元参,于己百医生病例集,例八,现代临床
百合固金汤加减,方剂组成药材,百合,于己百医生病例集,例八,现代临床
百合固金汤加减,方剂组成药材,芍药,于己百医生病例集,例八,现代临床
百合固金汤加减,方剂组成药材,贝母,于己百医生病例集,例八,现代临床
百合固金汤加减,方剂组成药材,桔梗,于己百医生病例集,例八,现代临床
百合固金汤加减,方剂组成药材,甘草,于己百医生病例集,例八,现代临床
百合固金汤加减,方剂组成药材,沙参,于己百医生病例集,例八,现代临床
百合固金汤加减,方剂组成药材,龟板,于己百医生病例集,例八,现代临床
六味地黄汤合生脉散加减,方剂组成药材,生地,于己百医生病例集,例八,现代临床
六味地黄汤合生脉散加减,方剂组成药材,山萸肉,于己百医生病例集,例八,现代临床
六味地黄汤合生脉散加减,方剂组成药材,山药,于己百医生病例集,例八,现代临床
六味地黄汤合生脉散加减,方剂组成药材,茯苓,于己百医生病例集,例八,现代临床
六味地黄汤合生脉散加减,方剂组成药材,沙参,于己百医生病例集,例八,现代临床
六味地黄汤合生脉散加减,方剂组成药材,麦冬,于己百医生病例集,例八,现代临床
六味地黄汤合生脉散加减,方剂组成药材,五味子,于己百医生病例集,例八,现代临床
六味地黄汤合生脉散加减,方剂组成药材,生龙牡,于己百医生病例集,例八,现代临床
六味地黄汤合生脉散加减,方剂组成药材,地龙,于己百医生病例集,例八,现代临床
肺肾阴虚,疾病表现症状,咳嗽气喘,于己百医生病例集,例九,现代临床
肺肾阴虚,疾病表现症状,痰少而稠,于己百医生病例集,例九,现代临床
肺肾阴虚,疾病表现症状,吸气困难,于己百医生病例集,例九,现代临床
肺肾阴虚,疾病表现症状,咽喉发干,于己百医生病例集,例九,现代临床
肺肾阴虚,疾病表现症状,五心烦热,于己百医生病例集,例九,现代临床
肺肾阴虚,疾病表现症状,腰膝酸软,于己百医生病例集,例九,现代临床
肺肾阴虚,疾病导致舌象,舌红,于己百医生病例集,例九,现代临床
肺肾阴虚,疾病导致舌象,苔薄白,于己百医生病例集,例九,现代临床
肺肾阴虚,疾病导致脉象,脉沉细弦,于己百医生病例集,例九,现代临床
肺肾阴虚,证候采用方剂,六味地黄汤合生脉散加减,于己百医生病例集,例九,现代临床
六味地黄汤合生脉散加减,方剂组成药材,生地,于己百医生病例集,例九,现代临床
六味地黄汤合生脉散加减,方剂组成药材,山萸肉,于己百医生病例集,例九,现代临床
六味地黄汤合生脉散加减,方剂组成药材,山药,于己百医生病例集,例九,现代临床
六味地黄汤合生脉散加减,方剂组成药材,茯苓,于己百医生病例集,例九,现代临床
六味地黄汤合生脉散加减,方剂组成药材,泽泻,于己百医生病例集,例九,现代临床
六味地黄汤合生脉散加减,方剂组成药材,麦冬,于己百医生病例集,例九,现代临床
六味地黄汤合生脉散加减,方剂组成药材,五味子,于己百医生病例集,例九,现代临床
六味地黄汤合生脉散加减,方剂组成药材,杏仁,于己百医生病例集,例九,现代临床
六味地黄汤合生脉散加减,方剂组成药材,半夏,于己百医生病例集,例九,现代临床
六味地黄汤合生脉散加减,方剂组成药材,紫菀,于己百医生病例集,例九,现代临床
六味地黄汤合生脉散加减,方剂组成药材,冬花,于己百医生病例集,例九,现代临床
六味地黄汤合生脉散加减,方剂组成药材,百部,于己百医生病例集,例九,现代临床
六味地黄汤合生脉散加减,方剂组成药材,胆南星,于己百医生病例集,例九,现代临床
六味地黄汤合生脉散加减,方剂组成药材,地龙,于己百医生病例集,例九,现代临床
六味地黄汤合生脉散加减,方剂组成药材,射干,于己百医生病例集,例九,现代临床
肾不纳气咳喘证,疾病表现症状,咳喘气短,于己百医生病例集,例九,现代临床
肾不纳气咳喘证,疾病表现症状,呼长吸短,于己百医生病例集,例九,现代临床
肾不纳气咳喘证,疾病表现症状,动则加重,于己百医生病例集,例九,现代临床
肾不纳气咳喘证,疾病表现症状,肢冷畏寒,于己百医生病例集,例九,现代临床
肾不纳气咳喘证,疾病表现症状,腰膝酸软,于己百医生病例集,例九,现代临床
肾不纳气咳喘证,疾病表现症状,面白或青,于己百医生病例集,例九,现代临床
肾不纳气咳喘证,疾病导致舌象,舌淡体胖,于己百医生病例集,例九,现代临床
肾不纳气咳喘证,疾病导致脉象,脉沉细,于己百医生病例集,例九,现代临床
肾不纳气咳喘证,证候采用方剂,金匮肾气丸合三子养亲汤、参蛤散加减,于己百医生病例集,例九,现代临床
肾水凌心,疾病表现症状,咳喘心悸,于己百医生病例集,例九,现代临床
肾水凌心,疾病表现症状,小便不利,于己百医生病例集,例九,现代临床
肾水凌心,疾病表现症状,肢体浮肿,于己百医生病例集,例九,现代临床
肾水凌心,证候采用方剂,真武汤合苓桂术甘汤、苓甘五味姜辛汤加减,于己百医生病例集,例九,现代临床
心阳暴脱,疾病表现症状,咳喘加剧,于己百医生病例集,例九,现代临床
心阳暴脱,疾病表现症状,烦躁不安,于己百医生病例集,例九,现代临床
心阳暴脱,疾病表现症状,肢冷汗出,于己百医生病例集,例九,现代临床
心阳暴脱,疾病表现症状,面色苍白,于己百医生病例集,例九,现代临床
心阳暴脱,证候采用方剂,参附汤,于己百医生病例集,例九,现代临床
咳嗽,疾病表现症状,气喘气短,于己百医生病例集,例十,现代临床
咳嗽,症状伴随症状,畏寒肢冷,于己百医生病例集,例十,现代临床
咳嗽,症状伴随症状,汗出,于己百医生病例集,例十,现代临床
咳嗽,症状伴随症状,腰酸腿软,于己百医生病例集,例十,现代临床
咳嗽,症状伴随症状,大便较干,于己百医生病例集,例十,现代临床
肺肾阳虚,疾病导致舌象,舌淡苔白,于己百医生病例集,例十,现代临床
肺肾阳虚,疾病导致脉象,脉沉弦细弱,于己百医生病例集,例十,现代临床
肺肾阳虚,证候导致舌象,舌淡苔白,于己百医生病例集,例十,现代临床
肺肾阳虚,证候导致脉象,脉沉弦细弱,于己百医生病例集,例十,现代临床
肺肾阳虚,综合辨证证候,温阳纳气、止咳平喘,于己百医生病例集,例十,现代临床
肺肾阳虚,证候采用方剂,金匱肾气丸（汤）合三子养亲汤、参蛤散加減,于己百医生病例集,例十,现代临床
金匱肾气丸（汤）合三子养亲汤、参蛤散加減,方剂组成药材,熟地、山萸肉、山药、茯苓、附子、桂枝、苏子、莱殖子、白芥子、白术、干姜、五味子、麦冬、杏仁、肉欢蓉,于己百医生病例集,例十,现代临床
过敏性哮喘,疾病表现症状,胸闷,于己百医生病例集,例十,现代临床
过敏性哮喘,疾病表现症状,气急,于己百医生病例集,例十,现代临床
过敏性哮喘,疾病表现症状,哮鸣,于己百医生病例集,例十,现代临床
过敏性鼻炎,疾病表现症状,鼻痒,于己百医生病例集,例十,现代临床
过敏性鼻炎,疾病表现症状,喷嚏,于己百医生病例集,例十,现代临床
过敏性鼻炎,疾病表现症状,流清涕,于己百医生病例集,例十,现代临床
过敏性鼻炎,疾病表现症状,鼻窒,于己百医生病例集,例十,现代临床
过敏性鼻炎,舌象表现特征,舌质淡、嫩、胖,于己百医生病例集,例十,现代临床
过敏性鼻炎,舌象表现特征,苔薄白,于己百医生病例集,例十,现代临床
过敏性鼻炎,脉象表现特征,脉象沉、缓、细、弱,于己百医生病例集,例十,现代临床
过敏性哮喘,症状辨证证候,寒哮、风哮,于己百医生病例集,例十,现代临床
过敏性鼻炎,症状辨证证候,鼻航,于己百医生病例集,例十,现代临床
过敏性哮喘、过敏性鼻炎,综合辨证证候,外感风寒引动痰饮、水湿夙根,于己百医生病例集,例十,现代临床
过敏性哮喘、过敏性鼻炎,证候采用方剂,小青龙汤加味,于己百医生病例集,例十,现代临床
小青龙汤加味,方剂组成药材,麻黄、桂枝、芍药、细辛、干姜、五味子、半夏、生石膏,于己百医生病例集,例十,现代临床
麻黄,药材具有功效,解表平喘,于己百医生病例集,例十,现代临床
桂枝,药材具有功效,调和营卫而解散表邪,于己百医生病例集,例十,现代临床
细辛,药材具有功效,发表散寒、温肺止咳,于己百医生病例集,例十,现代临床
干姜,药材具有功效,温中、散寒、化饮,于己百医生病例集,例十,现代临床
五味子,药材具有功效,收敛滋补药，治咳逆上气，劳伤贏瘦，补虚强阴,于己百医生病例集,例十,现代临床
半夏,药材具有功效,降逆，燥湿化痰、和胃降逆,于己百医生病例集,例十,现代临床
生石膏,药材具有功效,清热除烦,于己百医生病例集,例十,现代临床
过敏性哮喘,证候导致脉象,脉浮,于己百医生病例集,例十,现代临床
于己百,名医经验总结,小青龙汤（小青龙加石膏汤）为表里双解之剂，方中麻黄解表平喘，桂枝、芍药调和营卫而解散表邪。细辛辛温，发表散寒、温肺止咳。干姜辛温大热，为温中、散寒、化饮之品。五味子酸温，为收敛滋补药，治咳逆上气，劳伤贏瘦，补虚强阴。细辛、五昧子、干姜三味合用，为治寒饮咳喘之要药。半夏降逆，燥湿化痰、和胃降逆。生石膏清热除烦。诸药合用，共奏外散表寒、内蠲水饮之功，是不可多得的通治过敏性哮喘、鼻炎的良方。,于己百医生病例集,例十,现代临床
过敏性哮喘,疾病表现症状,咳嗽连连,于己百医生病例集,例一,现代临床
过敏性哮喘,疾病表现症状,喉中痰鸣,于己百医生病例集,例一,现代临床
过敏性哮喘,疾病表现症状,痰呈白色泡沫状,于己百医生病例集,例一,现代临床
过敏性哮喘,疾病表现症状,喘促不得平卧,于己百医生病例集,例一,现代临床
过敏性哮喘,疾病表现症状,咳甚则自汗出,于己百医生病例集,例一,现代临床
过敏性哮喘,疾病表现症状,畏寒,于己百医生病例集,例一,现代临床
过敏性哮喘,疾病表现症状,乏力,于己百医生病例集,例一,现代临床
过敏性哮喘,疾病表现症状,口干,于己百医生病例集,例一,现代临床
过敏性哮喘,疾病表现症状,便结,于己百医生病例集,例一,现代临床
过敏性哮喘,疾病导致舌象,舌红苔薄白,于己百医生病例集,例一,现代临床
过敏性哮喘,疾病导致脉象,脉浮弦微数,于己百医生病例集,例一,现代临床
过敏性哮喘,证候辨证,风寒袭肺,于己百医生病例集,例一,现代临床
过敏性哮喘,证候辨证,引动内饮,于己百医生病例集,例一,现代临床
过敏性哮喘,证候辨证,肺络受阻,于己百医生病例集,例一,现代临床
过敏性哮喘,证候辨证,宣肃失司,于己百医生病例集,例一,现代临床
过敏性哮喘,证候采用方剂,小青龙汤合茯苓杏仁甘草汤加味,于己百医生病例集,例一,现代临床
小青龙汤合茯苓杏仁甘草汤加味,方剂组成药材,麻黄,于己百医生病例集,例一,现代临床
小青龙汤合茯苓杏仁甘草汤加味,方剂组成药材,桂枝,于己百医生病例集,例一,现代临床
小青龙汤合茯苓杏仁甘草汤加味,方剂组成药材,干姜,于己百医生病例集,例一,现代临床
小青龙汤合茯苓杏仁甘草汤加味,方剂组成药材,半夏,于己百医生病例集,例一,现代临床
小青龙汤合茯苓杏仁甘草汤加味,方剂组成药材,细辛,于己百医生病例集,例一,现代临床
小青龙汤合茯苓杏仁甘草汤加味,方剂组成药材,芍药,于己百医生病例集,例一,现代临床
小青龙汤合茯苓杏仁甘草汤加味,方剂组成药材,五味子,于己百医生病例集,例一,现代临床
小青龙汤合茯苓杏仁甘草汤加味,方剂组成药材,生石膏,于己百医生病例集,例一,现代临床
小青龙汤合茯苓杏仁甘草汤加味,方剂组成药材,茯苓,于己百医生病例集,例一,现代临床
小青龙汤合茯苓杏仁甘草汤加味,方剂组成药材,杏仁,于己百医生病例集,例一,现代临床
小青龙汤合茯苓杏仁甘草汤加味,方剂组成药材,炙草,于己百医生病例集,例一,现代临床
小青龙汤合茯苓杏仁甘草汤加味,方剂组成药材,地龙,于己百医生病例集,例一,现代临床
小青龙汤合茯苓杏仁甘草汤加味,方剂组成药材,海螺靖,于己百医生病例集,例一,现代临床
小青龙汤合茯苓杏仁甘草汤加味,方剂组成药材,射干,于己百医生病例集,例一,现代临床
小青龙汤合茯苓杏仁甘草汤加味,方剂组成药材,紫莞,于己百医生病例集,例一,现代临床
小青龙汤合茯苓杏仁甘草汤加味,方剂组成药材,蝉衣,于己百医生病例集,例一,现代临床
小青龙汤合茯苓杏仁甘草汤加味,方剂组成药材,百部,于己百医生病例集,例一,现代临床
小青龙汤合茯苓杏仁甘草汤加味,方剂组成药材,枳实,于己百医生病例集,例一,现代临床
麻黄,药材具有功效,祛风散寒解表,于己百医生病例集,例一,现代临床
桂枝,药材具有功效,祛风散寒解表,于己百医生病例集,例一,现代临床
干姜,药材具有功效,温中散寒,于己百医生病例集,例一,现代临床
半夏,药材具有功效,化痰止咳,于己百医生病例集,例一,现代临床
细辛,药材具有功效,温肺化饮,于己百医生病例集,例一,现代临床
五味子,药材具有功效,收敛止咳,于己百医生病例集,例一,现代临床
生石膏,药材具有功效,清热泻火,于己百医生病例集,例一,现代临床
茯苓,药材具有功效,利水渗湿,于己百医生病例集,例一,现代临床
杏仁,药材具有功效,宣肺平喘,于己百医生病例集,例一,现代临床
炙草,药材具有功效,调和诸药,于己百医生病例集,例一,现代临床
地龙,药材具有功效,活血化瘀,于己百医生病例集,例一,现代临床
海螺靖,药材具有功效,平肝息风,于己百医生病例集,例一,现代临床
射干,药材具有功效,清热解毒,于己百医生病例集,例一,现代临床
紫莞,药材具有功效,宣肺止咳,于己百医生病例集,例一,现代临床
蝉衣,药材具有功效,祛风止痉,于己百医生病例集,例一,现代临床
百部,药材具有功效,润肺止咳,于己百医生病例集,例一,现代临床
枳实,药材具有功效,破气消积,于己百医生病例集,例一,现代临床
鼻鼽,疾病表现症状,咽痒,于己百医生病例集,例二,现代临床
鼻鼽,疾病表现症状,鼻痒,于己百医生病例集,例二,现代临床
鼻鼽,疾病表现症状,喷嚏,于己百医生病例集,例二,现代临床
鼻鼽,疾病表现症状,流清涕,于己百医生病例集,例二,现代临床
鼻鼽,疾病表现症状,头痛头重,于己百医生病例集,例二,现代临床
鼻鼽,疾病导致舌象,舌淡尖红苔薄白,于己百医生病例集,例二,现代临床
鼻鼽,疾病导致脉象,脉浮细数,于己百医生病例集,例二,现代临床
鼻鼽,综合辨证证候,素有痰饮内伏，外感风寒,于己百医生病例集,例二,现代临床
鼻鼽,证候导致舌象,舌淡尖红苔薄白,于己百医生病例集,例二,现代临床
鼻鼽,证候导致脉象,脉浮细数,于己百医生病例集,例二,现代临床
鼻鼽,证候采用方剂,小青龙汤合苍耳散加味,于己百医生病例集,例二,现代临床
小青龙汤合苍耳散加味,方剂组成药材,麻黄,于己百医生病例集,例二,现代临床
小青龙汤合苍耳散加味,方剂组成药材,桂枝,于己百医生病例集,例二,现代临床
小青龙汤合苍耳散加味,方剂组成药材,干姜,于己百医生病例集,例二,现代临床
小青龙汤合苍耳散加味,方剂组成药材,芍药,于己百医生病例集,例二,现代临床
小青龙汤合苍耳散加味,方剂组成药材,细辛,于己百医生病例集,例二,现代临床
小青龙汤合苍耳散加味,方剂组成药材,半夏,于己百医生病例集,例二,现代临床
小青龙汤合苍耳散加味,方剂组成药材,五味子,于己百医生病例集,例二,现代临床
小青龙汤合苍耳散加味,方剂组成药材,生石膏,于己百医生病例集,例二,现代临床
小青龙汤合苍耳散加味,方剂组成药材,苍耳子,于己百医生病例集,例二,现代临床
小青龙汤合苍耳散加味,方剂组成药材,辛夷,于己百医生病例集,例二,现代临床
小青龙汤合苍耳散加味,方剂组成药材,川萼,于己百医生病例集,例二,现代临床
小青龙汤合苍耳散加味,方剂组成药材,蝉衣,于己百医生病例集,例二,现代临床
小青龙汤合苍耳散加味,方剂组成药材,白羡藜,于己百医生病例集,例二,现代临床
小青龙汤合苍耳散加味,方剂组成药材,荆芥,于己百医生病例集,例二,现代临床
高血压病,归属于经典,内经,于己百医生病例集,例二,现代临床
高血压病,理论指导实践,阴阳失调、气血并逆于上的疾病,于己百医生病例集,例二,现代临床
高血压病,名医经验总结,于氏,于己百医生病例集,例二,现代临床
高血压病,疾病表现症状,头痛,于己百医生病例集,例二,现代临床
高血压病,疾病表现症状,眩晕,于己百医生病例集,例二,现代临床
高血压病,疾病表现症状,肝风,于己百医生病例集,例二,现代临床
高血压病,疾病表现症状,中风,于己百医生病例集,例二,现代临床
高血压病,疾病表现症状,肝火,于己百医生病例集,例二,现代临床
高血压病,症状伴随症状,心悸,于己百医生病例集,例二,现代临床
高血压病,症状伴随症状,怔仲,于己百医生病例集,例二,现代临床
高血压病,症状伴随症状,气短,于己百医生病例集,例二,现代临床
高血压病,症状伴随症状,胸闷,于己百医生病例集,例二,现代临床
高血压病,症状伴随症状,腰酸腿软,于己百医生病例集,例二,现代临床
高血压病,症状伴随症状,虚烦不宁,于己百医生病例集,例二,现代临床
高血压病,症状伴随症状,失眠多梦,于己百医生病例集,例二,现代临床
高血压病,疾病导致舌象,舌红苔薄黄,于己百医生病例集,例二,现代临床
高血压病,疾病导致脉象,脉弦细数,于己百医生病例集,例二,现代临床
高血压病,证候导致脉象,脉弦细数,于己百医生病例集,例二,现代临床
高血压病,证候导致舌象,舌红苔薄黄,于己百医生病例集,例二,现代临床
高血压病,综合辨证证候,心肝火旺和肝肾阴虚而肝风内动,于己百医生病例集,例二,现代临床
高血压病,证候采用方剂,镇肝熄风汤加减化裁,于己百医生病例集,例二,现代临床
镇肝熄风汤加减化裁,方剂组成药材,生地,于己百医生病例集,例二,现代临床
镇肝熄风汤加减化裁,方剂组成药材,牛膝,于己百医生病例集,例二,现代临床
镇肝熄风汤加减化裁,方剂组成药材,代赭石,于己百医生病例集,例二,现代临床
镇肝熄风汤加减化裁,方剂组成药材,菊花,于己百医生病例集,例二,现代临床
镇肝熄风汤加减化裁,方剂组成药材,钩藤,于己百医生病例集,例二,现代临床
镇肝熄风汤加减化裁,方剂组成药材,地龙,于己百医生病例集,例二,现代临床
镇肝熄风汤加减化裁,方剂组成药材,生龙牡,于己百医生病例集,例二,现代临床
镇肝熄风汤加减化裁,方剂组成药材,石决明,于己百医生病例集,例二,现代临床
镇肝熄风汤加减化裁,方剂组成药材,炒麦芽,于己百医生病例集,例二,现代临床
生地,药材具有功效,滋补肝肾之阴,于己百医生病例集,例二,现代临床
牛膝,药材具有功效,引血下行,于己百医生病例集,例二,现代临床
代赭石,药材具有功效,镇肝降逆,于己百医生病例集,例二,现代临床
菊花,药材具有功效,宣散风热,于己百医生病例集,例二,现代临床
高血压病,症状伴随症状,面胫浮肿,于己百医生病例集,例二,现代临床
高血压病,症状伴随症状,夜尿频数,于己百医生病例集,例二,现代临床
高血压病,症状伴随症状,畏寒肢冷,于己百医生病例集,例二,现代临床
高血压病,症状伴随症状,舌淡苔薄白,于己百医生病例集,例二,现代临床
高血压病,症状伴随症状,脉沉细或兼弦,于己百医生病例集,例二,现代临床
肝肾阴虚，肝阳上亢,疾病表现症状,头晕,于己百医生病例集,例一,现代临床
肝肾阴虚，肝阳上亢,疾病表现症状,心慌,于己百医生病例集,例一,现代临床
肝肾阴虚，肝阳上亢,疾病表现症状,两手发麻,于己百医生病例集,例一,现代临床
肝肾阴虚，肝阳上亢,疾病表现症状,腰膝酸软,于己百医生病例集,例一,现代临床
肝肾阴虚，肝阳上亢,疾病导致舌象,舌淡红,于己百医生病例集,例一,现代临床
肝肾阴虚，肝阳上亢,疾病导致舌象,苔白,于己百医生病例集,例一,现代临床
肝肾阴虚，肝阳上亢,疾病导致脉象,脉沉弦,于己百医生病例集,例一,现代临床
镇肝熄风汤加减,方剂组成药材,生地,于己百医生病例集,例一,现代临床
镇肝熄风汤加减,方剂组成药材,牛膝,于己百医生病例集,例一,现代临床
镇肝熄风汤加减,方剂组成药材,代赭石,于己百医生病例集,例一,现代临床
镇肝熄风汤加减,方剂组成药材,菊花,于己百医生病例集,例一,现代临床
镇肝熄风汤加减,方剂组成药材,生龙牡,于己百医生病例集,例一,现代临床
镇肝熄风汤加减,方剂组成药材,茯苓,于己百医生病例集,例一,现代临床
镇肝熄风汤加减,方剂组成药材,桑枝,于己百医生病例集,例一,现代临床
镇肝熄风汤加减,方剂组成药材,鸡血藤,于己百医生病例集,例一,现代临床
镇肝熄风汤加减,方剂组成药材,桑寄生,于己百医生病例集,例一,现代临床
镇肝熄风汤加减,方剂组成药材,杜仲,于己百医生病例集,例一,现代临床
生地,药材具有功效,滋补肝肾,于己百医生病例集,例一,现代临床
牛膝,药材具有功效,滋补肝肾,于己百医生病例集,例一,现代临床
杜仲,药材具有功效,滋补肝肾,于己百医生病例集,例一,现代临床
代赭石,药材具有功效,潜阳熄风,于己百医生病例集,例一,现代临床
菊花,药材具有功效,潜阳熄风,于己百医生病例集,例一,现代临床
茯苓,药材具有功效,养血荣筋,于己百医生病例集,例一,现代临床
鸡血藤,药材具有功效,养血荣筋,于己百医生病例集,例一,现代临床
桑枝,药材具有功效,祛风舒筋,于己百医生病例集,例一,现代临床
钩藤,药材具有功效,祛风舒筋,于己百医生病例集,例一,现代临床
威灵仙,药材具有功效,通络止痛,于己百医生病例集,例一,现代临床
于己百,名医经验总结,治疗肝肾阴虚，肝阳上亢证候，采用滋补肝肾，潜阳熄风，养血荣筋的治法,于己百医生病例集,例一,现代临床
高血压眼底出血,疾病表现症状,头晕目矇,于己百医生病例集,例二,现代临床
高血压眼底出血,疾病表现症状,眼前时有黑点,于己百医生病例集,例二,现代临床
高血压眼底出血,疾病表现症状,失眠多梦,于己百医生病例集,例二,现代临床
高血压眼底出血,疾病表现症状,腰膝酸软,于己百医生病例集,例二,现代临床
高血压眼底出血,疾病表现症状,口干便结,于己百医生病例集,例二,现代临床
高血压眼底出血,疾病导致舌象,舌红苔少,于己百医生病例集,例二,现代临床
高血压眼底出血,疾病导致脉象,脉弦细稍数,于己百医生病例集,例二,现代临床
心肝肾阴虚,证候导致舌象,舌红苔少,于己百医生病例集,例二,现代临床
心肝肾阴虚,证候导致脉象,脉弦细稍数,于己百医生病例集,例二,现代临床
心肝肾阴虚,综合辨证证候,阴虚阳亢,于己百医生病例集,例二,现代临床
心肝肾阴虚,证候采用方剂,镇肝熄风汤合杞菊地黄丸,于己百医生病例集,例二,现代临床
镇肝熄风汤合杞菊地黄丸,方剂组成药材,生地,于己百医生病例集,例二,现代临床
镇肝熄风汤合杞菊地黄丸,方剂组成药材,牛膝,于己百医生病例集,例二,现代临床
镇肝熄风汤合杞菊地黄丸,方剂组成药材,代赭石,于己百医生病例集,例二,现代临床
镇肝熄风汤合杞菊地黄丸,方剂组成药材,菊花,于己百医生病例集,例二,现代临床
镇肝熄风汤合杞菊地黄丸,方剂组成药材,钩藤,于己百医生病例集,例二,现代临床
镇肝熄风汤合杞菊地黄丸,方剂组成药材,地龙,于己百医生病例集,例二,现代临床
镇肝熄风汤合杞菊地黄丸,方剂组成药材,山萸肉,于己百医生病例集,例二,现代临床
镇肝熄风汤合杞菊地黄丸,方剂组成药材,山药,于己百医生病例集,例二,现代临床
镇肝熄风汤合杞菊地黄丸,方剂组成药材,丹皮,于己百医生病例集,例二,现代临床
镇肝熄风汤合杞菊地黄丸,方剂组成药材,茯苓,于己百医生病例集,例二,现代临床
镇肝熄风汤合杞菊地黄丸,方剂组成药材,泽泻,于己百医生病例集,例二,现代临床
镇肝熄风汤合杞菊地黄丸,方剂组成药材,莞蔚子,于己百医生病例集,例二,现代临床
镇肝熄风汤合杞菊地黄丸,方剂组成药材,赤芍,于己百医生病例集,例二,现代临床
镇肝熄风汤合杞菊地黄丸,方剂组成药材,生山楂,于己百医生病例集,例二,现代临床
镇肝熄风汤合杞菊地黄丸,方剂组成药材,炒枣仁,于己百医生病例集,例二,现代临床
生地,药材具有功效,滋阴,于己百医生病例集,例二,现代临床
牛膝,药材具有功效,强筋骨,于己百医生病例集,例二,现代临床
代赭石,药材具有功效,平肝潜阳,于己百医生病例集,例二,现代临床
菊花,药材具有功效,清肝明目,于己百医生病例集,例二,现代临床
钩藤,药材具有功效,平肝息风,于己百医生病例集,例二,现代临床
地龙,药材具有功效,通络,于己百医生病例集,例二,现代临床
山萸肉,药材具有功效,补肝肾,于己百医生病例集,例二,现代临床
山药,药材具有功效,补脾肾,于己百医生病例集,例二,现代临床
丹皮,药材具有功效,清热凉血,于己百医生病例集,例二,现代临床
茯苓,药材具有功效,健脾利湿,于己百医生病例集,例二,现代临床
泽泻,药材具有功效,利水渗湿,于己百医生病例集,例二,现代临床
莞蔚子,药材具有功效,清肝明目,于己百医生病例集,例二,现代临床
赤芍,药材具有功效,活血化瘀,于己百医生病例集,例二,现代临床
生山楂,药材具有功效,消食化积,于己百医生病例集,例二,现代临床
炒枣仁,药材具有功效,安神,于己百医生病例集,例二,现代临床
宋某某病例,临床验证理论,心肝肾阴虚，阴虚阳亢，眼目失养,于己百医生病例集,例二,现代临床
于己百,名医经验总结,治疗高血压眼底出血，采用滋阴潜阳，平肝安神法,于己百医生病例集,例二,现代临床
胸痹心痛,疾病表现症状,胸闷憋气,于己百医生病例集,例三,现代临床
胸痹心痛,疾病表现症状,阵发心痛,于己百医生病例集,例三,现代临床
胸痹心痛,疾病表现症状,面色苍白,于己百医生病例集,例三,现代临床
胸痹心痛,疾病表现症状,倦怠乏力,于己百医生病例集,例三,现代临床
胸痹心痛,疾病表现症状,食欲不振,于己百医生病例集,例三,现代临床
胸痹心痛,疾病导致舌象,舌淡,于己百医生病例集,例三,现代临床
胸痹心痛,疾病导致舌象,苔白腻,于己百医生病例集,例三,现代临床
胸痹心痛,疾病导致脉象,脉沉缓,于己百医生病例集,例三,现代临床
胸痹心痛,疾病导致脉象,脉结代,于己百医生病例集,例三,现代临床
胸痹心痛,证候导致舌象,舌暗尖红,于己百医生病例集,例三,现代临床
胸痹心痛,证候导致舌象,苔薄黄,于己百医生病例集,例三,现代临床
胸痹心痛,证候导致脉象,脉弦滑,于己百医生病例集,例三,现代临床
胸痹心痛,症状辨证证候,肝肾阴虚,于己百医生病例集,例三,现代临床
胸痹心痛,症状辨证证候,阳亢动风,于己百医生病例集,例三,现代临床
胸痹心痛,症状辨证证候,脉涩痰瘀,于己百医生病例集,例三,现代临床
胸痹心痛,症状辨证证候,痹阻心脉,于己百医生病例集,例三,现代临床
胸痹心痛,证候采用方剂,镇肝熄风汤合瓜萎莲白半夏汤,于己百医生病例集,例三,现代临床
镇肝熄风汤合瓜萎莲白半夏汤,方剂组成药材,生地,于己百医生病例集,例三,现代临床
镇肝熄风汤合瓜萎莲白半夏汤,方剂组成药材,牛膝,于己百医生病例集,例三,现代临床
镇肝熄风汤合瓜萎莲白半夏汤,方剂组成药材,代赭石,于己百医生病例集,例三,现代临床
镇肝熄风汤合瓜萎莲白半夏汤,方剂组成药材,菊花,于己百医生病例集,例三,现代临床
镇肝熄风汤合瓜萎莲白半夏汤,方剂组成药材,钩藤,于己百医生病例集,例三,现代临床
镇肝熄风汤合瓜萎莲白半夏汤,方剂组成药材,地龙,于己百医生病例集,例三,现代临床
镇肝熄风汤合瓜萎莲白半夏汤,方剂组成药材,瓜萎,于己百医生病例集,例三,现代临床
镇肝熄风汤合瓜萎莲白半夏汤,方剂组成药材,萩白,于己百医生病例集,例三,现代临床
镇肝熄风汤合瓜萎莲白半夏汤,方剂组成药材,丹参,于己百医生病例集,例三,现代临床
镇肝熄风汤合瓜萎莲白半夏汤,方剂组成药材,元胡,于己百医生病例集,例三,现代临床
镇肝熄风汤合瓜萎莲白半夏汤,方剂组成药材,白芷,于己百医生病例集,例三,现代临床
镇肝熄风汤合瓜萎莲白半夏汤,方剂组成药材,香附,于己百医生病例集,例三,现代临床
镇肝熄风汤合瓜萎莲白半夏汤,方剂组成药材,郁金,于己百医生病例集,例三,现代临床
镇肝熄风汤合瓜萎莲白半夏汤,方剂组成药材,黄精,于己百医生病例集,例三,现代临床
生地,药材具有功效,滋补肝肾之阴,于己百医生病例集,例三,现代临床
牛膝,药材具有功效,滋补肝肾之阴,于己百医生病例集,例三,现代临床
赭石,药材具有功效,平肝潜镇降逆,于己百医生病例集,例三,现代临床
菊花,药材具有功效,平肝潜镇降逆,于己百医生病例集,例三,现代临床
钩藤,药材具有功效,平肝潜镇降逆,于己百医生病例集,例三,现代临床
地龙,药材具有功效,平肝潜镇降逆,于己百医生病例集,例三,现代临床
瓜萎莲白半夏汤,药材具有功效,通阳开结祛痰泄浊,于己百医生病例集,例三,现代临床
郁金,药材具有功效,清化热痰行气祛瘀,于己百医生病例集,例三,现代临床
丹参,药材具有功效,活血化瘀,于己百医生病例集,例三,现代临床
茜草,药材具有功效,活血化瘀,于己百医生病例集,例三,现代临床
香附,药材具有功效,行气散郁,于己百医生病例集,例三,现代临床
胸痹心痛,归属于经典,金匮要略,于己百医生病例集,例三,现代临床
胸痹心痛,归属于经典,内经,于己百医生病例集,例三,现代临床
于己百,名医经验总结,胸痹心痛的治疗,于己百医生病例集,例三,现代临床
胸痹心痛,证候导致舌象,舌淡暗苔薄白,于己百医生病例集,例三,现代临床
胸痹心痛,证候导致脉象,脉沉弦,于己百医生病例集,例三,现代临床
胸痹心痛,症状伴随症状,胸闷憋气,于己百医生病例集,例三,现代临床
胸痹心痛,症状伴随症状,气短,于己百医生病例集,例三,现代临床
胸痹心痛,症状伴随症状,头晕,于己百医生病例集,例三,现代临床
胸痹心痛,症状伴随症状,心前区憋闷疼痛,于己百医生病例集,例三,现代临床
胸痹心痛,症状伴随症状,痛连后背,于己百医生病例集,例三,现代临床
胸痹心痛,症状伴随症状,纳食稍差,于己百医生病例集,例三,现代临床
胸痹心痛,症状伴随症状,形体较胖,于己百医生病例集,例三,现代临床
胸痹心痛,综合辨证证候,年高体弱，胸阳不振，痰瘀阻滞，心脉不畅,于己百医生病例集,例三,现代临床
病窦综合征,疾病表现症状,头晕,于己百医生病例集,例三,现代临床
病窦综合征,疾病表现症状,乏力,于己百医生病例集,例三,现代临床
病窦综合征,疾病表现症状,胸闷,于己百医生病例集,例三,现代临床
病窦综合征,疾病表现症状,气短,于己百医生病例集,例三,现代临床
病窦综合征,疾病表现症状,形寒肢冷,于己百医生病例集,例三,现代临床
病窦综合征,症状伴随症状,心烦失眠,于己百医生病例集,例三,现代临床
病窦综合征,症状伴随症状,晕厥发作,于己百医生病例集,例三,现代临床
病窦综合征,证候导致舌象,舌淡暗,于己百医生病例集,例三,现代临床
病窦综合征,证候导致舌象,苔薄白,于己百医生病例集,例三,现代临床
病窦综合征,证候导致脉象,脉迟缓,于己百医生病例集,例三,现代临床
病窦综合征,综合辨证证候,心气阳虚，升举无力，气滞血瘀,于己百医生病例集,例三,现代临床
急性肾小球肾炎,疾病表现症状,浮肿,于己百医生病例集,例三,现代临床
急性肾小球肾炎,疾病表现症状,血尿,于己百医生病例集,例三,现代临床
急性肾小球肾炎,疾病表现症状,蛋白尿,于己百医生病例集,例三,现代临床
急性肾小球肾炎,疾病表现症状,高血压,于己百医生病例集,例三,现代临床
急性肾小球肾炎,证候导致舌象,舌红苔薄白,于己百医生病例集,例三,现代临床
急性肾小球肾炎,证候导致脉象,脉浮数,于己百医生病例集,例三,现代临床
急性肾小球肾炎,综合辨证证候,风热水肿,于己百医生病例集,例三,现代临床
越婢加术汤,方剂组成药材,麻黄,于己百医生病例集,例三,现代临床
越婢加术汤,方剂组成药材,生姜,于己百医生病例集,例三,现代临床
越婢加术汤,方剂组成药材,石膏,于己百医生病例集,例三,现代临床
越婢加术汤,方剂组成药材,甘草,于己百医生病例集,例三,现代临床
越婢加术汤,方剂组成药材,大枣,于己百医生病例集,例三,现代临床
麻黄,药材具有功效,宣肺解表、散水利湿,于己百医生病例集,例三,现代临床
石膏,药材具有功效,清泄郁热,于己百医生病例集,例三,现代临床
甘草,药材具有功效,补土而和中,于己百医生病例集,例三,现代临床
麻黄连翘赤小豆汤,归属于经典,伤寒论,于己百医生病例集,例三,现代临床
越婢加术汤,归属于经典,金匮要略,于己百医生病例集,例三,现代临床
于己百,名医经验总结,胸痹心痛病因皆为上焦阳虚，阴乘阳位所致,于己百医生病例集,例三,现代临床
于己百,名医经验总结,阳微阴弦之义,于己百医生病例集,例三,现代临床
于己百,名医经验总结,阳虚痰盛型冠心病由阳气虚弱，心血瘀阻，痰湿停滞引起,于己百医生病例集,例三,现代临床
于己百,名医经验总结,治则应立温心阳、畅气血、开痰结为大法,于己百医生病例集,例三,现代临床
于己百,名医经验总结,气为血帅，血为气母，气行则血行，气滞则血瘀,于己百医生病例集,例三,现代临床
于己百,名医经验总结,腑气得降，气机通达，胸阳得展，则胸闷心痛易于缓解,于己百医生病例集,例三,现代临床
于己百,名医经验总结,病窦综合征属于中医学心悸、胸痹、脉迟、头晕等证的范畴,于己百医生病例集,例三,现代临床
于己百,名医经验总结,病窦综合征病因多为心气不足，心阳虚衰，气血运行无力，心脑失于温养,于己百医生病例集,例三,现代临床
于己百,名医经验总结,病窦综合征病机常属阳气虚寒，气血不足，升举无力，阳气不足，气血虚衰为本，血瘀寒凝为标,于己百医生病例集,例三,现代临床
于己百,名医经验总结,急性肾小球肾炎多属风热水肿,于己百医生病例集,例三,现代临床
于己百,名医经验总结,水肿的发生与肺、脾、肾、三焦等脏腑有密切关系,于己百医生病例集,例三,现代临床
于己百,名医经验总结,急性肾小球肾炎即是由于外感风邪、水湿，或是皮肤疮毒入内，使肺气不宣，脾气失运，肾失蒸化，影响水液的通调、转输和气化，导致排泄障碍，潴留体内，泛溢于肌肤而形成水肿,于己百医生病例集,例三,现代临床
急性肾炎,疾病表现症状,上呼吸道感染,于己百医生病例集,例三,现代临床
急性肾炎,疾病表现症状,胞脸或颜面浮肿,于己百医生病例集,例三,现代临床
急性肾炎,疾病表现症状,小便不利,于己百医生病例集,例三,现代临床
急性肾炎,疾病表现症状,量少色深,于己百医生病例集,例三,现代临床
急性肾炎,疾病导致舌象,舌红苔薄白,于己百医生病例集,例三,现代临床
急性肾炎,疾病导致脉象,脉浮数,于己百医生病例集,例三,现代临床
风热水肿,证候导致舌象,舌红苔薄白,于己百医生病例集,例三,现代临床
风热水肿,证候导致脉象,脉浮数,于己百医生病例集,例三,现代临床
越婢加术汤合麻黄连翘赤小豆汤、四苓散,证候采用方剂,风热水肿,于己百医生病例集,例三,现代临床
越婢汤,方剂组成药材,麻黄,于己百医生病例集,例三,现代临床
越婢汤,方剂组成药材,生姜,于己百医生病例集,例三,现代临床
越婢汤,方剂组成药材,石膏,于己百医生病例集,例三,现代临床
越婢汤,方剂组成药材,甘草,于己百医生病例集,例三,现代临床
越婢汤,方剂组成药材,大枣,于己百医生病例集,例三,现代临床
越婢汤,方剂组成药材,白术,于己百医生病例集,例三,现代临床
麻黄,药材具有功效,宣肺解表,于己百医生病例集,例三,现代临床
麻黄,药材具有功效,散水利湿,于己百医生病例集,例三,现代临床
石膏,药材具有功效,清泄郁热,于己百医生病例集,例三,现代临床
甘草,药材具有功效,补土和中,于己百医生病例集,例三,现代临床
麻黄连翘赤小豆汤,方剂组成药材,麻黄,于己百医生病例集,例三,现代临床
麻黄连翘赤小豆汤,方剂组成药材,杏仁,于己百医生病例集,例三,现代临床
麻黄连翘赤小豆汤,方剂组成药材,连翘,于己百医生病例集,例三,现代临床
麻黄连翘赤小豆汤,方剂组成药材,赤小豆,于己百医生病例集,例三,现代临床
麻黄连翘赤小豆汤,方剂组成药材,梓皮,于己百医生病例集,例三,现代临床
四苓散,方剂组成药材,茯苓,于己百医生病例集,例三,现代临床
四苓散,方剂组成药材,泽泻,于己百医生病例集,例三,现代临床
于己百,名医经验总结,急性肾炎治疗,于己百医生病例集,例三,现代临床
慢性肾炎,疾病表现症状,腰痛腿肿,于己百医生病例集,例三,现代临床
慢性肾炎,疾病表现症状,倦怠乏力,于己百医生病例集,例三,现代临床
慢性肾炎,疾病表现症状,食欲不振,于己百医生病例集,例三,现代临床
慢性肾炎,疾病表现症状,腹胀便澹,于己百医生病例集,例三,现代临床
慢性肾炎,疾病导致舌象,舌淡红,于己百医生病例集,例三,现代临床
慢性肾炎,疾病导致舌象,苔薄白,于己百医生病例集,例三,现代临床
慢性肾炎,疾病导致脉象,脉虚缓,于己百医生病例集,例三,现代临床
慢性肾炎,综合辨证证候,脾肾俱虚,于己百医生病例集,例三,现代临床
脾肾俱虚,证候导致舌象,舌淡红,于己百医生病例集,例三,现代临床
脾肾俱虚,证候导致舌象,苔薄白,于己百医生病例集,例三,现代临床
脾肾俱虚,证候导致脉象,脉虚缓,于己百医生病例集,例三,现代临床
脾肾俱虚,证候采用方剂,四君子汤合防己黄茂汤加味,于己百医生病例集,例三,现代临床
四君子汤合防己黄茂汤加味,方剂组成药材,党参,于己百医生病例集,例三,现代临床
四君子汤合防己黄茂汤加味,方剂组成药材,白术,于己百医生病例集,例三,现代临床
四君子汤合防己黄茂汤加味,方剂组成药材,茯苓,于己百医生病例集,例三,现代临床
四君子汤合防己黄茂汤加味,方剂组成药材,炙草,于己百医生病例集,例三,现代临床
四君子汤合防己黄茂汤加味,方剂组成药材,黄茂,于己百医生病例集,例三,现代临床
四君子汤合防己黄茂汤加味,方剂组成药材,防己,于己百医生病例集,例三,现代临床
四君子汤合防己黄茂汤加味,方剂组成药材,泽泻,于己百医生病例集,例三,现代临床
四君子汤合防己黄茂汤加味,方剂组成药材,山药,于己百医生病例集,例三,现代临床
四君子汤合防己黄茂汤加味,方剂组成药材,菟丝子,于己百医生病例集,例三,现代临床
四君子汤合防己黄茂汤加味,方剂组成药材,仙灵脾,于己百医生病例集,例三,现代临床
四君子汤合防己黄茂汤加味,方剂组成药材,车前子,于己百医生病例集,例三,现代临床
四君子汤合防己黄茂汤加味,方剂组成药材,丹参,于己百医生病例集,例三,现代临床
四君子汤合防己黄茂汤加味,方剂组成药材,川断,于己百医生病例集,例三,现代临床
四君子汤合防己黄茂汤加味,方剂组成药材,牛膝,于己百医生病例集,例三,现代临床
党参,药材具有功效,健脾益气,于己百医生病例集,例三,现代临床
白术,药材具有功效,健脾利湿,于己百医生病例集,例三,现代临床
茯苓,药材具有功效,利水渗湿,于己百医生病例集,例三,现代临床
黄茂,药材具有功效,补气固表,于己百医生病例集,例三,现代临床
防己,药材具有功效,利水消肿,于己百医生病例集,例三,现代临床
泽泻,药材具有功效,利水渗湿,于己百医生病例集,例三,现代临床
山药,药材具有功效,健脾补肾,于己百医生病例集,例三,现代临床
菟丝子,药材具有功效,补肾固精,于己百医生病例集,例三,现代临床
仙灵脾,药材具有功效,补肾助阳,于己百医生病例集,例三,现代临床
车前子,药材具有功效,清热利湿,于己百医生病例集,例三,现代临床
丹参,药材具有功效,活血化瘀,于己百医生病例集,例三,现代临床
川断,药材具有功效,补肝肾强筋骨,于己百医生病例集,例三,现代临床
牛膝,药材具有功效,补肝肾强筋骨,于己百医生病例集,例三,现代临床
李某某治疗,临床验证理论,脾肾双补、补脾为主,于己百医生病例集,例三,现代临床
于己百,名医经验总结,脾肾双补、补脾为主,于己百医生病例集,例三,现代临床
慢性肾炎,疾病表现症状,下肢轻度浮肿,于己百医生病例集,例五,现代临床
慢性肾炎,疾病表现症状,腰困,于己百医生病例集,例五,现代临床
慢性肾炎,疾病表现症状,乏力,于己百医生病例集,例五,现代临床
慢性肾炎,疾病表现症状,尿蛋白,于己百医生病例集,例五,现代临床
慢性肾炎,疾病导致舌象,舌红苔薄白,于己百医生病例集,例五,现代临床
慢性肾炎,疾病导致脉象,脉沉细弦,于己百医生病例集,例五,现代临床
慢性肾炎,证候导致舌象,舌红苔薄白,于己百医生病例集,例五,现代临床
慢性肾炎,证候导致脉象,脉沉细弦,于己百医生病例集,例五,现代临床
慢性肾炎,综合辨证证候,脾肾俱虚,于己百医生病例集,例五,现代临床
慢性肾炎,证候导致舌象,舌红苔薄白,于己百医生病例集,例五,现代临床
慢性肾炎,证候导致脉象,脉沉细弦,于己百医生病例集,例五,现代临床
慢性肾炎,证候采用方剂,六味地黄汤加减,于己百医生病例集,例五,现代临床
六味地黄汤加减,方剂组成药材,生地,于己百医生病例集,例五,现代临床
六味地黄汤加减,方剂组成药材,山萸肉,于己百医生病例集,例五,现代临床
六味地黄汤加减,方剂组成药材,山药,于己百医生病例集,例五,现代临床
六味地黄汤加减,方剂组成药材,茯苓,于己百医生病例集,例五,现代临床
六味地黄汤加减,方剂组成药材,泽泻,于己百医生病例集,例五,现代临床
六味地黄汤加减,方剂组成药材,黄芷,于己百医生病例集,例五,现代临床
六味地黄汤加减,方剂组成药材,党参,于己百医生病例集,例五,现代临床
六味地黄汤加减,方剂组成药材,菟丝子,于己百医生病例集,例五,现代临床
六味地黄汤加减,方剂组成药材,金樱子,于己百医生病例集,例五,现代临床
六味地黄汤加减,方剂组成药材,荧实,于己百医生病例集,例五,现代临床
六味地黄汤加减,方剂组成药材,丹参,于己百医生病例集,例五,现代临床
慢性前列腺炎,疾病表现症状,尿频,于己百医生病例集,例五,现代临床
慢性前列腺炎,疾病表现症状,尿急,于己百医生病例集,例五,现代临床
慢性前列腺炎,疾病表现症状,尿痛,于己百医生病例集,例五,现代临床
慢性前列腺炎,疾病表现症状,尿道口常有精液溢出,于己百医生病例集,例五,现代临床
慢性前列腺炎,疾病表现症状,会阴部胀痛,于己百医生病例集,例五,现代临床
慢性前列腺炎,疾病表现症状,腰部酸疼,于己百医生病例集,例五,现代临床
慢性前列腺炎,证候导致舌象,舌暗舌瘀,于己百医生病例集,例五,现代临床
慢性前列腺炎,证候导致脉象,脉象沉涩,于己百医生病例集,例五,现代临床
慢性前列腺炎,综合辨证证候,湿热下注,于己百医生病例集,例五,现代临床
慢性前列腺炎,综合辨证证候,肾气亏虚,于己百医生病例集,例五,现代临床
慢性前列腺炎,综合辨证证候,脉络瘀阻,于己百医生病例集,例五,现代临床
慢性前列腺炎,证候采用方剂,当归贝母苦参丸加味,于己百医生病例集,例五,现代临床
当归贝母苦参丸加味,方剂组成药材,当归,于己百医生病例集,例五,现代临床
当归贝母苦参丸加味,方剂组成药材,浙贝母,于己百医生病例集,例五,现代临床
当归贝母苦参丸加味,方剂组成药材,苦参,于己百医生病例集,例五,现代临床
当归贝母苦参丸加味,方剂组成药材,木通,于己百医生病例集,例五,现代临床
当归贝母苦参丸加味,方剂组成药材,甘草,于己百医生病例集,例五,现代临床
当归贝母苦参丸加味,方剂组成药材,赤芍,于己百医生病例集,例五,现代临床
当归贝母苦参丸加味,方剂组成药材,柴胡,于己百医生病例集,例五,现代临床
当归贝母苦参丸加味,方剂组成药材,连翘,于己百医生病例集,例五,现代临床
当归贝母苦参丸加味,方剂组成药材,赤小豆,于己百医生病例集,例五,现代临床
当归贝母苦参丸加味,方剂组成药材,瞿麦,于己百医生病例集,例五,现代临床
当归贝母苦参丸加味,方剂组成药材,篇蓄,于己百医生病例集,例五,现代临床
当归贝母苦参丸加味,方剂组成药材,滑石,于己百医生病例集,例五,现代临床
当归,药材具有功效,和血散瘀,于己百医生病例集,例五,现代临床
浙贝母,药材具有功效,专治热淋,于己百医生病例集,例五,现代临床
苦参,药材具有功效,清热利湿,于己百医生病例集,例五,现代临床
木通,药材具有功效,清热利湿,于己百医生病例集,例五,现代临床
甘草,药材具有功效,清热利湿,于己百医生病例集,例五,现代临床
连翘,药材具有功效,清热利湿,于己百医生病例集,例五,现代临床
赤小豆,药材具有功效,清热利湿,于己百医生病例集,例五,现代临床
篇蓄,药材具有功效,利尿通淋,于己百医生病例集,例五,现代临床
瞿麦,药材具有功效,利尿通淋,于己百医生病例集,例五,现代临床
滑石,药材具有功效,利尿通淋,于己百医生病例集,例五,现代临床
柴胡,药材具有功效,行气,于己百医生病例集,例五,现代临床
赤芍,药材具有功效,和血,于己百医生病例集,例五,现代临床
于己百,名医经验总结,运用当归贝母苦参丸加味治疗前列腺炎和前列腺肥大,于己百医生病例集,例五,现代临床
前列腺炎,疾病表现症状,尿道口灼热,于己百医生病例集,例一,现代临床
前列腺炎,疾病表现症状,排尿时会阴部胀痛,于己百医生病例集,例一,现代临床
前列腺炎,疾病表现症状,腰膝酸软,于己百医生病例集,例一,现代临床
前列腺炎,疾病表现症状,手足心热,于己百医生病例集,例一,现代临床
前列腺炎,疾病表现症状,口干舌燥,于己百医生病例集,例一,现代临床
前列腺炎,疾病表现症状,大便干结,于己百医生病例集,例一,现代临床
前列腺炎,疾病导致舌象,舌红,于己百医生病例集,例一,现代临床
前列腺炎,疾病导致舌象,苔薄白,于己百医生病例集,例一,现代临床
前列腺炎,疾病导致脉象,脉弦滑,于己百医生病例集,例一,现代临床
前列腺炎,证候导致舌象,舌红,于己百医生病例集,例一,现代临床
前列腺炎,证候导致舌象,苔薄白,于己百医生病例集,例一,现代临床
前列腺炎,证候导致脉象,脉弦滑,于己百医生病例集,例一,现代临床
前列腺炎,症状辨证证候,肾虚兼有湿热,于己百医生病例集,例一,现代临床
前列腺炎,证候采用方剂,当归贝母苦参丸（汤）合知柏地黄汤加减,于己百医生病例集,例一,现代临床
当归贝母苦参丸（汤）合知柏地黄汤加减,方剂组成药材,生地,于己百医生病例集,例一,现代临床
当归贝母苦参丸（汤）合知柏地黄汤加减,方剂组成药材,山萸肉,于己百医生病例集,例一,现代临床
当归贝母苦参丸（汤）合知柏地黄汤加减,方剂组成药材,丹皮,于己百医生病例集,例一,现代临床
当归贝母苦参丸（汤）合知柏地黄汤加减,方剂组成药材,茯苓,于己百医生病例集,例一,现代临床
当归贝母苦参丸（汤）合知柏地黄汤加减,方剂组成药材,泽泻,于己百医生病例集,例一,现代临床
当归贝母苦参丸（汤）合知柏地黄汤加减,方剂组成药材,当归,于己百医生病例集,例一,现代临床
当归贝母苦参丸（汤）合知柏地黄汤加减,方剂组成药材,浙贝母,于己百医生病例集,例一,现代临床
当归贝母苦参丸（汤）合知柏地黄汤加减,方剂组成药材,苦参,于己百医生病例集,例一,现代临床
当归贝母苦参丸（汤）合知柏地黄汤加减,方剂组成药材,连翘,于己百医生病例集,例一,现代临床
当归贝母苦参丸（汤）合知柏地黄汤加减,方剂组成药材,赤小豆,于己百医生病例集,例一,现代临床
当归贝母苦参丸（汤）合知柏地黄汤加减,方剂组成药材,桑寄生,于己百医生病例集,例一,现代临床
当归贝母苦参丸（汤）合知柏地黄汤加减,方剂组成药材,泽兰,于己百医生病例集,例一,现代临床
当归贝母苦参丸（汤）合知柏地黄汤加减,方剂组成药材,牛膝,于己百医生病例集,例一,现代临床
前列腺肥大,疾病表现症状,小便困难,于己百医生病例集,例一,现代临床
前列腺肥大,疾病表现症状,小便次数增多,于己百医生病例集,例一,现代临床
前列腺肥大,疾病表现症状,尿液潴留,于己百医生病例集,例一,现代临床
前列腺肥大,疾病表现症状,慢性尿潴留,于己百医生病例集,例一,现代临床
前列腺肥大,疾病表现症状,尿液自行溢出,于己百医生病例集,例一,现代临床
前列腺肥大,疾病表现症状,夜间遗尿,于己百医生病例集,例一,现代临床
前列腺肥大,疾病表现症状,尿频,于己百医生病例集,例一,现代临床
前列腺肥大,疾病表现症状,尿急,于己百医生病例集,例一,现代临床
前列腺肥大,疾病表现症状,尿痛,于己百医生病例集,例一,现代临床
前列腺肥大,疾病表现症状,尿血,于己百医生病例集,例一,现代临床
前列腺肥大,疾病表现症状,高血压,于己百医生病例集,例一,现代临床
前列腺肥大,归属于经典,类证治裁,于己百医生病例集,例一,现代临床
前列腺肥大,归属于经典,素问,于己百医生病例集,例一,现代临床
前列腺肥大,理论指导实践,膀胱者，州都之官，津液藏焉，气化则能出矣,于己百医生病例集,例一,现代临床
前列腺肥大,症状辨证证候,肾虚气化不及,于己百医生病例集,例一,现代临床
前列腺肥大,症状辨证证候,癥积压迫尿道,于己百医生病例集,例一,现代临床
前列腺肥大,症状辨证证候,膀胱湿热蕴结,于己百医生病例集,例一,现代临床
前列腺肥大,证候采用方剂,当归贝母苦参丸（汤）合导赤散、消瘪丸（汤）加减,于己百医生病例集,例一,现代临床
前列腺肥大,证候采用方剂,济生肾气汤或知柏地黄汤加味,于己百医生病例集,例一,现代临床
前列腺肥大,证候采用方剂,六味地黄丸,于己百医生病例集,例一,现代临床
当归贝母苦参丸（汤）合导赤散、消瘪丸（汤）加减,方剂组成药材,当归,于己百医生病例集,例一,现代临床
当归贝母苦参丸（汤）合导赤散、消瘪丸（汤）加减,方剂组成药材,浙贝母,于己百医生病例集,例一,现代临床
当归贝母苦参丸（汤）合导赤散、消瘪丸（汤）加减,方剂组成药材,苦参,于己百医生病例集,例一,现代临床
当归贝母苦参丸（汤）合导赤散、消瘪丸（汤）加减,方剂组成药材,甘草,于己百医生病例集,例一,现代临床
当归贝母苦参丸（汤）合导赤散、消瘪丸（汤）加减,方剂组成药材,木通,于己百医生病例集,例一,现代临床
当归贝母苦参丸（汤）合导赤散、消瘪丸（汤）加减,方剂组成药材,元参,于己百医生病例集,例一,现代临床
当归贝母苦参丸（汤）合导赤散、消瘪丸（汤）加减,方剂组成药材,生牡蛎,于己百医生病例集,例一,现代临床
当归贝母苦参丸（汤）合导赤散、消瘪丸（汤）加减,方剂组成药材,连翘,于己百医生病例集,例一,现代临床
当归贝母苦参丸（汤）合导赤散、消瘪丸（汤）加减,方剂组成药材,赤小豆,于己百医生病例集,例一,现代临床
当归贝母苦参丸（汤）合导赤散、消瘪丸（汤）加减,方剂组成药材,滑石,于己百医生病例集,例一,现代临床
当归贝母苦参丸（汤）合导赤散、消瘪丸（汤）加减,方剂组成药材,赤芍,于己百医生病例集,例一,现代临床
当归贝母苦参丸（汤）合导赤散、消瘪丸（汤）加减,方剂组成药材,王不留行,于己百医生病例集,例一,现代临床
当归贝母苦参丸（汤）合导赤散、消瘪丸（汤）加减,方剂组成药材,海藻,于己百医生病例集,例一,现代临床
当归贝母苦参丸（汤）合导赤散、消瘪丸（汤）加减,方剂组成药材,夏枯草,于己百医生病例集,例一,现代临床
肝阴不足、肝阳偏亢,疾病表现症状,虚烦难以入睡或入睡后易于惊醒,于己百医生病例集,例二,现代临床
肝阴不足、肝阳偏亢,症状伴随症状,心悸盗汗,于己百医生病例集,例二,现代临床
肝阴不足、肝阳偏亢,症状伴随症状,头昏目眩,于己百医生病例集,例二,现代临床
肝阴不足、肝阳偏亢,症状伴随症状,易惊多梦,于己百医生病例集,例二,现代临床
肝阴不足、肝阳偏亢,症状伴随症状,咽干口燥,于己百医生病例集,例二,现代临床
肝阴不足、肝阳偏亢,疾病导致舌象,舌红,于己百医生病例集,例二,现代临床
肝阴不足、肝阳偏亢,疾病导致脉象,脉弦或细数,于己百医生病例集,例二,现代临床
肝阴不足、肝阳偏亢,证候采用方剂,酸枣仁汤加味,于己百医生病例集,例二,现代临床
酸枣仁汤加味,方剂组成药材,炒枣仁30g,于己百医生病例集,例二,现代临床
酸枣仁汤加味,方剂组成药材,茯苓12g,于己百医生病例集,例二,现代临床
酸枣仁汤加味,方剂组成药材,知母10g,于己百医生病例集,例二,现代临床
酸枣仁汤加味,方剂组成药材,川12g,于己百医生病例集,例二,现代临床
酸枣仁汤加味,方剂组成药材,甘草10g,于己百医生病例集,例二,现代临床
酸枣仁汤加味,方剂组成药材,丹参20g,于己百医生病例集,例二,现代临床
酸枣仁汤加味,方剂组成药材,生龙牡各20g,于己百医生病例集,例二,现代临床
酸枣仁汤加味,方剂组成药材,芍药12g,于己百医生病例集,例二,现代临床
酸枣仁汤加味,方剂组成药材,麦冬12g,于己百医生病例集,例二,现代临床
酸枣仁汤加味,方剂组成药材,五味子10g,于己百医生病例集,例二,现代临床
肾阴亏损、心肾不交,疾病表现症状,失眠健忘,于己百医生病例集,例二,现代临床
肾阴亏损、心肾不交,症状伴随症状,睡卧不安,于己百医生病例集,例二,现代临床
肾阴亏损、心肾不交,症状伴随症状,虚烦心悸,于己百医生病例集,例二,现代临床
肾阴亏损、心肾不交,症状伴随症状,神疲体倦,于己百医生病例集,例二,现代临床
肾阴亏损、心肾不交,症状伴随症状,腰膝酸软,于己百医生病例集,例二,现代临床
肾阴亏损、心肾不交,症状伴随症状,五心烦热,于己百医生病例集,例二,现代临床
肾阴亏损、心肾不交,症状伴随症状,女子梦交,于己百医生病例集,例二,现代临床
肾阴亏损、心肾不交,症状伴随症状,男子遗精,于己百医生病例集,例二,现代临床
肾阴亏损、心肾不交,症状伴随症状,尿赤便干,于己百医生病例集,例二,现代临床
肾阴亏损、心肾不交,疾病导致舌象,舌红少苔,于己百医生病例集,例二,现代临床
肾阴亏损、心肾不交,疾病导致脉象,脉细数,于己百医生病例集,例二,现代临床
肾阴亏损、心肾不交,证候采用方剂,天王补心丹,于己百医生病例集,例二,现代临床
痰湿中阻,疾病表现症状,入睡困难,于己百医生病例集,例二,现代临床
痰湿中阻,症状伴随症状,胃腕胀满,于己百医生病例集,例二,现代临床
痰湿中阻,症状伴随症状,胸闷暖气,于己百医生病例集,例二,现代临床
痰湿中阻,症状伴随症状,腹中不适,于己百医生病例集,例二,现代临床
痰湿中阻,症状伴随症状,纳呆,于己百医生病例集,例二,现代临床
痰湿中阻,症状伴随症状,痰多,于己百医生病例集,例二,现代临床
痰湿中阻,症状伴随症状,大便不爽,于己百医生病例集,例二,现代临床
痰湿中阻,疾病导致舌象,苔腻,于己百医生病例集,例二,现代临床
痰湿中阻,疾病导致脉象,脉滑,于己百医生病例集,例二,现代临床
痰湿中阻,证候采用方剂,温胆汤加味,于己百医生病例集,例二,现代临床
温胆汤加味,方剂组成药材,半夏10g,于己百医生病例集,例二,现代临床
温胆汤加味,方剂组成药材,陈皮10g,于己百医生病例集,例二,现代临床
温胆汤加味,方剂组成药材,茯苓12g,于己百医生病例集,例二,现代临床
温胆汤加味,方剂组成药材,炙草10g,于己百医生病例集,例二,现代临床
温胆汤加味,方剂组成药材,生姜10g,于己百医生病例集,例二,现代临床
温胆汤加味,方剂组成药材,竹茹10g,于己百医生病例集,例二,现代临床
温胆汤加味,方剂组成药材,枳实10g,于己百医生病例集,例二,现代临床
温胆汤加味,方剂组成药材,炒枣仁30g,于己百医生病例集,例二,现代临床
温胆汤加味,方剂组成药材,生龙骨20g,于己百医生病例集,例二,现代临床
温胆汤加味,方剂组成药材,神曲15g,于己百医生病例集,例二,现代临床
温胆汤加味,方剂组成药材,焦楂15g,于己百医生病例集,例二,现代临床
温胆汤加味,方剂组成药材,天竺黄12g,于己百医生病例集,例二,现代临床
温胆汤加味,方剂组成药材,石菖蒲12g,于己百医生病例集,例二,现代临床
酸枣仁,药材具有功效,养心补肝、宁心安神,于己百医生病例集,例二,现代临床
茯苓,药材具有功效,宁心安神,于己百医生病例集,例二,现代临床
知母,药材具有功效,滋阴清热,于己百医生病例集,例二,现代临床
川芎,药材具有功效,调畅气机、疏达肝气,于己百医生病例集,例二,现代临床
甘草,药材具有功效,调和诸药,于己百医生病例集,例二,现代临床
酸枣仁汤,归属于经典,仲景,于己百医生病例集,例二,现代临床
安神丸,方剂组成药材,朱砂,于己百医生病例集,例二,现代临床
安神丸,方剂组成药材,黄连,于己百医生病例集,例二,现代临床
安神丸,方剂组成药材,生地,于己百医生病例集,例二,现代临床
安神丸,方剂组成药材,当归,于己百医生病例集,例二,现代临床
安神丸,方剂组成药材,炙草,于己百医生病例集,例二,现代临床
安神丸,药材具有功效,养阴补血、清热安神,于己百医生病例集,例二,现代临床
归脾汤,证候采用方剂,神经官能症,于己百医生病例集,例二,现代临床
归脾汤,方剂组成药材,补心血,于己百医生病例集,例二,现代临床
归脾汤,方剂组成药材,益脾气,于己百医生病例集,例二,现代临床
川芎,名医经验总结,于己百,于己百医生病例集,例二,现代临床
酸枣仁汤,名医经验总结,于己百,于己百医生病例集,例二,现代临床
安神丸,名医经验总结,于己百,于己百医生病例集,例二,现代临床
归脾汤,名医经验总结,于己百,于己百医生病例集,例二,现代临床
失眠,疾病表现症状,多梦易醒,于己百医生病例集,例一,现代临床
失眠,疾病表现症状,醒后难以入睡,于己百医生病例集,例一,现代临床
失眠,症状伴随症状,神疲乏力,于己百医生病例集,例一,现代临床
失眠,症状伴随症状,头晕心慌,于己百医生病例集,例一,现代临床
失眠,症状伴随症状,食欲不振,于己百医生病例集,例一,现代临床
失眠,症状伴随症状,大便干稀不调,于己百医生病例集,例一,现代临床
屈某某,舌象表现特征,舌淡,于己百医生病例集,例一,现代临床
屈某某,脉象表现特征,脉弱,于己百医生病例集,例一,现代临床
屈某某,症状辨证证候,思虑过度,于己百医生病例集,例一,现代临床
思虑过度,证候导致舌象,舌淡,于己百医生病例集,例一,现代临床
思虑过度,证候导致脉象,脉弱,于己百医生病例集,例一,现代临床
思虑过度,证候采用方剂,归脾汤合酸枣仁汤加减,于己百医生病例集,例一,现代临床
归脾汤合酸枣仁汤加减,方剂组成药材,党参,于己百医生病例集,例一,现代临床
归脾汤合酸枣仁汤加减,方剂组成药材,白术,于己百医生病例集,例一,现代临床
归脾汤合酸枣仁汤加减,方剂组成药材,茯神,于己百医生病例集,例一,现代临床
归脾汤合酸枣仁汤加减,方剂组成药材,炙草,于己百医生病例集,例一,现代临床
归脾汤合酸枣仁汤加减,方剂组成药材,黄芪,于己百医生病例集,例一,现代临床
归脾汤合酸枣仁汤加减,方剂组成药材,当归,于己百医生病例集,例一,现代临床
归脾汤合酸枣仁汤加减,方剂组成药材,远志,于己百医生病例集,例一,现代临床
归脾汤合酸枣仁汤加减,方剂组成药材,炒枣仁,于己百医生病例集,例一,现代临床
归脾汤合酸枣仁汤加减,方剂组成药材,木香,于己百医生病例集,例一,现代临床
归脾汤合酸枣仁汤加减,方剂组成药材,川芎,于己百医生病例集,例一,现代临床
归脾汤合酸枣仁汤加减,方剂组成药材,知母,于己百医生病例集,例一,现代临床
归脾汤合酸枣仁汤加减,方剂组成药材,五味子,于己百医生病例集,例一,现代临床
归脾汤合酸枣仁汤加减,方剂组成药材,首乌藤,于己百医生病例集,例一,现代临床
归脾汤合酸枣仁汤加减,方剂组成药材,生龙骨,于己百医生病例集,例一,现代临床
归脾汤合酸枣仁汤加减,方剂组成药材,生牡蛎,于己百医生病例集,例一,现代临床
归脾汤合酸枣仁汤加减,方剂组成药材,姜黄,于己百医生病例集,例一,现代临床
归脾汤合酸枣仁汤加减,方剂组成药材,陈皮,于己百医生病例集,例一,现代临床
屈某某,临床验证理论,思虑过度,于己百医生病例集,例一,现代临床
于己百,名医经验总结,屈某某病例,于己百医生病例集,例一,现代临床
心肝阴血亏虚火热偏盛,疾病表现症状,失眠,于己百医生病例集,例二,现代临床
心肝阴血亏虚火热偏盛,疾病导致舌象,舌淡暗尖红,于己百医生病例集,例二,现代临床
心肝阴血亏虚火热偏盛,疾病导致脉象,脉弦滑稍数,于己百医生病例集,例二,现代临床
心肝阴血亏虚火热偏盛,证候采用方剂,安神丸（汤）合酸枣仁汤加减,于己百医生病例集,例二,现代临床
安神丸（汤）合酸枣仁汤加减,方剂组成药材,"丹参30g,生地20g,黄连10g,知母12g,炒枣仁30g,茯神10g,川萼10g,甘草10g,首乌藤30g,生龙牡各30g,僵蚕12g,天竺黄12g,姜黄10g,磁石30g",于己百医生病例集,例二,现代临床
血管神经性头痛,疾病表现症状,头痛反复发作,于己百医生病例集,例二,现代临床
血管神经性头痛,症状伴随症状,头痛头晕,于己百医生病例集,例二,现代临床
血管神经性头痛,症状伴随症状,倦怠乏力,于己百医生病例集,例二,现代临床
血管神经性头痛,症状伴随症状,性情急躁,于己百医生病例集,例二,现代临床
血管神经性头痛,症状伴随症状,胁肋胀满,于己百医生病例集,例二,现代临床
血管神经性头痛,症状伴随症状,夜卧不安,于己百医生病例集,例二,现代临床
血管神经性头痛,症状伴随症状,口苦便干,于己百医生病例集,例二,现代临床
血管神经性头痛,证候导致舌象,舌红苔薄白,于己百医生病例集,例二,现代临床
血管神经性头痛,证候导致脉象,脉沉弦,于己百医生病例集,例二,现代临床
血管神经性头痛,证候采用方剂,川萼茶调散（汤）加味,于己百医生病例集,例二,现代临床
川萼茶调散（汤）加味,方剂组成药材,"荆芥10g,防风10g,羌活12g,白芷12g,细辛10g,川萼12g,炙草10g,菊花12g,蔓荆子12g,荒蔚子12g,元胡12g,全蝎6g,螟蚣2条，枳实10g",于己百医生病例集,例二,现代临床
痛风,疾病表现症状,关节剧痛,于己百医生病例集,例二,现代临床
痛风,症状伴随症状,常在夜半疼醒,于己百医生病例集,例二,现代临床
痛风,症状伴随症状,局部红肿发热和压痛,于己百医生病例集,例二,现代临床
痛风,疾病导致舌象,无明确舌象,于己百医生病例集,例二,现代临床
痛风,疾病导致脉象,无明确脉象,于己百医生病例集,例二,现代临床
痛风,证候采用方剂,茵陈五苓散加减,于己百医生病例集,例二,现代临床
茵陈五苓散加减,方剂组成药材,"土茯苓30-60g,茯苓、猪苓、泽泻、茵陈、革蘇、滑石、茅根各15-30g,防己10-15g,丹参15-30g,牛膝15-20g,元胡12-15g,芍药甘草汤,黄苗20-30g",于己百医生病例集,例二,现代临床
于己百,名医经验总结,治疗血管神经性头痛立疏肝解郁、平肝潜阳、祛风活血之法,于己百医生病例集,例二,现代临床
于己百,名医经验总结,治疗痛风病应按湿浊凝聚，血气不清论治,于己百医生病例集,例二,现代临床
类风湿性关节炎,疾病表现症状,双手指间关节变形,于己百医生病例集,例二,现代临床
类风湿性关节炎,疾病表现症状,疼痛加重,于己百医生病例集,例二,现代临床
类风湿性关节炎,疾病表现症状,晨僵,于己百医生病例集,例二,现代临床
类风湿性关节炎,疾病表现症状,双手指间关节肿胀,于己百医生病例集,例二,现代临床
类风湿性关节炎,疾病表现症状,手指挛缩呈爪形,于己百医生病例集,例二,现代临床
类风湿性关节炎,疾病表现症状,肌肉萎缩,于己百医生病例集,例二,现代临床
类风湿性关节炎,疾病表现症状,全身乏力,于己百医生病例集,例二,现代临床
类风湿性关节炎,疾病表现症状,口干便结,于己百医生病例集,例二,现代临床
痹证日久,证候导致舌象,舌红苔少,于己百医生病例集,例二,现代临床
痹证日久,证候导致脉象,脉细数,于己百医生病例集,例二,现代临床
子宫肌瘤,疾病表现症状,阴道不规则出血,于己百医生病例集,例二,现代临床
子宫肌瘤,疾病表现症状,月经过多,于己百医生病例集,例二,现代临床
子宫肌瘤,疾病表现症状,经期延长,于己百医生病例集,例二,现代临床
子宫肌瘤,疾病表现症状,白带增多,于己百医生病例集,例二,现代临床
子宫肌瘤,疾病表现症状,小腹刺痛,于己百医生病例集,例二,现代临床
子宫肌瘤,疾病表现症状,贫血,于己百医生病例集,例二,现代临床
子宫肌瘤,疾病表现症状,尿频,于己百医生病例集,例二,现代临床
子宫肌瘤,疾病表现症状,尿急,于己百医生病例集,例二,现代临床
子宫肌瘤,疾病表现症状,便秘,于己百医生病例集,例二,现代临床
子宫肌瘤,疾病表现症状,口唇溃疡,于己百医生病例集,例二,现代临床
子宫肌瘤,疾病表现症状,烦躁不安,于己百医生病例集,例二,现代临床
子宫肌瘤,疾病导致舌象,舌质暗红,于己百医生病例集,例二,现代临床
子宫肌瘤,疾病导致舌象,舌边有瘀点,于己百医生病例集,例二,现代临床
子宫肌瘤,疾病导致脉象,脉沉弦涩,于己百医生病例集,例二,现代临床
子宫肌瘤,证候采用方剂,桂枝茯苓丸,于己百医生病例集,例二,现代临床
桂枝茯苓丸,方剂组成药材,桂枝,于己百医生病例集,例二,现代临床
桂枝茯苓丸,方剂组成药材,茯苓,于己百医生病例集,例二,现代临床
桂枝茯苓丸,方剂组成药材,丹皮,于己百医生病例集,例二,现代临床
桂枝茯苓丸,方剂组成药材,桃仁,于己百医生病例集,例二,现代临床
桂枝茯苓丸,方剂组成药材,芍药,于己百医生病例集,例二,现代临床
桂枝,药材具有功效,温通血脉,于己百医生病例集,例二,现代临床
桂枝,药材具有功效,透达营卫,于己百医生病例集,例二,现代临床
桂枝,药材具有功效,振奋气血,于己百医生病例集,例二,现代临床
芍药,药材具有功效,调营和阴,于己百医生病例集,例二,现代临床
芍药,药材具有功效,行散血滞,于己百医生病例集,例二,现代临床
芍药,药材具有功效,缓急止痛,于己百医生病例集,例二,现代临床
丹皮,药材具有功效,活血消瘀,于己百医生病例集,例二,现代临床
丹皮,药材具有功效,凉血不致瘀滞,于己百医生病例集,例二,现代临床
丹皮,药材具有功效,活血不致妄行,于己百医生病例集,例二,现代临床
桃仁,药材具有功效,化瘀行血,于己百医生病例集,例二,现代临床
桃仁,药材具有功效,协桂枝入阴通阳,于己百医生病例集,例二,现代临床
桃仁,药材具有功效,助丹芍活血行滞,于己百医生病例集,例二,现代临床
茯苓,药材具有功效,淡渗利导,于己百医生病例集,例二,现代临床
茯苓,药材具有功效,安正益气,于己百医生病例集,例二,现代临床
乳腺增生病,疾病表现症状,乳房疼痛,于己百医生病例集,例二,现代临床
乳腺增生病,疾病表现症状,出现肿块,于己百医生病例集,例二,现代临床
乳腺增生病,症状伴随症状,乳痛和肿块与月经周期及情志变化密切相关,于己百医生病例集,例二,现代临床
乳腺增生病,疾病表现症状,烦躁易怒,于己百医生病例集,例二,现代临床
乳腺增生病,疾病表现症状,胸胁胀满,于己百医生病例集,例二,现代临床
乳腺增生病,疾病表现症状,善太息,于己百医生病例集,例二,现代临床
乳腺增生病,疾病表现症状,口苦,于己百医生病例集,例二,现代临床
乳腺增生病,症状伴随症状,月经前肿块增大、胀痛,于己百医生病例集,例二,现代临床
乳腺增生病,症状伴随症状,经后自觉肿块缩小，疼痛减轻或消失,于己百医生病例集,例二,现代临床
乳腺增生病,症状伴随症状,妊娠期结块可迅速增大，分娩后则缩小,于己百医生病例集,例二,现代临床
乳腺增生病,疾病表现症状,乳房疼痛,于己百医生病例集,例二,现代临床
乳腺增生病,疾病表现症状,乳房肿块,于己百医生病例集,例二,现代临床
乳腺增生病,症状伴随症状,乳痛和肿块与月经周期及情志变化密切相关,于己百医生病例集,例二,现代临床
乳腺增生病,症状伴随症状,情绪郁闷或是行经期间两乳发胀,于己百医生病例集,例二,现代临床
乳腺增生病,症状伴随症状,肿块刺痛,于己百医生病例集,例二,现代临床
乳腺增生病,症状伴随症状,烦躁易怒,于己百医生病例集,例二,现代临床
乳腺增生病,症状伴随症状,胸胁胀满,于己百医生病例集,例二,现代临床
乳腺增生病,症状伴随症状,善太息,于己百医生病例集,例二,现代临床
乳腺增生病,症状伴随症状,口苦,于己百医生病例集,例二,现代临床
乳腺增生病,疾病导致舌象,舌质暗红,于己百医生病例集,例二,现代临床
乳腺增生病,疾病导致舌象,有瘀点,于己百医生病例集,例二,现代临床
乳腺增生病,疾病导致舌象,苔薄白,于己百医生病例集,例二,现代临床
乳腺增生病,疾病导致脉象,脉象沉弦涩,于己百医生病例集,例二,现代临床
乳腺增生病,证候导致舌象,瘀痰凝聚,于己百医生病例集,例二,现代临床
乳腺增生病,证候导致舌象,日久成癥,于己百医生病例集,例二,现代临床
乳腺增生病,证候导致脉象,沉弦涩,于己百医生病例集,例二,现代临床
乳腺增生病,症状辨证证候,瘀痰凝聚,于己百医生病例集,例二,现代临床
乳腺增生病,症状辨证证候,日久成癥,于己百医生病例集,例二,现代临床
乳腺增生病,综合辨证证候,瘀痰凝聚，日久成癥,于己百医生病例集,例二,现代临床
乳腺增生病,证候采用方剂,桂枝茯苓丸加味,于己百医生病例集,例二,现代临床
桂枝茯苓丸加味,方剂组成药材,桂枝,于己百医生病例集,例二,现代临床
桂枝茯苓丸加味,方剂组成药材,茯苓,于己百医生病例集,例二,现代临床
桂枝茯苓丸加味,方剂组成药材,丹皮,于己百医生病例集,例二,现代临床
桂枝茯苓丸加味,方剂组成药材,赤芍,于己百医生病例集,例二,现代临床
桂枝茯苓丸加味,方剂组成药材,桃仁,于己百医生病例集,例二,现代临床
桂枝茯苓丸加味,方剂组成药材,三棱,于己百医生病例集,例二,现代临床
桂枝茯苓丸加味,方剂组成药材,莪术,于己百医生病例集,例二,现代临床
桂枝茯苓丸加味,方剂组成药材,红花,于己百医生病例集,例二,现代临床
桂枝茯苓丸加味,方剂组成药材,鳖甲,于己百医生病例集,例二,现代临床
桂枝茯苓丸加味,方剂组成药材,海藻,于己百医生病例集,例二,现代临床
桂枝茯苓丸加味,方剂组成药材,昆布,于己百医生病例集,例二,现代临床
桂枝茯苓丸加味,方剂组成药材,夏枯草,于己百医生病例集,例二,现代临床
桂枝茯苓丸加味,方剂组成药材,生牡蛎,于己百医生病例集,例二,现代临床
桂枝茯苓丸加味,方剂组成药材,浙贝,于己百医生病例集,例二,现代临床
桂枝茯苓丸加味,方剂组成药材,郁金,于己百医生病例集,例二,现代临床
桂枝茯苓丸加味,方剂组成药材,瓜萎,于己百医生病例集,例二,现代临床
桂枝茯苓丸加味,方剂组成药材,路路通,于己百医生病例集,例二,现代临床
桂枝茯苓丸加味,方剂组成药材,漏芦,于己百医生病例集,例二,现代临床
桂枝茯苓丸加味,方剂组成药材,王不留行,于己百医生病例集,例二,现代临床
桂枝,药材具有功效,通脉,于己百医生病例集,例二,现代临床
茯苓,药材具有功效,健脾渗湿,于己百医生病例集,例二,现代临床
丹皮,药材具有功效,活血祛瘀,于己百医生病例集,例二,现代临床
赤芍,药材具有功效,活血祛瘀,于己百医生病例集,例二,现代临床
桃仁,药材具有功效,润燥破血散结,于己百医生病例集,例二,现代临床
外阴白斑,疾病表现症状,外阴奇痒难忍,于己百医生病例集,例二,现代临床
外阴白斑,疾病表现症状,皮肤、粘膜色素脱失变白,于己百医生病例集,例二,现代临床
外阴白斑,疾病表现症状,皮肤、粘膜逐渐粗硬肥厚或萎缩变薄,于己百医生病例集,例二,现代临床
外阴白斑,疾病表现症状,脱屑穀裂,于己百医生病例集,例二,现代临床
外阴白斑,疾病表现症状,抓破后可有红肿,于己百医生病例集,例二,现代临床
外阴白斑,疾病表现症状,溃烂滋水,于己百医生病例集,例二,现代临床
外阴白斑,疾病表现症状,日久不愈可呈枯白色,于己百医生病例集,例二,现代临床
外阴白斑,疾病表现症状,严重者干燥枯萎清冷,于己百医生病例集,例二,现代临床
外阴白斑,归属于经典,诸病源候论,于己百医生病例集,例二,现代临床
外阴白斑,归属于经典,素问,于己百医生病例集,例二,现代临床
外阴白斑,归属于经典,杂病源流犀烛,于己百医生病例集,例二,现代临床
于己百,名医经验总结,乳腺增生病的治疗经验,于己百医生病例集,例二,现代临床
于己百,名医经验总结,外阴白斑的治疗经验,于己百医生病例集,例二,现代临床
皮痹,疾病表现症状,皮肤干燥,于己百医生病例集,例二,现代临床
皮痹,疾病表现症状,缺乏弹性,于己百医生病例集,例二,现代临床
皮痹,疾病表现症状,冰凉清冷,于己百医生病例集,例二,现代临床
皮痹,疾病表现症状,皮肤硬化,于己百医生病例集,例二,现代临床
外阴白斑,症状伴随症状,皮肤粘膜肥厚增粗,于己百医生病例集,例二,现代临床
外阴白斑,症状伴随症状,萎缩硬化,于己百医生病例集,例二,现代临床
外阴白斑,症状伴随症状,瘙痒,于己百医生病例集,例二,现代临床
外阴白斑,疾病导致舌象,舌质暗红,于己百医生病例集,例二,现代临床
外阴白斑,疾病导致舌象,有瘀点,于己百医生病例集,例二,现代临床
外阴白斑,疾病导致舌象,苔薄白,于己百医生病例集,例二,现代临床
外阴白斑,疾病导致脉象,脉象弦细涩,于己百医生病例集,例二,现代临床
瘀阻阴器,证候导致舌象,舌质暗红,于己百医生病例集,例二,现代临床
瘀阻阴器,证候导致舌象,有瘀点,于己百医生病例集,例二,现代临床
瘀阻阴器,证候导致舌象,苔薄白,于己百医生病例集,例二,现代临床
瘀阻阴器,证候导致脉象,脉象弦细涩,于己百医生病例集,例二,现代临床
血虚寒凝,证候导致舌象,舌淡暗,于己百医生病例集,例二,现代临床
血虚寒凝,证候导致舌象,苔薄白,于己百医生病例集,例二,现代临床
血虚寒凝,证候导致脉象,脉沉迟无力,于己百医生病例集,例二,现代临床
血虚寒凝、肝郁气滞,证候导致舌象,舌淡暗尖红,于己百医生病例集,例二,现代临床
血虚寒凝、肝郁气滞,证候导致舌象,苔薄白,于己百医生病例集,例二,现代临床
血虚寒凝、肝郁气滞,证候导致脉象,脉弦滑,于己百医生病例集,例二,现代临床
寒凝血瘀,证候导致舌象,舌淡暗,于己百医生病例集,例二,现代临床
寒凝血瘀,证候导致舌象,苔白滑,于己百医生病例集,例二,现代临床
寒凝血瘀,证候导致脉象,脉弦滑,于己百医生病例集,例二,现代临床
瘀阻阴器,症状辨证证候,外阴失养,于己百医生病例集,例二,现代临床
外阴白斑,综合辨证证候,血瘀导致血虚,于己百医生病例集,例二,现代临床
外阴白斑,综合辨证证候,血虚失养,于己百医生病例集,例二,现代临床
外阴白斑,综合辨证证候,化燥生风,于己百医生病例集,例二,现代临床
瘀阻阴器,证候采用方剂,桂枝茯苓丸加味,于己百医生病例集,例二,现代临床
桂枝茯苓丸加味,方剂组成药材,桂枝,于己百医生病例集,例二,现代临床
桂枝茯苓丸加味,方剂组成药材,茯苓,于己百医生病例集,例二,现代临床
桂枝茯苓丸加味,方剂组成药材,丹皮,于己百医生病例集,例二,现代临床
桂枝茯苓丸加味,方剂组成药材,赤芍,于己百医生病例集,例二,现代临床
桂枝茯苓丸加味,方剂组成药材,桃仁,于己百医生病例集,例二,现代临床
桂枝茯苓丸加味,方剂组成药材,红花,于己百医生病例集,例二,现代临床
桂枝茯苓丸加味,方剂组成药材,三棱,于己百医生病例集,例二,现代临床
桂枝茯苓丸加味,方剂组成药材,莪术,于己百医生病例集,例二,现代临床
桂枝茯苓丸加味,方剂组成药材,鳖甲,于己百医生病例集,例二,现代临床
桂枝茯苓丸加味,方剂组成药材,海藻,于己百医生病例集,例二,现代临床
桂枝茯苓丸加味,方剂组成药材,昆布,于己百医生病例集,例二,现代临床
桂枝茯苓丸加味,方剂组成药材,生牡蛎,于己百医生病例集,例二,现代临床
桂枝茯苓丸加味,方剂组成药材,黄芷,于己百医生病例集,例二,现代临床
桂枝茯苓丸加味,方剂组成药材,当归,于己百医生病例集,例二,现代临床
桂枝茯苓丸加味,方剂组成药材,生首乌,于己百医生病例集,例二,现代临床
桂枝茯苓丸加味,方剂组成药材,白羨藜,于己百医生病例集,例二,现代临床
桂枝,药材具有功效,活血化瘀通络,于己百医生病例集,例二,现代临床
红花,药材具有功效,活血通络,于己百医生病例集,例二,现代临床
三棱,药材具有功效,活血通络,于己百医生病例集,例二,现代临床
莪术,药材具有功效,活血通络,于己百医生病例集,例二,现代临床
海藻,药材具有功效,软坚消癥,于己百医生病例集,例二,现代临床
昆布,药材具有功效,软坚消癥,于己百医生病例集,例二,现代临床
鳖甲,药材具有功效,软坚消癥,于己百医生病例集,例二,现代临床
生牡蛎,药材具有功效,软坚消癥,于己百医生病例集,例二,现代临床
黄芷,药材具有功效,益气养血,于己百医生病例集,例二,现代临床
当归,药材具有功效,益气养血,于己百医生病例集,例二,现代临床
生首乌,药材具有功效,滋补肝肾之阴,于己百医生病例集,例二,现代临床
白羨藜,药材具有功效,祛风止痒,于己百医生病例集,例二,现代临床
温经汤,归属于经典,金匮要略,于己百医生病例集,例二,现代临床
于己百,名医经验总结,治疗外阴白斑时，即以活血化瘀通络为主，兼以养血润燥祛风立法；方选桂枝茯苓丸加味治之,于己百医生病例集,例二,现代临床
痛经,疾病表现症状,面白唇青,于己百医生病例集,例二,现代临床
痛经,疾病表现症状,疼痛难忍,于己百医生病例集,例二,现代临床
痛经,疾病导致舌象,舌淡暗,于己百医生病例集,例二,现代临床
痛经,疾病导致舌象,苔白滑,于己百医生病例集,例二,现代临床
痛经,疾病导致脉象,脉弦滑,于己百医生病例集,例二,现代临床
痛经,证候导致舌象,舌淡暗,于己百医生病例集,例二,现代临床
痛经,证候导致舌象,苔白滑,于己百医生病例集,例二,现代临床
痛经,证候导致脉象,脉弦滑,于己百医生病例集,例二,现代临床
痛经,综合辨证证候,寒凝血瘀,于己百医生病例集,例二,现代临床
寒凝血瘀,证候采用方剂,温经汤,于己百医生病例集,例二,现代临床
温经汤,方剂组成药材,当归,于己百医生病例集,例二,现代临床
温经汤,方剂组成药材,芍药,于己百医生病例集,例二,现代临床
温经汤,方剂组成药材,川苓,于己百医生病例集,例二,现代临床
温经汤,方剂组成药材,桂枝,于己百医生病例集,例二,现代临床
温经汤,方剂组成药材,炙草,于己百医生病例集,例二,现代临床
温经汤,方剂组成药材,吴茱萸,于己百医生病例集,例二,现代临床
温经汤,方剂组成药材,丹皮,于己百医生病例集,例二,现代临床
温经汤,方剂组成药材,麦冬,于己百医生病例集,例二,现代临床
温经汤,方剂组成药材,香附,于己百医生病例集,例二,现代临床
温经汤,方剂组成药材,益母草,于己百医生病例集,例二,现代临床
温经汤,方剂组成药材,小茴香,于己百医生病例集,例二,现代临床
温经汤,方剂组成药材,细辛,于己百医生病例集,例二,现代临床
不孕症,疾病表现症状,月经不调,于己百医生病例集,例二,现代临床
不孕症,疾病表现症状,月经周期错后,于己百医生病例集,例二,现代临床
不孕症,疾病表现症状,行经量少,于己百医生病例集,例二,现代临床
不孕症,疾病表现症状,色暗,于己百医生病例集,例二,现代临床
不孕症,疾病表现症状,有血块,于己百医生病例集,例二,现代临床
不孕症,疾病表现症状,不定时小腹疼痛,于己百医生病例集,例二,现代临床
不孕症,疾病导致舌象,舌淡暗,于己百医生病例集,例二,现代临床
不孕症,疾病导致舌象,苔薄白,于己百医生病例集,例二,现代临床
不孕症,疾病导致脉象,脉弦滑,于己百医生病例集,例二,现代临床
不孕症,证候导致舌象,舌淡暗,于己百医生病例集,例二,现代临床
不孕症,证候导致舌象,苔薄白,于己百医生病例集,例二,现代临床
不孕症,证候导致脉象,脉弦滑,于己百医生病例集,例二,现代临床
不孕症,综合辨证证候,冲任虚寒,于己百医生病例集,例二,现代临床
冲任虚寒,证候采用方剂,温经汤加减,于己百医生病例集,例二,现代临床
温经汤加减,方剂组成药材,当归,于己百医生病例集,例二,现代临床
温经汤加减,方剂组成药材,芍药,于己百医生病例集,例二,现代临床
温经汤加减,方剂组成药材,川萼,于己百医生病例集,例二,现代临床
温经汤加减,方剂组成药材,桂枝,于己百医生病例集,例二,现代临床
温经汤加减,方剂组成药材,炙草,于己百医生病例集,例二,现代临床
温经汤加减,方剂组成药材,生姜,于己百医生病例集,例二,现代临床
温经汤加减,方剂组成药材,吴茱萸,于己百医生病例集,例二,现代临床
温经汤加减,方剂组成药材,党参,于己百医生病例集,例二,现代临床
温经汤加减,方剂组成药材,丹皮,于己百医生病例集,例二,现代临床
温经汤加减,方剂组成药材,麦冬,于己百医生病例集,例二,现代临床
温经汤加减,方剂组成药材,半夏,于己百医生病例集,例二,现代临床
温经汤加减,方剂组成药材,香附,于己百医生病例集,例二,现代临床
温经汤加减,方剂组成药材,益母草,于己百医生病例集,例二,现代临床
温经汤加减,方剂组成药材,鹿角胶,于己百医生病例集,例二,现代临床
温经汤加减,方剂组成药材,小茴香,于己百医生病例集,例二,现代临床
温经汤加减,方剂组成药材,台乌,于己百医生病例集,例二,现代临床
崩漏,疾病表现症状,月经色淡红,于己百医生病例集,例二,现代临床
崩漏,疾病表现症状,量较多,于己百医生病例集,例二,现代临床
崩漏,疾病表现症状,头晕眼戒,于己百医生病例集,例二,现代临床
崩漏,疾病表现症状,神疲体倦,于己百医生病例集,例二,现代临床
崩漏,疾病表现症状,心悸心慌,于己百医生病例集,例二,现代临床
崩漏,疾病导致舌象,舌淡苔薄白,于己百医生病例集,例二,现代临床
崩漏,疾病导致脉象,脉细数,于己百医生病例集,例二,现代临床
崩漏,证候导致舌象,舌淡苔薄白,于己百医生病例集,例二,现代临床
崩漏,证候导致脉象,脉细数,于己百医生病例集,例二,现代临床
崩漏,综合辨证证候,脾虚气陷,于己百医生病例集,例二,现代临床
脾虚气陷,证候采用方剂,补中益气汤,于己百医生病例集,例二,现代临床
补中益气汤,方剂组成药材,黄芷,于己百医生病例集,例二,现代临床
补中益气汤,方剂组成药材,党参,于己百医生病例集,例二,现代临床
补中益气汤,方剂组成药材,白术,于己百医生病例集,例二,现代临床
补中益气汤,方剂组成药材,炙草,于己百医生病例集,例二,现代临床
补中益气汤,方剂组成药材,柴胡,于己百医生病例集,例二,现代临床
补中益气汤,方剂组成药材,升麻,于己百医生病例集,例二,现代临床
补中益气汤,方剂组成药材,陈皮,于己百医生病例集,例二,现代临床
补中益气汤,方剂组成药材,当归,于己百医生病例集,例二,现代临床
补中益气汤,方剂组成药材,阿胶,于己百医生病例集,例二,现代临床
补中益气汤,方剂组成药材,地榆炭,于己百医生病例集,例二,现代临床
补中益气汤,方剂组成药材,海螺鎖,于己百医生病例集,例二,现代临床
补中益气汤,方剂组成药材,小蓟,于己百医生病例集,例二,现代临床
补中益气汤,方剂组成药材,三七,于己百医生病例集,例二,现代临床
补中益气汤,方剂组成药材,炒麦芽,于己百医生病例集,例二,现代临床
青春期功血,疾病导致舌象,舌淡暗苔薄白稍腻,于己百医生病例集,例二,现代临床
青春期功血,疾病导致脉象,脉弦滑,于己百医生病例集,例二,现代临床
青春期功血,症状伴随症状,出血量大,于己百医生病例集,例二,现代临床
青春期功血,症状伴随症状,血虚表现,于己百医生病例集,例二,现代临床
青春期功血,症状伴随症状,崩漏加剧,于己百医生病例集,例二,现代临床
青春期功血,证候导致舌象,舌淡暗,于己百医生病例集,例二,现代临床
青春期功血,证候导致舌象,苔薄白,于己百医生病例集,例二,现代临床
青春期功血,证候导致舌象,稍腻,于己百医生病例集,例二,现代临床
青春期功血,证候导致脉象,脉弦,于己百医生病例集,例二,现代临床
青春期功血,证候导致脉象,脉滑,于己百医生病例集,例二,现代临床
青春期功血,症状辨证证候,脾虚气陷,于己百医生病例集,例二,现代临床
青春期功血,证候采用方剂,补中益气汤,于己百医生病例集,例二,现代临床
补中益气汤,方剂组成药材,黄茂,于己百医生病例集,例二,现代临床
补中益气汤,方剂组成药材,党参,于己百医生病例集,例二,现代临床
补中益气汤,方剂组成药材,白术,于己百医生病例集,例二,现代临床
补中益气汤,方剂组成药材,炙草,于己百医生病例集,例二,现代临床
补中益气汤,方剂组成药材,柴胡,于己百医生病例集,例二,现代临床
补中益气汤,方剂组成药材,升麻,于己百医生病例集,例二,现代临床
补中益气汤,方剂组成药材,陈皮,于己百医生病例集,例二,现代临床
补中益气汤,方剂组成药材,当归,于己百医生病例集,例二,现代临床
补中益气汤,方剂组成药材,阿胶,于己百医生病例集,例二,现代临床
补中益气汤,方剂组成药材,艾叶炭,于己百医生病例集,例二,现代临床
补中益气汤,方剂组成药材,地榆炭,于己百医生病例集,例二,现代临床
补中益气汤,方剂组成药材,海螺崎,于己百医生病例集,例二,现代临床
带下病,疾病导致舌象,舌淡苔腻,于己百医生病例集,例二,现代临床
带下病,症状伴随症状,带下量多,于己百医生病例集,例二,现代临床
带下病,症状伴随症状,带下色、质、气味异常,于己百医生病例集,例二,现代临床
带下病,症状伴随症状,局部、全身症状,于己百医生病例集,例二,现代临床
带下病,症状伴随症状,月经不调,于己百医生病例集,例二,现代临床
带下病,症状伴随症状,闭经,于己百医生病例集,例二,现代临床
带下病,症状伴随症状,不孕,于己百医生病例集,例二,现代临床
带下病,症状伴随症状,癥痕,于己百医生病例集,例二,现代临床
带下病,证候导致舌象,舌淡,于己百医生病例集,例二,现代临床
带下病,证候导致舌象,苔腻,于己百医生病例集,例二,现代临床
带下病,证候导致脉象,脉弦滑,于己百医生病例集,例二,现代临床
带下病,症状辨证证候,肝郁脾虚湿盛,于己百医生病例集,例二,现代临床
带下病,证候采用方剂,丹梔逍遥散,于己百医生病例集,例二,现代临床
丹梔逍遥散,方剂组成药材,丹皮,于己百医生病例集,例二,现代临床
丹梔逍遥散,方剂组成药材,梔子,于己百医生病例集,例二,现代临床
丹梔逍遥散,方剂组成药材,柴胡,于己百医生病例集,例二,现代临床
丹梔逍遥散,方剂组成药材,芍药,于己百医生病例集,例二,现代临床
丹梔逍遥散,方剂组成药材,当归,于己百医生病例集,例二,现代临床
丹梔逍遥散,方剂组成药材,茯苓,于己百医生病例集,例二,现代临床
丹梔逍遥散,方剂组成药材,苍术,于己百医生病例集,例二,现代临床
丹梔逍遥散,方剂组成药材,炙草,于己百医生病例集,例二,现代临床
丹梔逍遥散,方剂组成药材,惹茂仁,于己百医生病例集,例二,现代临床
丹梔逍遥散,方剂组成药材,败酱草,于己百医生病例集,例二,现代临床
丹梔逍遥散,方剂组成药材,橘核,于己百医生病例集,例二,现代临床
丹梔逍遥散,方剂组成药材,白芷,于己百医生病例集,例二,现代临床
丹皮,药材具有功效,凉血清热,于己百医生病例集,例二,现代临床
梔子,药材具有功效,凉血清热,于己百医生病例集,例二,现代临床
茯苓,药材具有功效,健脾益气胜湿,于己百医生病例集,例二,现代临床
苍术,药材具有功效,健脾益气胜湿,于己百医生病例集,例二,现代临床
炙草,药材具有功效,健脾益气胜湿,于己百医生病例集,例二,现代临床
更年期综合征,归属于经典,内科撮要,于己百医生病例集,例二,现代临床
丹梔逍遥散,理论指导实践,疏肝解郁、健脾养血、清热利湿,于己百医生病例集,例二,现代临床
于己百,名医经验总结,治疗青春期功血和带下病的经验,于己百医生病例集,例二,现代临床
更年期综合征,疾病表现症状,潮热,于己百医生病例集,例二,现代临床
更年期综合征,疾病表现症状,情绪变化,于己百医生病例集,例二,现代临床
更年期综合征,疾病表现症状,头晕头痛,于己百医生病例集,例二,现代临床
更年期综合征,疾病表现症状,心悸失眠,于己百医生病例集,例二,现代临床
更年期综合征,疾病表现症状,记忆力减退,于己百医生病例集,例二,现代临床
更年期综合征,疾病表现症状,腰酸腿痛,于己百医生病例集,例二,现代临床
更年期综合征,疾病表现症状,月经紊乱,于己百医生病例集,例二,现代临床
绝经前后诸证,证候导致舌象,舌红苔薄白,于己百医生病例集,例二,现代临床
绝经前后诸证,证候导致脉象,脉弦细,于己百医生病例集,例二,现代临床
更年期综合征,综合辨证证候,肾虚肝郁,于己百医生病例集,例二,现代临床
更年期综合征,综合辨证证候,心肾不交,于己百医生病例集,例二,现代临床
更年期综合征,证候采用方剂,更年宁汤,于己百医生病例集,例二,现代临床
更年宁汤,方剂组成药材,黄苓,于己百医生病例集,例二,现代临床
更年宁汤,方剂组成药材,生地,于己百医生病例集,例二,现代临床
更年宁汤,方剂组成药材,苦参,于己百医生病例集,例二,现代临床
更年宁汤,方剂组成药材,百合,于己百医生病例集,例二,现代临床
更年宁汤,方剂组成药材,炙草,于己百医生病例集,例二,现代临床
更年宁汤,方剂组成药材,炒麦芽,于己百医生病例集,例二,现代临床
更年宁汤,方剂组成药材,大枣,于己百医生病例集,例二,现代临床
更年宁汤,方剂组成药材,麦冬,于己百医生病例集,例二,现代临床
更年宁汤,方剂组成药材,黄连,于己百医生病例集,例二,现代临床
更年宁汤,方剂组成药材,丹皮,于己百医生病例集,例二,现代临床
更年宁汤,方剂组成药材,梔子,于己百医生病例集,例二,现代临床
更年宁汤,方剂组成药材,白薇,于己百医生病例集,例二,现代临床
更年宁汤,方剂组成药材,炒枣仁,于己百医生病例集,例二,现代临床
黄苓,药材具有功效,除热,于己百医生病例集,例二,现代临床
苦参,药材具有功效,除热,于己百医生病例集,例二,现代临床
地黄,药材具有功效,生血,于己百医生病例集,例二,现代临床
更年期综合征,理论指导实践,肾气是妇女生理活动的根本,于己百医生病例集,例二,现代临床
于己百,名医经验总结,自拟更年宁汤治疗更年期综合征,于己百医生病例集,例二,现代临床
脾虚型小儿厌食症,症状伴随症状,纳呆纳差,于己百医生病例集,例二,现代临床
脾虚型小儿厌食症,症状伴随症状,懒言少动,于己百医生病例集,例二,现代临床
脾虚型小儿厌食症,症状伴随症状,头晕头痛,于己百医生病例集,例二,现代临床
脾虚型小儿厌食症,症状伴随症状,大便稀软不成形,于己百医生病例集,例二,现代临床
脾虚气弱,舌象表现特征,舌淡,于己百医生病例集,例二,现代临床
脾虚气弱,脉象表现特征,脉沉细,于己百医生病例集,例二,现代临床
小儿气管炎,疾病表现症状,咳嗽,于己百医生病例集,例二,现代临床
小儿气管炎,疾病表现症状,咯痰,于己百医生病例集,例二,现代临床
小儿气管炎,疾病表现症状,发热,于己百医生病例集,例二,现代临床
小儿气管炎,症状伴随症状,喉痒咽干,于己百医生病例集,例二,现代临床
小儿气管炎,症状伴随症状,大便干结,于己百医生病例集,例二,现代临床
小儿气管炎,舌象表现特征,舌边尖红苔薄白,于己百医生病例集,例二,现代临床
小儿气管炎,脉象表现特征,脉弦滑稍数,于己百医生病例集,例二,现代临床
小儿气管炎,综合辨证证候,痰热盘踞,于己百医生病例集,例二,现代临床
小儿气管炎,证候导致舌象,舌尖红苔薄色白而干,于己百医生病例集,例二,现代临床
小儿气管炎,证候导致脉象,脉弦滑稍数,于己百医生病例集,例二,现代临床
过敏性紫瘢,疾病表现症状,皮肤紫瘫,于己百医生病例集,例二,现代临床
过敏性紫瘢,症状伴随症状,腹痛便血,于己百医生病例集,例二,现代临床
过敏性紫瘢,症状伴随症状,关节肿痛,于己百医生病例集,例二,现代临床
过敏性紫瘢,症状伴随症状,浮肿尿血,于己百医生病例集,例二,现代临床
过敏性紫瘢,归属于经典,外科正宗,于己百医生病例集,例二,现代临床
过敏性紫瘢,归属于经典,证治准绳,于己百医生病例集,例二,现代临床
小儿解热止咳煮散,方剂组成药材,麻黄,于己百医生病例集,例二,现代临床
小儿解热止咳煮散,方剂组成药材,杏仁,于己百医生病例集,例二,现代临床
小儿解热止咳煮散,方剂组成药材,生石膏,于己百医生病例集,例二,现代临床
小儿解热止咳煮散,方剂组成药材,炙草,于己百医生病例集,例二,现代临床
小儿解热止咳煮散,方剂组成药材,華芾子,于己百医生病例集,例二,现代临床
小儿解热止咳煮散,方剂组成药材,大枣,于己百医生病例集,例二,现代临床
小儿解热止咳煮散,方剂组成药材,胆南星,于己百医生病例集,例二,现代临床
小儿解热止咳煮散,方剂组成药材,地龙,于己百医生病例集,例二,现代临床
小儿解热止咳煮散,方剂组成药材,鱼腥草,于己百医生病例集,例二,现代临床
麻黄,药材具有功效,解表寒,于己百医生病例集,例二,现代临床
麻黄,药材具有功效,清里热,于己百医生病例集,例二,现代临床
杏仁,药材具有功效,降气止咳,于己百医生病例集,例二,现代临床
生石膏,药材具有功效,清热,于己百医生病例集,例二,现代临床
胆南星,药材具有功效,祛风化痰,于己百医生病例集,例二,现代临床
胆南星,药材具有功效,定痉止咳,于己百医生病例集,例二,现代临床
鱼腥草,药材具有功效,清热解毒,于己百医生病例集,例二,现代临床
鱼腥草,药材具有功效,杀菌抗病毒,于己百医生病例集,例二,现代临床
于己百,名医经验总结,小儿解热止咳煮散治疗小儿气管炎,于己百医生病例集,例二,现代临床
过敏性紫瘢,疾病表现症状,皮肤紫瘫,于己百医生病例集,例二,现代临床
过敏性紫瘢,症状伴随症状,腹痛便血,于己百医生病例集,例二,现代临床
过敏性紫瘢,症状伴随症状,关节肿痛,于己百医生病例集,例二,现代临床
过敏性紫瘢,症状伴随症状,浮肿尿血,于己百医生病例集,例二,现代临床
过敏性紫瘢,归属于经典,外科正宗,于己百医生病例集,例二,现代临床
过敏性紫瘢,归属于经典,证治准绳,于己百医生病例集,例二,现代临床
过敏性紫瘢,证候导致舌象,舌红,于己百医生病例集,例二,现代临床
过敏性紫瘢,证候导致舌象,苔薄白,于己百医生病例集,例二,现代临床
过敏性紫瘢,证候导致脉象,脉浮数,于己百医生病例集,例二,现代临床
过敏性紫瘢,症状辨证证候,风毒血热，气血失和,于己百医生病例集,例二,现代临床
过敏性紫瘢,综合辨证证候,风毒侵袭，热伤血络，肺卫失调，血溢脉外,于己百医生病例集,例二,现代临床
过敏性紫瘢,证候采用方剂,越婢汤加味,于己百医生病例集,例二,现代临床
越婢汤加味,方剂组成药材,麻黄,于己百医生病例集,例二,现代临床
越婢汤加味,方剂组成药材,生石膏,于己百医生病例集,例二,现代临床
越婢汤加味,方剂组成药材,炙草,于己百医生病例集,例二,现代临床
越婢汤加味,方剂组成药材,生姜,于己百医生病例集,例二,现代临床
越婢汤加味,方剂组成药材,大枣,于己百医生病例集,例二,现代临床
越婢汤加味,方剂组成药材,银花,于己百医生病例集,例二,现代临床
越婢汤加味,方剂组成药材,连翘,于己百医生病例集,例二,现代临床
越婢汤加味,方剂组成药材,蝉衣,于己百医生病例集,例二,现代临床
越婢汤加味,方剂组成药材,凤眼草,于己百医生病例集,例二,现代临床
越婢汤加味,方剂组成药材,小蓟,于己百医生病例集,例二,现代临床
越婢汤加味,方剂组成药材,侧柏叶,于己百医生病例集,例二,现代临床
麻黄,药材具有功效,祛风解表宣肺,于己百医生病例集,例二,现代临床
银花,药材具有功效,疏风清热解毒,于己百医生病例集,例二,现代临床
蝉衣,药材具有功效,祛风抗敏,于己百医生病例集,例二,现代临床
小蓟,药材具有功效,凉血止血,于己百医生病例集,例二,现代临床
侧柏叶,药材具有功效,凉血止血,于己百医生病例集,例二,现代临床
于己百,名医经验总结,过敏性紫瘢的治疗经验,于己百医生病例集,例二,现代临床
过敏性紫瘢,疾病表现症状,颜面浮肿,于己百医生病例集,例二,现代临床
过敏性紫瘢,疾病表现症状,小便量少,于己百医生病例集,例二,现代临床
紫瘢肾,疾病导致舌象,舌红苔少,于己百医生病例集,例二,现代临床
紫瘢肾,疾病导致脉象,脉浮数,于己百医生病例集,例二,现代临床
紫瘢肾,证候导致舌象,舌红苔少,于己百医生病例集,例二,现代临床
紫瘢肾,证候导致脉象,脉浮数,于己百医生病例集,例二,现代临床
紫瘢肾,综合辨证证候,风邪伤络，血溢脉外,于己百医生病例集,例二,现代临床
紫瘢肾,证候采用方剂,麻黄、生石膏、生姜、大枣、银花、连翘、赤小豆、茯苓、泽泻、蝉衣、凤眼草、布芥穗、小蓟、侧柏叶,于己百医生病例集,例二,现代临床
遗尿,疾病表现症状,间断性遗尿,于己百医生病例集,例二,现代临床
遗尿,疾病表现症状,纳差,于己百医生病例集,例二,现代临床
遗尿,疾病表现症状,腹胀疼痛,于己百医生病例集,例二,现代临床
遗尿,疾病导致舌象,舌淡苔白,于己百医生病例集,例二,现代临床
遗尿,疾病导致脉象,脉沉细弱,于己百医生病例集,例二,现代临床
遗尿,综合辨证证候,元神未健，肾气未充，脾气虚弱,于己百医生病例集,例二,现代临床
遗尿,证候采用方剂,桑螺蛹散加减,于己百医生病例集,例二,现代临床
鼻衄,疾病表现症状,鼻出血,于己百医生病例集,例二,现代临床
鼻衄,疾病表现症状,口干,于己百医生病例集,例二,现代临床
鼻衄,疾病表现症状,咽痛,于己百医生病例集,例二,现代临床
鼻衄,疾病表现症状,大便干结,于己百医生病例集,例二,现代临床
鼻衄,疾病表现症状,小便短赤,于己百医生病例集,例二,现代临床
鼻衄,疾病导致舌象,舌红苔黄,于己百医生病例集,例二,现代临床
鼻衄,疾病导致脉象,脉滑数,于己百医生病例集,例二,现代临床
鼻衄,综合辨证证候,心火亢盛，肝气逆张,于己百医生病例集,例二,现代临床
鼻衄,证候采用方剂,大黄黄连泻心汤加味,于己百医生病例集,例二,现代临床
腹壁血栓性浅静脉炎,疾病表现症状,腹壁不适,于己百医生病例集,例二,现代临床
腹壁血栓性浅静脉炎,疾病表现症状,活动受限,于己百医生病例集,例二,现代临床
腹壁血栓性浅静脉炎,疾病表现症状,疼痛,于己百医生病例集,例二,现代临床
腹壁血栓性浅静脉炎,疾病导致舌象,舌质稍暗，舌苔白,于己百医生病例集,例二,现代临床
腹壁血栓性浅静脉炎,疾病导致脉象,脉弦,于己百医生病例集,例二,现代临床
腹壁血栓性浅静脉炎,综合辨证证候,邪热客脉，瘀阻经络,于己百医生病例集,例二,现代临床
腹壁血栓性浅静脉炎,证候采用方剂,四妙勇安汤合桂枝茯苓汤加味,于己百医生病例集,例二,现代临床
腹壁静脉炎,疾病表现症状,疼痛,于己百医生病例集,例二,现代临床
腹壁静脉炎,疾病导致舌象,舌质稍暗,于己百医生病例集,例二,现代临床
腹壁静脉炎,疾病导致舌象,舌苔白,于己百医生病例集,例二,现代临床
腹壁静脉炎,疾病导致脉象,脉弦,于己百医生病例集,例二,现代临床
邪热客脉，瘀阻经络,证候导致舌象,舌质稍暗,于己百医生病例集,例二,现代临床
邪热客脉，瘀阻经络,证候导致舌象,舌苔白,于己百医生病例集,例二,现代临床
邪热客脉，瘀阻经络,证候导致脉象,脉弦,于己百医生病例集,例二,现代临床
邪热客脉，瘀阻经络,综合辨证证候,清热利湿、祛瘀通脉,于己百医生病例集,例二,现代临床
四妙勇安汤合桂枝茯苓汤加味,证候采用方剂,邪热客脉，瘀阻经络,于己百医生病例集,例二,现代临床
四妙勇安汤合桂枝茯苓汤加味,方剂组成药材,玄参,于己百医生病例集,例二,现代临床
四妙勇安汤合桂枝茯苓汤加味,方剂组成药材,金银花,于己百医生病例集,例二,现代临床
四妙勇安汤合桂枝茯苓汤加味,方剂组成药材,连翘,于己百医生病例集,例二,现代临床
四妙勇安汤合桂枝茯苓汤加味,方剂组成药材,丹参,于己百医生病例集,例二,现代临床
四妙勇安汤合桂枝茯苓汤加味,方剂组成药材,牛膝,于己百医生病例集,例二,现代临床
四妙勇安汤合桂枝茯苓汤加味,方剂组成药材,桂枝,于己百医生病例集,例二,现代临床
四妙勇安汤合桂枝茯苓汤加味,方剂组成药材,茯苓,于己百医生病例集,例二,现代临床
四妙勇安汤合桂枝茯苓汤加味,方剂组成药材,桃仁,于己百医生病例集,例二,现代临床
四妙勇安汤合桂枝茯苓汤加味,方剂组成药材,赤芍,于己百医生病例集,例二,现代临床
四妙勇安汤合桂枝茯苓汤加味,方剂组成药材,丹皮,于己百医生病例集,例二,现代临床
四妙勇安汤合桂枝茯苓汤加味,方剂组成药材,白芍,于己百医生病例集,例二,现代临床
四妙勇安汤合桂枝茯苓汤加味,方剂组成药材,炙草,于己百医生病例集,例二,现代临床
四妙勇安汤合桂枝茯苓汤加味,方剂组成药材,白芷,于己百医生病例集,例二,现代临床
四妙勇安汤合桂枝茯苓汤加味,方剂组成药材,黄黄,于己百医生病例集,例二,现代临床
玄参,药材具有功效,清热解毒、凉血泻火,于己百医生病例集,例二,现代临床
丹参,药材具有功效,通络止痛,于己百医生病例集,例二,现代临床
金铃橘核汤加味,证候采用方剂,湿热郁结，气机凝涩，血瘀结聚成疝,于己百医生病例集,例二,现代临床
金铃橘核汤加味,方剂组成药材,苍术,于己百医生病例集,例二,现代临床
金铃橘核汤加味,方剂组成药材,黄柏,于己百医生病例集,例二,现代临床
金铃橘核汤加味,方剂组成药材,牛膝,于己百医生病例集,例二,现代临床
金铃橘核汤加味,方剂组成药材,橘核,于己百医生病例集,例二,现代临床
金铃橘核汤加味,方剂组成药材,川棟子,于己百医生病例集,例二,现代临床
金铃橘核汤加药,方剂组成药材,海藻,于己百医生病例集,例二,现代临床
金铃橘核汤加味,方剂组成药材,昆布,于己百医生病例集,例二,现代临床
金铃橘核汤加味,方剂组成药材,红花,于己百医生病例集,例二,现代临床
金铃橘核汤加味,方剂组成药材,白头翁,于己百医生病例集,例二,现代临床
金铃橘核汤加味,方剂组成药材,百部,于己百医生病例集,例二,现代临床
金铃橘核汤加味,方剂组成药材,夏枯草,于己百医生病例集,例二,现代临床
金铃橘核汤加味,方剂组成药材,生牡蛎,于己百医生病例集,例二,现代临床
变态反应性皮肤病,疾病表现症状,皮损形态各异,于己百医生病例集,例二,现代临床
变态反应性皮肤病,疾病表现症状,瘙痒,于己百医生病例集,例二,现代临床
变态反应性皮肤病,疾病表现症状,糜烂,于己百医生病例集,例二,现代临床
变态反应性皮肤病,疾病表现症状,渗液,于己百医生病例集,例二,现代临床
变态反应性皮肤病,疾病表现症状,结痂,于己百医生病例集,例二,现代临床
变态反应性皮肤病,疾病导致舌象,舌尖红,于己百医生病例集,例二,现代临床
变态反应性皮肤病,疾病导致舌象,苔薄白,于己百医生病例集,例二,现代临床
变态反应性皮肤病,疾病导致脉象,脉浮,于己百医生病例集,例二,现代临床
风病、风毒,证候导致舌象,舌尖红,于己百医生病例集,例二,现代临床
风病、风毒,证候导致舌象,苔薄白,于己百医生病例集,例二,现代临床
风病、风毒,证候导致脉象,脉浮,于己百医生病例集,例二,现代临床
风病、风毒,综合辨证证候,疏风宣肺散癡、清热利湿解毒,于己百医生病例集,例二,现代临床
越婢加术汤合消风散加减化裁,证候采用方剂,风病、风毒,于己百医生病例集,例二,现代临床
越婢加术汤合消风散加减化裁,方剂组成药材,麻黄,于己百医生病例集,例二,现代临床
越婢加术汤合消风散加减化裁,方剂组成药材,生石膏,于己百医生病例集,例二,现代临床
越婢加术汤合消风散加减化裁,方剂组成药材,甘草,于己百医生病例集,例二,现代临床
越婢加术汤合消风散加减化裁,方剂组成药材,生姜,于己百医生病例集,例二,现代临床
越婢加术汤合消风散加减化裁,方剂组成药材,白术,于己百医生病例集,例二,现代临床
越婢加术汤合消风散加减化裁,方剂组成药材,荆芥,于己百医生病例集,例二,现代临床
越婢加术汤合消风散加减化裁,方剂组成药材,防风,于己百医生病例集,例二,现代临床
越婢加术汤合消风散加减化裁,方剂组成药材,蝉衣,于己百医生病例集,例二,现代临床
越婢加术汤合消风散加减化裁,方剂组成药材,苦参,于己百医生病例集,例二,现代临床
越婢加术汤合消风散加减化裁,方剂组成药材,连翘,于己百医生病例集,例二,现代临床
越婢加术汤合消风散加减化裁,方剂组成药材,赤小豆,于己百医生病例集,例二,现代临床
越婢加术汤合消风散加减化裁,方剂组成药材,凤眼草,于己百医生病例集,例二,现代临床
越婢加术汤合消风散加减化裁,方剂组成药材,白MB,于己百医生病例集,例二,现代临床
接触性皮炎,疾病表现症状,颜面红肿,于己百医生病例集,例二,现代临床
接触性皮炎,疾病表现症状,灼热,于己百医生病例集,例二,现代临床
接触性皮炎,疾病表现症状,瘙痒,于己百医生病例集,例二,现代临床
接触性皮炎,疾病导致舌象,舌红苔薄白,于己百医生病例集,例二,现代临床
接触性皮炎,疾病导致脉象,脉细数,于己百医生病例集,例二,现代临床
接触性皮炎,证候导致舌象,舌红苔薄白,于己百医生病例集,例二,现代临床
接触性皮炎,证候导致脉象,脉细数,于己百医生病例集,例二,现代临床
接触性皮炎,症状辨证证候,风毒客表,于己百医生病例集,例二,现代临床
接触性皮炎,症状辨证证候,肺气失宣,于己百医生病例集,例二,现代临床
接触性皮炎,症状辨证证候,气滞血瘀,于己百医生病例集,例二,现代临床
接触性皮炎,证候采用方剂,越婢加术汤合消风散加减,于己百医生病例集,例二,现代临床
越婢加术汤合消风散加减,方剂组成药材,麻黄,于己百医生病例集,例二,现代临床
越婢加术汤合消风散加减,方剂组成药材,生石膏,于己百医生病例集,例二,现代临床
越婢加术汤合消风散加减,方剂组成药材,甘草,于己百医生病例集,例二,现代临床
越婢加术汤合消风散加减,方剂组成药材,生姜,于己百医生病例集,例二,现代临床
越婢加术汤合消风散加减,方剂组成药材,苍术,于己百医生病例集,例二,现代临床
越婢加术汤合消风散加减,方剂组成药材,荆芥,于己百医生病例集,例二,现代临床
越婢加术汤合消风散加减,方剂组成药材,防风,于己百医生病例集,例二,现代临床
越婢加术汤合消风散加减,方剂组成药材,蝉衣,于己百医生病例集,例二,现代临床
越婢加术汤合消风散加减,方剂组成药材,苦参,于己百医生病例集,例二,现代临床
越婢加术汤合消风散加减,方剂组成药材,连翘,于己百医生病例集,例二,现代临床
越婢加术汤合消风散加减,方剂组成药材,赤芍,于己百医生病例集,例二,现代临床
越婢加术汤合消风散加减,方剂组成药材,草河车,于己百医生病例集,例二,现代临床
越婢加术汤合消风散加减,方剂组成药材,丹皮,于己百医生病例集,例二,现代临床
越婢加术汤合消风散加减,方剂组成药材,凤眼草,于己百医生病例集,例二,现代临床
越婢加术汤合消风散加减,方剂组成药材,白羡藜,于己百医生病例集,例二,现代临床
麻黄,药材具有功效,疏风宣肺,于己百医生病例集,例二,现代临床
生石膏,药材具有功效,清热解毒,于己百医生病例集,例二,现代临床
甘草,药材具有功效,调和诸药,于己百医生病例集,例二,现代临床
皮肌炎,疾病表现症状,发冷发烧,于己百医生病例集,例二,现代临床
皮肌炎,疾病表现症状,咽喉疼痛,于己百医生病例集,例二,现代临床
皮肌炎,疾病表现症状,四肢关节酸痛无力,于己百医生病例集,例二,现代临床
皮肌炎,疾病表现症状,颜面和四肢潮红发理,于己百医生病例集,例二,现代临床
皮肌炎,疾病表现症状,瘙痒,于己百医生病例集,例二,现代临床
皮肌炎,疾病表现症状,全身肌肉肿胀酸痛,于己百医生病例集,例二,现代临床
皮肌炎,疾病导致舌象,舌红苔薄白,于己百医生病例集,例二,现代临床
皮肌炎,疾病导致脉象,脉弦数,于己百医生病例集,例二,现代临床
皮肌炎,症状辨证证候,风邪袭表,于己百医生病例集,例二,现代临床
皮肌炎,症状辨证证候,邪郁化热,于己百医生病例集,例二,现代临床
皮肌炎,症状辨证证候,熏蒸肌肤,于己百医生病例集,例二,现代临床
皮肌炎,证候采用方剂,越婢汤加味,于己百医生病例集,例二,现代临床
越婢汤加味,方剂组成药材,麻黄,于己百医生病例集,例二,现代临床
越婢汤加味,方剂组成药材,生石膏,于己百医生病例集,例二,现代临床
越婢汤加味,方剂组成药材,炙草,于己百医生病例集,例二,现代临床
越婢汤加味,方剂组成药材,大枣,于己百医生病例集,例二,现代临床
越婢汤加味,方剂组成药材,生姜,于己百医生病例集,例二,现代临床
越婢汤加味,方剂组成药材,蝉衣,于己百医生病例集,例二,现代临床
越婢汤加味,方剂组成药材,菊花,于己百医生病例集,例二,现代临床
越婢汤加味,方剂组成药材,连翘,于己百医生病例集,例二,现代临床
越婢汤加味,方剂组成药材,元参,于己百医生病例集,例二,现代临床
越婢汤加味,方剂组成药材,板蓝根,于己百医生病例集,例二,现代临床
越婢汤加味,方剂组成药材,芍药,于己百医生病例集,例二,现代临床
越婢汤加味,方剂组成药材,葛根,于己百医生病例集,例二,现代临床
越婢汤加味,方剂组成药材,桑枝,于己百医生病例集,例二,现代临床
越婢汤加味,方剂组成药材,秦茏,于己百医生病例集,例二,现代临床
越婢汤加味,方剂组成药材,羌活,于己百医生病例集,例二,现代临床
越婢汤加味,方剂组成药材,独活,于己百医生病例集,例二,现代临床
麻黄,药材具有功效,宣散风邪,于己百医生病例集,例二,现代临床
生石膏,药材具有功效,发越水气,于己百医生病例集,例二,现代临床
黄褐斑,疾病表现症状,面部蝶斑,于己百医生病例集,例二,现代临床
黄褐斑,疾病表现症状,色褐面暗,于己百医生病例集,例二,现代临床
黄褐斑,疾病导致舌象,舌红苔薄白,于己百医生病例集,例二,现代临床
黄褐斑,疾病导致脉象,脉弦细,于己百医生病例集,例二,现代临床
黄褐斑,症状辨证证候,心肝血虚,于己百医生病例集,例二,现代临床
黄褐斑,症状辨证证候,面部失荣,于己百医生病例集,例二,现代临床
黄褐斑,证候采用方剂,麻杏茵甘汤合四物、二至加味,于己百医生病例集,例二,现代临床
麻杏茵甘汤合四物、二至加味,方剂组成药材,麻黄,于己百医生病例集,例二,现代临床
麻杏茵甘汤合四物、二至加味,方剂组成药材,杏仁,于己百医生病例集,例二,现代临床
麻杏茵甘汤合四物、二至加味,方剂组成药材,惹仁,于己百医生病例集,例二,现代临床
麻杏茵甘汤合四物、二至加味,方剂组成药材,女贞子,于己百医生病例集,例二,现代临床
麻杏茵甘汤合四物、二至加味,方剂组成药材,旱莲草,于己百医生病例集,例二,现代临床
麻杏茵甘汤合四物、二至加味,方剂组成药材,熟地,于己百医生病例集,例二,现代临床
麻杏茵甘汤合四物、二至加味,方剂组成药材,当归,于己百医生病例集,例二,现代临床
麻杏茵甘汤合四物、二至加味,方剂组成药材,赤芍,于己百医生病例集,例二,现代临床
麻杏茵甘汤合四物、二至加味,方剂组成药材,川芎,于己百医生病例集,例二,现代临床
麻杏茵甘汤合四物、二至加味,方剂组成药材,制首乌,于己百医生病例集,例二,现代临床
麻杏茵甘汤合四物、二至加味,方剂组成药材,凌霄花,于己百医生病例集,例二,现代临床
麻杏茵甘汤合四物、二至加味,方剂组成药材,黄芪,于己百医生病例集,例二,现代临床
麻杏茵甘汤合四物、二至加味,方剂组成药材,生柏叶,于己百医生病例集,例二,现代临床
麻杏茵甘汤合四物、二至加味,方剂组成药材,炙草,于己百医生病例集,例二,现代临床
麻黄,药材具有功效,宣肺经之气,于己百医生病例集,例二,现代临床
杏仁,药材具有功效,利阳明之湿,于己百医生病例集,例二,现代临床
活络效灵丹,归属于经典,医学衷中参西录,于己百医生病例集,例二,现代临床
活络效灵丹,方剂组成药材,当归,于己百医生病例集,例二,现代临床
活络效灵丹,方剂组成药材,丹参,于己百医生病例集,例二,现代临床
活络效灵丹,方剂组成药材,生乳香,于己百医生病例集,例二,现代临床
活络效灵丹,方剂组成药材,生没药,于己百医生病例集,例二,现代临床
当归,药材具有功效,养血,于己百医生病例集,例二,现代临床
丹参,药材具有功效,活血,于己百医生病例集,例二,现代临床
生乳香,药材具有功效,祛瘀生新,于己百医生病例集,例二,现代临床
生没药,药材具有功效,止痛,于己百医生病例集,例二,现代临床
活络效灵丹,归属于经典,医学衷中参西录,于己百医生病例集,例二,现代临床
活络效灵丹,方剂组成药材,"当归15g,丹参15g,生乳香15g,生没药15g",于己百医生病例集,例二,现代临床
活络效灵丹,主治,气血郁滞肢体疼痛,于己百医生病例集,例二,现代临床
轻度胃扭曲,症状伴随症状,胃胱剧痛，呕吐，胃出血,于己百医生病例集,例二,现代临床
轻度胃扭曲,证候导致舌象,舌红，苔薄白,于己百医生病例集,例二,现代临床
轻度胃扭曲,证候导致脉象,脉弦数,于己百医生病例集,例二,现代临床
轻度胃扭曲,证候辨证证候,气滞血瘀，胃失和顺,于己百医生病例集,例二,现代临床
轻度胃扭曲,证候采用方剂,活络效灵丹合四逆散、金铃子散加减,于己百医生病例集,例二,现代临床
血栓闭塞性脉管炎,症状伴随症状,两下肢足踝处红肿疼痛，肢端红紫，足跟不能任地行走,于己百医生病例集,例二,现代临床
血栓闭塞性脉管炎,证候导致舌象,舌红，苔薄白,于己百医生病例集,例二,现代临床
血栓闭塞性脉管炎,证候导致脉象,脉弦数,于己百医生病例集,例二,现代临床
血栓闭塞性脉管炎,症状辨证证候,热毒流注，瘀阻脉络,于己百医生病例集,例二,现代临床
血栓闭塞性脉管炎,证候采用方剂,芍药甘草汤合四妙勇安汤加味,于己百医生病例集,例二,现代临床
外伤桂胸胁痛,症状伴随症状,右胸胁部击伤，局部青紫略肿，右臂活动受限,于己百医生病例集,例二,现代临床
外伤桂胸胁痛,证候采用方剂,活络效灵丹合桃核承气汤加味,于己百医生病例集,例二,现代临床
血栓闭塞性脉管炎,理论指导实践,黄帝内经灵枢痈疽篇,于己百医生病例集,例二,现代临床
华佗,名医经验总结,神医秘传,于己百医生病例集,例二,现代临床
孙思邈,名医经验总结,千金翼方,于己百医生病例集,例二,现代临床
陈实功,名医经验总结,外科正宗,于己百医生病例集,例二,现代临床
祁坤,名医经验总结,外科大成,于己百医生病例集,例二,现代临床
过玉书,名医经验总结,增订治疗汇要,于己百医生病例集,例二,现代临床
邪热毒盛,症状伴随症状,经脉瘀阻,于己百医生病例集,例二,现代临床
四妙勇安汤合芍药甘草汤加味,证候采用方剂,清热解毒，养血柔筋,于己百医生病例集,例二,现代临床
活络效灵丹合失笑散加味,证候采用方剂,活血通络，祛瘀定痛,于己百医生病例集,例二,现代临床
外伤桂胸胁痛,症状伴随症状,局部青紫略肿,于己百医生病例集,例二,现代临床
外伤桂胸胁痛,症状伴随症状,右臂活动受限,于己百医生病例集,例二,现代临床
活络效灵丹合桃核承气汤加味,证候采用方剂,活血通络，祛瘀定痛,于己百医生病例集,例二,现代临床
外伤性阳痿,症状伴随症状,右腿稍感麻木,于己百医生病例集,例二,现代临床
外伤性阳痿,症状伴随症状,阳痿不举,于己百医生病例集,例二,现代临床
活络效灵丹加益肾壮阳之品,证候采用方剂,活血通络，益肾壮阳,于己百医生病例集,例二,现代临床
腰椎间盘突出症,症状伴随症状,右半身麻木,于己百医生病例集,例二,现代临床
腰椎间盘突出症,症状伴随症状,右腿疼痛,于己百医生病例集,例二,现代临床
活络效灵丹加味,证候采用方剂,祛瘀通督、活血止痛,于己百医生病例集,例二,现代临床
足跟痛,症状伴随症状,胸闷,于己百医生病例集,例二,现代临床
足跟痛,症状伴随症状,心悸,于己百医生病例集,例二,现代临床
足跟痛,症状伴随症状,身起红疹,于己百医生病例集,例二,现代临床
活络效灵丹合芍药甘草汤加味,证候采用方剂,活血通络，养血柔筋,于己百医生病例集,例二,现代临床
美尼尔氏综合征,归属于经典,素问至真要大论,于己百医生病例集,例二,现代临床
美尼尔氏综合征,归属于经典,丹溪心法,于己百医生病例集,例二,现代临床
眩晕,症状伴随症状,耳鸣,于己百医生病例集,例二,现代临床
眩晕,症状伴随症状,耳聋,于己百医生病例集,例二,现代临床
眩晕,症状伴随症状,恶心呕吐,于己百医生病例集,例二,现代临床
风火上炎型,证候采用方剂,天麻钩藤饮或龙胆泻肝汤,于己百医生病例集,例二,现代临床
痰湿中阻型,证候采用方剂,自拟眩晕宁煎剂,于己百医生病例集,例二,现代临床
肝肾阴虚型,证候采用方剂,杞菊,于己百医生病例集,例二,现代临床
于己百,名医经验总结,活络效灵丹加味治疗急性腰扭伤、腰椎间盘突出，以及顽固性关节疼痛等症,于己百医生病例集,例二,现代临床
肝肾不足，水不涵木，痰热阻滞,疾病表现症状,头晕目眩,于己百医生病例集,例一,现代临床
肝肾不足，水不涵木，痰热阻滞,疾病表现症状,眼前发黑,于己百医生病例集,例一,现代临床
肝肾不足，水不涵木，痰热阻滞,疾病表现症状,视物旋转,于己百医生病例集,例一,现代临床
肝肾不足，水不涵木，痰热阻滞,疾病表现症状,恶心欲吐,于己百医生病例集,例一,现代临床
肝肾不足，水不涵木，痰热阻滞,疾病表现症状,头痛耳鸣,于己百医生病例集,例一,现代临床
肝肾不足，水不涵木，痰热阻滞,疾病表现症状,顧红燥热,于己百医生病例集,例一,现代临床
肝肾不足，水不涵木，痰热阻滞,疾病表现症状,口苦便干,于己百医生病例集,例一,现代临床
肝肾不足，水不涵木，痰热阻滞,疾病导致舌象,舌尖红,于己百医生病例集,例一,现代临床
肝肾不足，水不涵木，痰热阻滞,疾病导致舌象,苔薄白,于己百医生病例集,例一,现代临床
肝肾不足，水不涵木，痰热阻滞,疾病导致脉象,脉弦细,于己百医生病例集,例一,现代临床
肝肾不足，水不涵木，痰热阻滞,证候采用方剂,"柴胡18g,黄苓10g,生姜10g,半夏10g,党参10g,炙草10g,茯苓30g,泽泻30g,陈皮10g,竹茹10g,竹叶10g,川苓10g,天麻10g,莞蔚子12g,草决明15g",于己百医生病例集,例一,现代临床
"柴胡18g,黄苓10g,生姜10g,半夏10g,党参10g,炙草10g,茯苓30g,泽泻30g,陈皮10g,竹茹10g,竹叶10g,川苓10g,天麻10g,莞蔚子12g,草决明15g",方剂组成药材,柴胡,于己百医生病例集,例一,现代临床
"柴胡18g,黄苓10g,生姜10g,半夏10g,党参10g,炙草10g,茯苓30g,泽泻30g,陈皮10g,竹茹10g,竹叶10g,川苓10g,天麻10g,莞蔚子12g,草决明15g",方剂组成药材,黄苓,于己百医生病例集,例一,现代临床
"柴胡18g,黄苓10g,生姜10g,半夏10g,党参10g,炙草10g,茯苓30g,泽泻30g,陈皮10g,竹茹10g,竹叶10g,川苓10g,天麻10g,莞蔚子12g,草决明15g",方剂组成药材,生姜,于己百医生病例集,例一,现代临床
"柴胡18g,黄苓10g,生姜10g,半夏10g,党参10g,炙草10g,茯苓30g,泽泻30g,陈皮10g,竹茹10g,竹叶10g,川苓10g,天麻10g,莞蔚子12g,草决明15g",方剂组成药材,半夏,于己百医生病例集,例一,现代临床
"柴胡18g,黄苓10g,生姜10g,半夏10g,党参10g,炙草10g,茯苓30g,泽泻30g,陈皮10g,竹茹10g,竹叶10g,川苓10g,天麻10g,莞蔚子12g,草决明15g",方剂组成药材,党参,于己百医生病例集,例一,现代临床
"柴胡18g,黄苓10g,生姜10g,半夏10g,党参10g,炙草10g,茯苓30g,泽泻30g,陈皮10g,竹茹10g,竹叶10g,川苓10g,天麻10g,莞蔚子12g,草决明15g",方剂组成药材,炙草,于己百医生病例集,例一,现代临床
"柴胡18g,黄苓10g,生姜10g,半夏10g,党参10g,炙草10g,茯苓30g,泽泻30g,陈皮10g,竹茹10g,竹叶10g,川苓10g,天麻10g,莞蔚子12g,草决明15g",方剂组成药材,茯苓,于己百医生病例集,例一,现代临床
"柴胡18g,黄苓10g,生姜10g,半夏10g,党参10g,炙草10g,茯苓30g,泽泻30g,陈皮10g,竹茹10g,竹叶10g,川苓10g,天麻10g,莞蔚子12g,草决明15g",方剂组成药材,泽泻,于己百医生病例集,例一,现代临床
"柴胡18g,黄苓10g,生姜10g,半夏10g,党参10g,炙草10g,茯苓30g,泽泻30g,陈皮10g,竹茹10g,竹叶10g,川苓10g,天麻10g,莞蔚子12g,草决明15g",方剂组成药材,陈皮,于己百医生病例集,例一,现代临床
"柴胡18g,黄苓10g,生姜10g,半夏10g,党参10g,炙草10g,茯苓30g,泽泻30g,陈皮10g,竹茹10g,竹叶10g,川苓10g,天麻10g,莞蔚子12g,草决明15g",方剂组成药材,竹茹,于己百医生病例集,例一,现代临床
"柴胡18g,黄苓10g,生姜10g,半夏10g,党参10g,炙草10g,茯苓30g,泽泻30g,陈皮10g,竹茹10g,竹叶10g,川苓10g,天麻10g,莞蔚子12g,草决明15g",方剂组成药材,竹叶,于己百医生病例集,例一,现代临床
"柴胡18g,黄苓10g,生姜10g,半夏10g,党参10g,炙草10g,茯苓30g,泽泻30g,陈皮10g,竹茹10g,竹叶10g,川苓10g,天麻10g,莞蔚子12g,草决明15g",方剂组成药材,川苓,于己百医生病例集,例一,现代临床
"柴胡18g,黄苓10g,生姜10g,半夏10g,党参10g,炙草10g,茯苓30g,泽泻30g,陈皮10g,竹茹10g,竹叶10g,川苓10g,天麻10g,莞蔚子12g,草决明15g",方剂组成药材,天麻,于己百医生病例集,例一,现代临床
"柴胡18g,黄苓10g,生姜10g,半夏10g,党参10g,炙草10g,茯苓30g,泽泻30g,陈皮10g,竹茹10g,竹叶10g,川苓10g,天麻10g,莞蔚子12g,草决明15g",方剂组成药材,莞蔚子,于己百医生病例集,例一,现代临床
"柴胡18g,黄苓10g,生姜10g,半夏10g,党参10g,炙草10g,茯苓30g,泽泻30g,陈皮10g,竹茹10g,竹叶10g,川苓10g,天麻10g,莞蔚子12g,草决明15g",方剂组成药材,草决明,于己百医生病例集,例一,现代临床
头晕目眩、耳鸣、恶心,症状伴随症状,血压16O 95mmHg,于己百医生病例集,例一,现代临床
头晕目眩、耳鸣、恶心,症状伴随症状,腰膝酸软,于己百医生病例集,例一,现代临床
头晕目眩、耳鸣、恶心,症状伴随症状,血压135 90mmHg,于己百医生病例集,例一,现代临床
于己百,名医经验总结,"王某某，女，60岁。1997年6月27日就诊。患者头晕目眩，眼前发黑，自觉视物旋转，动摇不定，兼见恶心欲吐、头痛耳鸣、顧红燥热、口苦便干，舌尖红，苔薄白，脉弦细，血压16O 95mmHg。证属肝肾不足，水不涵木，痰热阻滞，治以疏肝清热、化痰降逆。处方： 柴胡18g,黄苓10g,生姜10g,半夏10g,党参10g,炙草10g,茯苓30g,泽泻30g,陈皮10g,竹茹10g,竹叶10g,川苓10g,天麻10g,莞蔚子12g,草决明15go水煎，二次分服。   7月4日复珍：服上药4剂，头晕目眩、耳鸣、恶心大减，血压135 90mmHgo时有轻微头晕，腰膝酸软，原方去竹叶,加杜仲12g,川断20g,又服6剂。 7月11日复诊：服上方后，症状基本缓解，血压稳定， 又以杞菊地黄丸巩固疗效，服药一月。随防三月未见复发。",于己百医生病例集,例一,现代临床
中气不足，痰浊阻滞，升降失调,疾病导致舌象,舌淡暗，苔薄白,于己百医生病例集,例二,现代临床
中气不足，痰浊阻滞，升降失调,疾病导致脉象,脉弦滑,于己百医生病例集,例二,现代临床
复发性口腔溃疡,疾病表现症状,口腔粘膜反复溃烂、迁延难愈,于己百医生病例集,例二,现代临床
复发性口腔溃疡,症状伴随症状,局部胀痛,于己百医生病例集,例二,现代临床
复发性口腔溃疡,症状伴随症状,局部灼热疼痛,于己百医生病例集,例二,现代临床
复发性口腔溃疡,症状伴随症状,进食尤其是食用固体食物时疼痛加重,于己百医生病例集,例二,现代临床
复发性口腔溃疡,症状伴随症状,身体疲劳,于己百医生病例集,例二,现代临床
复发性口腔溃疡,症状伴随症状,唾眠不足,于己百医生病例集,例二,现代临床
复发性口腔溃疡,症状伴随症状,情志不畅,于己百医生病例集,例二,现代临床
复发性口腔溃疡,症状伴随症状,饮食不节,于己百医生病例集,例二,现代临床
复发性口腔溃疡,症状伴随症状,大便不调,于己百医生病例集,例二,现代临床
复发性口腔溃疡,症状伴随症状,月经不调,于己百医生病例集,例二,现代临床
复发性口腔溃疡,症状伴随症状,月经来潮时发病,于己百医生病例集,例二,现代临床
复发性口腔溃疡,证候导致舌象,舌红而体胖或有齿印,于己百医生病例集,例二,现代临床
复发性口腔溃疡,证候导致舌象,舌苔腻或水滑,于己百医生病例集,例二,现代临床
复发性口腔溃疡,证候导致脉象,脉沉缓稍数,于己百医生病例集,例二,现代临床
脾胃气虚，心胃浮火,证候导致舌象,舌微红苔薄黄,于己百医生病例集,例二,现代临床
脾胃气虚，心胃浮火,证候导致脉象,脉沉缓稍数,于己百医生病例集,例二,现代临床
脾胃气虚，寒热互结，火热上冲之口疮,证候采用方剂,半夏泻心汤加味,于己百医生病例集,例二,现代临床
半夏泻心汤加味,方剂组成药材,"半夏10g,黄苓10g,黄连6g,党参12g,炙草10g,炮姜10g,黄茂20g,桑白皮30g,茵陈30g,桔梗10g,柴胡10g,升麻6g,连翘30g",于己百医生病例集,例二,现代临床
半夏泻心汤加味,方剂组成药材,白芷12备,于己百医生病例集,例二,现代临床
半夏泻心汤加味,方剂组成药材,焦楂15g,于己百医生病例集,例二,现代临床
半夏泻心汤加味,方剂组成药材,竹茹10g,于己百医生病例集,例二,现代临床
黄茂,药材具有功效,补中益气,于己百医生病例集,例二,现代临床
桑白皮,药材具有功效,清热而不伤阴,于己百医生病例集,例二,现代临床
茵陈,药材具有功效,清热祛湿,于己百医生病例集,例二,现代临床
桔梗,药材具有功效,清热、解毒、止痛,于己百医生病例集,例二,现代临床
连翘,药材具有功效,清解胃热，清热解毒，凉血止痛,于己百医生病例集,例二,现代临床
普济消毒饮,归属于经典,李东垣,于己百医生病例集,例二,现代临床
普济消毒饮,方剂组成药材,"黄苓15g,黄连15g,陈皮6g,甘草6g,元参6g,柴胡6g, 3g,僵蚕3g,升麻2g",于己百医生病例集,例二,现代临床
普济消毒饮,药材具有功效,清热解毒、疏风散邪,于己百医生病例集,例二,现代临床
急性咽喉炎,症状伴随症状,咽痒咽痛,于己百医生病例集,例二,现代临床
急性咽喉炎,症状伴随症状,发声不利,于己百医生病例集,例二,现代临床
急性咽喉炎,症状伴随症状,咳嗽痰少,于己百医生病例集,例二,现代临床
急性咽喉炎,症状伴随症状,头微疼痛,于己百医生病例集,例二,现代临床
急性咽喉炎,症状伴随症状,大便干结,于己百医生病例集,例二,现代临床
急性咽喉炎,证候导致舌象,舌尖红苔薄微黄,于己百医生病例集,例二,现代临床
急性咽喉炎,证候导致脉象,脉浮弦稍数,于己百医生病例集,例二,现代临床
风热侵袭，结聚咽喉，咽喉痹阻，金实不鸣,证候采用方剂,普济消毒饮加减,于己百医生病例集,例二,现代临床
普济消毒饮加减,方剂组成药材,"黄苓10g,黄连6g,连翘20g,银花20g,牛莠子12g,元参12g,板蓝根12g,桔梗10g,甘草10g,柴胡10g,升麻6g,蝉衣10g,赤芍20g,公英30g,枳实10g",于己百医生病例集,例二,现代临床
普济消毒饮,具有功效,清热解毒、疏风散邪,于己百医生病例集,例二,现代临床
普济消毒饮,主要用治,丹毒、腮腺炎,于己百医生病例集,例二,现代临床
急性咽喉炎,疾病表现症状,咽痒咽痛、岀声不利,于己百医生病例集,例二,现代临床
急性咽喉炎,症状伴随症状,咳嗽痰少、头微疼痛、大便干结,于己百医生病例集,例二,现代临床
急性咽喉炎,导致舌象,舌尖红苔薄微黄,于己百医生病例集,例二,现代临床
急性咽喉炎,导致脉象,脉浮弦稍数,于己百医生病例集,例二,现代临床
风热结聚,舌象表现特征,舌尖红苔薄微黄,于己百医生病例集,例二,现代临床
风热结聚,脉象表现特征,脉浮弦稍数,于己百医生病例集,例二,现代临床
风热结聚,症状辨证证候,急性咽喉炎,于己百医生病例集,例二,现代临床
普济消毒饮,证候采用方剂,风热结聚,于己百医生病例集,例二,现代临床
普济消毒饮,方剂组成药材,黄苓、黄连、连翘、银花、牛莠子、元参、板蓝根、桔梗、甘草、柴胡、升麻、蝉衣、赤芍、公英、枳实,于己百医生病例集,例二,现代临床
黄苓,具有功效,清热泻火解毒,于己百医生病例集,例二,现代临床
黄连,具有功效,清热泻火解毒,于己百医生病例集,例二,现代临床
慢性咽炎,疾病表现症状,咽痒咽干、咽喉疼痛,于己百医生病例集,例二,现代临床
慢性咽炎,症状伴随症状,时有咳嗽、痰少而粘、口干口苦、大便较干,于己百医生病例集,例二,现代临床
慢性咽炎,导致舌象,舌暗红苔薄黄,于己百医生病例集,例二,现代临床
慢性咽炎,导致脉象,脉弦滑,于己百医生病例集,例二,现代临床
火热偏盛体质,舌象表现特征,舌暗红苔薄黄,于己百医生病例集,例二,现代临床
火热偏盛体质,脉象表现特征,脉弦滑,于己百医生病例集,例二,现代临床
火热偏盛体质,症状辨证证候,慢性咽炎,于己百医生病例集,例二,现代临床
普济消毒饮,证候采用方剂,火热偏盛体质,于己百医生病例集,例二,现代临床
普济消毒饮,方剂组成药材,黄苓、黄连、连翘、牛旁子、元参、板蓝根、桔梗、甘草、柴胡、升麻、僵蚕、麦冬、胖大海、赤芍、枳实,于己百医生病例集,例二,现代临床
急性颌下淋巴结炎,疾病表现症状,左侧颌下淋巴结肿痛,于己百医生病例集,例二,现代临床
急性颌下淋巴结炎,症状伴随症状,口干口苦、大便干结,于己百医生病例集,例二,现代临床
急性颌下淋巴结炎,导致舌象,舌红苔薄黄,于己百医生病例集,例二,现代临床
急性颌下淋巴结炎,导致脉象,脉滑数,于己百医生病例集,例二,现代临床
风热侵袭，肺胃火盛,舌象表现特征,舌红苔薄黄,于己百医生病例集,例二,现代临床
风热侵袭，肺胃火盛,脉象表现特征,脉滑数,于己百医生病例集,例二,现代临床
风热侵袭，肺胃火盛,症状辨证证候,急性颌下淋巴结炎,于己百医生病例集,例二,现代临床
普济消毒饮,证候采用方剂,风热侵袭，肺胃火盛,于己百医生病例集,例二,现代临床
普济消毒饮,方剂组成药材,黄苓、黄连、连翘、元参、牛葬子、桔梗、甘草、柴胡、升麻、薄荷、蚕、浙贝母、生牡蛎、白花蛇舌草、赤芍、夏枯草,于己百医生病例集,例二,现代临床
急性扁桃体炎,疾病表现症状,发热、咽痛,于己百医生病例集,例二,现代临床
急性扁桃体炎,症状伴随症状,咽喉疼痛、连及耳后、吞咽尤甚、头痛身痛、口干口苦、大便干结,于己百医生病例集,例二,现代临床
急性扁桃体炎,导致舌象,舌尖红苔薄黄,于己百医生病例集,例二,现代临床
急性扁桃体炎,导致脉象,脉滑数,于己百医生病例集,例二,现代临床
风热乳蛾，肺胃火盛,舌象表现特征,舌尖红苔薄黄,于己百医生病例集,例二,现代临床
风热乳蛾，肺胃火盛,脉象表现特征,脉滑数,于己百医生病例集,例二,现代临床
风热乳蛾，肺胃火盛,症状辨证证候,急性扁桃体炎,于己百医生病例集,例二,现代临床
普济消毒饮,证候采用方剂,风热乳蛾，肺胃火盛,于己百医生病例集,例二,现代临床
普济消毒饮,方剂组成药材,黄苓、黄连、银花、连翘、梔子、桔梗、甘草、牛茅于、元参、板蓝根、柴胡、升麻、赤芍、白花蛇舌草、大黄、露蜂房,于己百医生病例集,例二,现代临床
急性扁桃体炎,疾病表现症状,发热,于己百医生病例集,例二,现代临床
急性扁桃体炎,疾病表现症状,咽喉疼痛,于己百医生病例集,例二,现代临床
急性扁桃体炎,疾病表现症状,扁桃体肿大,于己百医生病例集,例二,现代临床
风热乳蛾,归属于经典,中医,于己百医生病例集,例二,现代临床
外感风热,导致证候,风热型,于己百医生病例集,例二,现代临床
风寒化火,导致证候,热毒炽盛型,于己百医生病例集,例二,现代临床
热毒炽盛型,证候导致舌象,舌红苔黄,于己百医生病例集,例二,现代临床
热毒炽盛型,证候导致脉象,脉数,于己百医生病例集,例二,现代临床
普济消毒饮,证候采用方剂,热毒炽盛型,于己百医生病例集,例二,现代临床
普济消毒饮,方剂组成药材,黄苓,于己百医生病例集,例二,现代临床
普济消毒饮,方剂组成药材,黄连,于己百医生病例集,例二,现代临床
黄苓,药材具有功效,清热泻火,于己百医生病例集,例二,现代临床
黄连,药材具有功效,清热泻火,于己百医生病例集,例二,现代临床
普济消毒饮,方剂组成药材,牛旁子,于己百医生病例集,例二,现代临床
普济消毒饮,方剂组成药材,薄荷,于己百医生病例集,例二,现代临床
普济消毒饮,方剂组成药材,连翘,于己百医生病例集,例二,现代临床
普济消毒饮,方剂组成药材,僵蚕,于己百医生病例集,例二,现代临床
普济消毒饮,方剂组成药材,元参,于己百医生病例集,例二,现代临床
普济消毒饮,方剂组成药材,马勃,于己百医生病例集,例二,现代临床
普济消毒饮,方剂组成药材,板蓝根,于己百医生病例集,例二,现代临床
普济消毒饮,方剂组成药材,桔梗,于己百医生病例集,例二,现代临床
普济消毒饮,方剂组成药材,甘草,于己百医生病例集,例二,现代临床
普济消毒饮,方剂组成药材,陈皮,于己百医生病例集,例二,现代临床
普济消毒饮,方剂组成药材,柴胡,于己百医生病例集,例二,现代临床
普济消毒饮,方剂组成药材,升麻,于己百医生病例集,例二,现代临床
声带结节,症状伴随症状,咽干而涩,于己百医生病例集,例二,现代临床
声带结节,症状伴随症状,痒塞不爽,于己百医生病例集,例二,现代临床
声带结节,症状伴随症状,微觉疼痛,于己百医生病例集,例二,现代临床
声带结节,症状伴随症状,声音嘶哑,于己百医生病例集,例二,现代临床
声带结节,症状伴随症状,大便偏干,于己百医生病例集,例二,现代临床
邪热伤阴,证候导致舌象,舌红,于己百医生病例集,例二,现代临床
邪热伤阴,证候导致舌象,苔薄白,于己百医生病例集,例二,现代临床
邪热伤阴,证候导致脉象,脉沉弦,于己百医生病例集,例二,现代临床
少阴甘桔汤配合苦酒汤加减,证候采用方剂,邪热伤阴,于己百医生病例集,例二,现代临床
少阴甘桔汤配合苦酒汤加减,方剂组成药材,柴胡,于己百医生病例集,例二,现代临床
少阴甘桔汤配合苦酒汤加减,方剂组成药材,黄苓,于己百医生病例集,例二,现代临床
少阴甘桔汤配合苦酒汤加减,方剂组成药材,黄连,于己百医生病例集,例二,现代临床
少阴甘桔汤配合苦酒汤加减,方剂组成药材,生石膏,于己百医生病例集,例二,现代临床
少阴甘桔汤配合苦酒汤加减,方剂组成药材,升麻,于己百医生病例集,例二,现代临床
少阴甘桔汤配合苦酒汤加减,方剂组成药材,连翘,于己百医生病例集,例二,现代临床
少阴甘桔汤配合苦酒汤加减,方剂组成药材,赤芍,于己百医生病例集,例二,现代临床
少阴甘桔汤配合苦酒汤加减,方剂组成药材,蝉衣,于己百医生病例集,例二,现代临床
少阴甘桔汤配合苦酒汤加减,方剂组成药材,僵蚕,于己百医生病例集,例二,现代临床
少阴甘桔汤配合苦酒汤加减,方剂组成药材,元参,于己百医生病例集,例二,现代临床
少阴甘桔汤配合苦酒汤加减,方剂组成药材,板蓝根,于己百医生病例集,例二,现代临床
少阴甘桔汤配合苦酒汤加减,方剂组成药材,桔梗,于己百医生病例集,例二,现代临床
少阴甘桔汤配合苦酒汤加减,方剂组成药材,甘草,于己百医生病例集,例二,现代临床
少阴甘桔汤配合苦酒汤加减,方剂组成药材,半夏,于己百医生病例集,例二,现代临床
少阴甘桔汤,归属于经典,外科正宗,于己百医生病例集,例二,现代临床
苦酒汤,归属于经典,伤寒论,于己百医生病例集,例二,现代临床
于己百,名医经验总结,普济消毒饮之黄苓、黄连清热泻火，祛上焦热毒，针对火热病因而设，是本方的主药,于己百医生病例集,例二,现代临床
于己百,名医经验总结,普济消毒饮治疗咽喉疼痛的辨治要点是咽喉疼痛，舌红苔黄，脉数,于己百医生病例集,例二,现代临床
于己百,名医经验总结,少阴甘桔汤合苦酒汤加减治疗声带结节,于己百医生病例集,例二,现代临床
于己百,理论指导实践,伤寒论集症为证，随证立法，依法处方，见斯证即用斯方，用斯方即遣斯药,于己百医生病例集,例二,现代临床
伤寒论,归属于经典,中医证候诊断学和证候病理学,于己百医生病例集,例二,现代临床
伤寒论,归属于经典,中医临床治疗学,于己百医生病例集,例二,现代临床
六病,理论指导实践,中医辨证论治,于己百医生病例集,例二,现代临床
太阳病,疾病导致舌象,舌淡而润,于己百医生病例集,例二,现代临床
太阳病,疾病表现症状,发热恶寒,于己百医生病例集,例二,现代临床
太阳病,疾病表现症状,头项强痛,于己百医生病例集,例二,现代临床
太阳病,疾病表现症状,肢体酸疼,于己百医生病例集,例二,现代临床
太阳病,疾病导致脉象,脉浮,于己百医生病例集,例二,现代临床
伤寒证,证候导致舌象,无汗,于己百医生病例集,例二,现代临床
伤寒证,证候导致脉象,脉浮紧,于己百医生病例集,例二,现代临床
中风证,证候导致舌象,汗出,于己百医生病例集,例二,现代临床
中风证,证候导致舌象,恶风,于己百医生病例集,例二,现代临床
中风证,证候导致脉象,脉浮缓,于己百医生病例集,例二,现代临床
温热证,疾病表现症状,口苦,于己百医生病例集,例二,现代临床
阳明腑证,疾病表现症状,腹满硬痛,于己百医生病例集,例二,现代临床
阳明腑证,疾病表现症状,大便燥结,于己百医生病例集,例二,现代临床
阳明腑证,疾病表现症状,潮热盗汗,于己百医生病例集,例二,现代临床
阳明腑证,疾病导致脉象,脉沉有力,于己百医生病例集,例二,现代临床
脾约证,疾病表现症状,小便数,于己百医生病例集,例二,现代临床
脾约证,疾病表现症状,大便难,于己百医生病例集,例二,现代临床
太阴病,疾病表现症状,腹满而吐,于己百医生病例集,例二,现代临床
太阴病,疾病表现症状,食不下,于己百医生病例集,例二,现代临床
太阴病,疾病表现症状,自利,于己百医生病例集,例二,现代临床
太阴病,疾病表现症状,口不渴,于己百医生病例集,例二,现代临床
太阴病,疾病导致舌象,苔白而腻,于己百医生病例集,例二,现代临床
太阴病,疾病导致脉象,脉缓弱,于己百医生病例集,例二,现代临床
少阴病,疾病表现症状,脉微细,于己百医生病例集,例二,现代临床
少阴病,疾病表现症状,但欲寐,于己百医生病例集,例二,现代临床
少阴病,疾病表现症状,恶寒蜷卧,于己百医生病例集,例二,现代临床
少阴病,疾病表现症状,手足不温,于己百医生病例集,例二,现代临床
少阴病,疾病表现症状,下利清谷,于己百医生病例集,例二,现代临床
少阴病,疾病表现症状,小便清长,于己百医生病例集,例二,现代临床
少阴病,疾病导致舌象,舌淡而润,于己百医生病例集,例二,现代临床
寒化证,症状伴随症状,下利清谷,于己百医生病例集,例二,现代临床
热化证,症状伴随症状,下利口渴,于己百医生病例集,例二,现代临床
热化证,症状伴随症状,心烦不得卧,于己百医生病例集,例二,现代临床
热化证,症状伴随症状,四肢冷,于己百医生病例集,例二,现代临床
热化证,症状伴随症状,咽痛,于己百医生病例集,例二,现代临床
热化证,症状伴随症状,咽中生疮,于己百医生病例集,例二,现代临床
热化证,症状伴随症状,口燥咽干,于己百医生病例集,例二,现代临床
热化证,症状伴随症状,腹胀便结,于己百医生病例集,例二,现代临床
热化证,症状伴随症状,热结旁流,于己百医生病例集,例二,现代临床
热化证,症状伴随症状,下利纯清水,于己百医生病例集,例二,现代临床
伤寒论,名医经验总结,于己百,于己百医生病例集,例二,现代临床
感冒,疾病导致舌象,风寒感冒,于己百医生病例集,例二,现代临床
感冒,疾病导致舌象,风热感冒,于己百医生病例集,例二,现代临床
感冒,疾病导致舌象,挟暑,于己百医生病例集,例二,现代临床
感冒,疾病导致舌象,挟湿,于己百医生病例集,例二,现代临床
风寒感冒,证候导致舌象,风寒表实证,于己百医生病例集,例二,现代临床
风寒感冒,证候导致舌象,风寒表虚证,于己百医生病例集,例二,现代临床
感冒,症状伴随症状,恶寒发热,于己百医生病例集,例二,现代临床
感冒,症状伴随症状,头痛身疼,于己百医生病例集,例二,现代临床
感冒,症状伴随症状,证候分析,于己百医生病例集,例二,现代临床
感冒,症状伴随症状,太阳、少阳合病,于己百医生病例集,例二,现代临床
感冒,证候导致脉象,辛温解表,于己百医生病例集,例二,现代临床
感冒,证候导致脉象,发汗平喘,于己百医生病例集,例二,现代临床
感冒,证候导致脉象,解肌发表,于己百医生病例集,例二,现代临床
感冒,证候导致脉象,调和营卫,于己百医生病例集,例二,现代临床
感冒,证候采用方剂,柴胡桂枝汤,于己百医生病例集,例二,现代临床
气管炎、肺炎、肺气肿等咳喘病证,证候采用方剂,麻杏石甘汤,于己百医生病例集,例二,现代临床
气管炎、肺炎、肺气肿等咳喘病证,证候采用方剂,桂枝加厚朴杏子汤,于己百医生病例集,例二,现代临床
气管炎、肺炎、肺气肿等咳喘病证,证候采用方剂,苓甘五味姜辛汤,于己百医生病例集,例二,现代临床
气管炎、肺炎、肺气肿等咳喘病证,证候采用方剂,小青龙汤,于己百医生病例集,例二,现代临床
胃病,证候采用方剂,半夏泻心汤,于己百医生病例集,例二,现代临床
胃病,证候采用方剂,旋覆花代赭汤,于己百医生病例集,例二,现代临床
胃病,证候采用方剂,理中汤,于己百医生病例集,例二,现代临床
胃病,证候采用方剂,大小建中汤,于己百医生病例集,例二,现代临床
神经衰弱，虚烦失眠,证候采用方剂,酸枣仁汤,于己百医生病例集,例二,现代临床
神经衰弱，虚烦失眠,证候采用方剂,栀子豉汤,于己百医生病例集,例二,现代临床
癫痫、精神病,证候采用方剂,柴胡加龙骨牡蛎汤,于己百医生病例集,例二,现代临床
癫痫、精神病,证候采用方剂,桃核承气汤,于己百医生病例集,例二,现代临床
各型泻痢,证候采用方剂,葛根苓连汤,于己百医生病例集,例二,现代临床
各型泻痢,证候采用方剂,黄芩汤,于己百医生病例集,例二,现代临床
各型泻痢,证候采用方剂,白头翁汤,于己百医生病例集,例二,现代临床
各型泻痢,证候采用方剂,桃花汤,于己百医生病例集,例二,现代临床
急慢性肾炎、肾病综合征,证候采用方剂,越婢加术汤,于己百医生病例集,例二,现代临床
急慢性肾炎、肾病综合征,证候采用方剂,麻黄连翘赤小豆汤,于己百医生病例集,例二,现代临床
急慢性肾炎、肾病综合征,证候采用方剂,五苓散,于己百医生病例集,例二,现代临床
急慢性肾炎、肾病综合征,证候采用方剂,真武汤,于己百医生病例集,例二,现代临床
尊麻疹、皮肤痛痒等症,证候采用方剂,桂麻各半汤,于己百医生病例集,例二,现代临床
面部黄褐斑、扁平疣,证候采用方剂,麻杏茵甘汤,于己百医生病例集,例二,现代临床
面部黄褐斑、扁平疣,证候采用方剂,四物汤加味,于己百医生病例集,例二,现代临床
颈椎病、肩周炎、颜面神经麻痹等病,证候采用方剂,桂枝加葛根汤,于己百医生病例集,例二,现代临床
颈椎病、肩周炎、颜面神经麻痹等病,证候采用方剂,桂枝加附子汤,于己百医生病例集,例二,现代临床
风寒湿痹,证候采用方剂,黄芷桂枝五物汤,于己百医生病例集,例二,现代临床
风寒湿痹,证候采用方剂,桂枝芍药知母汤,于己百医生病例集,例二,现代临床
跌仆损伤性疾患,证候采用方剂,桃核承气汤,于己百医生病例集,例二,现代临床
咽喉炎症、声带水肿,证候采用方剂,甘桔汤,于己百医生病例集,例二,现代临床
咽喉炎症、声带水肿,证候采用方剂,苦酒汤,于己百医生病例集,例二,现代临床
妇科月经不调、痛经、子宫肌瘤等,证候采用方剂,温经汤,于己百医生病例集,例二,现代临床
妇科月经不调、痛经、子宫肌瘤等,证候采用方剂,当归芍药散,于己百医生病例集,例二,现代临床
妇科月经不调、痛经、子宫肌瘤等,证候采用方剂,桂枝茯苓丸,于己百医生病例集,例二,现代临床
黄疸,证候采用方剂,茵陈蒿汤,于己百医生病例集,例二,现代临床
习惯性便秘,证候采用方剂,承气汤,于己百医生病例集,例二,现代临床
习惯性便秘,证候采用方剂,麻子仁丸,于己百医生病例集,例二,现代临床
寒湿痹,证候采用方剂,桃核承气汤,于己百医生病例集,例二,现代临床
跌仆损伤性疾患,证候采用方剂,桃核承气汤,于己百医生病例集,例二,现代临床
咽喉炎症、声带水肿,证候采用方剂,甘桔汤,于己百医生病例集,例二,现代临床
咽喉炎症、声带水肿,证候采用方剂,苦酒汤,于己百医生病例集,例二,现代临床
妇科月经不调、痛经、子宫肌瘤,证候采用方剂,温经汤,于己百医生病例集,例二,现代临床
妇科月经不调、痛经、子宫肌瘤,证候采用方剂,当归芍药散,于己百医生病例集,例二,现代临床
妇科月经不调、痛经、子宫肌瘤,证候采用方剂,桂枝茯苓丸,于己百医生病例集,例二,现代临床
黄疸,证候采用方剂,茵陈蒿汤,于己百医生病例集,例二,现代临床
习惯性便秘,证候采用方剂,承气汤,于己百医生病例集,例二,现代临床
习惯性便秘,证候采用方剂,麻子仁丸,于己百医生病例集,例二,现代临床
感冒,症状伴随症状,恶寒发热,于己百医生病例集,例二,现代临床
感冒,症状伴随症状,头痛身疼,于己百医生病例集,例二,现代临床
感冒,症状伴随症状,微呕,于己百医生病例集,例二,现代临床
感冒,症状伴随症状,心下支结,于己百医生病例集,例二,现代临床
感冒,证候导致舌象,舌红苔黄,于己百医生病例集,例二,现代临床
感冒,证候导致脉象,脉象沉弦,于己百医生病例集,例二,现代临床
萎缩性胃炎,疾病表现症状,胃腕胀满,于己百医生病例集,例二,现代临床
萎缩性胃炎,疾病表现症状,纳谷不馨,于己百医生病例集,例二,现代临床
萎缩性胃炎,疾病表现症状,食后不化,于己百医生病例集,例二,现代临床
萎缩性胃炎,证候导致舌象,舌红苔黄,于己百医生病例集,例二,现代临床
萎缩性胃炎,证候导致脉象,脉象沉弦,于己百医生病例集,例二,现代临床
肺炎,证候采用方剂,麻杏石甘汤,于己百医生病例集,例二,现代临床
结核病,证候采用方剂,辨证方剂,于己百医生病例集,例二,现代临床
肝病、胃病,证候采用方剂,辨证方剂,于己百医生病例集,例二,现代临床
于己百,名医经验总结,临证运用经方治病时，最善于从病人复杂的主诉、症状和体征表现中抓住主证，并针对主证作出科学的辨证诊断，再根据科学辨证诊断，合理选方用药，给以恰当治疗。,于己百医生病例集,例二,现代临床
于己百,名医经验总结,其临证组方，常采用经方头，时方尾，可谓别具一格。,于己百医生病例集,例二,现代临床
于己百,名医经验总结,于氏根据多年的临证经验，认为我国北方的感冒病人中，柴胡桂枝汤证是一个常见的证候。,于己百医生病例集,例二,现代临床
于己百,名医经验总结,于氏在经方的加减变化上非常灵活，独具特色。,于己百医生病例集,例二,现代临床
于己百,名医经验总结,于氏在学术上从不执守固见，最善于汲取中西医药学的新认识、新观点。,于己百医生病例集,例二,现代临床
于己百,名医经验总结,于氏如此用方，如此加减，既不失仲景方之原意，又能切合所治病证之病机，既有中医理论作指导，又结合了现代药理研究的新认识、新成果，故其取效甚捷，常为病家和医家所称颂。,于己百医生病例集,例二,现代临床
肝外阻塞性黄疸,证候采用方剂,大柴胡汤,于己百医生病例集,例二,现代临床
肝外阻塞性黄疸,证候采用方剂,茵陈蒿汤,于己百医生病例集,例二,现代临床
肝外阻塞性黄疸,疾病表现症状,面目爪甲金黄色,于己百医生病例集,例二,现代临床
肝外阻塞性黄疸,疾病表现症状,胃胀,于己百医生病例集,例二,现代临床
肝外阻塞性黄疸,疾病表现症状,呃逆,于己百医生病例集,例二,现代临床
肝外阻塞性黄疸,疾病表现症状,便干,于己百医生病例集,例二,现代临床
肝外阻塞性黄疸,疾病表现症状,波赤,于己百医生病例集,例二,现代临床
肝外阻塞性黄疸,舌象表现特征,舌红苔黄,于己百医生病例集,例二,现代临床
肝外阻塞性黄疸,脉象表现特征,脉象沉弦,于己百医生病例集,例二,现代临床
大脑导水管不通,疾病导致舌象,太阳蓄水证,于己百医生病例集,例4,现代临床
太阳蓄水证,证候采用方剂,五苓散,于己百医生病例集,例4,现代临床
五苓散,方剂组成药材,桂枝,于己百医生病例集,例4,现代临床
五苓散,方剂组成药材,茯苓,于己百医生病例集,例4,现代临床
五苓散,方剂组成药材,猪苓,于己百医生病例集,例4,现代临床
五苓散,方剂组成药材,泽泻,于己百医生病例集,例4,现代临床
五苓散,方剂组成药材,白术,于己百医生病例集,例4,现代临床
五苓散,方剂组成药材,牛膝,于己百医生病例集,例4,现代临床
五苓散,方剂组成药材,车前子,于己百医生病例集,例4,现代临床
五苓散,方剂组成药材,莞蔚子,于己百医生病例集,例4,现代临床
桂枝,药材具有功效,活血利水通窍下行,于己百医生病例集,例4,现代临床
茯苓,药材具有功效,活血利水通窍下行,于己百医生病例集,例4,现代临床
猪苓,药材具有功效,活血利水通窍下行,于己百医生病例集,例4,现代临床
泽泻,药材具有功效,活血利水通窍下行,于己百医生病例集,例4,现代临床
白术,药材具有功效,活血利水通窍下行,于己百医生病例集,例4,现代临床
牛膝,药材具有功效,活血利水通窍下行,于己百医生病例集,例4,现代临床
车前子,药材具有功效,活血利水通窍下行,于己百医生病例集,例4,现代临床
莞蔚子,药材具有功效,活血利水通窍下行,于己百医生病例集,例4,现代临床
于己百,名医经验总结,用古方治今病，既不脱离中医学基础理论的指导，又能参考现代医学的有关认识，合理选方用药，灵活加减化裁,于己百医生病例集,例4,现代临床
于己百,名医经验总结,中医要发展，就必须与现代科学相结合，多学科、多途径、多层次进行研究，要勇于改革创新，绝不能墨守成规,于己百医生病例集,例4,现代临床
于己百,名医经验总结,中医的病因与病理是密切相关的,于己百医生病例集,例4,现代临床
于己百,名医经验总结,中医所说的病因，不是完全指外在的致病因素，还包括了致病因素作用于人体后所产生的各种病理反应的结果，也就是病理状态所反映出来的证,于己百医生病例集,例4,现代临床
于己百,名医经验总结,针对这些证，采取适当的治疗原则，如虚则补、实则泻、瘀则化、滞则疏等，使病理状态转化为生理状态，阴阳恢复协调，气血恢复和畅，则可达到愈病的目的,于己百医生病例集,例4,现代临床
于己百,名医经验总结,中西医结合，互相取长补短，促进医药学的创新和发展，乃是中国医药学发展的必然趋势,于己百医生病例集,例4,现代临床
于己百,名医经验总结,中医、西医各有所长，各有特点。中医之长是整体观念和辨证论治，西医之长在于现代科学技术的诊断及针对病因的治疗,于己百医生病例集,例4,现代临床
于己百,名医经验总结,在临床医学方面，于氏一再强调要做到病证结合的诊断和治疗,于己百医生病例集,例4,现代临床
于己百,名医经验总结,学习中医者应该具备三个要素：一是悟性要好；二是药性要熟；三是不能脱离临床,于己百医生病例集,例4,现代临床
于己百,名医经验总结,学习中医要特别注意悟性的培养，要训练中医独有的临床辨证思维,于己百医生病例集,例4,现代临床
痛风,疾病导致舌象,湿浊凝聚，血气不清,于己百医生病例集,例4,现代临床
湿浊凝聚，血气不清,证候采用方剂,茵陈五苓散,于己百医生病例集,例4,现代临床
茵陈五苓散,方剂组成药材,茵陈,于己百医生病例集,例4,现代临床
茵陈,药材具有功效,利湿退黄,于己百医生病例集,例4,现代临床
痛风病,疾病表现症状,突然发作的关节尤其是趾或跖趾关节红肿剧痛,于己百医生病例集,例4,现代临床
痛风病,疾病导致舌象,湿浊凝聚，血气不清,于己百医生病例集,例4,现代临床
痛风病,疾病导致脉象,湿浊内生，凝而成痰,于己百医生病例集,例4,现代临床
湿浊凝聚，血气不清,证候导致舌象,湿浊之邪,于己百医生病例集,例4,现代临床
湿浊凝聚，血气不清,证候导致脉象,体内水液代谢失调,于己百医生病例集,例4,现代临床
湿浊凝聚，血气不清,证候采用方剂,茵陈五苓散,于己百医生病例集,例4,现代临床
茵陈五苓散,方剂组成药材,茵陈蒿,于己百医生病例集,例4,现代临床
茵陈蒿,药材具有功效,利尿除湿以退黄,于己百医生病例集,例4,现代临床
茵陈五苓散,方剂组成药材,五苓散,于己百医生病例集,例4,现代临床
五苓散,药材具有功效,化气利水，助脾转输,于己百医生病例集,例4,现代临床
小儿遗尿,症状伴随症状,睡后不易叫醒,于己百医生病例集,例4,现代临床
小儿遗尿,证候采用方剂,麻黄汤,于己百医生病例集,例4,现代临床
麻黄汤,方剂组成药材,麻黄,于己百医生病例集,例4,现代临床
麻黄,药材具有功效,充心阳，健元神,于己百医生病例集,例4,现代临床
麻黄汤,方剂组成药材,桂枝,于己百医生病例集,例4,现代临床
桂枝,药材具有功效,充心阳，健元神,于己百医生病例集,例4,现代临床
于己百,名医经验总结,"治疗小儿遗尿时，在辨证处方的前提下，常常加入麻黄汤之主药麻黄10g,桂枝10g",于己百医生病例集,例4,现代临床
于己百,名医经验总结,治疗头脑诸疾，均在辨证方剂或对药组药中加入川萼以增强疗效,于己百医生病例集,例4,现代临床
川萼,药材具有功效,载药上行，直达头脑,于己百医生病例集,例4,现代临床
于己百,名医经验总结,治疗胃肠、肺系病证常用对药组药,于己百医生病例集,例4,现代临床
杭芍炙甘草木香白芷,方剂组成药材,杭芍,于己百医生病例集,例4,现代临床
杭芍炙甘草木香白芷,方剂组成药材,炙甘草,于己百医生病例集,例4,现代临床
杭芍炙甘草木香白芷,方剂组成药材,木香,于己百医生病例集,例4,现代临床
杭芍炙甘草木香白芷,方剂组成药材,白芷,于己百医生病例集,例4,现代临床
桂枝细辛川椒白芷,方剂组成药材,桂枝,于己百医生病例集,例4,现代临床
桂枝细辛川椒白芷,方剂组成药材,细辛,于己百医生病例集,例4,现代临床
桂枝细辛川椒白芷,方剂组成药材,川椒,于己百医生病例集,例4,现代临床
桂枝细辛川椒白芷,方剂组成药材,白芷,于己百医生病例集,例4,现代临床
元胡川棟子白芷,方剂组成药材,元胡,于己百医生病例集,例4,现代临床
元胡川棟子白芷,方剂组成药材,川棟子,于己百医生病例集,例4,现代临床
元胡川棟子白芷,方剂组成药材,白芷,于己百医生病例集,例4,现代临床
代赭石莱薩子,方剂组成药材,代赭石,于己百医生病例集,例4,现代临床
代赭石莱薩子,方剂组成药材,莱薩子,于己百医生病例集,例4,现代临床
莪术莱靛子,方剂组成药材,莪术,于己百医生病例集,例4,现代临床
莪术莱靛子,方剂组成药材,莱靛子,于己百医生病例集,例4,现代临床
烦瓦楞海螺峭,方剂组成药材,烦瓦楞,于己百医生病例集,例4,现代临床
烦瓦楞海螺峭,方剂组成药材,海螺峭,于己百医生病例集,例4,现代临床
慢性浅表性胃炎,症状伴随症状,胃肮胀闷,于己百医生病例集,例4,现代临床
慢性浅表性胃炎,症状伴随症状,纳呆食少,于己百医生病例集,例4,现代临床
慢性浅表性胃炎,症状伴随症状,暖气呃逆,于己百医生病例集,例4,现代临床
莪术,药材具有功效,破血逐瘀,于己百医生病例集,例4,现代临床
莪术,药材具有功效,行气止痛,于己百医生病例集,例4,现代临床
莪术,药材具有功效,消积,于己百医生病例集,例4,现代临床
瓦楞,药材具有功效,制酸止痛,于己百医生病例集,例4,现代临床
海螺婿,药材具有功效,固精止带,于己百医生病例集,例4,现代临床
海螺婿,药材具有功效,收敛止血,于己百医生病例集,例4,现代临床
海螺婿,药材具有功效,制酸止痛,于己百医生病例集,例4,现代临床
乌梅,药材具有功效,涩肠生津,于己百医生病例集,例4,现代临床
乌梅,药材具有功效,止血,于己百医生病例集,例4,现代临床
椿根皮,药材具有功效,清热,于己百医生病例集,例4,现代临床
椿根皮,药材具有功效,燥湿,于己百医生病例集,例4,现代临床
椿根皮,药材具有功效,止血,于己百医生病例集,例4,现代临床
诃子,药材具有功效,涩肠止泻,于己百医生病例集,例4,现代临床
米壳,药材具有功效,止泻,于己百医生病例集,例4,现代临床
胆南星,药材具有功效,祛风化痰,于己百医生病例集,例4,现代临床
胆南星,药材具有功效,定痉止咳,于己百医生病例集,例4,现代临床
地龙,药材具有功效,清热,于己百医生病例集,例4,现代临床
地龙,药材具有功效,解痉,于己百医生病例集,例4,现代临床
地龙,药材具有功效,平喘,于己百医生病例集,例4,现代临床
射干,药材具有功效,降逆行痰,于己百医生病例集,例4,现代临床
射干,药材具有功效,清热解毒,于己百医生病例集,例4,现代临床
紫莞,药材具有功效,润肺下气,于己百医生病例集,例4,现代临床
紫莞,药材具有功效,化痰止咳,于己百医生病例集,例4,现代临床
百部,药材具有功效,止咳,于己百医生病例集,例4,现代临床
冬花,药材具有功效,化痰止咳,于己百医生病例集,例4,现代临床
黄苓,药材具有功效,清热润肺,于己百医生病例集,例4,现代临床
黄苓,药材具有功效,止咳,于己百医生病例集,例4,现代临床
麦冬,药材具有功效,养阴润肺,于己百医生病例集,例4,现代临床
茯苓,药材具有功效,化气除饮,于己百医生病例集,例4,现代临床
茯苓,药材具有功效,降逆,于己百医生病例集,例4,现代临床
杏仁,药材具有功效,止咳平喘,于己百医生病例集,例4,现代临床
葦苗子,药材具有功效,行水祛痰,于己百医生病例集,例4,现代临床
葦苗子,药材具有功效,平喘泻肺,于己百医生病例集,例4,现代临床
大枣,药材具有功效,益气和中,于己百医生病例集,例4,现代临床
浙贝,药材具有功效,化痰止咳,于己百医生病例集,例4,现代临床
瓜萎,药材具有功效,清化热痰,于己百医生病例集,例4,现代临床
瓜萎,药材具有功效,利气散结,于己百医生病例集,例4,现代临床
于己百,名医经验总结,"将代赭石、莱服子合用,是取苦辛通降之义，用以调和寒热，开通气机，消胀除噫",于己百医生病例集,例4,现代临床
于己百,名医经验总结,莪术配伍莱農子，奏消食行气、除积止痛之效,于己百医生病例集,例4,现代临床
于己百,名医经验总结,食道、胃腕灼痛，多因火热、虚火引起；泛酸、吐酸，又因寒湿之邪壅滞，或饮食不节，脾胃失和，肝郁化热，夹胃液上行而成,于己百医生病例集,例4,现代临床
于己百,名医经验总结,凡术药皆能健脾补中，但白术益气健脾，曰补脾；苍术燥湿发汗，曰行脾；莪术行气消滞，曰运脾，乃同中有异也,于己百医生病例集,例4,现代临床
于己百,名医经验总结,临床常在使用疏肝泄热作用的金铃子散的基础上加用瓦楞、海螺婿,于己百医生病例集,例4,现代临床
于己百,名医经验总结,凡宜于干姜温中散寒止利者，均易为炮姜,于己百医生病例集,例4,现代临床
于己百,名医经验总结,焦楂醒脾气，消肉食，破瘀血，散结消胀，止泻痢,于己百医生病例集,例4,现代临床
于己百,名医经验总结,乌梅味酸，涩肠而生津，炒炭又可止血，宜于久痢不止、阴津损伤，或便下脓血之证,于己百医生病例集,例4,现代临床
于己百,名医经验总结,椿根皮苦涩、性寒，寒可清热，苦可燥湿，性收涩而能止血，用于湿热所致之久泄久痢及血痢之证,于己百医生病例集,例4,现代临床
于己百,名医经验总结,诃子性平而少寒热，味酸涩而收，能涩肠止泻,于己百医生病例集,例4,现代临床
于己百,名医经验总结,米壳酸涩、性平，现代研究可使胃肠平滑肌张力及括约肌张力提高，消化液分泌减少而有非常显著的止泻作用,于己百医生病例集,例4,现代临床
于己百,名医经验总结,胆南星地龙二者合用，具祛风化痰、定痉止咳之功,于己百医生病例集,例4,现代临床
于己百,名医经验总结,地龙僵蚕射干三味合用，共奏祛风化痰、利咽止咳之功,于己百医生病例集,例4,现代临床
于己百,名医经验总结,地龙海螺婿寒热兼施，共奏祛风止咳、敛肺定喘之效,于己百医生病例集,例4,现代临床
于己百,名医经验总结,紫莞、百部、冬花三药为伍，温肺化痰止咳,于己百医生病例集,例4,现代临床
于己百,名医经验总结,黄苓、麦冬二味合用，是将清肺火、润肺阴、止咳喘三效合而为一,于己百医生病例集,例4,现代临床
于己百,名医经验总结,茯苓杏仁合用，行水饮，疏肺气，止咳喘,于己百医生病例集,例4,现代临床
于己百,名医经验总结,葦苗子配伍大枣，泻肺行水祛痰，下气止咳平喘,于己百医生病例集,例4,现代临床
于己百,名医经验总结,浙贝瓜萎生牡蛎合用，化痰止咳,于己百医生病例集,例4,现代临床
水饮阻肺,症状伴随症状,胸闷气短,于己百医生病例集,例4,现代临床
水饮阻肺,症状伴随症状,咳嗽咯痰,于己百医生病例集,例4,现代临床
水饮阻肺,症状伴随症状,大便不干,于己百医生病例集,例4,现代临床
上呼吸道感染,归属于经典,金匮要略,于己百医生病例集,例4,现代临床
支气管炎,归属于经典,金匮要略,于己百医生病例集,例4,现代临床
肺炎,归属于经典,金匮要略,于己百医生病例集,例4,现代临床
痰湿,症状伴随症状,咳嗽气喘,于己百医生病例集,例4,现代临床
痰湿,症状伴随症状,胸闷短气,于己百医生病例集,例4,现代临床
痰湿,症状伴随症状,大便干结,于己百医生病例集,例4,现代临床
草紡大枣泻肺汤,归属于经典,金匮要略,于己百医生病例集,例4,现代临床
草紡大枣泻肺汤,方剂组成药材,孽苗子,于己百医生病例集,例4,现代临床
草紡大枣泻肺汤,方剂组成药材,大枣,于己百医生病例集,例4,现代临床
孽苗子,药材具有功效,行水祛痰,于己百医生病例集,例4,现代临床
孽苗子,药材具有功效,平喘泻肺,于己百医生病例集,例4,现代临床
大枣,药材具有功效,益气和中,于己百医生病例集,例4,现代临床
茯苓、杏仁,症状伴随症状,咳逆上气,于己百医生病例集,例4,现代临床
茯苓、杏仁,症状伴随症状,胸闷气短,于己百医生病例集,例4,现代临床
茯苓、杏仁,症状伴随症状,大便不干,于己百医生病例集,例4,现代临床
葦苗子、大枣,症状伴随症状,咳逆上气,于己百医生病例集,例4,现代临床
葦苗子、大枣,症状伴随症状,胸闷气短,于己百医生病例集,例4,现代临床
葦苗子、大枣,症状伴随症状,大便干结,于己百医生病例集,例4,现代临床
浙贝瓜萎生牡蛎,方剂组成药材,浙贝,于己百医生病例集,例4,现代临床
浙贝瓜萎生牡蛎,方剂组成药材,瓜萎,于己百医生病例集,例4,现代临床
浙贝瓜萎生牡蛎,方剂组成药材,生牡蛎,于己百医生病例集,例4,现代临床
浙贝,药材具有功效,化痰止咳,于己百医生病例集,例4,现代临床
浙贝,药材具有功效,散结,于己百医生病例集,例4,现代临床
瓜萎,药材具有功效,清化热痰,于己百医生病例集,例4,现代临床
瓜萎,药材具有功效,利气散结宽胸,于己百医生病例集,例4,现代临床
生牡蛎,药材具有功效,软坚散结,于己百医生病例集,例4,现代临床
生牡蛎,药材具有功效,清化痰热,于己百医生病例集,例4,现代临床
痰热结滞,症状伴随症状,咳嗽咯痰,于己百医生病例集,例4,现代临床
痰热结滞,症状伴随症状,痰黄难咯,于己百医生病例集,例4,现代临床
痰热结滞,症状伴随症状,胸闷胸痛,于己百医生病例集,例4,现代临床
于己百,名医经验总结,将二药配伍，行水饮，疏肺气，止咳喘,于己百医生病例集,例4,现代临床
医案,归属于经典,中国医学大辞典,干祖望医生病例集,干祖望医生病例集_病例1,现代临床
医案,归属于经典,简明中医辞典,干祖望医生病例集,干祖望医生病例集_病例1,现代临床
医案,归属于经典,汉语大词典,干祖望医生病例集,干祖望医生病例集_病例1,现代临床
医案,理论指导实践,中医临床,干祖望医生病例集,干祖望医生病例集_病例1,现代临床
干祖望,名医经验总结,医案是衡量中医临床特色与水平的重要破码,干祖望医生病例集,干祖望医生病例集_病例1,现代临床
中医,理论指导实践,辨证论治,干祖望医生病例集,干祖望医生病例集_病例1,现代临床
医案,理论指导实践,中医诊治疾病思路历程的表述,干祖望医生病例集,干祖望医生病例集_病例1,现代临床
医案,理论指导实践,公开中医临床者所以取用这个治疗方案的说明书,干祖望医生病例集,干祖望医生病例集_病例1,现代临床
医案,归属于经典,罗谦夫治验案,干祖望医生病例集,干祖望医生病例集_病例1,现代临床
医案,归属于经典,石山医案,干祖望医生病例集,干祖望医生病例集_病例1,现代临床
医案,归属于经典,孙文垣医案,干祖望医生病例集,干祖望医生病例集_病例1,现代临床
医案,归属于经典,三世医验,干祖望医生病例集,干祖望医生病例集_病例1,现代临床
医案,归属于经典,芷园臆草存案,干祖望医生病例集,干祖望医生病例集_病例1,现代临床
医案,归属于经典,易氏医案,干祖望医生病例集,干祖望医生病例集_病例1,现代临床
医案,归属于经典,临证指南医案,干祖望医生病例集,干祖望医生病例集_病例1,现代临床
医案,归属于经典,归德堂医案,干祖望医生病例集,干祖望医生病例集_病例1,现代临床
医案,归属于经典,静香楼医案,干祖望医生病例集,干祖望医生病例集_病例1,现代临床
医案,归属于经典,吴鞠通医案,干祖望医生病例集,干祖望医生病例集_病例1,现代临床
医案,归属于经典,谦益斋外科医案,干祖望医生病例集,干祖望医生病例集_病例1,现代临床
医案,归属于经典,曹沧洲医案,干祖望医生病例集,干祖望医生病例集_病例1,现代临床
医案,归属于经典,三家医案,干祖望医生病例集,干祖望医生病例集_病例1,现代临床
医案,归属于经典,王旭高临证医案,干祖望医生病例集,干祖望医生病例集_病例1,现代临床
医案,归属于经典,龙砂八家医案,干祖望医生病例集,干祖望医生病例集_病例1,现代临床
医案,归属于经典,王氏医案,干祖望医生病例集,干祖望医生病例集_病例1,现代临床
医案,归属于经典,孟河费氏医案,干祖望医生病例集,干祖望医生病例集_病例1,现代临床
医案,归属于经典,柳宝诒医案,干祖望医生病例集,干祖望医生病例集_病例1,现代临床
医案,归属于经典,柳选四家医案,干祖望医生病例集,干祖望医生病例集_病例1,现代临床
医案,归属于经典,马培之医案,干祖望医生病例集,干祖望医生病例集_病例1,现代临床
医案,归属于经典,余听鸿医案,干祖望医生病例集,干祖望医生病例集_病例1,现代临床
医案,归属于经典,张聿青医案,干祖望医生病例集,干祖望医生病例集_病例1,现代临床
医案,归属于经典,大麻金子久医案,干祖望医生病例集,干祖望医生病例集_病例1,现代临床
医案,归属于经典,丁甘仁医案,干祖望医生病例集,干祖望医生病例集_病例1,现代临床
医案,归属于经典,虞山墩头丘陈憩亭医案,干祖望医生病例集,干祖望医生病例集_病例1,现代临床
医案,归属于经典,顾西畴方案,干祖望医生病例集,干祖望医生病例集_病例1,现代临床
医案,归属于经典,黄氏纪效新书,干祖望医生病例集,干祖望医生病例集_病例1,现代临床
医案,归属于经典,枫江陈莘田先生外科临证,干祖望医生病例集,干祖望医生病例集_病例1,现代临床
医案,归属于经典,中国现代名中医医案精华,干祖望医生病例集,干祖望医生病例集_病例1,现代临床
医案,归属于经典,经、史、子、文,干祖望医生病例集,干祖望医生病例集_病例1,现代临床
医案,理论指导实践,中医临床学术,干祖望医生病例集,干祖望医生病例集_病例1,现代临床
干祖望,名医经验总结,医案,干祖望医生病例集,干祖望医生病例集_病例1,现代临床
医案,理论指导实践,中医振兴,干祖望医生病例集,干祖望医生病例集_病例1,现代临床
医案,理论指导实践,中医临床学术水平提高,干祖望医生病例集,干祖望医生病例集_病例1,现代临床
医案,归属于经典,中国传统文化精品,干祖望医生病例集,干祖望医生病例集_病例1,现代临床
医案,理论指导实践,中医临床特色和水平,干祖望医生病例集,干祖望医生病例集_病例1,现代临床
咽喉干燥无液,症状伴随症状,狂饮以求润,干祖望医生病例集,干祖望医生病例集_病例1,现代临床
咽喉干燥无液,症状伴随症状,频频清嗓,干祖望医生病例集,干祖望医生病例集_病例1,现代临床
咽喉干燥无液,疾病导致舌象,舌薄苔,干祖望医生病例集,干祖望医生病例集_病例1,现代临床
咽喉干燥无液,疾病导致脉象,脉细,干祖望医生病例集,干祖望医生病例集_病例1,现代临床
咽喉干燥无液,症状辨证证候,火灼津亏之证,干祖望医生病例集,干祖望医生病例集_病例1,现代临床
火灼津亏之证,证候采用方剂,益水生津方,干祖望医生病例集,干祖望医生病例集_病例1,现代临床
益水生津方,方剂组成药材,生石膏,干祖望医生病例集,干祖望医生病例集_病例1,现代临床
益水生津方,方剂组成药材,知母,干祖望医生病例集,干祖望医生病例集_病例1,现代临床
益水生津方,方剂组成药材,玉竹,干祖望医生病例集,干祖望医生病例集_病例1,现代临床
益水生津方,方剂组成药材,乌梅,干祖望医生病例集,干祖望医生病例集_病例1,现代临床
益水生津方,方剂组成药材,女贞子,干祖望医生病例集,干祖望医生病例集_病例1,现代临床
益水生津方,方剂组成药材,旱莲草,干祖望医生病例集,干祖望医生病例集_病例1,现代临床
益水生津方,方剂组成药材,生地,干祖望医生病例集,干祖望医生病例集_病例1,现代临床
益水生津方,方剂组成药材,白扁豆,干祖望医生病例集,干祖望医生病例集_病例1,现代临床
益水生津方,方剂组成药材,麦冬,干祖望医生病例集,干祖望医生病例集_病例1,现代临床
益水生津方,方剂组成药材,甘草,干祖望医生病例集,干祖望医生病例集_病例1,现代临床
两耳鸣响剧作,疾病导致舌象,舌质红,干祖望医生病例集,干祖望医生病例集_病例1,现代临床
两耳鸣响剧作,疾病导致舌象,边有齿痕,干祖望医生病例集,干祖望医生病例集_病例1,现代临床
两耳鸣响剧作,症状辨证证候,气血离乖,干祖望医生病例集,干祖望医生病例集_病例1,现代临床
气血离乖,证候导致舌象,舌质红,干祖望医生病例集,干祖望医生病例集_病例1,现代临床
气血离乖,证候导致舌象,边有齿痕,干祖望医生病例集,干祖望医生病例集_病例1,现代临床
气血离乖,证候采用方剂,益气升清方,干祖望医生病例集,干祖望医生病例集_病例1,现代临床
益气升清方,方剂组成药材,黄芷,干祖望医生病例集,干祖望医生病例集_病例1,现代临床
益气升清方,方剂组成药材,党参,干祖望医生病例集,干祖望医生病例集_病例1,现代临床
益气升清方,方剂组成药材,白术,干祖望医生病例集,干祖望医生病例集_病例1,现代临床
益气升清方,方剂组成药材,山药,干祖望医生病例集,干祖望医生病例集_病例1,现代临床
益气升清方,方剂组成药材,当归,干祖望医生病例集,干祖望医生病例集_病例1,现代临床
益气升清方,方剂组成药材,川萼,干祖望医生病例集,干祖望医生病例集_病例1,现代临床
益气升清方,方剂组成药材,升麻,干祖望医生病例集,干祖望医生病例集_病例1,现代临床
益气升清方,方剂组成药材,柴胡,干祖望医生病例集,干祖望医生病例集_病例1,现代临床
益气升清方,方剂组成药材,葛根,干祖望医生病例集,干祖望医生病例集_病例1,现代临床
益气升清方,方剂组成药材,甘草,干祖望医生病例集,干祖望医生病例集_病例1,现代临床
咽病,症状伴随症状,鳗介作塞,干祖望医生病例集,干祖望医生病例集_病例1,现代临床
咽病,症状伴随症状,干燥不润,干祖望医生病例集,干祖望医生病例集_病例1,现代临床
咽病,症状伴随症状,稍有疼痛,干祖望医生病例集,干祖望医生病例集_病例1,现代临床
咽病,症状伴随症状,痰量校多,干祖望医生病例集,干祖望医生病例集_病例1,现代临床
咽病,症状伴随症状,痰中见红,干祖望医生病例集,干祖望医生病例集_病例1,现代临床
咽病,症状伴随症状,大便偏稀,干祖望医生病例集,干祖望医生病例集_病例1,现代临床
咽病,疾病导致舌象,舌薄苔,干祖望医生病例集,干祖望医生病例集_病例1,现代临床
咽病,疾病导致脉象,脉细而软,干祖望医生病例集,干祖望医生病例集_病例1,现代临床
咽病,症状辨证证候,虚火喉痹,干祖望医生病例集,干祖望医生病例集_病例1,现代临床
虚火喉痹,证候导致舌象,舌薄苔,干祖望医生病例集,干祖望医生病例集_病例1,现代临床
虚火喉痹,证候导致脉象,脉细而软,干祖望医生病例集,干祖望医生病例集_病例1,现代临床
虚火喉痹,证候采用方剂,参苓白术散加减,干祖望医生病例集,干祖望医生病例集_病例1,现代临床
参苓白术散加减,方剂组成药材,太子参,干祖望医生病例集,干祖望医生病例集_病例1,现代临床
参苓白术散加减,方剂组成药材,白术,干祖望医生病例集,干祖望医生病例集_病例1,现代临床
参苓白术散加减,方剂组成药材,茯苓,干祖望医生病例集,干祖望医生病例集_病例1,现代临床
参苓白术散加减,方剂组成药材,白扁豆,干祖望医生病例集,干祖望医生病例集_病例1,现代临床
参苓白术散加减,方剂组成药材,山药,干祖望医生病例集,干祖望医生病例集_病例1,现代临床
参苓白术散加减,方剂组成药材,石斛,干祖望医生病例集,干祖望医生病例集_病例1,现代临床
参苓白术散加减,方剂组成药材,苏梗,干祖望医生病例集,干祖望医生病例集_病例1,现代临床
参苓白术散加减,方剂组成药材,沉香曲,干祖望医生病例集,干祖望医生病例集_病例1,现代临床
参苓白术散加减,方剂组成药材,佛手,干祖望医生病例集,干祖望医生病例集_病例1,现代临床
参苓白术散加减,方剂组成药材,橘叶,干祖望医生病例集,干祖望医生病例集_病例1,现代临床
鼻病,症状伴随症状,黄涕奇多,干祖望医生病例集,干祖望医生病例集_病例1,现代临床
鼻病,症状伴随症状,鼻塞不通,干祖望医生病例集,干祖望医生病例集_病例1,现代临床
鼻病,疾病导致舌象,舌薄苔,干祖望医生病例集,干祖望医生病例集_病例1,现代临床
鼻病,疾病导致脉象,脉平,干祖望医生病例集,干祖望医生病例集_病例1,现代临床
鼻病,症状辨证证候,冬作夏愈,干祖望医生病例集,干祖望医生病例集_病例1,现代临床
冬作夏愈,证候采用方剂,百合固金汤,干祖望医生病例集,干祖望医生病例集_病例1,现代临床
百合固金汤,方剂组成药材,玄参,干祖望医生病例集,干祖望医生病例集_病例1,现代临床
百合固金汤,方剂组成药材,生地,干祖望医生病例集,干祖望医生病例集_病例1,现代临床
百合固金汤,方剂组成药材,百合,干祖望医生病例集,干祖望医生病例集_病例1,现代临床
百合固金汤,方剂组成药材,黄芪,干祖望医生病例集,干祖望医生病例集_病例1,现代临床
百合固金汤,方剂组成药材,白术,干祖望医生病例集,干祖望医生病例集_病例1,现代临床
百合固金汤,方剂组成药材,防风,干祖望医生病例集,干祖望医生病例集_病例1,现代临床
百合固金汤,方剂组成药材,桔梗,干祖望医生病例集,干祖望医生病例集_病例1,现代临床
百合固金汤,方剂组成药材,辛夷,干祖望医生病例集,干祖望医生病例集_病例1,现代临床
百合固金汤,方剂组成药材,大贝母,干祖望医生病例集,干祖望医生病例集_病例1,现代临床
百合固金汤,方剂组成药材,桑白皮,干祖望医生病例集,干祖望医生病例集_病例1,现代临床
嘶哑,症状伴随症状,食时呛咳倒逆,干祖望医生病例集,干祖望医生病例集_病例1,现代临床
嘶哑,疾病导致舌象,舌苔薄,干祖望医生病例集,干祖望医生病例集_病例1,现代临床
嘶哑,疾病导致舌象,舌质红,干祖望医生病例集,干祖望医生病例集_病例1,现代临床
嘶哑,疾病导致脉象,脉细弦,干祖望医生病例集,干祖望医生病例集_病例1,现代临床
嘶哑,症状辨证证候,声带麻痹固定,干祖望医生病例集,干祖望医生病例集_病例1,现代临床
声带麻痹固定,证候采用方剂,养血破血熄风荣络方,干祖望医生病例集,干祖望医生病例集_病例1,现代临床
养血破血熄风荣络方,方剂组成药材,熟地,干祖望医生病例集,干祖望医生病例集_病例1,现代临床
养血破血熄风荣络方,方剂组成药材,当归,干祖望医生病例集,干祖望医生病例集_病例1,现代临床
养血破血熄风荣络方,方剂组成药材,川苓,干祖望医生病例集,干祖望医生病例集_病例1,现代临床
养血破血熄风荣络方,方剂组成药材,白芍,干祖望医生病例集,干祖望医生病例集_病例1,现代临床
养血破血熄风荣络方,方剂组成药材,螟蚣,干祖望医生病例集,干祖望医生病例集_病例1,现代临床
养血破血熄风荣络方,方剂组成药材,地龙,干祖望医生病例集,干祖望医生病例集_病例1,现代临床
养血破血熄风荣络方,方剂组成药材,全蝎,干祖望医生病例集,干祖望医生病例集_病例1,现代临床
养血破血熄风荣络方,方剂组成药材,桑寄生,干祖望医生病例集,干祖望医生病例集_病例1,现代临床
养血破血熄风荣络方,方剂组成药材,功劳叶,干祖望医生病例集,干祖望医生病例集_病例1,现代临床
左耳中耳炎,症状伴随症状,左耳刺痛阵作,干祖望医生病例集,干祖望医生病例集_病例1,现代临床
左耳中耳炎,症状伴随症状,憋气,干祖望医生病例集,干祖望医生病例集_病例1,现代临床
左耳中耳炎,症状伴随症状,暧气,干祖望医生病例集,干祖望医生病例集_病例1,现代临床
左耳中耳炎,疾病导致舌象,舌薄苔,干祖望医生病例集,干祖望医生病例集_病例1,现代临床
左耳中耳炎,疾病导致脉象,脉细,干祖望医生病例集,干祖望医生病例集_病例1,现代临床
左耳中耳炎,症状辨证证候,厥阴之气偏盛,干祖望医生病例集,干祖望医生病例集_病例1,现代临床
厥阴之气偏盛,证候采用方剂,木香流气饮与逍遥散相参方,干祖望医生病例集,干祖望医生病例集_病例1,现代临床
木香流气饮与逍遥散相参方,方剂组成药材,柴胡,干祖望医生病例集,干祖望医生病例集_病例1,现代临床
木香流气饮与逍遥散相参方,方剂组成药材,白芍,干祖望医生病例集,干祖望医生病例集_病例1,现代临床
木香流气饮与逍遥散相参方,方剂组成药材,木香,干祖望医生病例集,干祖望医生病例集_病例1,现代临床
木香流气饮与逍遥散相参方,方剂组成药材,乌药,干祖望医生病例集,干祖望医生病例集_病例1,现代临床
木香流气饮与逍遥散相参方,方剂组成药材,大腹皮,干祖望医生病例集,干祖望医生病例集_病例1,现代临床
木香流气饮与逍遥散相参方,方剂组成药材,苏梗,干祖望医生病例集,干祖望医生病例集_病例1,现代临床
木香流气饮与逍遥散相参方,方剂组成药材,枳壳,干祖望医生病例集,干祖望医生病例集_病例1,现代临床
木香流气饮与逍遥散相参方,方剂组成药材,沉香粉,干祖望医生病例集,干祖望医生病例集_病例1,现代临床
木香流气饮与逍遥散相参方,方剂组成药材,陈香椽,干祖望医生病例集,干祖望医生病例集_病例1,现代临床
鼻咽癌后期,症状伴随症状,咽目两干,干祖望医生病例集,干祖望医生病例集_病例1,现代临床
鼻咽癌后期,症状伴随症状,口腔及鼻咽燥涩,干祖望医生病例集,干祖望医生病例集_病例1,现代临床
鼻咽癌后期,症状伴随症状,晨起口中有臭气,干祖望医生病例集,干祖望医生病例集_病例1,现代临床
鼻咽癌后期,症状伴随症状,皮肤干燥易裂,干祖望医生病例集,干祖望医生病例集_病例1,现代临床
鼻咽癌后期,症状伴随症状,甲爪灰变,干祖望医生病例集,干祖望医生病例集_病例1,现代临床
鼻咽癌后期,症状伴随症状,左拇指弾响,干祖望医生病例集,干祖望医生病例集_病例1,现代临床
鼻咽癌后期,症状伴随症状,左足跟疼痛,干祖望医生病例集,干祖望医生病例集_病例1,现代临床
鼻咽癌后期,疾病导致舌象,舌薄苔,干祖望医生病例集,干祖望医生病例集_病例1,现代临床
鼻咽癌后期,疾病导致脉象,脉细,干祖望医生病例集,干祖望医生病例集_病例1,现代临床
耳呜,症状伴随症状,听力下降,干祖望医生病例集,干祖望医生病例集_病例1,现代临床
耳呜,症状伴随症状,欠寐,干祖望医生病例集,干祖望医生病例集_病例1,现代临床
耳呜,疾病导致舌象,舌黄腻苔,干祖望医生病例集,干祖望医生病例集_病例1,现代临床
耳呜,疾病导致脉象,脉弦劲有力,干祖望医生病例集,干祖望医生病例集_病例1,现代临床
感冒,症状伴随症状,高烧,干祖望医生病例集,干祖望医生病例集_病例1,现代临床
感冒,症状伴随症状,喉头灼痛,干祖望医生病例集,干祖望医生病例集_病例1,现代临床
感冒,症状伴随症状,发音嘶哑,干祖望医生病例集,干祖望医生病例集_病例1,现代临床
感冒,症状伴随症状,咽痛,干祖望医生病例集,干祖望医生病例集_病例1,现代临床
感冒,症状伴随症状,偶有呛咳,干祖望医生病例集,干祖望医生病例集_病例1,现代临床
感冒,疾病导致舌象,舌苔薄腻,干祖望医生病例集,干祖望医生病例集_病例1,现代临床
感冒,疾病导致脉象,脉平,干祖望医生病例集,干祖望医生病例集_病例1,现代临床
慢性喉痹,症状伴随症状,咽喉部奇干作痛,干祖望医生病例集,干祖望医生病例集_病例1,现代临床
慢性喉痹,症状伴随症状,烧灼感及异物感,干祖望医生病例集,干祖望医生病例集_病例1,现代临床
慢性喉痹,症状伴随症状,胃腕部作胀,干祖望医生病例集,干祖望医生病例集_病例1,现代临床
慢性喉痹,症状伴随症状,食后更甚,干祖望医生病例集,干祖望医生病例集_病例1,现代临床
慢性喉痹,症状伴随症状,大便不成形,干祖望医生病例集,干祖望医生病例集_病例1,现代临床
慢性喉痹,症状伴随症状,日行两三次,干祖望医生病例集,干祖望医生病例集_病例1,现代临床
慢性喉痹,症状伴随症状,入冬畏寒逾常人,干祖望医生病例集,干祖望医生病例集_病例1,现代临床
慢性喉痹,疾病导致舌象,舌薄苔,干祖望医生病例集,干祖望医生病例集_病例1,现代临床
慢性喉痹,疾病导致脉象,脉稍有数意,干祖望医生病例集,干祖望医生病例集_病例1,现代临床
嘶哑鼻飢,症状伴随症状,发音不自在,干祖望医生病例集,干祖望医生病例集_病例1,现代临床
嘶哑鼻飢,症状伴随症状,喉头疼痛,干祖望医生病例集,干祖望医生病例集_病例1,现代临床
嘶哑鼻飢,症状伴随症状,有堵塞感,干祖望医生病例集,干祖望医生病例集_病例1,现代临床
嘶哑鼻飢,症状伴随症状,多言更甚,干祖望医生病例集,干祖望医生病例集_病例1,现代临床
嘶哑鼻飢,症状伴随症状,鼻峋经常发生,干祖望医生病例集,干祖望医生病例集_病例1,现代临床
嘶哑鼻飢,症状伴随症状,量不多色暗,干祖望医生病例集,干祖望医生病例集_病例1,现代临床
嘶哑鼻飢,症状伴随症状,鼻塞涕多,干祖望医生病例集,干祖望医生病例集_病例1,现代临床
嘶哑鼻飢,症状伴随症状,左半身关节疼痛,干祖望医生病例集,干祖望医生病例集_病例1,现代临床
嘶哑鼻飢,症状伴随症状,发凉无劲,干祖望医生病例集,干祖望医生病例集_病例1,现代临床
嘶哑鼻飢,疾病导致舌象,舌淡苔厚腻,干祖望医生病例集,干祖望医生病例集_病例1,现代临床
嘶哑鼻飢,疾病导致脉象,脉平,干祖望医生病例集,干祖望医生病例集_病例1,现代临床
干祖望,名医经验总结,辨证论治剥茧抽丝,干祖望医生病例集,干祖望医生病例集_病例1,现代临床
干祖望,名医经验总结,以锲而不舍鼓励病人长期治疗,干祖望医生病例集,干祖望医生病例集_病例1,现代临床
干祖望,名医经验总结,以白云苍狗形容病情变化迅速,干祖望医生病例集,干祖望医生病例集_病例1,现代临床
干祖望,名医经验总结,以圆凿方柚暗喻辨证用药与实际不相符合,干祖望医生病例集,干祖望医生病例集_病例1,现代临床
干祖望,名医经验总结,以杯水车薪形容病情严重而用药轻少,干祖望医生病例集,干祖望医生病例集_病例1,现代临床
干祖望,名医经验总结,治疗鼻咽癌后期以培土生金，赖金生水一法,干祖望医生病例集,干祖望医生病例集_病例1,现代临床
干祖望,名医经验总结,治疗耳呜以疏肝伐木入手,干祖望医生病例集,干祖望医生病例集_病例1,现代临床
干祖望,名医经验总结,治疗感冒以清宣解表,干祖望医生病例集,干祖望医生病例集_病例1,现代临床
干祖望,名医经验总结,治疗慢性喉痹以温补脾土，化生精微,干祖望医生病例集,干祖望医生病例集_病例1,现代临床
干祖望,名医经验总结,治疗嘶哑鼻飢以祛风胜湿法为主,干祖望医生病例集,干祖望医生病例集_病例1,现代临床
风寒湿三气杂至,导致,声门肥厚,干祖望医生病例集,干祖望医生病例集_病例1,现代临床
声门肥厚,导致,发音嘶哑,干祖望医生病例集,干祖望医生病例集_病例1,现代临床
风寒湿三气杂至,导致,鼻塞流涕,干祖望医生病例集,干祖望医生病例集_病例1,现代临床
风寒湿三气杂至,导致,黎氏区粗糙充血,干祖望医生病例集,干祖望医生病例集_病例1,现代临床
风寒湿三气杂至,导致,鼻暗血,干祖望医生病例集,干祖望医生病例集_病例1,现代临床
风寒湿三气杂至,导致,半身疼痛,干祖望医生病例集,干祖望医生病例集_病例1,现代临床
风寒湿三气杂至,导致,发凉无劲,干祖望医生病例集,干祖望医生病例集_病例1,现代临床
独活寄生汤,用于治疗,嘶哑、鼻飢,干祖望医生病例集,干祖望医生病例集_病例1,现代临床
舌头摇动不息,伴随症状,语言不清,干祖望医生病例集,干祖望医生病例集_病例1,现代临床
舌头摇动不息,伴随症状,饮食受影响,干祖望医生病例集,干祖望医生病例集_病例1,现代临床
舌头摇动不息,伴随症状,经常嚼破舌头,干祖望医生病例集,干祖望医生病例集_病例1,现代临床
舌头摇动不息,伴随症状,痛苦异常,干祖望医生病例集,干祖望医生病例集_病例1,现代临床
舌头摇动不息,伴随症状,夜间加重,干祖望医生病例集,干祖望医生病例集_病例1,现代临床
舌头摇动不息,伴随症状,熟睡时可停息,干祖望医生病例集,干祖望医生病例集_病例1,现代临床
安神之方,组成药材,柏子仁,干祖望医生病例集,干祖望医生病例集_病例1,现代临床
安神之方,组成药材,茯神,干祖望医生病例集,干祖望医生病例集_病例1,现代临床
安神之方,组成药材,朱灯心,干祖望医生病例集,干祖望医生病例集_病例1,现代临床
安神之方,组成药材,莲子,干祖望医生病例集,干祖望医生病例集_病例1,现代临床
安神之方,组成药材,当归,干祖望医生病例集,干祖望医生病例集_病例1,现代临床
安神之方,组成药材,白芍,干祖望医生病例集,干祖望医生病例集_病例1,现代临床
安神之方,组成药材,天虫,干祖望医生病例集,干祖望医生病例集_病例1,现代临床
安神之方,组成药材,熟地,干祖望医生病例集,干祖望医生病例集_病例1,现代临床
安神之方,组成药材,磁石,干祖望医生病例集,干祖望医生病例集_病例1,现代临床
安神之方,组成药材,珍珠母,干祖望医生病例集,干祖望医生病例集_病例1,现代临床
安神之方,组成药材,菖蒲,干祖望医生病例集,干祖望医生病例集_病例1,现代临床
脾气不足,导致,口、眼、鼻、咽、喉堵塞感,干祖望医生病例集,干祖望医生病例集_病例1,现代临床
脾气不足,导致,两目干涩,干祖望医生病例集,干祖望医生病例集_病例1,现代临床
脾气不足,导致,视物模糊,干祖望医生病例集,干祖望医生病例集_病例1,现代临床
脾气不足,导致,视力下降,干祖望医生病例集,干祖望医生病例集_病例1,现代临床
参苓白术散,用于治疗,脾气不足,干祖望医生病例集,干祖望医生病例集_病例1,现代临床
参苓白术散,组成药材,党参,干祖望医生病例集,干祖望医生病例集_病例1,现代临床
参苓白术散,组成药材,白术,干祖望医生病例集,干祖望医生病例集_病例1,现代临床
参苓白术散,组成药材,茯苓,干祖望医生病例集,干祖望医生病例集_病例1,现代临床
参苓白术散,组成药材,白扁豆,干祖望医生病例集,干祖望医生病例集_病例1,现代临床
参苓白术散,组成药材,淮山药,干祖望医生病例集,干祖望医生病例集_病例1,现代临床
参苓白术散,组成药材,陈皮,干祖望医生病例集,干祖望医生病例集_病例1,现代临床
参苓白术散,组成药材,甘草,干祖望医生病例集,干祖望医生病例集_病例1,现代临床
参苓白术散,组成药材,当归,干祖望医生病例集,干祖望医生病例集_病例1,现代临床
参苓白术散,组成药材,石斛,干祖望医生病例集,干祖望医生病例集_病例1,现代临床
参苓白术散,组成药材,黄精,干祖望医生病例集,干祖望医生病例集_病例1,现代临床
突发性耳聋,伴随症状,听力丧失殆尽,干祖望医生病例集,干祖望医生病例集_病例1,现代临床
突发性耳聋,伴随症状,鸣响,干祖望医生病例集,干祖望医生病例集_病例1,现代临床
突发性耳聋,伴随症状,心烦急躁,干祖望医生病例集,干祖望医生病例集_病例1,现代临床
突发性耳聋,伴随症状,左耳鼓膜穿孔,干祖望医生病例集,干祖望医生病例集_病例1,现代临床
突发性耳聋,伴随症状,脓痂阻塞,干祖望医生病例集,干祖望医生病例集_病例1,现代临床
突发性耳聋,伴随症状,左耳有痂皮,干祖望医生病例集,干祖望医生病例集_病例1,现代临床
突发性耳聋,舌象表现特征,舌薄黄腻苔,干祖望医生病例集,干祖望医生病例集_病例1,现代临床
突发性耳聋,舌象表现特征,质紫边有齿痕,干祖望医生病例集,干祖望医生病例集_病例1,现代临床
突发性耳聋,脉象表现特征,脉细弦,干祖望医生病例集,干祖望医生病例集_病例1,现代临床
突发性耳聋,证候采用方剂,化瘀开窍方,干祖望医生病例集,干祖望医生病例集_病例1,现代临床
化瘀开窍方,组成药材,苍耳子,干祖望医生病例集,干祖望医生病例集_病例1,现代临床
化瘀开窍方,组成药材,薄荷,干祖望医生病例集,干祖望医生病例集_病例1,现代临床
化瘀开窍方,组成药材,当归尾,干祖望医生病例集,干祖望医生病例集_病例1,现代临床
化瘀开窍方,组成药材,赤芍,干祖望医生病例集,干祖望医生病例集_病例1,现代临床
化瘀开窍方,组成药材,红花,干祖望医生病例集,干祖望医生病例集_病例1,现代临床
化瘀开窍方,组成药材,桃仁,干祖望医生病例集,干祖望医生病例集_病例1,现代临床
化瘀开窍方,组成药材,泽兰,干祖望医生病例集,干祖望医生病例集_病例1,现代临床
化瘀开窍方,组成药材,菖蒲,干祖望医生病例集,干祖望医生病例集_病例1,现代临床
化瘀开窍方,组成药材,路路通,干祖望医生病例集,干祖望医生病例集_病例1,现代临床
化瘀开窍方,组成药材,葛根,干祖望医生病例集,干祖望医生病例集_病例1,现代临床
突发性耳聋,证候采用方剂,益气升阳方,干祖望医生病例集,干祖望医生病例集_病例1,现代临床
益气升阳方,组成药材,党参,干祖望医生病例集,干祖望医生病例集_病例1,现代临床
益气升阳方,组成药材,黄芪,干祖望医生病例集,干祖望医生病例集_病例1,现代临床
益气升阳方,组成药材,葛根,干祖望医生病例集,干祖望医生病例集_病例1,现代临床
益气升阳方,组成药材,山药,干祖望医生病例集,干祖望医生病例集_病例1,现代临床
益气升阳方,组成药材,白术,干祖望医生病例集,干祖望医生病例集_病例1,现代临床
益气升阳方,组成药材,茯苓,干祖望医生病例集,干祖望医生病例集_病例1,现代临床
益气升阳方,组成药材,柴胡,干祖望医生病例集,干祖望医生病例集_病例1,现代临床
益气升阳方,组成药材,当归,干祖望医生病例集,干祖望医生病例集_病例1,现代临床
益气升阳方,组成药材,白羡藜,干祖望医生病例集,干祖望医生病例集_病例1,现代临床
益气升阳方,组成药材,菊花,干祖望医生病例集,干祖望医生病例集_病例1,现代临床
益气升阳方,组成药材,甘草,干祖望医生病例集,干祖望医生病例集_病例1,现代临床
突发性耳聋,证候采用方剂,清心方,干祖望医生病例集,干祖望医生病例集_病例1,现代临床
清心方,组成药材,柏子仁,干祖望医生病例集,干祖望医生病例集_病例1,现代临床
清心方,组成药材,生地,干祖望医生病例集,干祖望医生病例集_病例1,现代临床
清心方,组成药材,竹叶,干祖望医生病例集,干祖望医生病例集_病例1,现代临床
清心方,组成药材,白茅根,干祖望医生病例集,干祖望医生病例集_病例1,现代临床
清心方,组成药材,朱灯心,干祖望医生病例集,干祖望医生病例集_病例1,现代临床
清心方,组成药材,竹茹,干祖望医生病例集,干祖望医生病例集_病例1,现代临床
清心方,组成药材,葛蒲,干祖望医生病例集,干祖望医生病例集_病例1,现代临床
清心方,组成药材,朱茯神,干祖望医生病例集,干祖望医生病例集_病例1,现代临床
清心方,组成药材,天竺黄,干祖望医生病例集,干祖望医生病例集_病例1,现代临床
耳鸣,临床表现症状,耳中有堵塞及胀感,干祖望医生病例集,干祖望医生病例集_病例1,现代临床
耳鸣,临床表现症状,拒纳外来噪音,干祖望医生病例集,干祖望医生病例集_病例1,现代临床
耳鸣,临床表现症状,听力下降,干祖望医生病例集,干祖望医生病例集_病例1,现代临床
耳鸣,临床表现症状,头昏,干祖望医生病例集,干祖望医生病例集_病例1,现代临床
耳鸣,临床表现症状,对外来噪声难以接受,干祖望医生病例集,干祖望医生病例集_病例1,现代临床
耳鸣,临床表现症状,听力江河日下,干祖望医生病例集,干祖望医生病例集_病例1,现代临床
耳鸣,临床表现症状,鸣声多样化,干祖望医生病例集,干祖望医生病例集_病例1,现代临床
耳鸣,临床表现症状,头痛头眩,干祖望医生病例集,干祖望医生病例集_病例1,现代临床
耳鸣,临床表现症状,体位性眩晕,干祖望医生病例集,干祖望医生病例集_病例1,现代临床
耳鸣,临床表现症状,心烦异常,干祖望医生病例集,干祖望医生病例集_病例1,现代临床
痰浊,症状伴随症状,肝阳之扰,干祖望医生病例集,干祖望医生病例集_病例1,现代临床
肝阳之扰,疾病表现症状,走路飘飘然,干祖望医生病例集,干祖望医生病例集_病例1,现代临床
肝阳之扰,疾病表现症状,头位位置性眩晕,干祖望医生病例集,干祖望医生病例集_病例1,现代临床
肝阳之扰,疾病导致脉象,脉弦,干祖望医生病例集,干祖望医生病例集_病例1,现代临床
恶拒外来噪音,症状伴随症状,已缓解一些,干祖望医生病例集,干祖望医生病例集_病例1,现代临床
鸣声音调,症状伴随症状,由高转低,干祖望医生病例集,干祖望医生病例集_病例1,现代临床
音量,症状伴随症状,由小而大,干祖望医生病例集,干祖望医生病例集_病例1,现代临床
已能接受外来噪音,症状伴随症状,脉细,干祖望医生病例集,干祖望医生病例集_病例1,现代临床
右耳失听,疾病导致舌象,舌薄苔,干祖望医生病例集,干祖望医生病例集_病例1,现代临床
右耳失听,疾病导致脉象,脉平,干祖望医生病例集,干祖望医生病例集_病例1,现代临床
耳憋气感,症状伴随症状,听力可以提高一些,干祖望医生病例集,干祖望医生病例集_病例1,现代临床
耳科病,证候导致舌象,舌薄苔,干祖望医生病例集,干祖望医生病例集_病例1,现代临床
耳科病,证候导致脉象,脉细,干祖望医生病例集,干祖望医生病例集_病例1,现代临床
咽干在晨兴之际,症状伴随症状,作痒而咳,干祖望医生病例集,干祖望医生病例集_病例1,现代临床
咽干在晨兴之际,症状伴随症状,饮水喜凉,干祖望医生病例集,干祖望医生病例集_病例1,现代临床
聋属老年,疾病导致舌象,舌薄苔,干祖望医生病例集,干祖望医生病例集_病例1,现代临床
聋属老年,疾病导致脉象,脉细,干祖望医生病例集,干祖望医生病例集_病例1,现代临床
两耳哄鸣,疾病表现症状,听力下降,干祖望医生病例集,干祖望医生病例集_病例1,现代临床
两耳哄鸣,症状伴随症状,右耳已完全失聪,干祖望医生病例集,干祖望医生病例集_病例1,现代临床
两耳哄鸣,症状伴随症状,鸣声如蝉噪,干祖望医生病例集,干祖望医生病例集_病例1,现代临床
两耳哄鸣,症状伴随症状,咔答咔答声,干祖望医生病例集,干祖望医生病例集_病例1,现代临床
两耳哄鸣,症状伴随症状,耳阵发性刺痛,干祖望医生病例集,干祖望医生病例集_病例1,现代临床
两耳哄鸣,疾病导致舌象,舌薄苔,干祖望医生病例集,干祖望医生病例集_病例1,现代临床
两耳哄鸣,疾病导致脉象,脉平,干祖望医生病例集,干祖望医生病例集_病例1,现代临床
咽干口燥,症状伴随症状,多饮喜冷,干祖望医生病例集,干祖望医生病例集_病例1,现代临床
眩晕要倒,症状伴随症状,阵发性心慌颤跳,干祖望医生病例集,干祖望医生病例集_病例1,现代临床
头脑清醒许多,症状伴随症状,眩晕摇晃减少减轻,干祖望医生病例集,干祖望医生病例集_病例1,现代临床
头脑清醒许多,症状伴随症状,心慌心颤也轻也缓解,干祖望医生病例集,干祖望医生病例集_病例1,现代临床
头脑昏沉而重,症状伴随症状,血压正常,干祖望医生病例集,干祖望医生病例集_病例1,现代临床
耳鸣宿恙,症状伴随症状,眩晕新增,干祖望医生病例集,干祖望医生病例集_病例1,现代临床
耳鸣宿恙,证候导致舌象,舌薄苔,干祖望医生病例集,干祖望医生病例集_病例1,现代临床
耳鸣宿恙,证候导致脉象,脉细,干祖望医生病例集,干祖望医生病例集_病例1,现代临床
鸣聋住院治疗,疾病导致舌象,舌无苔,干祖望医生病例集,干祖望医生病例集_病例1,现代临床
鸣聋住院治疗,疾病导致脉象,脉平,干祖望医生病例集,干祖望医生病例集_病例1,现代临床
口干得润,症状伴随症状,鸣声特亢特高,干祖望医生病例集,干祖望医生病例集_病例1,现代临床
口干得润,症状伴随症状,如刮大风或尖锐声,干祖望医生病例集,干祖望医生病例集_病例1,现代临床
药物性耳聋,疾病导致舌象,舌净,干祖望医生病例集,干祖望医生病例集_病例1,现代临床
药物性耳聋,疾病导致脉象,脉平,干祖望医生病例集,干祖望医生病例集_病例1,现代临床
听力在客观上明显提高,症状伴随症状,舌脉正常,干祖望医生病例集,干祖望医生病例集_病例1,现代临床
听力又有提高,症状伴随症状,舌薄苔,干祖望医生病例集,干祖望医生病例集_病例1,现代临床
听力又有提高,症状伴随症状,脉平,干祖望医生病例集,干祖望医生病例集_病例1,现代临床
听力在提高之中,症状伴随症状,服药未辍,干祖望医生病例集,干祖望医生病例集_病例1,现代临床
听力在提高之中,症状伴随症状,气管炎发作而停辍数日,干祖望医生病例集,干祖望医生病例集_病例1,现代临床
听力在提高之中,症状伴随症状,舌薄苔,干祖望医生病例集,干祖望医生病例集_病例1,现代临床
听力在提高之中,症状伴随症状,脉平,干祖望医生病例集,干祖望医生病例集_病例1,现代临床
升清益气一法,证候采用方剂,升麻3g葛根6g菖蒲3g路路通10g党参10g白术6g茯苓10g怀山药10g百合10g甘草3g,干祖望医生病例集,干祖望医生病例集_病例1,现代临床
升清益气之法,证候采用方剂,升麻3g柴胡3g菖蒲3g路路通10g乌药6g木香3g枳壳6g大腹皮10g防己6g马兜铃10g,干祖望医生病例集,干祖望医生病例集_病例1,现代临床
知柏地黄丸,证候采用方剂,"知柏地黄丸每次6g,1日3次",干祖望医生病例集,干祖望医生病例集_病例1,现代临床
扶正,证候采用方剂,党参10g白术6g茯苓10g熟地10g当归10g川夸6g白芍6g麦冬10g油松节2个甘草3g,干祖望医生病例集,干祖望医生病例集_病例1,现代临床
芳香化浊,证候采用方剂,蕾香lOg佩兰10g陈皮6g法半夏6g竹茹10g苏梗10g青蒿l（）g车前子10g六一散12g,干祖望医生病例集,干祖望医生病例集_病例1,现代临床
大补阴丸,证候采用方剂,知母H）g川黄柏3g龟甲10g熟地10g山药10g茯苓10g丹皮6g泽泻6g白茅根10g山萸肉10g,干祖望医生病例集,干祖望医生病例集_病例1,现代临床
滋阴益肾,证候采用方剂,川黄柏3g知母10g熟地10g五味子10g山药10g丹皮6g茯苓10g酸枣仁10g泽泻6g,干祖望医生病例集,干祖望医生病例集_病例1,现代临床
药物性耳聋,证候采用方剂,葛根6g补骨脂10g菖蒲3g桃仁10g丹参10g益母草10g,干祖望医生病例集,干祖望医生病例集_病例1,现代临床
药物性耳聋,证候采用方剂,原方加紫河车10g,干祖望医生病例集,干祖望医生病例集_病例1,现代临床
药物性耳聋,证候采用方剂,葛根6g补骨脂10g菖蒲3g紫河车10g红花6g益母草10g,干祖望医生病例集,干祖望医生病例集_病例1,现代临床
药物性耳聋,证候采用方剂,紫河车100g补骨脂100g粉葛根60g益母草100g藏红花60g路党参100g全当归100g白果60粒百合100g,干祖望医生病例集,干祖望医生病例集_病例1,现代临床
药物性聋,疾病导致舌象,舌黄腻苔,干祖望医生病例集,干祖望医生病例集_病例1,现代临床
药物性聋,疾病导致脉象,脉大而有滑意,干祖望医生病例集,干祖望医生病例集_病例1,现代临床
药物性聋,症状伴随症状,眩晕、呕吐、畏光,干祖望医生病例集,干祖望医生病例集_病例1,现代临床
药物性聋,症状伴随症状,步履蹒跚跄踉,干祖望医生病例集,干祖望医生病例集_病例1,现代临床
药物性聋,症状伴随症状,体位转动时有短暂性迷糊不清,干祖望医生病例集,干祖望医生病例集_病例1,现代临床
药物性聋,症状伴随症状,右耳全聋,干祖望医生病例集,干祖望医生病例集_病例1,现代临床
药物性聋,症状伴随症状,左侧听力下降,干祖望医生病例集,干祖望医生病例集_病例1,现代临床
药物性聋,症状伴随症状,无鸣响,干祖望医生病例集,干祖望医生病例集_病例1,现代临床
药物性聋,症状伴随症状,头脑昏沉,干祖望医生病例集,干祖望医生病例集_病例1,现代临床
湿邪困顿,证候导致舌象,舌黄腻苔,干祖望医生病例集,干祖望医生病例集_病例1,现代临床
湿邪困顿,证候导致脉象,脉大而有滑意,干祖望医生病例集,干祖望医生病例集_病例1,现代临床
湿邪困顿,综合辨证证候,先应化浊消痰,干祖望医生病例集,干祖望医生病例集_病例1,现代临床
湿邪困顿,证候采用方剂,枳壳6g陈皮6g半夏6g路路通10g茯苓10g白术6g菖蒲3g鸡苏散12g蕾香10g佩兰10g防己6g,干祖望医生病例集,干祖望医生病例集_病例1,现代临床
湿邪困顿,症状伴随症状,头脑清爽一些,干祖望医生病例集,干祖望医生病例集_病例1,现代临床
湿邪困顿,症状伴随症状,精神振作,干祖望医生病例集,干祖望医生病例集_病例1,现代临床
湿邪困顿,症状伴随症状,右耳之聋无改变,干祖望医生病例集,干祖望医生病例集_病例1,现代临床
湿邪困顿,症状伴随症状,左耳也听不到贴耳挂表之声,干祖望医生病例集,干祖望医生病例集_病例1,现代临床
湿邪困顿,证候导致舌象,舌薄苔,干祖望医生病例集,干祖望医生病例集_病例1,现代临床
湿邪困顿,证候导致脉象,脉平,干祖望医生病例集,干祖望医生病例集_病例1,现代临床
湿邪困顿,综合辨证证候,重取扶正，以搏听力回来,干祖望医生病例集,干祖望医生病例集_病例1,现代临床
湿邪困顿,证候采用方剂,黄苗10g党参10g茯苓10g路路通10g山药10g百合10g丹参10g紫河车10g当归10g菖蒲3g甘草3g,干祖望医生病例集,干祖望医生病例集_病例1,现代临床
失听,症状伴随症状,听力在提高之中,干祖望医生病例集,干祖望医生病例集_病例1,现代临床
失听,症状伴随症状,服药未辍,干祖望医生病例集,干祖望医生病例集_病例1,现代临床
失听,症状伴随症状,气管炎发作而停辍数日,干祖望医生病例集,干祖望医生病例集_病例1,现代临床
失听,舌象表现特征,舌薄苔,干祖望医生病例集,干祖望医生病例集_病例1,现代临床
失听,脉象表现特征,脉平,干祖望医生病例集,干祖望医生病例集_病例1,现代临床
失听,症状伴随症状,右耳失听10多年,干祖望医生病例集,干祖望医生病例集_病例1,现代临床
失听,症状伴随症状,左耳踵进而聋,干祖望医生病例集,干祖望医生病例集_病例1,现代临床
失听,症状伴随症状,鸣声高亢,干祖望医生病例集,干祖望医生病例集_病例1,现代临床
失听,症状伴随症状,昼夜不息,干祖望医生病例集,干祖望医生病例集_病例1,现代临床
失听,症状伴随症状,病前觉劳动后过于疲乏,干祖望医生病例集,干祖望医生病例集_病例1,现代临床
失听,疾病导致舌象,舌苔白腻,干祖望医生病例集,干祖望医生病例集_病例1,现代临床
失听,疾病导致舌象,边有齿痕,干祖望医生病例集,干祖望医生病例集_病例1,现代临床
失听,疾病导致脉象,脉平,干祖望医生病例集,干祖望医生病例集_病例1,现代临床
失听,综合辨证证候,拟从开窍、化痰、升清以孤注一掷,干祖望医生病例集,干祖望医生病例集_病例1,现代临床
失听,证候采用方剂,升麻3g柴胡3g菖蒲3g天竺黄6g苏子10g麻黄3g杏仁10g路路通10g防己6g甘草3g,干祖望医生病例集,干祖望医生病例集_病例1,现代临床
失听,症状伴随症状,听力有些回聪迹象,干祖望医生病例集,干祖望医生病例集_病例1,现代临床
失听,症状伴随症状,咽鼓管已有通畅之感,干祖望医生病例集,干祖望医生病例集_病例1,现代临床
失听,舌象表现特征,舌薄苔,干祖望医生病例集,干祖望医生病例集_病例1,现代临床
失听,脉象表现特征,脉平,干祖望医生病例集,干祖望医生病例集_病例1,现代临床
失听,综合辨证证候,僻药奇方，竟然有柳暗花明之效,干祖望医生病例集,干祖望医生病例集_病例1,现代临床
失听,证候采用方剂,麻黄3g葛蒲3g杏仁10g路路通10g防己6g升麻3g柴胡3g青皮6g桔梗6g甘草3g,干祖望医生病例集,干祖望医生病例集_病例1,现代临床
失听,症状伴随症状,能闻到声音,干祖望医生病例集,干祖望医生病例集_病例1,现代临床
失听,症状伴随症状,内容难以辨别,干祖望医生病例集,干祖望医生病例集_病例1,现代临床
失听,检查,鼓膜同上诊,干祖望医生病例集,干祖望医生病例集_病例1,现代临床
失听,症状伴随症状,耳咽管通而不畅,干祖望医生病例集,干祖望医生病例集_病例1,现代临床
失听,舌象表现特征,舌薄苔,干祖望医生病例集,干祖望医生病例集_病例1,现代临床
失听,脉象表现特征,脉平,干祖望医生病例集,干祖望医生病例集_病例1,现代临床
失听,综合辨证证候,闻其声而不辨其内容,干祖望医生病例集,干祖望医生病例集_病例1,现代临床
失听,证候采用方剂,柏子仁10g莲子10g菖蒲3g茯神10g朱灯心3g熟地10g荧实10g当归10g路路通10g丹参10g,干祖望医生病例集,干祖望医生病例集_病例1,现代临床
突发性耳聋,症状伴随症状,听力已提高一些,干祖望医生病例集,干祖望医生病例集_病例1,现代临床
突发性耳聋,症状伴随症状,耳鸣出现,干祖望医生病例集,干祖望医生病例集_病例1,现代临床
突发性耳聋,症状伴随症状,持续性,干祖望医生病例集,干祖望医生病例集_病例1,现代临床
突发性耳聋,症状伴随症状,鸣声高亢洪大,干祖望医生病例集,干祖望医生病例集_病例1,现代临床
突发性耳聋,症状伴随症状,侵扰睡眠,干祖望医生病例集,干祖望医生病例集_病例1,现代临床
突发性耳聋,症状伴随症状,头脑昏沉,干祖望医生病例集,干祖望医生病例集_病例1,现代临床
突发性耳聋,症状伴随症状,重点在右侧,干祖望医生病例集,干祖望医生病例集_病例1,现代临床
突发性耳聋,症状伴随症状,头重脚轻,干祖望医生病例集,干祖望医生病例集_病例1,现代临床
突发性耳聋,症状伴随症状,走路飘飘然,干祖望医生病例集,干祖望医生病例集_病例1,现代临床
突发性耳聋,症状伴随症状,拒绝外来噪音,干祖望医生病例集,干祖望医生病例集_病例1,现代临床
突发性耳聋,疾病导致舌象,舌薄苔,干祖望医生病例集,干祖望医生病例集_病例1,现代临床
突发性耳聋,疾病导致脉象,脉来弦滑,干祖望医生病例集,干祖望医生病例集_病例1,现代临床
突发性耳聋,综合辨证证候,痰因火而生，火以痰而炽,干祖望医生病例集,干祖望医生病例集_病例1,现代临床
突发性耳聋,证候采用方剂,龙胆草3g胆南星3g陈皮6g半夏6g天竺黄6g山梔10g枳实6g菖蒲3g夏枯草10g菊花10g,干祖望医生病例集,干祖望医生病例集_病例1,现代临床
突发性耳聋,症状伴随症状,头昏而晕明显缓解,干祖望医生病例集,干祖望医生病例集_病例1,现代临床
突发性耳聋,症状伴随症状,飘飘之感消失,干祖望医生病例集,干祖望医生病例集_病例1,现代临床
突发性耳聋,症状伴随症状,右耳听力在宁静之际可以听到一些,干祖望医生病例集,干祖望医生病例集_病例1,现代临床
突发性耳聋,症状伴随症状,高啸之鸣仍无丝毫减轻,干祖望医生病例集,干祖望医生病例集_病例1,现代临床
突发性耳聋,症状伴随症状,对外来噪音依然拒绝,干祖望医生病例集,干祖望医生病例集_病例1,现代临床
突发性耳聋,舌象表现特征,舌薄白苔,干祖望医生病例集,干祖望医生病例集_病例1,现代临床
突发性耳聋,脉象表现特征,脉细,干祖望医生病例集,干祖望医生病例集_病例1,现代临床
突发性耳聋,综合辨证证候,正气渐露虚羸,干祖望医生病例集,干祖望医生病例集_病例1,现代临床
突发性耳聋,证候采用方剂,陈胆星3g陈皮6g半夏6g茯苓10g天竺黄6g白术6g当归10g山梔10g滁菊花10g甘草3g,干祖望医生病例集,干祖望医生病例集_病例1,现代临床
突发性耳聋,症状伴随症状,眩晕之感在头部摆动之际仍有所残存,干祖望医生病例集,干祖望医生病例集_病例1,现代临床
突发性耳聋,症状伴随症状,步履骑车已稳重自立,干祖望医生病例集,干祖望医生病例集_病例1,现代临床
突发性耳聋,症状伴随症状,听力仍无提高,干祖望医生病例集,干祖望医生病例集_病例1,现代临床
突发性耳聋,症状伴随症状,耳鸣与拒绝噪音者一如曩昔,干祖望医生病例集,干祖望医生病例集_病例1,现代临床
突发性耳聋,症状伴随症状,腕胃部有痛感,干祖望医生病例集,干祖望医生病例集_病例1,现代临床
突发性耳聋,舌象表现特征,舌薄苔,干祖望医生病例集,干祖望医生病例集_病例1,现代临床
突发性耳聋,脉象表现特征,脉细,干祖望医生病例集,干祖望医生病例集_病例1,现代临床
突发性耳聋,综合辨证证候,纵然实证之痕迹尚存,干祖望医生病例集,干祖望医生病例集_病例1,现代临床
突发性耳聋,证候采用方剂,生地10g熟地10g竹叶10g白茅根10g山药10g茯苓10g丹皮6g夏枯草10g泽泻6g当归10g,干祖望医生病例集,干祖望医生病例集_病例1,现代临床
突发性耳聋,症状伴随症状,诸症次第日佳,干祖望医生病例集,干祖望医生病例集_病例1,现代临床
突发性耳聋,症状伴随症状,头位急切易位时还有不舒之感,干祖望医生病例集,干祖望医生病例集_病例1,现代临床
突发性耳聋,症状伴随症状,耳鸣右侧轰轰,干祖望医生病例集,干祖望医生病例集_病例1,现代临床
突发性耳聋,症状伴随症状,左侧如机器声,干祖望医生病例集,干祖望医生病例集_病例1,现代临床
突发性耳聋,症状伴随症状,对噪音有反感依然无改善感觉,干祖望医生病例集,干祖望医生病例集_病例1,现代临床
突发性耳聋,症状伴随症状,失眠还未改善,干祖望医生病例集,干祖望医生病例集_病例1,现代临床
突发性耳聋,舌象表现特征,舌薄苔,干祖望医生病例集,干祖望医生病例集_病例1,现代临床
突发性耳聋,脉象表现特征,脉平,干祖望医生病例集,干祖望医生病例集_病例1,现代临床
突发性耳聋,综合辨证证候,病证尚实，人已虚矣,干祖望医生病例集,干祖望医生病例集_病例1,现代临床
突发性耳聋,证候采用方剂,生地10g竹叶10g白茅根10g山萸肉10g山药10g茯苓10g丹皮6g覆盆子10g泽泻6g当归10g,干祖望医生病例集,干祖望医生病例集_病例1,现代临床
突发性耳聋,症状伴随症状,鸣声仍然高亢,干祖望医生病例集,干祖望医生病例集_病例1,现代临床
突发性耳聋,症状伴随症状,外来噪音能接受,干祖望医生病例集,干祖望医生病例集_病例1,现代临床
突发性耳聋,症状伴随症状,睡眠已好些,干祖望医生病例集,干祖望医生病例集_病例1,现代临床
突发性耳聋,舌象表现特征,舌薄苔,干祖望医生病例集,干祖望医生病例集_病例1,现代临床
突发性耳聋,脉象表现特征,脉平偏细,干祖望医生病例集,干祖望医生病例集_病例1,现代临床
突发性耳聋,综合辨证证候,试扶正尚无柄凿,干祖望医生病例集,干祖望医生病例集_病例1,现代临床
突发性耳聋,证候采用方剂,熟地10g山药10g丹皮6g茯苓10g泽泻6g白茅根10g连翘6g竹叶10g当归10g覆盆子10g,干祖望医生病例集,干祖望医生病例集_病例1,现代临床
突发性耳聋,名医经验总结,全程五诊，由实转虚，层次分清，用方取药也步步跟上,干祖望医生病例集,干祖望医生病例集_病例1,现代临床
耳鸣,疾病导致舌象,舌薄苔,干祖望医生病例集,干祖望医生病例集_病例1,现代临床
耳鸣,疾病导致脉象,脉有弦意,干祖望医生病例集,干祖望医生病例集_病例1,现代临床
耳鸣,症状伴随症状,听力下降,干祖望医生病例集,干祖望医生病例集_病例1,现代临床
耳鸣,症状伴随症状,眩晕泛恶,干祖望医生病例集,干祖望医生病例集_病例1,现代临床
耳鸣,症状伴随症状,呕吐,干祖望医生病例集,干祖望医生病例集_病例1,现代临床
耳鸣,症状伴随症状,拒绝外来噪音,干祖望医生病例集,干祖望医生病例集_病例1,现代临床
耳鸣,症状伴随症状,自声增强,干祖望医生病例集,干祖望医生病例集_病例1,现代临床
耳鸣,症状伴随症状,音调偏高,干祖望医生病例集,干祖望医生病例集_病例1,现代临床
耳鸣,症状伴随症状,低音偶然出现,干祖望医生病例集,干祖望医生病例集_病例1,现代临床
耳鸣,症状伴随症状,失眠,干祖望医生病例集,干祖望医生病例集_病例1,现代临床
耳鸣,症状伴随症状,月事凌乱不准,干祖望医生病例集,干祖望医生病例集_病例1,现代临床
耳鸣,症状伴随症状,听力稍有影响,干祖望医生病例集,干祖望医生病例集_病例1,现代临床
耳鸣,症状伴随症状,心烦意乱,干祖望医生病例集,干祖望医生病例集_病例1,现代临床
湿浊弥漫,证候导致舌象,舌薄白腻苔如敷粉,干祖望医生病例集,干祖望医生病例集_病例1,现代临床
湿浊弥漫,证候导致舌象,舌质淡,干祖望医生病例集,干祖望医生病例集_病例1,现代临床
湿浊弥漫,证候导致脉象,脉濡,干祖望医生病例集,干祖望医生病例集_病例1,现代临床
湿浊弥漫,证候导致舌象,舌苔白腻,干祖望医生病例集,干祖望医生病例集_病例1,现代临床
湿浊弥漫,证候导致舌象,质胖,干祖望医生病例集,干祖望医生病例集_病例1,现代临床
湿浊弥漫,证候导致舌象,边有齿痕,干祖望医生病例集,干祖望医生病例集_病例1,现代临床
湿浊弥漫,证候导致脉象,脉细,干祖望医生病例集,干祖望医生病例集_病例1,现代临床
湿浊弥漫,综合辨证证候,清化湿浊,干祖望医生病例集,干祖望医生病例集_病例1,现代临床
湿浊弥漫,证候采用方剂,葛根佩兰方,干祖望医生病例集,干祖望医生病例集_病例1,现代临床
葛根佩兰方,方剂组成药材,葛根,干祖望医生病例集,干祖望医生病例集_病例1,现代临床
葛根佩兰方,方剂组成药材,佩兰,干祖望医生病例集,干祖望医生病例集_病例1,现代临床
葛根佩兰方,方剂组成药材,蕾香,干祖望医生病例集,干祖望医生病例集_病例1,现代临床
葛根佩兰方,方剂组成药材,焦米仁,干祖望医生病例集,干祖望医生病例集_病例1,现代临床
葛根佩兰方,方剂组成药材,木通,干祖望医生病例集,干祖望医生病例集_病例1,现代临床
葛根佩兰方,方剂组成药材,蝉衣,干祖望医生病例集,干祖望医生病例集_病例1,现代临床
葛根佩兰方,方剂组成药材,仙茅,干祖望医生病例集,干祖望医生病例集_病例1,现代临床
葛根佩兰方,方剂组成药材,太子参,干祖望医生病例集,干祖望医生病例集_病例1,现代临床
葛根佩兰方,方剂组成药材,菖蒲,干祖望医生病例集,干祖望医生病例集_病例1,现代临床
葛根佩兰方,方剂组成药材,路路通,干祖望医生病例集,干祖望医生病例集_病例1,现代临床
葛根佩兰方,方剂组成药材,仙灵脾,干祖望医生病例集,干祖望医生病例集_病例1,现代临床
爆炸性耳聋,疾病导致舌象,舌薄苔,干祖望医生病例集,干祖望医生病例集_病例1,现代临床
爆炸性耳聋,疾病导致脉象,脉有弦意,干祖望医生病例集,干祖望医生病例集_病例1,现代临床
爆炸性耳聋,综合辨证证候,理气化瘀,干祖望医生病例集,干祖望医生病例集_病例1,现代临床
爆炸性耳聋,证候采用方剂,诸流气饮化裁,干祖望医生病例集,干祖望医生病例集_病例1,现代临床
诸流气饮化裁,方剂组成药材,黄芪,干祖望医生病例集,干祖望医生病例集_病例1,现代临床
诸流气饮化裁,方剂组成药材,枳壳,干祖望医生病例集,干祖望医生病例集_病例1,现代临床
诸流气饮化裁,方剂组成药材,木香,干祖望医生病例集,干祖望医生病例集_病例1,现代临床
诸流气饮化裁,方剂组成药材,乌药,干祖望医生病例集,干祖望医生病例集_病例1,现代临床
诸流气饮化裁,方剂组成药材,桃仁,干祖望医生病例集,干祖望医生病例集_病例1,现代临床
诸流气饮化裁,方剂组成药材,红花,干祖望医生病例集,干祖望医生病例集_病例1,现代临床
诸流气饮化裁,方剂组成药材,陈皮,干祖望医生病例集,干祖望医生病例集_病例1,现代临床
诸流气饮化裁,方剂组成药材,苏梗,干祖望医生病例集,干祖望医生病例集_病例1,现代临床
诸流气饮化裁,方剂组成药材,葛根,干祖望医生病例集,干祖望医生病例集_病例1,现代临床
诸流气饮化裁,方剂组成药材,菖蒲,干祖望医生病例集,干祖望医生病例集_病例1,现代临床
旅途劳顿,疾病导致舌象,舌质淡红,干祖望医生病例集,干祖望医生病例集_病例1,现代临床
旅途劳顿,疾病导致舌象,苔薄白,干祖望医生病例集,干祖望医生病例集_病例1,现代临床
旅途劳顿,疾病导致脉象,脉平,干祖望医生病例集,干祖望医生病例集_病例1,现代临床
旅途劳顿,综合辨证证候,升清开窍,干祖望医生病例集,干祖望医生病例集_病例1,现代临床
旅途劳顿,证候采用方剂,升清开窍方,干祖望医生病例集,干祖望医生病例集_病例1,现代临床
升清开窍方,方剂组成药材,升麻,干祖望医生病例集,干祖望医生病例集_病例1,现代临床
升清开窍方,方剂组成药材,柴胡,干祖望医生病例集,干祖望医生病例集_病例1,现代临床
升清开窍方,方剂组成药材,马兜铃,干祖望医生病例集,干祖望医生病例集_病例1,现代临床
升清开窍方,方剂组成药材,丹参,干祖望医生病例集,干祖望医生病例集_病例1,现代临床
升清开窍方,方剂组成药材,莞蔚子,干祖望医生病例集,干祖望医生病例集_病例1,现代临床
升清开窍方,方剂组成药材,菖蒲,干祖望医生病例集,干祖望医生病例集_病例1,现代临床
升清开窍方,方剂组成药材,路路通,干祖望医生病例集,干祖望医生病例集_病例1,现代临床
振动性耳鸣,疾病导致舌象,舌薄苔,干祖望医生病例集,干祖望医生病例集_病例1,现代临床
振动性耳鸣,疾病导致脉象,脉细劲,干祖望医生病例集,干祖望医生病例集_病例1,现代临床
振动性耳鸣,综合辨证证候,通窍活血,干祖望医生病例集,干祖望医生病例集_病例1,现代临床
振动性耳鸣,证候采用方剂,通窍活血汤,干祖望医生病例集,干祖望医生病例集_病例1,现代临床
通窍活血汤,方剂组成药材,红花,干祖望医生病例集,干祖望医生病例集_病例1,现代临床
通窍活血汤,方剂组成药材,桃仁,干祖望医生病例集,干祖望医生病例集_病例1,现代临床
通窍活血汤,方剂组成药材,归尾,干祖望医生病例集,干祖望医生病例集_病例1,现代临床
通窍活血汤,方剂组成药材,赤芍,干祖望医生病例集,干祖望医生病例集_病例1,现代临床
通窍活血汤,方剂组成药材,泽兰,干祖望医生病例集,干祖望医生病例集_病例1,现代临床
通窍活血汤,方剂组成药材,丹参,干祖望医生病例集,干祖望医生病例集_病例1,现代临床
通窍活血汤,方剂组成药材,菖蒲,干祖望医生病例集,干祖望医生病例集_病例1,现代临床
通窍活血汤,方剂组成药材,路路通,干祖望医生病例集,干祖望医生病例集_病例1,现代临床
通窍活血汤,方剂组成药材,桔梗,干祖望医生病例集,干祖望医生病例集_病例1,现代临床
通窍活血汤,方剂组成药材,核桃隔,干祖望医生病例集,干祖望医生病例集_病例1,现代临床
心火上炎,证候导致舌象,舌薄苔,干祖望医生病例集,干祖望医生病例集_病例1,现代临床
心火上炎,证候导致脉象,脉有弦意,干祖望医生病例集,干祖望医生病例集_病例1,现代临床
心火上炎,综合辨证证候,清心泻火,干祖望医生病例集,干祖望医生病例集_病例1,现代临床
心火上炎,证候采用方剂,金匮泻心汤加减,干祖望医生病例集,干祖望医生病例集_病例1,现代临床
金匮泻心汤加减,方剂组成药材,大黄,干祖望医生病例集,干祖望医生病例集_病例1,现代临床
金匮泻心汤加减,方剂组成药材,川连,干祖望医生病例集,干祖望医生病例集_病例1,现代临床
金匮泻心汤加减,方剂组成药材,黄苓,干祖望医生病例集,干祖望医生病例集_病例1,现代临床
金匮泻心汤加减,方剂组成药材,山梔,干祖望医生病例集,干祖望医生病例集_病例1,现代临床
金匮泻心汤加减,方剂组成药材,竹叶,干祖望医生病例集,干祖望医生病例集_病例1,现代临床
金匮泻心汤加减,方剂组成药材,灯心,干祖望医生病例集,干祖望医生病例集_病例1,现代临床
金匮泻心汤加减,方剂组成药材,茅根,干祖望医生病例集,干祖望医生病例集_病例1,现代临床
金匮泻心汤加减,方剂组成药材,银花,干祖望医生病例集,干祖望医生病例集_病例1,现代临床
金匮泻心汤加减,方剂组成药材,连翘,干祖望医生病例集,干祖望医生病例集_病例1,现代临床
金匮泻心汤加减,方剂组成药材,赤芍,干祖望医生病例集,干祖望医生病例集_病例1,现代临床
耳鸣,疾病表现症状,鸣声如飞机的起飞,干祖望医生病例集,干祖望医生病例集_病例1,现代临床
耳鸣,症状伴随症状,心烦意乱,干祖望医生病例集,干祖望医生病例集_病例1,现代临床
耳鸣,症状伴随症状,妨碍正常的生活、学习、工作,干祖望医生病例集,干祖望医生病例集_病例1,现代临床
耳鸣,症状伴随症状,听力稍有影响,干祖望医生病例集,干祖望医生病例集_病例1,现代临床
耳鸣,疾病导致舌象,舌薄苔,干祖望医生病例集,干祖望医生病例集_病例1,现代临床
耳鸣,疾病导致脉象,脉有弦意,干祖望医生病例集,干祖望医生病例集_病例1,现代临床
渗出性中耳炎,疾病表现症状,两耳憋气,干祖望医生病例集,干祖望医生病例集_病例1,现代临床
渗出性中耳炎,症状伴随症状,偶有阵发性失听,干祖望医生病例集,干祖望医生病例集_病例1,现代临床
渗出性中耳炎,症状伴随症状,听力下降,干祖望医生病例集,干祖望医生病例集_病例1,现代临床
渗出性中耳炎,症状伴随症状,自声增强,干祖望医生病例集,干祖望医生病例集_病例1,现代临床
渗出性中耳炎,疾病导致舌象,舌薄苔,干祖望医生病例集,干祖望医生病例集_病例1,现代临床
渗出性中耳炎,疾病导致脉象,脉实,干祖望医生病例集,干祖望医生病例集_病例1,现代临床
航空性中耳炎,疾病表现症状,两耳憋气,干祖望医生病例集,干祖望医生病例集_病例1,现代临床
航空性中耳炎,症状伴随症状,听力下降,干祖望医生病例集,干祖望医生病例集_病例1,现代临床
航空性中耳炎,症状伴随症状,自声增强,干祖望医生病例集,干祖望医生病例集_病例1,现代临床
航空性中耳炎,症状伴随症状,咽鼓管不通,干祖望医生病例集,干祖望医生病例集_病例1,现代临床
航空性中耳炎,症状伴随症状,耳觉沉重,干祖望医生病例集,干祖望医生病例集_病例1,现代临床
航空性中耳炎,症状伴随症状,头脑失之清醒,干祖望医生病例集,干祖望医生病例集_病例1,现代临床
航空性中耳炎,症状伴随症状,咽干失润,干祖望医生病例集,干祖望医生病例集_病例1,现代临床
航空性中耳炎,症状伴随症状,喜饮水求润,干祖望医生病例集,干祖望医生病例集_病例1,现代临床
航空性中耳炎,症状伴随症状,欲冷饮,干祖望医生病例集,干祖望医生病例集_病例1,现代临床
航空性中耳炎,症状伴随症状,清嗓频频而无痰,干祖望医生病例集,干祖望医生病例集_病例1,现代临床
耳鸣,证候导致舌象,舌薄苔,干祖望医生病例集,干祖望医生病例集_病例1,现代临床
耳鸣,证候导致脉象,脉有弦意,干祖望医生病例集,干祖望医生病例集_病例1,现代临床
金匮泻心汤加减,证候采用方剂,清心泻火,干祖望医生病例集,干祖望医生病例集_病例1,现代临床
金匮泻心汤加减,方剂组成药材,大黄,干祖望医生病例集,干祖望医生病例集_病例1,现代临床
金匮泻心汤加减,方剂组成药材,川连,干祖望医生病例集,干祖望医生病例集_病例1,现代临床
金匮泻心汤加减,方剂组成药材,黄苓,干祖望医生病例集,干祖望医生病例集_病例1,现代临床
金匮泻心汤加减,方剂组成药材,山梔,干祖望医生病例集,干祖望医生病例集_病例1,现代临床
金匮泻心汤加减,方剂组成药材,竹叶,干祖望医生病例集,干祖望医生病例集_病例1,现代临床
金匮泻心汤加减,方剂组成药材,灯心,干祖望医生病例集,干祖望医生病例集_病例1,现代临床
金匮泻心汤加减,方剂组成药材,茅根,干祖望医生病例集,干祖望医生病例集_病例1,现代临床
金匮泻心汤加减,方剂组成药材,银花,干祖望医生病例集,干祖望医生病例集_病例1,现代临床
金匮泻心汤加减,方剂组成药材,连翘,干祖望医生病例集,干祖望医生病例集_病例1,现代临床
金匮泻心汤加减,方剂组成药材,赤芍,干祖望医生病例集,干祖望医生病例集_病例1,现代临床
大黄,药材具有功效,泻火,干祖望医生病例集,干祖望医生病例集_病例1,现代临床
川连,药材具有功效,清心,干祖望医生病例集,干祖望医生病例集_病例1,现代临床
黄苓,药材具有功效,清热,干祖望医生病例集,干祖望医生病例集_病例1,现代临床
山梔,药材具有功效,泻火,干祖望医生病例集,干祖望医生病例集_病例1,现代临床
银花,药材具有功效,清热解毒,干祖望医生病例集,干祖望医生病例集_病例1,现代临床
连翘,药材具有功效,清热解毒,干祖望医生病例集,干祖望医生病例集_病例1,现代临床
赤芍,药材具有功效,凉血,干祖望医生病例集,干祖望医生病例集_病例1,现代临床
耳鸣,综合辨证证候,阳气特盛,干祖望医生病例集,干祖望医生病例集_病例1,现代临床
干祖望,名医经验总结,用苦寒剂来治疗耳鸣,干祖望医生病例集,干祖望医生病例集_病例1,现代临床
干祖望,名医经验总结,攻剂、峻剂，必须中病即止,干祖望医生病例集,干祖望医生病例集_病例1,现代临床
渗出性中耳炎,疾病导致舌象,舌薄苔,干祖望医生病例集,干祖望医生病例集_病例1,现代临床
渗出性中耳炎,疾病导致脉象,脉平,干祖望医生病例集,干祖望医生病例集_病例1,现代临床
渗出性中耳炎,证候导致舌象,舌薄苔,干祖望医生病例集,干祖望医生病例集_病例1,现代临床
渗出性中耳炎,证候导致脉象,脉平,干祖望医生病例集,干祖望医生病例集_病例1,现代临床
渗出性中耳炎,症状伴随症状,听力下降,干祖望医生病例集,干祖望医生病例集_病例1,现代临床
渗出性中耳炎,症状伴随症状,憋气,干祖望医生病例集,干祖望医生病例集_病例1,现代临床
渗出性中耳炎,症状伴随症状,自声增强,干祖望医生病例集,干祖望医生病例集_病例1,现代临床
渗出性中耳炎,症状伴随症状,咽鼓管不通,干祖望医生病例集,干祖望医生病例集_病例1,现代临床
渗出性中耳炎,症状伴随症状,耳觉沉重,干祖望医生病例集,干祖望医生病例集_病例1,现代临床
渗出性中耳炎,症状伴随症状,头脑失之清醒,干祖望医生病例集,干祖望医生病例集_病例1,现代临床
渗出性中耳炎,症状伴随症状,咽干失润,干祖望医生病例集,干祖望医生病例集_病例1,现代临床
渗出性中耳炎,症状伴随症状,喜饮水求润,干祖望医生病例集,干祖望医生病例集_病例1,现代临床
渗出性中耳炎,症状伴随症状,欲冷饮,干祖望医生病例集,干祖望医生病例集_病例1,现代临床
渗出性中耳炎,症状伴随症状,清嗓频频而无痰,干祖望医生病例集,干祖望医生病例集_病例1,现代临床
渗出性中耳炎,症状伴随症状,右下顯颌关节疼痛伴胀,干祖望医生病例集,干祖望医生病例集_病例1,现代临床
渗出性中耳炎,症状伴随症状,张口假性强直,干祖望医生病例集,干祖望医生病例集_病例1,现代临床
渗出性中耳炎,症状伴随症状,耳鸣,干祖望医生病例集,干祖望医生病例集_病例1,现代临床
渗出性中耳炎,症状伴随症状,拒绝外来噪音,干祖望医生病例集,干祖望医生病例集_病例1,现代临床
渗出性中耳炎,症状伴随症状,鼻塞不通,干祖望医生病例集,干祖望医生病例集_病例1,现代临床
渗出性中耳炎,症状伴随症状,鼻粘膜干涩少分泌液,干祖望医生病例集,干祖望医生病例集_病例1,现代临床
渗出性中耳炎,证候采用方剂,六君子湯,干祖望医生病例集,干祖望医生病例集_病例1,现代临床
六君子湯,方剂组成药材,党参,干祖望医生病例集,干祖望医生病例集_病例1,现代临床
六君子湯,方剂组成药材,白术,干祖望医生病例集,干祖望医生病例集_病例1,现代临床
六君子湯,方剂组成药材,茯苓,干祖望医生病例集,干祖望医生病例集_病例1,现代临床
六君子湯,方剂组成药材,白芥子,干祖望医生病例集,干祖望医生病例集_病例1,现代临床
六君子湯,方剂组成药材,陈皮,干祖望医生病例集,干祖望医生病例集_病例1,现代临床
六君子湯,方剂组成药材,半夏,干祖望医生病例集,干祖望医生病例集_病例1,现代临床
六君子湯,方剂组成药材,菖蒲,干祖望医生病例集,干祖望医生病例集_病例1,现代临床
六君子湯,方剂组成药材,天竺黄,干祖望医生病例集,干祖望医生病例集_病例1,现代临床
六君子湯,方剂组成药材,苦丁茶,干祖望医生病例集,干祖望医生病例集_病例1,现代临床
六君子湯,方剂组成药材,甘草,干祖望医生病例集,干祖望医生病例集_病例1,现代临床
卡他性中耳炎,疾病导致舌象,舌薄苔,干祖望医生病例集,干祖望医生病例集_病例1,现代临床
卡他性中耳炎,疾病导致脉象,脉细,干祖望医生病例集,干祖望医生病例集_病例1,现代临床
卡他性中耳炎,症状伴随症状,左耳失聪闭塞,干祖望医生病例集,干祖望医生病例集_病例1,现代临床
卡他性中耳炎,症状伴随症状,听力下降,干祖望医生病例集,干祖望医生病例集_病例1,现代临床
卡他性中耳炎,症状伴随症状,白声增强,干祖望医生病例集,干祖望医生病例集_病例1,现代临床
卡他性中耳炎,症状伴随症状,鸣响,干祖望医生病例集,干祖望医生病例集_病例1,现代临床
卡他性中耳炎,证候采用方剂,王氏二陈汤,干祖望医生病例集,干祖望医生病例集_病例1,现代临床
王氏二陈汤,方剂组成药材,白芥子,干祖望医生病例集,干祖望医生病例集_病例1,现代临床
卡他性中耳炎,证候导致舌象,舌薄苔,干祖望医生病例集,干祖望医生病例集_病例1,现代临床
卡他性中耳炎,证候导致脉象,脉细,干祖望医生病例集,干祖望医生病例集_病例1,现代临床
卡他性中耳炎,症状伴随症状,头痛,干祖望医生病例集,干祖望医生病例集_病例1,现代临床
卡他性中耳炎,症状伴随症状,聊啾,干祖望医生病例集,干祖望医生病例集_病例1,现代临床
卡他性中耳炎,症状伴随症状,鼓膜穿刺的疤痕,干祖望医生病例集,干祖望医生病例集_病例1,现代临床
卡他性中耳炎,症状伴随症状,左鼓膜轻度潮红,干祖望医生病例集,干祖望医生病例集_病例1,现代临床
卡他性中耳炎,症状伴随症状,右鼓膜浑浊,干祖望医生病例集,干祖望医生病例集_病例1,现代临床
卡他性中耳炎,症状伴随症状,光锥存在、缩短,干祖望医生病例集,干祖望医生病例集_病例1,现代临床
卡他性中耳炎,证候采用方剂,六君子湯,干祖望医生病例集,干祖望医生病例集_病例1,现代临床
卡他性中耳炎,证候采用方剂,参苓白术散,干祖望医生病例集,干祖望医生病例集_病例1,现代临床
卡他性中耳炎,症状伴随症状,耳中作痒,干祖望医生病例集,干祖望医生病例集_病例1,现代临床
卡他性中耳炎,症状伴随症状,听力逐渐恢复,干祖望医生病例集,干祖望医生病例集_病例1,现代临床
卡他性中耳炎,症状伴随症状,憋胀皆消,干祖望医生病例集,干祖望医生病例集_病例1,现代临床
卡他性中耳炎,症状伴随症状,鼓膜（双侧）正常,干祖望医生病例集,干祖望医生病例集_病例1,现代临床
卡他性中耳炎,症状伴随症状,耳咽管阻塞,干祖望医生病例集,干祖望医生病例集_病例1,现代临床
卡他性中耳炎,症状伴随症状,听觉失聪,干祖望医生病例集,干祖望医生病例集_病例1,现代临床
卡他性中耳炎,症状伴随症状,中耳积液,干祖望医生病例集,干祖望医生病例集_病例1,现代临床
卡他性中耳炎,症状伴随症状,浊阴遮闭其窍,干祖望医生病例集,干祖望医生病例集_病例1,现代临床
卡他性中耳炎,症状伴随症状,外声不得人内,干祖望医生病例集,干祖望医生病例集_病例1,现代临床
卡他性中耳炎,症状伴随症状,粘液屡抽屡生,干祖望医生病例集,干祖望医生病例集_病例1,现代临床
卡他性中耳炎,症状伴随症状,头痛缓解,干祖望医生病例集,干祖望医生病例集_病例1,现代临床
卡他性中耳炎,症状伴随症状,听力稍回升,干祖望医生病例集,干祖望医生病例集_病例1,现代临床
卡他性中耳炎,症状伴随症状,聊啾亦逐渐式微,干祖望医生病例集,干祖望医生病例集_病例1,现代临床
卡他性中耳炎,症状伴随症状,鼓膜穿刺,干祖望医生病例集,干祖望医生病例集_病例1,现代临床
卡他性中耳炎,症状伴随症状,耳中憋气,干祖望医生病例集,干祖望医生病例集_病例1,现代临床
卡他性中耳炎,症状伴随症状,耳中胀感,干祖望医生病例集,干祖望医生病例集_病例1,现代临床
卡他性中耳炎,症状伴随症状,健耳闭气及胀,干祖望医生病例集,干祖望医生病例集_病例1,现代临床
卡他性中耳炎,症状伴随症状,听力似有下降,干祖望医生病例集,干祖望医生病例集_病例1,现代临床
卡他性中耳炎,症状伴随症状,耳中痒,干祖望医生病例集,干祖望医生病例集_病例1,现代临床
卡他性中耳炎,症状伴随症状,听力逐渐恢复,干祖望医生病例集,干祖望医生病例集_病例1,现代临床
卡他性中耳炎,症状伴随症状,憋胀皆消,干祖望医生病例集,干祖望医生病例集_病例1,现代临床
卡他性中耳炎,症状伴随症状,鼓膜正常,干祖望医生病例集,干祖望医生病例集_病例1,现代临床
卡他性中耳炎,症状伴随症状,耳咽管阻塞,干祖望医生病例集,干祖望医生病例集_病例1,现代临床
卡他性中耳炎,症状伴随症状,听觉失聪,干祖望医生病例集,干祖望医生病例集_病例1,现代临床
卡他性中耳炎,症状伴随症状,中耳积液,干祖望医生病例集,干祖望医生病例集_病例1,现代临床
卡他性中耳炎,症状伴随症状,浊阴遮闭其窍,干祖望医生病例集,干祖望医生病例集_病例1,现代临床
卡他性中耳炎,症状伴随症状,外声不得人内,干祖望医生病例集,干祖望医生病例集_病例1,现代临床
卡他性中耳炎,症状伴随症状,粘液屡抽屡生,干祖望医生病例集,干祖望医生病例集_病例1,现代临床
卡他性中耳炎,症状伴随症状,头痛缓解,干祖望医生病例集,干祖望医生病例集_病例1,现代临床
卡他性中耳炎,症状伴随症状,听力稍回升,干祖望医生病例集,干祖望医生病例集_病例1,现代临床
卡他性中耳炎,症状伴随症状,聊啾亦逐渐式微,干祖望医生病例集,干祖望医生病例集_病例1,现代临床
卡他性中耳炎,症状伴随症状,鼓膜穿刺,干祖望医生病例集,干祖望医生病例集_病例1,现代临床
卡他性中耳炎,症状伴随症状,耳中憋气,干祖望医生病例集,干祖望医生病例集_病例1,现代临床
卡他性中耳炎,症状伴随症状,耳中胀感,干祖望医生病例集,干祖望医生病例集_病例1,现代临床
卡他性中耳炎,症状伴随症状,健耳闭气及胀,干祖望医生病例集,干祖望医生病例集_病例1,现代临床
卡他性中耳炎,症状伴随症状,听力似有下降,干祖望医生病例集,干祖望医生病例集_病例1,现代临床
卡他性中耳炎,症状伴随症状,耳中痒,干祖望医生病例集,干祖望医生病例集_病例1,现代临床
卡他性中耳炎,症状伴随症状,听力逐渐恢复,干祖望医生病例集,干祖望医生病例集_病例1,现代临床
卡他性中耳炎,症状伴随症状,憋胀皆消,干祖望医生病例集,干祖望医生病例集_病例1,现代临床
卡他性中耳炎,症状伴随症状,鼓膜正常,干祖望医生病例集,干祖望医生病例集_病例1,现代临床
卡他性中耳炎,归属于经典,温热经纬,干祖望医生病例集,干祖望医生病例集_病例1,现代临床
卡他性中耳炎,归属于经典,冯氏锦囊秘录,干祖望医生病例集,干祖望医生病例集_病例1,现代临床
急性中耳炎,疾病导致舌象,舌薄苔,干祖望医生病例集,例二,现代临床
急性中耳炎,疾病导致脉象,脉平,干祖望医生病例集,例二,现代临床
急性中耳炎,症状伴随症状,脓液减少,干祖望医生病例集,例二,现代临床
急性中耳炎,症状伴随症状,食欲旺盛,干祖望医生病例集,例二,现代临床
急性中耳炎,症状伴随症状,外耳道干净干燥,干祖望医生病例集,例二,现代临床
急性中耳炎,症状伴随症状,鼓膜溃孔残痕已模糊难见,干祖望医生病例集,例二,现代临床
慢性化脓性中耳炎,疾病导致舌象,舌薄腻滑润苔,干祖望医生病例集,例二,现代临床
慢性化脓性中耳炎,疾病导致舌象,底映紫气,干祖望医生病例集,例二,现代临床
慢性化脓性中耳炎,疾病导致舌象,舌质淡白,干祖望医生病例集,例二,现代临床
慢性化脓性中耳炎,疾病导致脉象,脉濡,干祖望医生病例集,例二,现代临床
慢性化脓性中耳炎,症状伴随症状,右耳鼓膜大穿孔,干祖望医生病例集,例二,现代临床
慢性化脓性中耳炎,症状伴随症状,鼓室尚干净、潮润,干祖望医生病例集,例二,现代临床
慢性化脓性中耳炎,症状伴随症状,左鼓膜浑浊,干祖望医生病例集,例二,现代临床
慢性化脓性中耳炎,症状伴随症状,标志消失,干祖望医生病例集,例二,现代临床
慢性化脓性中耳炎,症状伴随症状,中央有一钙化点,干祖望医生病例集,例二,现代临床
慢性化脓性中耳炎,症状伴随症状,有菲薄感,干祖望医生病例集,例二,现代临床
慢性化脓性中耳炎,症状伴随症状,未见明显穿孔,干祖望医生病例集,例二,现代临床
慢性化脓性中耳炎,症状伴随症状,脓水告涸,干祖望医生病例集,例二,现代临床
慢性化脓性中耳炎,症状伴随症状,再度潮润而外溢,干祖望医生病例集,例二,现代临床
慢性化脓性中耳炎,症状伴随症状,听力似乎好些,干祖望医生病例集,例二,现代临床
慢性化脓性中耳炎,症状伴随症状,耳内憋气及耳鸣仍然存在,干祖望医生病例集,例二,现代临床
慢性化脓性中耳炎,症状伴随症状,全身无力,干祖望医生病例集,例二,现代临床
慢性化脓性中耳炎,症状伴随症状,鸣声音调高而音量大,干祖望医生病例集,例二,现代临床
慢性化脓性中耳炎,症状伴随症状,对外来噪音感到很不舒服,干祖望医生病例集,例二,现代临床
慢性化脓性中耳炎,症状伴随症状,脓水告涸,干祖望医生病例集,例二,现代临床
慢性化脓性中耳炎,症状伴随症状,听力下降,干祖望医生病例集,例二,现代临床
慢性化脓性中耳炎,症状伴随症状,耳鸣,干祖望医生病例集,例二,现代临床
慢性化脓性中耳炎,症状伴随症状,耳内胀,干祖望医生病例集,例二,现代临床
慢性化脓性中耳炎,症状伴随症状,偶有针刺感,干祖望医生病例集,例二,现代临床
慢性化脓性中耳炎,症状伴随症状,左颈牵制,干祖望医生病例集,例二,现代临床
慢性化脓性中耳炎,症状伴随症状,左颈胀痛,干祖望医生病例集,例二,现代临床
慢性化脓性中耳炎,症状伴随症状,左耳听力下降,干祖望医生病例集,例二,现代临床
慢性化脓性中耳炎,症状伴随症状,偶有轻度眩晕,干祖望医生病例集,例二,现代临床
慢性化脓性中耳炎,症状伴随症状,右耳手术后潮湿不干,干祖望医生病例集,例二,现代临床
慢性化脓性中耳炎,症状伴随症状,左鼓膜严重内陷,干祖望医生病例集,例二,现代临床
慢性化脓性中耳炎,症状伴随症状,中央有钙化点两块,干祖望医生病例集,例二,现代临床
慢性化脓性中耳炎,症状伴随症状,标志消失,干祖望医生病例集,例二,现代临床
五味消毒饮,方剂组成药材,银花,干祖望医生病例集,例二,现代临床
五味消毒饮,方剂组成药材,菊花,干祖望医生病例集,例二,现代临床
五味消毒饮,方剂组成药材,地丁,干祖望医生病例集,例二,现代临床
五味消毒饮,方剂组成药材,蚤休,干祖望医生病例集,例二,现代临床
五味消毒饮,方剂组成药材,半枝莲,干祖望医生病例集,例二,现代临床
五味消毒饮,方剂组成药材,白芷,干祖望医生病例集,例二,现代临床
五味消毒饮,方剂组成药材,大贝,干祖望医生病例集,例二,现代临床
五味消毒饮,方剂组成药材,桔梗,干祖望医生病例集,例二,现代临床
五味消毒饮,方剂组成药材,甘草,干祖望医生病例集,例二,现代临床
丁半合剂,方剂组成药材,地丁,干祖望医生病例集,例二,现代临床
丁半合剂,方剂组成药材,半枝莲,干祖望医生病例集,例二,现代临床
丁半合剂,方剂组成药材,银花,干祖望医生病例集,例二,现代临床
异功散加味,方剂组成药材,升麻,干祖望医生病例集,例二,现代临床
异功散加味,方剂组成药材,葛根,干祖望医生病例集,例二,现代临床
异功散加味,方剂组成药材,白术,干祖望医生病例集,例二,现代临床
异功散加味,方剂组成药材,太子参,干祖望医生病例集,例二,现代临床
异功散加味,方剂组成药材,茯苓,干祖望医生病例集,例二,现代临床
异功散加味,方剂组成药材,陈皮,干祖望医生病例集,例二,现代临床
异功散加味,方剂组成药材,川黄柏,干祖望医生病例集,例二,现代临床
异功散加味,方剂组成药材,夏枯草,干祖望医生病例集,例二,现代临床
异功散加味,方剂组成药材,菊花,干祖望医生病例集,例二,现代临床
异功散加味,方剂组成药材,甘草,干祖望医生病例集,例二,现代临床
龙胆泻肝汤,方剂组成药材,龙胆草,干祖望医生病例集,例二,现代临床
龙胆泻肝汤,方剂组成药材,山梔,干祖望医生病例集,例二,现代临床
龙胆泻肝汤,方剂组成药材,黄苓,干祖望医生病例集,例二,现代临床
龙胆泻肝汤,方剂组成药材,当归,干祖望医生病例集,例二,现代临床
龙胆泻肝汤,方剂组成药材,夏枯草,干祖望医生病例集,例二,现代临床
龙胆泻肝汤,方剂组成药材,菊花,干祖望医生病例集,例二,现代临床
龙胆泻肝汤,方剂组成药材,金银花,干祖望医生病例集,例二,现代临床
龙胆泻肝汤,方剂组成药材,苍术,干祖望医生病例集,例二,现代临床
龙胆泻肝汤,方剂组成药材,川黄柏,干祖望医生病例集,例二,现代临床
龙胆泻肝汤,方剂组成药材,甘草,干祖望医生病例集,例二,现代临床
龙胆泻肝汤,方剂组成药材,茵仁,干祖望医生病例集,例二,现代临床
龙胆泻肝汤,方剂组成药材,苦丁茶,干祖望医生病例集,例二,现代临床
二妙加味,方剂组成药材,党参,干祖望医生病例集,例二,现代临床
二妙加味,方剂组成药材,升麻,干祖望医生病例集,例二,现代临床
二妙加味,方剂组成药材,白术,干祖望医生病例集,例二,现代临床
二妙加味,方剂组成药材,茯苓,干祖望医生病例集,例二,现代临床
二妙加味,方剂组成药材,陈皮,干祖望医生病例集,例二,现代临床
二妙加味,方剂组成药材,半夏,干祖望医生病例集,例二,现代临床
二妙加味,方剂组成药材,山药,干祖望医生病例集,例二,现代临床
二妙加味,方剂组成药材,金银花,干祖望医生病例集,例二,现代临床
二妙加味,方剂组成药材,地丁,干祖望医生病例集,例二,现代临床
二妙加味,方剂组成药材,甘草,干祖望医生病例集,例二,现代临床
四物汤,方剂组成药材,升麻,干祖望医生病例集,例二,现代临床
四物汤,方剂组成药材,党参,干祖望医生病例集,例二,现代临床
四物汤,方剂组成药材,白术,干祖望医生病例集,例二,现代临床
四物汤,方剂组成药材,鸡血藤,干祖望医生病例集,例二,现代临床
四物汤,方剂组成药材,茯苓,干祖望医生病例集,例二,现代临床
四物汤,方剂组成药材,陈皮,干祖望医生病例集,例二,现代临床
四物汤,方剂组成药材,当归,干祖望医生病例集,例二,现代临床
四物汤,方剂组成药材,络石藤,干祖望医生病例集,例二,现代临床
四物汤,方剂组成药材,白芍,干祖望医生病例集,例二,现代临床
四物汤,方剂组成药材,丹参,干祖望医生病例集,例二,现代临床
参苓白术散,方剂组成药材,党参,干祖望医生病例集,例二,现代临床
参苓白术散,方剂组成药材,白术,干祖望医生病例集,例二,现代临床
参苓白术散,方剂组成药材,茯苓,干祖望医生病例集,例二,现代临床
参苓白术散,方剂组成药材,焦茵仁,干祖望医生病例集,例二,现代临床
参苓白术散,方剂组成药材,山药,干祖望医生病例集,例二,现代临床
参苓白术散,方剂组成药材,柴胡,干祖望医生病例集,例二,现代临床
参苓白术散,方剂组成药材,当归,干祖望医生病例集,例二,现代临床
参苓白术散,方剂组成药材,白茨藜,干祖望医生病例集,例二,现代临床
参苓白术散,方剂组成药材,菊花,干祖望医生病例集,例二,现代临床
参苓白术散,方剂组成药材,甘草,干祖望医生病例集,例二,现代临床
乳突炎,疾病表现症状,右耳疼痛,干祖望医生病例集,例二,现代临床
乳突炎,疾病表现症状,大便数日未解,干祖望医生病例集,例二,现代临床
乳突炎,疾病表现症状,乳突部压痛,干祖望医生病例集,例二,现代临床
乳突炎,疾病表现症状,右耳下区淋巴结肿大,干祖望医生病例集,例二,现代临床
乳突炎,疾病导致舌象,舌苔薄黄,干祖望医生病例集,例二,现代临床
乳突炎,疾病导致脉象,脉弦数,干祖望医生病例集,例二,现代临床
头痛,症状伴随症状,眩晕,干祖望医生病例集,例二,现代临床
头痛,症状伴随症状,左耳听力下降,干祖望医生病例集,例二,现代临床
头痛,症状伴随症状,右侧颈部及顯部疼痛,干祖望医生病例集,例二,现代临床
头痛,症状伴随症状,右耳手术后潮湿不干,干祖望医生病例集,例二,现代临床
头痛,症状伴随症状,左鼓膜严重内陷,干祖望医生病例集,例二,现代临床
头痛,症状伴随症状,中央有钙化点两块,干祖望医生病例集,例二,现代临床
头痛,症状伴随症状,标志消失,干祖望医生病例集,例二,现代临床
头痛,症状伴随症状,舌薄苔,干祖望医生病例集,例二,现代临床
头痛,症状伴随症状,脉细,干祖望医生病例集,例二,现代临床
头痛,症状辨证证候,肝阳挟火,干祖望医生病例集,例二,现代临床
头痛,症状辨证证候,炎炎上燃,干祖望医生病例集,例二,现代临床
头痛,症状辨证证候,头面被灼,干祖望医生病例集,例二,现代临床
头痛,证候导致舌象,舌薄苔,干祖望医生病例集,例二,现代临床
头痛,证候导致脉象,脉细,干祖望医生病例集,例二,现代临床
头痛,证候采用方剂,参苓白术合逍遥散,干祖望医生病例集,例二,现代临床
头痛,证候采用方剂,八珍汤,干祖望医生病例集,例二,现代临床
头痛,综合辨证证候,术后分泌难涸,干祖望医生病例集,例二,现代临床
头痛,综合辨证证候,邪去身安,干祖望医生病例集,例二,现代临床
头痛,综合辨证证候,正充邪避,干祖望医生病例集,例二,现代临床
头痛,综合辨证证候,疏肝益脾,干祖望医生病例集,例二,现代临床
头痛,综合辨证证候,益气柔肝,干祖望医生病例集,例二,现代临床
头痛,综合辨证证候,补诉综合,干祖望医生病例集,例二,现代临床
头痛,综合辨证证候,忽略于血,干祖望医生病例集,例二,现代临床
头痛,名医经验总结,干祖望,干祖望医生病例集,例二,现代临床
头痛,理论指导实践,外科理例之溃疡首重脾胃论治,干祖望医生病例集,例二,现代临床
头痛,理论指导实践,治可顾及柔肝,干祖望医生病例集,例二,现代临床
头痛,理论指导实践,清肝以挫其势,干祖望医生病例集,例二,现代临床
头痛,理论指导实践,清肝泻火为治,干祖望医生病例集,例二,现代临床
头痛,理论指导实践,清肝泻火、解毒止痛之剂以救其燃眉,干祖望医生病例集,例二,现代临床
头痛,外用药,黄连滴耳液,干祖望医生病例集,例二,现代临床
头痛,外用药,黄柏滴耳液,干祖望医生病例集,例二,现代临床
头痛,归属于经典,外科理例,干祖望医生病例集,例二,现代临床
航空性中耳炎,疾病表现症状,两耳憋气,干祖望医生病例集,例二,现代临床
航空性中耳炎,疾病表现症状,听力失聪,干祖望医生病例集,例二,现代临床
航空性中耳炎,疾病表现症状,堵塞感,干祖望医生病例集,例二,现代临床
航空性中耳炎,疾病导致舌象,舌薄苔,干祖望医生病例集,例二,现代临床
航空性中耳炎,疾病导致脉象,脉平有浮意,干祖望医生病例集,例二,现代临床
梅尼埃病,疾病表现症状,左耳突发失听,干祖望医生病例集,例二,现代临床
梅尼埃病,疾病表现症状,哄鸣,干祖望医生病例集,例二,现代临床
梅尼埃病,疾病表现症状,眩晕,干祖望医生病例集,例二,现代临床
梅尼埃病,疾病导致舌象,舌薄黄腻苔,干祖望医生病例集,例二,现代临床
梅尼埃病,疾病导致舌象,舌质透紫气,干祖望医生病例集,例二,现代临床
梅尼埃病,疾病导致脉象,脉劲而滑,干祖望医生病例集,例二,现代临床
眩晕,疾病表现症状,耳无鸣无聋,干祖望医生病例集,例二,现代临床
眩晕,疾病表现症状,泛恶作呕,干祖望医生病例集,例二,现代临床
眩晕,疾病导致舌象,舌苔白腻滑润,干祖望医生病例集,例二,现代临床
眩晕,疾病导致舌象,中央有老黄苔,干祖望医生病例集,例二,现代临床
眩晕,疾病导致脉象,脉平有数意,干祖望医生病例集,例二,现代临床
美尼尔氏综合征,疾病表现症状,两耳憋气,干祖望医生病例集,例二,现代临床
美尼尔氏综合征,疾病表现症状,哄响,干祖望医生病例集,例二,现代临床
美尼尔氏综合征,疾病表现症状,眩晕,干祖望医生病例集,例二,现代临床
美尼尔氏综合征,疾病导致舌象,舌薄苔,干祖望医生病例集,例二,现代临床
美尼尔氏综合征,疾病导致脉象,脉细,干祖望医生病例集,例二,现代临床
流气饮,方剂组成药材,木香,干祖望医生病例集,例二,现代临床
流气饮,方剂组成药材,乌药,干祖望医生病例集,例二,现代临床
流气饮,方剂组成药材,升麻,干祖望医生病例集,例二,现代临床
流气饮,方剂组成药材,菖蒲,干祖望医生病例集,例二,现代临床
流气饮,方剂组成药材,路路通,干祖望医生病例集,例二,现代临床
流气饮,方剂组成药材,川萼,干祖望医生病例集,例二,现代临床
流气饮,方剂组成药材,蔓荆子,干祖望医生病例集,例二,现代临床
流气饮,方剂组成药材,青皮,干祖望医生病例集,例二,现代临床
流气饮,方剂组成药材,马兜铃,干祖望医生病例集,例二,现代临床
流气饮,方剂组成药材,葛根,干祖望医生病例集,例二,现代临床
流气饮,证候采用方剂,气滞,干祖望医生病例集,例二,现代临床
胆南星,药材具有功效,消痰,干祖望医生病例集,例二,现代临床
陈皮,药材具有功效,破瘀,干祖望医生病例集,例二,现代临床
决明子,药材具有功效,熄肝风,干祖望医生病例集,例二,现代临床
菊花,药材具有功效,祛痰浊,干祖望医生病例集,例二,现代临床
流气饮,归属于经典,干祖望经验集,干祖望医生病例集,例二,现代临床
干祖望,名医经验总结,流气饮,干祖望医生病例集,例二,现代临床
眩晕,疾病表现症状,左耳鸣叫,干祖望医生病例集,例二,现代临床
眩晕,症状伴随症状,泛恶,干祖望医生病例集,例二,现代临床
眩晕,症状伴随症状,左耳鸣叫,干祖望医生病例集,例二,现代临床
眩晕,症状伴随症状,沉重感,干祖望医生病例集,例二,现代临床
眩晕,疾病导致舌象,舌白腻苔,干祖望医生病例集,例二,现代临床
眩晕,疾病导致脉象,脉细而弦,干祖望医生病例集,例二,现代临床
眩晕,症状辨证证候,痰浊久困,干祖望医生病例集,例二,现代临床
眩晕,证候导致舌象,舌白腻苔,干祖望医生病例集,例二,现代临床
眩晕,证候导致脉象,脉细而弦,干祖望医生病例集,例二,现代临床
眩晕,综合辨证证候,痰浊挟湿浊,干祖望医生病例集,例二,现代临床
眩晕,证候采用方剂,化浊消痰方,干祖望医生病例集,例二,现代临床
化浊消痰方,方剂组成药材,陈胆星,干祖望医生病例集,例二,现代临床
化浊消痰方,方剂组成药材,陈皮,干祖望医生病例集,例二,现代临床
化浊消痰方,方剂组成药材,蕾香,干祖望医生病例集,例二,现代临床
化浊消痰方,方剂组成药材,佩兰,干祖望医生病例集,例二,现代临床
化浊消痰方,方剂组成药材,姜半夏,干祖望医生病例集,例二,现代临床
化浊消痰方,方剂组成药材,苏子,干祖望医生病例集,例二,现代临床
化浊消痰方,方剂组成药材,菖蒲,干祖望医生病例集,例二,现代临床
化浊消痰方,方剂组成药材,枳实,干祖望医生病例集,例二,现代临床
化浊消痰方,方剂组成药材,焦茵仁,干祖望医生病例集,例二,现代临床
化浊消痰方,方剂组成药材,甘草,干祖望医生病例集,例二,现代临床
陈胆星,药材具有功效,化浊消痰,干祖望医生病例集,例二,现代临床
陈皮,药材具有功效,化浊消痰,干祖望医生病例集,例二,现代临床
蕾香,药材具有功效,化浊消痰,干祖望医生病例集,例二,现代临床
佩兰,药材具有功效,化浊消痰,干祖望医生病例集,例二,现代临床
姜半夏,药材具有功效,化浊消痰,干祖望医生病例集,例二,现代临床
苏子,药材具有功效,化浊消痰,干祖望医生病例集,例二,现代临床
菖蒲,药材具有功效,化浊消痰,干祖望医生病例集,例二,现代临床
枳实,药材具有功效,化浊消痰,干祖望医生病例集,例二,现代临床
焦茵仁,药材具有功效,化浊消痰,干祖望医生病例集,例二,现代临床
甘草,药材具有功效,化浊消痰,干祖望医生病例集,例二,现代临床
眩晕,证候采用方剂,六君子汤,干祖望医生病例集,例二,现代临床
六君子汤,方剂组成药材,党参,干祖望医生病例集,例二,现代临床
六君子汤,方剂组成药材,茯苓,干祖望医生病例集,例二,现代临床
六君子汤,方剂组成药材,山药,干祖望医生病例集,例二,现代临床
六君子汤,方剂组成药材,陈皮,干祖望医生病例集,例二,现代临床
六君子汤,方剂组成药材,半夏,干祖望医生病例集,例二,现代临床
党参,药材具有功效,补脾,干祖望医生病例集,例二,现代临床
茯苓,药材具有功效,补脾,干祖望医生病例集,例二,现代临床
山药,药材具有功效,补脾,干祖望医生病例集,例二,现代临床
陈皮,药材具有功效,补脾,干祖望医生病例集,例二,现代临床
半夏,药材具有功效,补脾,干祖望医生病例集,例二,现代临床
眩晕,证候采用方剂,潜阳育阴方,干祖望医生病例集,例二,现代临床
潜阳育阴方,方剂组成药材,桑叶,干祖望医生病例集,例二,现代临床
潜阳育阴方,方剂组成药材,菊花,干祖望医生病例集,例二,现代临床
潜阳育阴方,方剂组成药材,白糞藜,干祖望医生病例集,例二,现代临床
潜阳育阴方,方剂组成药材,熟地,干祖望医生病例集,例二,现代临床
潜阳育阴方,方剂组成药材,山药,干祖望医生病例集,例二,现代临床
潜阳育阴方,方剂组成药材,茯苓,干祖望医生病例集,例二,现代临床
潜阳育阴方,方剂组成药材,建泽泻,干祖望医生病例集,例二,现代临床
潜阳育阴方,方剂组成药材,丹皮,干祖望医生病例集,例二,现代临床
潜阳育阴方,方剂组成药材,当归,干祖望医生病例集,例二,现代临床
潜阳育阴方,方剂组成药材,川苓,干祖望医生病例集,例二,现代临床
桑叶,药材具有功效,潜阳育阴,干祖望医生病例集,例二,现代临床
菊花,药材具有功效,潜阳育阴,干祖望医生病例集,例二,现代临床
白糞藜,药材具有功效,潜阳育阴,干祖望医生病例集,例二,现代临床
熟地,药材具有功效,潜阳育阴,干祖望医生病例集,例二,现代临床
山药,药材具有功效,潜阳育阴,干祖望医生病例集,例二,现代临床
茯苓,药材具有功效,潜阳育阴,干祖望医生病例集,例二,现代临床
建泽泻,药材具有功效,潜阳育阴,干祖望医生病例集,例二,现代临床
丹皮,药材具有功效,潜阳育阴,干祖望医生病例集,例二,现代临床
当归,药材具有功效,潜阳育阴,干祖望医生病例集,例二,现代临床
川苓,药材具有功效,潜阳育阴,干祖望医生病例集,例二,现代临床
鼻前庭炎,疾病表现症状,鼻子作庠,干祖望医生病例集,例二,现代临床
鼻前庭炎,症状伴随症状,痒而不嚏,干祖望医生病例集,例二,现代临床
鼻前庭炎,症状伴随症状,涕屎呈痫皮样,干祖望医生病例集,例二,现代临床
鼻前庭炎,症状伴随症状,痂皮中有血诿,干祖望医生病例集,例二,现代临床
鼻前庭炎,疾病导致舌象,舌薄苔,干祖望医生病例集,例二,现代临床
鼻前庭炎,症状辨证证候,肺经积热,干祖望医生病例集,例二,现代临床
鼻前庭炎,证候导致舌象,舌薄苔,干祖望医生病例集,例二,现代临床
鼻前庭炎,证候采用方剂,清肺泄热方,干祖望医生病例集,例二,现代临床
清肺泄热方,方剂组成药材,桑白皮,干祖望医生病例集,例二,现代临床
清肺泄热方,方剂组成药材,黄苓,干祖望医生病例集,例二,现代临床
清肺泄热方,方剂组成药材,马兜铃,干祖望医生病例集,例二,现代临床
清肺泄热方,方剂组成药材,银花,干祖望医生病例集,例二,现代临床
清肺泄热方,方剂组成药材,丹皮,干祖望医生病例集,例二,现代临床
清肺泄热方,方剂组成药材,赤芍,干祖望医生病例集,例二,现代临床
清肺泄热方,方剂组成药材,狰香草,干祖望医生病例集,例二,现代临床
清肺泄热方,方剂组成药材,白鲜皮,干祖望医生病例集,例二,现代临床
桑白皮,药材具有功效,清肺泄热,干祖望医生病例集,例二,现代临床
黄苓,药材具有功效,清肺泄热,干祖望医生病例集,例二,现代临床
马兜铃,药材具有功效,清肺泄热,干祖望医生病例集,例二,现代临床
银花,药材具有功效,清肺泄热,干祖望医生病例集,例二,现代临床
丹皮,药材具有功效,清肺泄热,干祖望医生病例集,例二,现代临床
赤芍,药材具有功效,清肺泄热,干祖望医生病例集,例二,现代临床
狰香草,药材具有功效,清肺泄热,干祖望医生病例集,例二,现代临床
白鲜皮,药材具有功效,清肺泄热,干祖望医生病例集,例二,现代临床
急性鼻炎,疾病表现症状,寒热,干祖望医生病例集,例二,现代临床
急性鼻炎,疾病表现症状,头痛,干祖望医生病例集,例二,现代临床
急性鼻炎,疾病表现症状,畏寒,干祖望医生病例集,例二,现代临床
急性鼻炎,疾病表现症状,鼻塞不通,干祖望医生病例集,例二,现代临床
急性鼻炎,疾病表现症状,清涕淋下,干祖望医生病例集,例二,现代临床
急性鼻炎,疾病表现症状,稍有痰咳,干祖望医生病例集,例二,现代临床
急性鼻炎,疾病导致舌象,舌薄白苔,干祖望医生病例集,例二,现代临床
急性鼻炎,疾病导致脉象,脉浮数,干祖望医生病例集,例二,现代临床
急性鼻炎,症状辨证证候,外邪侵袭,干祖望医生病例集,例二,现代临床
急性鼻炎,证候导致舌象,舌薄白苔,干祖望医生病例集,例二,现代临床
急性鼻炎,证候导致脉象,脉浮数,干祖望医生病例集,例二,现代临床
急性鼻炎,综合辨证证候,伤风感冒,干祖望医生病例集,例二,现代临床
急性鼻炎,证候采用方剂,疏风辛解方,干祖望医生病例集,例二,现代临床
疏风辛解方,方剂组成药材,荆芥,干祖望医生病例集,例二,现代临床
疏风辛解方,方剂组成药材,防风,干祖望医生病例集,例二,现代临床
疏风辛解方,方剂组成药材,薄荷,干祖望医生病例集,例二,现代临床
疏风辛解方,方剂组成药材,桑叶,干祖望医生病例集,例二,现代临床
疏风辛解方,方剂组成药材,白芷,干祖望医生病例集,例二,现代临床
疏风辛解方,方剂组成药材,杏仁,干祖望医生病例集,例二,现代临床
疏风辛解方,方剂组成药材,象贝,干祖望医生病例集,例二,现代临床
疏风辛解方,方剂组成药材,元参,干祖望医生病例集,例二,现代临床
疏风辛解方,方剂组成药材,桔梗,干祖望医生病例集,例二,现代临床
荆芥,药材具有功效,疏风解表,干祖望医生病例集,例二,现代临床
防风,药材具有功效,疏风解表,干祖望医生病例集,例二,现代临床
薄荷,药材具有功效,疏风解表,干祖望医生病例集,例二,现代临床
桑叶,药材具有功效,疏风解表,干祖望医生病例集,例二,现代临床
白芷,药材具有功效,疏风解表,干祖望医生病例集,例二,现代临床
杏仁,药材具有功效,疏风解表,干祖望医生病例集,例二,现代临床
象贝,药材具有功效,疏风解表,干祖望医生病例集,例二,现代临床
元参,药材具有功效,疏风解表,干祖望医生病例集,例二,现代临床
桔梗,药材具有功效,疏风解表,干祖望医生病例集,例二,现代临床
慢性鼻炎,疾病表现症状,鼻多脓涕,干祖望医生病例集,例二,现代临床
慢性鼻炎,症状伴随症状,通气时佳时塞,干祖望医生病例集,例二,现代临床
慢性鼻炎,症状伴随症状,左耳有憋气之感,干祖望医生病例集,例二,现代临床
慢性鼻炎,疾病导致舌象,舌薄苔,干祖望医生病例集,例二,现代临床
慢性鼻炎,疾病导致脉象,脉平,干祖望医生病例集,例二,现代临床
慢性鼻炎,症状辨证证候,胆热移脑,干祖望医生病例集,例二,现代临床
慢性鼻炎,证候导致舌象,舌薄苔,干祖望医生病例集,例二,现代临床
慢性鼻炎,证候导致脉象,脉平,干祖望医生病例集,例二,现代临床
慢性鼻炎,综合辨证证候,鼻渊,干祖望医生病例集,例二,现代临床
慢性鼻炎,证候采用方剂,龙胆泻肝汤合苍耳子散,干祖望医生病例集,例二,现代临床
龙胆泻肝汤合苍耳子散,方剂组成药材,龙胆草,干祖望医生病例集,例二,现代临床
龙胆泻肝汤合苍耳子散,方剂组成药材,山梔,干祖望医生病例集,例二,现代临床
龙胆泻肝汤合苍耳子散,方剂组成药材,黄苓,干祖望医生病例集,例二,现代临床
龙胆泻肝汤合苍耳子散,方剂组成药材,柴胡,干祖望医生病例集,例二,现代临床
龙胆泻肝汤合苍耳子散,方剂组成药材,苍耳子,干祖望医生病例集,例二,现代临床
龙胆泻肝汤合苍耳子散,方剂组成药材,当归,干祖望医生病例集,例二,现代临床
龙胆泻肝汤合苍耳子散,方剂组成药材,辛夷,干祖望医生病例集,例二,现代临床
龙胆泻肝汤合苍耳子散,方剂组成药材,白芷,干祖望医生病例集,例二,现代临床
龙胆泻肝汤合苍耳子散,方剂组成药材,鸭跖草,干祖望医生病例集,例二,现代临床
龙胆泻肝汤合苍耳子散,方剂组成药材,桔梗,干祖望医生病例集,例二,现代临床
龙胆草,药材具有功效,泻肝清热,干祖望医生病例集,例二,现代临床
山梔,药材具有功效,泻肝清热,干祖望医生病例集,例二,现代临床
黄苓,药材具有功效,泻肝清热,干祖望医生病例集,例二,现代临床
柴胡,药材具有功效,泻肝清热,干祖望医生病例集,例二,现代临床
苍耳子,药材具有功效,泻肝清热,干祖望医生病例集,例二,现代临床
当归,药材具有功效,泻肝清热,干祖望医生病例集,例二,现代临床
辛夷,药材具有功效,泻肝清热,干祖望医生病例集,例二,现代临床
白芷,药材具有功效,泻肝清热,干祖望医生病例集,例二,现代临床
鸭跖草,药材具有功效,泻肝清热,干祖望医生病例集,例二,现代临床
桔梗,药材具有功效,泻肝清热,干祖望医生病例集,例二,现代临床
鼻病,症状伴随症状,鼻塞,干祖望医生病例集,例二,现代临床
鼻病,症状伴随症状,涕多,干祖望医生病例集,例二,现代临床
鼻病,症状伴随症状,色黄而稠,干祖望医生病例集,例二,现代临床
鼻病,症状伴随症状,冬重夏轻,干祖望医生病例集,例二,现代临床
鼻病,症状伴随症状,容易感冒,干祖望医生病例集,例二,现代临床
鼻病,症状伴随症状,咽喉痛,干祖望医生病例集,例二,现代临床
鼻病,症状伴随症状,有痰难咯,干祖望医生病例集,例二,现代临床
鼻病,症状伴随症状,头痛,干祖望医生病例集,例二,现代临床
鼻病,症状伴随症状,左耳憋气,干祖望医生病例集,例二,现代临床
鼻病,症状伴随症状,咽轻度充血,干祖望医生病例集,例二,现代临床
鼻病,症状伴随症状,鼻腔无特殊,干祖望医生病例集,例二,现代临床
鼻病,症状伴随症状,两鼓膜下陷,干祖望医生病例集,例二,现代临床
鼻病,症状伴随症状,异物感,干祖望医生病例集,例二,现代临床
鼻病,症状伴随症状,左侧眼眶疼痛,干祖望医生病例集,例二,现代临床
鼻病,症状伴随症状,鼻粘膜淡白无华,干祖望医生病例集,例二,现代临床
鼻病,症状伴随症状,两下甲肥大,干祖望医生病例集,例二,现代临床
鼻病,症状伴随症状,中甲有息变倾向,干祖望医生病例集,例二,现代临床
鼻病,症状伴随症状,嗅裂消失,干祖望医生病例集,例二,现代临床
鼻病,症状伴随症状,失嗅,干祖望医生病例集,例二,现代临床
鼻病,症状伴随症状,头痛域在眉心,干祖望医生病例集,例二,现代临床
鼻病,症状伴随症状,鼻音,干祖望医生病例集,例二,现代临床
鼻病,症状伴随症状,嗅觉接近消失,干祖望医生病例集,例二,现代临床
鼻病,症状伴随症状,受寒则清涕滂沱,干祖望医生病例集,例二,现代临床
鼻病,症状伴随症状,鼻塞严重时头痛,干祖望医生病例集,例二,现代临床
鼻病,症状伴随症状,努力攥涕时耳中哄鸣及暂时性失听,干祖望医生病例集,例二,现代临床
鼻病,症状伴随症状,鼻下甲稍感肥大,干祖望医生病例集,例二,现代临床
鼻病,症状伴随症状,鼻咽部未见异常,干祖望医生病例集,例二,现代临床
鼻病,症状伴随症状,鼻塞缓解,干祖望医生病例集,例二,现代临床
鼻病,症状伴随症状,鼻涕清而难掛,干祖望医生病例集,例二,现代临床
鼻病,症状伴随症状,鼻塞情况白天尚可,干祖望医生病例集,例二,现代临床
鼻病,症状伴随症状,入夜紧塞,干祖望医生病例集,例二,现代临床
鼻病,症状伴随症状,礎涕多而色白,干祖望医生病例集,例二,现代临床
鼻病,症状伴随症状,紧塞之际撮尽潴涕,干祖望医生病例集,例二,现代临床
鼻病,症状伴随症状,也可通些,干祖望医生病例集,例二,现代临床
鼻病,症状伴随症状,阻塞性鼻音,干祖望医生病例集,例二,现代临床
鼻病,症状伴随症状,鼻聋,干祖望医生病例集,例二,现代临床
鼻病,症状伴随症状,鼻堵塞,干祖望医生病例集,例二,现代临床
鼻病,症状伴随症状,吸气性困难,干祖望医生病例集,例二,现代临床
鼻病,舌象表现特征,舌薄白苔,干祖望医生病例集,例二,现代临床
鼻病,舌象表现特征,舌少苔,干祖望医生病例集,例二,现代临床
鼻病,舌象表现特征,舌白腻苔,干祖望医生病例集,例二,现代临床
鼻病,舌象表现特征,舌薄苔,干祖望医生病例集,例二,现代临床
鼻病,脉象表现特征,脉细,干祖望医生病例集,例二,现代临床
鼻病,脉象表现特征,脉平,干祖望医生病例集,例二,现代临床
鼻病,脉象表现特征,脉实,干祖望医生病例集,例二,现代临床
鼻病,脉象表现特征,脉右沉细左细,干祖望医生病例集,例二,现代临床
鼻病,综合辨证证候,寒煩瞬息万变，外邪乘虚而入,干祖望医生病例集,例二,现代临床
鼻病,综合辨证证候,土脾失健，清阳难升,干祖望医生病例集,例二,现代临床
鼻病,综合辨证证候,鼻痔鼻渊，本必属骈生之病,干祖望医生病例集,例二,现代临床
鼻病,综合辨证证候,胆热一清，口苦眶痛告失,干祖望医生病例集,例二,现代临床
鼻病,综合辨证证候,化浊不力，多涕失嗅依然,干祖望医生病例集,例二,现代临床
鼻病,综合辨证证候,长期湿浊充斥于中州,干祖望医生病例集,例二,现代临床
鼻病,综合辨证证候,湿浊上蒸，空清之窍蒙浊而失其空清本色,干祖望医生病例集,例二,现代临床
鼻病,综合辨证证候,肺怯金寒，清阳失举,干祖望医生病例集,例二,现代临床
鼻病,综合辨证证候,温肺升阳已有微效,干祖望医生病例集,例二,现代临床
鼻病,综合辨证证候,鼻窍阻塞，得暖或活动而缓解,干祖望医生病例集,例二,现代临床
鼻病,综合辨证证候,操尽Y潴涕而通,干祖望医生病例集,例二,现代临床
鼻病,综合辨证证候,肺怯生寒，阳和之气难转,干祖望医生病例集,例二,现代临床
鼻病,综合辨证证候,清阳不举，浊阴之气蒙窍,干祖望医生病例集,例二,现代临床
鼻病,综合辨证证候,温肺升阳，矢已中鹄,干祖望医生病例集,例二,现代临床
鼻病,综合辨证证候,正气显然不充,干祖望医生病例集,例二,现代临床
鼻病,综合辨证证候,欲知血以气行，益气亦间接行血,干祖望医生病例集,例二,现代临床
鼻病,综合辨证证候,温肺升阳，仍然为主导,干祖望医生病例集,例二,现代临床
鼻病,证候采用方剂,桑叶10g菊花10g金银花10g连翘10g薄荷6g豆豉6g马勃3g板蓝根10g桔梗6g蕾香10g六一散12g,干祖望医生病例集,例二,现代临床
鼻病,证候采用方剂,升麻3g葛根6g白术6g太子参10g茯苓10g山药10g百合10g白扁豆10g苏梗10g佛手5g,干祖望医生病例集,例二,现代临床
鼻病,证候采用方剂,龙胆草3g山梔10g柴胡3g黄苓3g苍耳子10g辛夷6g白芷6g薄荷6g鸭跖草10g桔梗6g,干祖望医生病例集,例二,现代临床
鼻病,证候采用方剂,升麻3g蔓荆子6g蕾香10g苍耳子10g佩兰10g鱼腥草10g辛夷6g鸭跖草10g桔梗6g白芷6g,干祖望医生病例集,例二,现代临床
鼻病,证候采用方剂,苍耳子10g柴胡3g升麻3g辛夷6g鱼腥草10g蕾香10g佩兰10g菖蒲3g路路通10g龙胆草3g,干祖望医生病例集,例二,现代临床
鼻病,证候采用方剂,柴胡3g升麻3g黄芷10g防风6g白术6g细辛3g茯苓10g百合10g淫羊蕾10g甘草3g,干祖望医生病例集,例二,现代临床
鼻病,证候采用方剂,柴胡3g升麻3g细辛2g马兜铃10g黄KWg白处术6g防风6g淫羊WlOg陈皮6g,干祖望医生病例集,例二,现代临床
鼻病,证候采用方剂,桑白皮10g黄苓3g桔梗6g象贝母10g鱼腥草10g陈皮6g半夏6g鸭跖草10g路路通10g辛夷6g,干祖望医生病例集,例二,现代临床
鼻病,证候采用方剂,升麻3g柴胡3g桑白皮10g路路通10g菖蒲3g辛夷6g益母草10g淫羊WlOg華芨6g红花6g,干祖望医生病例集,例二,现代临床
鼻病,证候采用方剂,黄苓10g党参10g升麻3g路路通10g柴胡3g菖蒲3g革芨6g淫羊齋10g红花6g泽兰6g,干祖望医生病例集,例二,现代临床
鼻病,证候采用方剂,黄芷10g党参10g升麻3g紫河车10g柴胡3g菖蒲3g白术6g怀山药10g茯苓10g红花6g仙茅6g,干祖望医生病例集,例二,现代临床
鼻病,方剂组成药材,桑叶、菊花、金银花、连翘、薄荷、豆豉、马勃、板蓝根、桔梗、蕾香、六一散,干祖望医生病例集,例二,现代临床
鼻病,方剂组成药材,升麻、葛根、白术、太子参、茯苓、山药、百合、白扁豆、苏梗、佛手,干祖望医生病例集,例二,现代临床
鼻病,方剂组成药材,龙胆草、山梔、柴胡、黄苓、苍耳子、辛夷、白芷、薄荷、鸭跖草、桔梗,干祖望医生病例集,例二,现代临床
鼻病,方剂组成药材,升麻、蔓荆子、蕾香、苍耳子、佩兰、鱼腥草、辛夷、鸭跖草、桔梗、白芷,干祖望医生病例集,例二,现代临床
鼻病,方剂组成药材,苍耳子、柴胡、升麻、辛夷、鱼腥草、蕾香、佩兰、菖蒲、路路通、龙胆草,干祖望医生病例集,例二,现代临床
鼻病,方剂组成药材,柴胡、升麻、黄芷、防风、白术、细辛、茯苓、百合、淫羊蕾、甘草,干祖望医生病例集,例二,现代临床
鼻病,方剂组成药材,柴胡、升麻、细辛、马兜铃、黄KWg、白处术、防风、淫羊WlOg、陈皮,干祖望医生病例集,例二,现代临床
鼻病,方剂组成药材,桑白皮、黄苓、桔梗、象贝母、鱼腥草、陈皮、半夏、鸭跖草、路路通、辛夷,干祖望医生病例集,例二,现代临床
鼻病,方剂组成药材,升麻、柴胡、桑白皮、路路通、菖蒲、辛夷、益母草、淫羊WlOg、華芨、红花,干祖望医生病例集,例二,现代临床
鼻病,方剂组成药材,黄苓、党参、升麻、路路通、柴胡、菖蒲、革芨、淫羊齋、红花、泽兰,干祖望医生病例集,例二,现代临床
鼻病,方剂组成药材,黄芷、党参、升麻、紫河车、柴胡、菖蒲、白术、怀山药、茯苓、红花、仙茅,干祖望医生病例集,例二,现代临床
鼻病,名医经验总结,干祖望,干祖望医生病例集,例二,现代临床
鼻病,疾病表现症状,鼻堵塞,干祖望医生病例集,例二,现代临床
鼻病,疾病表现症状,鼻音,干祖望医生病例集,例二,现代临床
鼻病,疾病表现症状,呼吸感到为吸气性困难,干祖望医生病例集,例二,现代临床
鼻病,疾病导致舌象,舌薄苔,干祖望医生病例集,例二,现代临床
鼻病,疾病导致脉象,脉右沉细左细,干祖望医生病例集,例二,现代临床
鼻病,证候导致舌象,舌薄腻苔,干祖望医生病例集,例二,现代临床
鼻病,证候导致脉象,脉有浮意,干祖望医生病例集,例二,现代临床
鼻病,症状伴随症状,全身关节酸痛,干祖望医生病例集,例二,现代临床
鼻病,症状伴随症状,头痛,干祖望医生病例集,例二,现代临床
鼻病,症状伴随症状,畏寒,干祖望医生病例集,例二,现代临床
鼻病,症状伴随症状,咽有充血感,干祖望医生病例集,例二,现代临床
鼻病,症状伴随症状,鼻粘膜充血,干祖望医生病例集,例二,现代临床
鼻病,症状伴随症状,咽干而苦昼轻夜重,干祖望医生病例集,例二,现代临床
鼻病,症状伴随症状,血压偏高而在平稳之中,干祖望医生病例集,例二,现代临床
鼻病,症状伴随症状,鼻下甲肥大,干祖望医生病例集,例二,现代临床
鼻病,症状伴随症状,鼻中隔左侧有嵴突,干祖望医生病例集,例二,现代临床
鼻病,症状伴随症状,两下甲肥大,干祖望医生病例集,例二,现代临床
鼻病,症状伴随症状,左鼻道有脓性分泌物潴积,干祖望医生病例集,例二,现代临床
鼻病,症状伴随症状,有息肉,干祖望医生病例集,例二,现代临床
鼻病,症状伴随症状,右中甲息变现象,干祖望医生病例集,例二,现代临床
鼻病,症状伴随症状,记忆力差,干祖望医生病例集,例二,现代临床
鼻病,症状伴随症状,扁桃体II度肿大,干祖望医生病例集,例二,现代临床
鼻病,症状伴随症状,咽后壁淋巴滤泡团块状严重增生,干祖望医生病例集,例二,现代临床
鼻病,症状伴随症状,咽痛,干祖望医生病例集,例二,现代临床
鼻病,症状伴随症状,嗅觉消失,干祖望医生病例集,例二,现代临床
鼻病,症状伴随症状,头痛、头昏,干祖望医生病例集,例二,现代临床
鼻病,症状伴随症状,涕多而黄,干祖望医生病例集,例二,现代临床
鼻病,症状伴随症状,通气以两次手术而改善,干祖望医生病例集,例二,现代临床
鼻病,症状伴随症状,鼻道稍有分泌物潴积,干祖望医生病例集,例二,现代临床
鼻病,症状伴随症状,鼻中隔向左斜歪,干祖望医生病例集,例二,现代临床
鼻病,症状伴随症状,鼻道有些分泌物积滞,干祖望医生病例集,例二,现代临床
鼻病,症状伴随症状,两耳憋气,干祖望医生病例集,例二,现代临床
鼻病,症状伴随症状,头脑昏沉而钝痛,干祖望医生病例集,例二,现代临床
鼻病,症状伴随症状,咳嗽,干祖望医生病例集,例二,现代临床
鼻病,症状伴随症状,胸有痞感,干祖望医生病例集,例二,现代临床
鼻病,症状伴随症状,心慌,干祖望医生病例集,例二,现代临床
鼻病,症状伴随症状,多梦,干祖望医生病例集,例二,现代临床
鼻病,症状伴随症状,鼓膜双侧下陷,干祖望医生病例集,例二,现代临床
鼻病,症状伴随症状,双耳憋气与鼻生幻嗅,干祖望医生病例集,例二,现代临床
鼻病,症状伴随症状,左耳鼓膜严重内陷,干祖望医生病例集,例二,现代临床
鼻病,症状伴随症状,鼻中异味,干祖望医生病例集,例二,现代临床
鼻病,症状伴随症状,头痛亦由之而重作,干祖望医生病例集,例二,现代临床
鼻病,症状伴随症状,两耳憋气、作胀,干祖望医生病例集,例二,现代临床
鼻病,症状伴随症状,鼻粘膜少液,干祖望医生病例集,例二,现代临床
温肺升阳,证候采用方剂,黄苓10g党参10g升麻3g路路通10g柴胡3g菖蒲3g革芨6g淫羊齋10g红花6g泽兰6g,干祖望医生病例集,例二,现代临床
温肺升阳,证候采用方剂,黄芷10g党参10g升麻3g紫河车10g柴胡3g菖蒲3g白术6g怀山药10g茯苓10g红花6g仙茅6g,干祖望医生病例集,例二,现代临床
时邪外感,证候采用方剂,荆芥6g防风6g羌活3g独活3g前胡6g柴胡3g菖蒲3g路路通10g桔梗6g甘草3g,干祖望医生病例集,例二,现代临床
微循失畅，肺怯金寒,证候采用方剂,革芨6g菖蒲3g红花6g淫羊羞10g桃仁10g归尾10g赤芍6g路路通10g辛夷6g,干祖望医生病例集,例二,现代临床
胆热移脑，脾湿久蒸,证候采用方剂,龙胆草3g山梔10g白术6g茯苓10g苍耳子10g菖蒲3g辛夷6g白芷6g蕾香10g佩兰10g,干祖望医生病例集,例二,现代临床
鼻疾向愈之势,证候采用方剂,升麻3g太子参10g白术6g茯苓10g山药10g白扁豆10g蕾香10g辛夷6g白芷6g甘草3g,干祖望医生病例集,例二,现代临床
鼻病,证候采用方剂,蕾香10g佩兰lOg辛夷6g苍耳子10g白芷6g茯苓10g苍术5g厚朴花3g鸡苏散12g,干祖望医生病例集,例二,现代临床
泻胆热、除脾湿、养肺阴,证候采用方剂,龙胆草3g黄苓3g山梔10g夏枯草10g柴胡3g辛夷6g白芷6g鸭跖草10g菊花10g苍耳子10g,干祖望医生病例集,例二,现代临床
肺邪虽肃，胆热移脑,证候采用方剂,龙胆草3g鱼腥草10g黄苓3g白芷6g薄荷6g苍耳子10g辛夷6g桑叶6g芦根30g鸭跖草10g,干祖望医生病例集,例二,现代临床
肺肝双肃,证候采用方剂,桑白皮10g马兜铃10g黄苓3g桔梗6g苍耳子10g鱼腥草10g辛夷6g白芷6g冬桑叶6g芦根30g,干祖望医生病例集,例二,现代临床
双耳憋气与鼻生幻嗅,证候采用方剂,木香3g乌药6g枳壳6g路路通10g青皮6g菖蒲3g防己6g大枣7枚小麦12g甘草3g,干祖望医生病例集,例二,现代临床
幻嗅消失，左耳憋气加重,证候采用方剂,黄芷10g升麻3g木香3g乌药6g白术6g茯苓10g簡蒲3g路路通10g防己6g甘草3g,干祖望医生病例集,例二,现代临床
清阳不升，浊阴上扰,证候采用方剂,升麻3g柴胡3g木香3g路路通10g乌药6g青皮6g枳壳6g天竺黄6g菖蒲跄蕾香10g,干祖望医生病例集,例二,现代临床
荆芥,药材具有功效,祛逐风热,干祖望医生病例集,例二,现代临床
防风,药材具有功效,祛逐风热,干祖望医生病例集,例二,现代临床
龙胆草,药材具有功效,清胆热,干祖望医生病例集,例二,现代临床
山梔,药材具有功效,清胆热,干祖望医生病例集,例二,现代临床
白术,药材具有功效,燥脾湿,干祖望医生病例集,例二,现代临床
茯苓,药材具有功效,燥脾湿,干祖望医生病例集,例二,现代临床
苍耳子,药材具有功效,化浊邪,干祖望医生病例集,例二,现代临床
菖蒲,药材具有功效,化浊邪,干祖望医生病例集,例二,现代临床
升麻,药材具有功效,升清,干祖望医生病例集,例二,现代临床
柴胡,药材具有功效,升清,干祖望医生病例集,例二,现代临床
黄苓,药材具有功效,清肺泻胆,干祖望医生病例集,例二,现代临床
薄荷,药材具有功效,清肺泻胆,干祖望医生病例集,例二,现代临床
桑白皮,药材具有功效,清肺,干祖望医生病例集,例二,现代临床
马兜铃,药材具有功效,清肺,干祖望医生病例集,例二,现代临床
鱼腥草,药材具有功效,清肺,干祖望医生病例集,例二,现代临床
木香,药材具有功效,流气,干祖望医生病例集,例二,现代临床
乌药,药材具有功效,流气,干祖望医生病例集,例二,现代临床
枳壳,药材具有功效,流气,干祖望医生病例集,例二,现代临床
甘草,药材具有功效,益气,干祖望医生病例集,例二,现代临床
黄芷,药材具有功效,益气,干祖望医生病例集,例二,现代临床
升麻,药材具有功效,升清,干祖望医生病例集,例二,现代临床
白术,药材具有功效,益气,干祖望医生病例集,例二,现代临床
茯苓,药材具有功效,益气,干祖望医生病例集,例二,现代临床
鼻病,归属于经典,干祖望医生病例集,干祖望医生病例集,例二,现代临床
干祖望,名医经验总结,鼻病治疗经验,干祖望医生病例集,例二,现代临床
鼻窦炎,疾病表现症状,脓涕奇多,干祖望医生病例集,例二,现代临床
鼻窦炎,疾病表现症状,色黄而稠,干祖望医生病例集,例二,现代临床
鼻窦炎,疾病表现症状,几乎每月急性发作一次,干祖望医生病例集,例二,现代临床
鼻窦炎,疾病表现症状,容易感冒,干祖望医生病例集,例二,现代临床
鼻窦炎,疾病表现症状,通气尚可,干祖望医生病例集,例二,现代临床
鼻窦炎,疾病表现症状,嗅觉十分迟钝,干祖望医生病例集,例二,现代临床
鼻窦炎,疾病表现症状,头痛头昏,干祖望医生病例集,例二,现代临床
鼻窦炎,疾病导致舌象,舌薄苔,干祖望医生病例集,例二,现代临床
鼻窦炎,疾病导致脉象,脉平,干祖望医生病例集,例二,现代临床
鼻窦炎,证候导致舌象,舌薄苔,干祖望医生病例集,例二,现代临床
鼻窦炎,证候导致脉象,脉平有弦意,干祖望医生病例集,例二,现代临床
鼻窦炎,证候采用方剂,龙胆泻肝汤,干祖望医生病例集,例二,现代临床
龙胆泻肝汤,方剂组成药材,龙胆草,干祖望医生病例集,例二,现代临床
龙胆泻肝汤,方剂组成药材,山梔,干祖望医生病例集,例二,现代临床
龙胆泻肝汤,方剂组成药材,柴胡,干祖望医生病例集,例二,现代临床
龙胆泻肝汤,方剂组成药材,黄苓,干祖望医生病例集,例二,现代临床
龙胆泻肝汤,方剂组成药材,薄荷,干祖望医生病例集,例二,现代临床
龙胆泻肝汤,方剂组成药材,辛夷,干祖望医生病例集,例二,现代临床
龙胆泻肝汤,方剂组成药材,白芷,干祖望医生病例集,例二,现代临床
龙胆泻肝汤,方剂组成药材,苍耳子,干祖望医生病例集,例二,现代临床
龙胆泻肝汤,方剂组成药材,桑叶,干祖望医生病例集,例二,现代临床
龙胆泻肝汤,方剂组成药材,芦根,干祖望医生病例集,例二,现代临床
鼻窦炎,症状伴随症状,咽部作痛,干祖望医生病例集,例二,现代临床
鼻窦炎,症状伴随症状,痰不多而稠,干祖望医生病例集,例二,现代临床
鼻窦炎,症状伴随症状,有时凛寒,干祖望医生病例集,例二,现代临床
鼻窦炎,症状伴随症状,记忆力减退,干祖望医生病例集,例二,现代临床
鼻窦炎,症状伴随症状,思想不集中,干祖望医生病例集,例二,现代临床
鼻窦炎,症状伴随症状,入冬畏寒,干祖望医生病例集,例二,现代临床
鼻窦炎,症状伴随症状,头痛,干祖望医生病例集,例二,现代临床
鼻窦炎,症状伴随症状,两耳憋气、作胀,干祖望医生病例集,例二,现代临床
鼻窦炎,症状伴随症状,鼻中异味,干祖望医生病例集,例二,现代临床
鼻窦炎,症状伴随症状,咳嗽,干祖望医生病例集,例二,现代临床
鼻窦炎,症状伴随症状,右耳翳风处有压痛,干祖望医生病例集,例二,现代临床
鼻窦炎,症状伴随症状,咽干,干祖望医生病例集,例二,现代临床
鼻窦炎,症状伴随症状,嗅觉迟钝,干祖望医生病例集,例二,现代临床
鼻窦炎,症状伴随症状,咳嗽及痰,干祖望医生病例集,例二,现代临床
鼻窦炎,症状伴随症状,头痛基本消失,干祖望医生病例集,例二,现代临床
鼻窦炎,症状伴随症状,嗅觉仍然难以提高,干祖望医生病例集,例二,现代临床
鼻窦炎,症状伴随症状,右翳风穴压痛已无,干祖望医生病例集,例二,现代临床
鼻窦炎,症状伴随症状,咽已润泽,干祖望医生病例集,例二,现代临床
鼻窦炎,症状伴随症状,右颈部有紧张感,干祖望医生病例集,例二,现代临床
鼻窦炎,症状伴随症状,头脑有些昏沉,干祖望医生病例集,例二,现代临床
鼻窦炎,症状伴随症状,嗅力迟钝,干祖望医生病例集,例二,现代临床
鼻窦炎,症状伴随症状,咽有干感,干祖望医生病例集,例二,现代临床
鼻窦炎,症状伴随症状,头昏消失,干祖望医生病例集,例二,现代临床
鼻窦炎,症状伴随症状,鬓角头痛所存无丿L,干祖望医生病例集,例二,现代临床
鼻窦炎,症状伴随症状,鼻子通气改善,干祖望医生病例集,例二,现代临床
鼻窦炎,症状伴随症状,嗅觉接近正常,干祖望医生病例集,例二,现代临床
鼻窦炎,症状伴随症状,咽已润而稳定,干祖望医生病例集,例二,现代临床
鼻窦炎,症状伴随症状,诸症消失殆尽,干祖望医生病例集,例二,现代临床
鼻窦炎,症状伴随症状,久病耗津,干祖望医生病例集,例二,现代临床
鼻窦炎,症状伴随症状,燥象之感,干祖望医生病例集,例二,现代临床
鼻窦炎,症状伴随症状,涕量减少,干祖望医生病例集,例二,现代临床
鼻窦炎,症状伴随症状,色仍黄,干祖望医生病例集,例二,现代临床
鼻窦炎,症状伴随症状,咳嗽及痰均减少,干祖望医生病例集,例二,现代临床
鼻窦炎,症状伴随症状,潴涕于鼻道左侧稍有些,干祖望医生病例集,例二,现代临床
鼻窦炎,症状伴随症状,右中甲息变仍然,干祖望医生病例集,例二,现代临床
鼻窦炎,症状伴随症状,诸症俱减,干祖望医生病例集,例二,现代临床
鼻窦炎,症状伴随症状,息肉样变再佐外治,干祖望医生病例集,例二,现代临床
鼻窦炎,症状伴随症状,鼻粘膜红而且润,干祖望医生病例集,例二,现代临床
鼻窦炎,症状伴随症状,未见分泌物,干祖望医生病例集,例二,现代临床
鼻窦炎,症状伴随症状,头昏好些,干祖望医生病例集,例二,现代临床
鼻窦炎,症状伴随症状,头痛重点在枕及右鬓部,干祖望医生病例集,例二,现代临床
鼻窦炎,症状伴随症状,鼻子通气已舒,干祖望医生病例集,例二,现代临床
鼻窦炎,症状伴随症状,但晨起右侧不太通畅,干祖望医生病例集,例二,现代临床
鼻窦炎,症状伴随症状,两侧有时有少量血迹,干祖望医生病例集,例二,现代临床
鼻窦炎,症状伴随症状,嗅力在逐渐恢复之中,干祖望医生病例集,例二,现代临床
鼻窦炎,症状伴随症状,咽已润泽,干祖望医生病例集,例二,现代临床
鼻窦炎,症状伴随症状,鼻粘膜偏红,干祖望医生病例集,例二,现代临床
鼻窦炎,症状伴随症状,干燥,干祖望医生病例集,例二,现代临床
鼻窦炎,症状伴随症状,诸症进一步改善,干祖望医生病例集,例二,现代临床
鼻窦炎,症状伴随症状,头昏眼黑,干祖望医生病例集,例二,现代临床
鼻窦炎,症状伴随症状,右鼻腔仍然堵塞,干祖望医生病例集,例二,现代临床
鼻窦炎,症状伴随症状,运动后可以缓解,干祖望医生病例集,例二,现代临床
鼻窦炎,症状伴随症状,涕量已正常,干祖望医生病例集,例二,现代临床
鼻窦炎,症状伴随症状,所苦者难以外揖,干祖望医生病例集,例二,现代临床
鼻窦炎,症状伴随症状,倒流逆吸于颓颗而殊感不适,干祖望医生病例集,例二,现代临床
鼻窦炎,症状伴随症状,涕量已明显成少,干祖望医生病例集,例二,现代临床
鼻窦炎,症状伴随症状,质仍稠浓,干祖望医生病例集,例二,现代临床
鼻窦炎,症状伴随症状,色仍发黄,干祖望医生病例集,例二,现代临床
鼻窦炎,症状伴随症状,逆吸之涕症状已消失,干祖望医生病例集,例二,现代临床
鼻窦炎,症状伴随症状,鼻塞也较明显地缓解,干祖望医生病例集,例二,现代临床
鼻窦炎,症状伴随症状,每月有两度感冒,干祖望医生病例集,例二,现代临床
鼻窦炎,症状伴随症状,涕量减少,干祖望医生病例集,例二,现代临床
鼻窦炎,症状伴随症状,很难外撮,干祖望医生病例集,例二,现代临床
鼻窦炎,症状伴随症状,必须逆吸而出,干祖望医生病例集,例二,现代临床
鼻窦炎,症状伴随症状,右鼻孔常堵塞不通,干祖望医生病例集,例二,现代临床
鼻窦炎,症状伴随症状,头脑昏沉依然,干祖望医生病例集,例二,现代临床
鼻窦炎,症状伴随症状,涕流过久,干祖望医生病例集,例二,现代临床
鼻窦炎,症状伴随症状,津液之损耗,干祖望医生病例集,例二,现代临床
鼻窦炎,症状伴随症状,津涕同源,干祖望医生病例集,例二,现代临床
鼻窦炎,症状伴随症状,祛邪之药难得以恒效,干祖望医生病例集,例二,现代临床
鼻窦炎,症状伴随症状,刻下裁方但求巩固,干祖望医生病例集,例二,现代临床
鼻窦炎,症状伴随症状,控制感冒之频临,干祖望医生病例集,例二,现代临床
鼻窦炎,症状伴随症状,祛除残存之涕,干祖望医生病例集,例二,现代临床
鼻窦炎,症状伴随症状,仍难放弃,干祖望医生病例集,例二,现代临床
鼻窦炎,症状伴随症状,残存之恙求速较难,干祖望医生病例集,例二,现代临床
鼻窦炎,症状伴随症状,再予益气升清,干祖望医生病例集,例二,现代临床
鼻窦炎,症状伴随症状,诸症进一步改善,干祖望医生病例集,例二,现代临床
鼻窦炎,症状伴随症状,当然事在意中,干祖望医生病例集,例二,现代临床
鼻窦炎,症状伴随症状,唯头昏眼黑毫无效益,干祖望医生病例集,例二,现代临床
鼻窦炎,症状伴随症状,涕流过久津液之损耗可知,干祖望医生病例集,例二,现代临床
鼻窦炎,症状伴随症状,津涕同源故裁方斜倾扶正,干祖望医生病例集,例二,现代临床
鼻窦炎,症状伴随症状,隔日1剂,干祖望医生病例集,例二,现代临床
鼻窦炎,症状伴随症状,在取用维持量情况下进药至今未辍,干祖望医生病例集,例二,现代临床
鼻窦炎,症状伴随症状,涕量已明显成少质仍稠浓色仍发黄逆吸之涕症状已消失鼻塞也较明显地缓解头痛头昏去之殆尽,干祖望医生病例集,例二,现代临床
鼻窦炎,症状伴随症状,刻下所苦每月有两度感冒,干祖望医生病例集,例二,现代临床
鼻窦炎,症状伴随症状,检查鼻,干祖望医生病例集,例二,现代临床
鼻窦炎,症状伴随症状,舌薄苔脉平偏细,干祖望医生病例集,例二,现代临床
鼻窦炎,症状伴随症状,祛邪之药难得以恒效刻下裁方但求巩固控制感冒之频临当然祛除残存之涕仍难放弃,干祖望医生病例集,例二,现代临床
鼻窦炎,症状伴随症状,党参白术茯苓山药黄茂防风百合料豆衣辛夷白芷,干祖望医生病例集,例二,现代临床
鼻窦炎,症状伴随症状,7剂煎服,干祖望医生病例集,例二,现代临床
鼻窦炎,症状伴随症状,夏某鼻病10年伴以鼻窦炎已做4次息肉摘除手术现在脓涕奇多黄色而质稠通气不畅严重时头痛嗅觉迟钝咳嗽右耳翳风处有压痛咽干由口式呼吸而致检查右中甲已息变肥大两侧俱有脓性分泌物潴积舌薄苔脉细医案鼻窦炎即中医之鼻渊中甲息变中医称鼻痔十年病绕乃中州失坤德之厚载湿浊常困扰以上腾治取主以扶正健脾佐以芳香化浊柴胡升麻太子参白术茯苓百合鱼腥草蕾香佩兰辛夷7剂煎服,干祖望医生病例集,例二,现代临床
鼻窦炎,症状伴随症状,二诊上方累进21剂涕量减少色仍黄咳嗽及痰均减少头痛基本消失右翳风穴压痛已无唯嗅觉仍然难以提高检查潴涕于鼻道左侧稍有些右中甲息变仍然舌薄苔脉细医案诸症俱减唯息变依然内服药循序以进息肉样变再佐外治内服柴胡升麻党参白术茯苓山药辛夷鸭跖草蕾香佩兰7剂煎服外用苍术白芷明矶石榴皮3剂水煎蒸气吸熏鼻窍,干祖望医生病例集,例二,现代临床
鼻窦炎,症状伴随症状,邹某鼻病5年额痛头昏鼻塞不通黄涕奇多去年2月6月先后做过两侧上颌窦手术通气改善仅仅一时现在涕仍较多仍为黄色比过去淡些通气尚可头脑有些昏沉嗅力迟钝咽有干感检查中隔右侧肥厚左侧有靖突两下甲瘦削粘膜干而红鼻道有些分泌物潴留咽后壁轻度污红咽峡弥漫性潮红舌薄苔映黄脉平医案胆热移脑脾湿暗蒸治从清胆泻肝醒脾化浊柴胡胆草山M太子参黄苓白术茯苓苍耳子辛夷白芷7剂煎服,干祖望医生病例集,例二,现代临床
鼻窦炎,症状伴随症状,二诊头昏好些头痛重点在枕及右鬓部鼻子通气已舒但晨起右侧不太通畅两侧有时有少量血迹涕量已少嗅力在逐渐恢复之中咽已润泽检查鼻粘膜红而且润未见分泌物舌薄苔脉平医案症情之高峰已削恙后之调理继来柴胡白芍桑叶苍耳子菊花辛夷白芷鱼腥草薄荷芦根7剂煎服,干祖望医生病例集,例二,现代临床
鼻窦炎,症状伴随症状,三诊又进药14剂停药1周头昏消失鬓角头痛所存无丿L鼻子通气改善唯右侧有时还有些嗅觉接近正常咽已润而稳定右颈部有紧张感检查鼻粘膜偏红干燥舌薄苔脉平医案诸症消失殆尽唯以久病耗津继来燥象之感再予扫尾以策去疾务尽,干祖望医生病例集,例二,现代临床
胆热移脑，脾湿暗蒸,舌象表现特征,苔映黄,干祖望医生病例集,例二,现代临床
胆热移脑，脾湿暗蒸,脉象表现特征,脉平,干祖望医生病例集,例二,现代临床
胆热移脑，脾湿暗蒸,证候导致舌象,舌薄苔,干祖望医生病例集,例二,现代临床
胆热移脑，脾湿暗蒸,证候导致脉象,脉平,干祖望医生病例集,例二,现代临床
鼻窦炎,疾病表现症状,鼻塞不通,干祖望医生病例集,例二,现代临床
鼻窦炎,疾病表现症状,涕多色黄偶尔夹血,干祖望医生病例集,例二,现代临床
鼻窦炎,疾病表现症状,头痛伴轻度头昏,干祖望医生病例集,例二,现代临床
鼻窦炎,疾病表现症状,咽头干涩,干祖望医生病例集,例二,现代临床
鼻窦炎,疾病导致舌象,舌薄苔,干祖望医生病例集,例二,现代临床
鼻窦炎,疾病导致脉象,脉平,干祖望医生病例集,例二,现代临床
鼻窦炎,症状伴随症状,鼻塞不通，活动后可以改变,干祖望医生病例集,例二,现代临床
鼻窦炎,症状伴随症状,涕多色黄偶尔夹血，头痛伴轻度头昏,干祖望医生病例集,例二,现代临床
鼻窦炎,症状伴随症状,咽头干涩，有时痒有时痛,干祖望医生病例集,例二,现代临床
鼻窦炎,症状辨证证候,胆热移脑，脾湿暗蒸,干祖望医生病例集,例二,现代临床
鼻窦炎,综合辨证证候,胆热移脑，脾湿暗蒸,干祖望医生病例集,例二,现代临床
胆热移脑，脾湿暗蒸,证候采用方剂,龙胆泻肝汤,干祖望医生病例集,例二,现代临床
龙胆泻肝汤,方剂组成药材,柴胡,干祖望医生病例集,例二,现代临床
龙胆泻肝汤,方剂组成药材,胆草,干祖望医生病例集,例二,现代临床
龙胆泻肝汤,方剂组成药材,山栀,干祖望医生病例集,例二,现代临床
龙胆泻肝汤,方剂组成药材,太子参,干祖望医生病例集,例二,现代临床
龙胆泻肝汤,方剂组成药材,黄芩,干祖望医生病例集,例二,现代临床
龙胆泻肝汤,方剂组成药材,白术,干祖望医生病例集,例二,现代临床
龙胆泻肝汤,方剂组成药材,茯苓,干祖望医生病例集,例二,现代临床
龙胆泻肝汤,方剂组成药材,苍耳子,干祖望医生病例集,例二,现代临床
龙胆泻肝汤,方剂组成药材,辛夷,干祖望医生病例集,例二,现代临床
龙胆泻肝汤,方剂组成药材,白芷,干祖望医生病例集,例二,现代临床
柴胡,药材具有功效,疏肝解郁,干祖望医生病例集,例二,现代临床
胆草,药材具有功效,清热燥湿,干祖望医生病例集,例二,现代临床
山栀,药材具有功效,清热泻火,干祖望医生病例集,例二,现代临床
太子参,药材具有功效,益气生津,干祖望医生病例集,例二,现代临床
黄芩,药材具有功效,清热燥湿,干祖望医生病例集,例二,现代临床
白术,药材具有功效,健脾燥湿,干祖望医生病例集,例二,现代临床
茯苓,药材具有功效,利水渗湿,干祖望医生病例集,例二,现代临床
苍耳子,药材具有功效,散风通窍,干祖望医生病例集,例二,现代临床
辛夷,药材具有功效,散风寒，通鼻窍,干祖望医生病例集,例二,现代临床
白芷,药材具有功效,解表散寒，通鼻窍,干祖望医生病例集,例二,现代临床
鼻塞不通,疾病表现症状,活动及揉摩之后可以缓解,干祖望医生病例集,例二,现代临床
鼻塞不通,症状伴随症状,涕多而清,干祖望医生病例集,例二,现代临床
鼻塞不通,症状伴随症状,偶然出血,干祖望医生病例集,例二,现代临床
鼻塞不通,症状伴随症状,头痛偶作,干祖望医生病例集,例二,现代临床
鼻塞不通,症状伴随症状,两耳憋气,干祖望医生病例集,例二,现代临床
鼻塞不通,症状伴随症状,鼻塞严重时咽干,干祖望医生病例集,例二,现代临床
鼻塞不通,疾病导致舌象,舌薄苔,干祖望医生病例集,例二,现代临床
鼻塞不通,疾病导致脉象,脉平,干祖望医生病例集,例二,现代临床
鼻塞不通,症状辨证证候,微循环失畅,干祖望医生病例集,例二,现代临床
鼻塞不通,症状辨证证候,鼻甲留瘀,干祖望医生病例集,例二,现代临床
鼻塞不通,症状辨证证候,瘀则郁,干祖望医生病例集,例二,现代临床
鼻塞不通,症状辨证证候,都则肿,干祖望医生病例集,例二,现代临床
鼻塞不通,症状辨证证候,肿则塞,干祖望医生病例集,例二,现代临床
鼻塞不通,症状辨证证候,肺气壅滞,干祖望医生病例集,例二,现代临床
鼻塞不通,症状辨证证候,血行之病,干祖望医生病例集,例二,现代临床
鼻塞不通,证候采用方剂,活血疏瘀方,干祖望医生病例集,例二,现代临床
活血疏瘀方,方剂组成药材,当归尾,干祖望医生病例集,例二,现代临床
活血疏瘀方,方剂组成药材,赤芍,干祖望医生病例集,例二,现代临床
活血疏瘀方,方剂组成药材,红花,干祖望医生病例集,例二,现代临床
活血疏瘀方,方剂组成药材,路路通,干祖望医生病例集,例二,现代临床
活血疏瘀方,方剂组成药材,桃仁,干祖望医生病例集,例二,现代临床
活血疏瘀方,方剂组成药材,泽兰,干祖望医生病例集,例二,现代临床
活血疏瘀方,方剂组成药材,辛夷,干祖望医生病例集,例二,现代临床
活血疏瘀方,方剂组成药材,鱼腥草,干祖望医生病例集,例二,现代临床
当归尾,药材具有功效,活血,干祖望医生病例集,例二,现代临床
赤芍,药材具有功效,疏瘀,干祖望医生病例集,例二,现代临床
红花,药材具有功效,活血,干祖望医生病例集,例二,现代临床
桃仁,药材具有功效,疏瘀,干祖望医生病例集,例二,现代临床
泽兰,药材具有功效,活血,干祖望医生病例集,例二,现代临床
辛夷,药材具有功效,疏风,干祖望医生病例集,例二,现代临床
鱼腥草,药材具有功效,清热,干祖望医生病例集,例二,现代临床
鼻塞不通,症状辨证证候,脾气、卫气暗怯,干祖望医生病例集,例二,现代临床
鼻塞不通,症状辨证证候,痰浊困留,干祖望医生病例集,例二,现代临床
鼻塞不通,证候采用方剂,扶正健脾固卫方,干祖望医生病例集,例二,现代临床
扶正健脾固卫方,方剂组成药材,太子参,干祖望医生病例集,例二,现代临床
扶正健脾固卫方,方剂组成药材,白术,干祖望医生病例集,例二,现代临床
扶正健脾固卫方,方剂组成药材,茯苓,干祖望医生病例集,例二,现代临床
扶正健脾固卫方,方剂组成药材,陈皮,干祖望医生病例集,例二,现代临床
扶正健脾固卫方,方剂组成药材,鸭跖草,干祖望医生病例集,例二,现代临床
扶正健脾固卫方,方剂组成药材,半夏,干祖望医生病例集,例二,现代临床
扶正健脾固卫方,方剂组成药材,辛夷,干祖望医生病例集,例二,现代临床
扶正健脾固卫方,方剂组成药材,菖蒲,干祖望医生病例集,例二,现代临床
扶正健脾固卫方,方剂组成药材,苍耳子,干祖望医生病例集,例二,现代临床
扶正健脾固卫方,方剂组成药材,白芷,干祖望医生病例集,例二,现代临床
太子参,药材具有功效,扶正,干祖望医生病例集,例二,现代临床
白术,药材具有功效,健脾,干祖望医生病例集,例二,现代临床
茯苓,药材具有功效,利湿,干祖望医生病例集,例二,现代临床
鼻塞不通,症状辨证证候,痰气之患,干祖望医生病例集,例二,现代临床
鼻塞不通,症状辨证证候,脾虚,干祖望医生病例集,例二,现代临床
鼻塞不通,证候采用方剂,清肺化痰方,干祖望医生病例集,例二,现代临床
清肺化痰方,方剂组成药材,桑白皮,干祖望医生病例集,例二,现代临床
清肺化痰方,方剂组成药材,马兜铃,干祖望医生病例集,例二,现代临床
清肺化痰方,方剂组成药材,黄苓,干祖望医生病例集,例二,现代临床
清肺化痰方,方剂组成药材,丹皮,干祖望医生病例集,例二,现代临床
清肺化痰方,方剂组成药材,鱼腥草,干祖望医生病例集,例二,现代临床
清肺化痰方,方剂组成药材,生山梔,干祖望医生病例集,例二,现代临床
清肺化痰方,方剂组成药材,菖蒲,干祖望医生病例集,例二,现代临床
清肺化痰方,方剂组成药材,赤芍,干祖望医生病例集,例二,现代临床
清肺化痰方,方剂组成药材,茜草根,干祖望医生病例集,例二,现代临床
清肺化痰方,方剂组成药材,芦根,干祖望医生病例集,例二,现代临床
桑白皮,药材具有功效,清肺,干祖望医生病例集,例二,现代临床
黄苓,药材具有功效,清热,干祖望医生病例集,例二,现代临床
茜草根,药材具有功效,活血,干祖望医生病例集,例二,现代临床
鼻塞不通,症状辨证证候,坤德失其厚载,干祖望医生病例集,例二,现代临床
鼻塞不通,证候采用方剂,六君子汤,干祖望医生病例集,例二,现代临床
六君子汤,方剂组成药材,黄苓,干祖望医生病例集,例二,现代临床
六君子汤,方剂组成药材,山梔,干祖望医生病例集,例二,现代临床
六君子汤,方剂组成药材,桑白皮,干祖望医生病例集,例二,现代临床
六君子汤,方剂组成药材,桑叶,干祖望医生病例集,例二,现代临床
六君子汤,方剂组成药材,菊花,干祖望医生病例集,例二,现代临床
六君子汤,方剂组成药材,苏子,干祖望医生病例集,例二,现代临床
六君子汤,方剂组成药材,马兜铃,干祖望医生病例集,例二,现代临床
六君子汤,方剂组成药材,菖蒲,干祖望医生病例集,例二,现代临床
六君子汤,方剂组成药材,天竺黄,干祖望医生病例集,例二,现代临床
六君子汤,方剂组成药材,路路通,干祖望医生病例集,例二,现代临床
黄苓,药材具有功效,清热,干祖望医生病例集,例二,现代临床
山梔,药材具有功效,清热,干祖望医生病例集,例二,现代临床
桑白皮,药材具有功效,清肺,干祖望医生病例集,例二,现代临床
鼻塞不通,症状辨证证候,顽症愈而未能巩固,干祖望医生病例集,例二,现代临床
鼻塞不通,证候采用方剂,升麻葛根方,干祖望医生病例集,例二,现代临床
升麻葛根方,方剂组成药材,升麻,干祖望医生病例集,例二,现代临床
升麻葛根方,方剂组成药材,葛根,干祖望医生病例集,例二,现代临床
升麻葛根方,方剂组成药材,苍耳子,干祖望医生病例集,例二,现代临床
升麻葛根方,方剂组成药材,辛夷,干祖望医生病例集,例二,现代临床
升麻葛根方,方剂组成药材,白芷,干祖望医生病例集,例二,现代临床
升麻葛根方,方剂组成药材,薄荷,干祖望医生病例集,例二,现代临床
升麻葛根方,方剂组成药材,鱼腥草,干祖望医生病例集,例二,现代临床
升麻,药材具有功效,升阳,干祖望医生病例集,例二,现代临床
葛根,药材具有功效,解表,干祖望医生病例集,例二,现代临床
名医经验总结,归属于经典,干祖望医生病例集,干祖望医生病例集,例二,现代临床
鼻粘膜充血,舌象表现特征,舌薄苔映黄,干祖望医生病例集,例二,现代临床
鼻粘膜充血,脉象表现特征,脉细,干祖望医生病例集,例二,现代临床
鼻塞,症状伴随症状,活动即缓解,干祖望医生病例集,例二,现代临床
鼻塞,症状伴随症状,涕难外撮,干祖望医生病例集,例二,现代临床
鼻粘膜充血、肥大,舌象表现特征,舌薄黄苔,干祖望医生病例集,例二,现代临床
鼻粘膜充血、肥大,脉象表现特征,脉细,干祖望医生病例集,例二,现代临床
鼻粘膜偏淡,舌象表现特征,舌薄苔,干祖望医生病例集,例二,现代临床
鼻粘膜偏淡,脉象表现特征,脉平偏细,干祖望医生病例集,例二,现代临床
鼻不通气,症状伴随症状,堵塞时一加运动即可缓解,干祖望医生病例集,例二,现代临床
鼻不通气,症状伴随症状,涕多色白,干祖望医生病例集,例二,现代临床
鼻粘膜干燥无液,舌象表现特征,舌薄苔,干祖望医生病例集,例二,现代临床
鼻粘膜干燥无液,脉象表现特征,脉平,干祖望医生病例集,例二,现代临床
鼻子既干且痛,舌象表现特征,舌少苔,干祖望医生病例集,例二,现代临床
鼻子既干且痛,脉象表现特征,脉细,干祖望医生病例集,例二,现代临床
鼻粘膜充血,证候采用方剂,升麻3g柴胡3g党参10g白术6g茯苓10g山药10g金银花10g桑白皮10g菖蒲3g白扁豆10g,干祖望医生病例集,例二,现代临床
鼻粘膜充血、肥大,证候采用方剂,升麻3g葛根6g苍耳子10g辛夷6g白芷6g薄荷6g鱼腥草10g芦根30g桑白皮10g,干祖望医生病例集,例二,现代临床
鼻甲留瘀，畜门受阻,证候采用方剂,红花6g桃仁10g落得打10g当归尾10g赤芍6g菖蒲3g路路通10g革芨6g升麻3g,干祖望医生病例集,例二,现代临床
肺怯金枯,证候采用方剂,生地10g熟地10g玄参10g鱼腥草10g桔梗6g百合10g麦冬10g北沙参10g辛夷6g甘草3g,干祖望医生病例集,例二,现代临床
胆热移脑,证候采用方剂,龙胆草3g黄苓3g山梔10g鱼腥草10g夏枯草10g辛夷6g白芷6g鸭跖草10g苍耳子10g芦根30g,干祖望医生病例集,例二,现代临床
燥则欲治以润,证候采用方剂,川黄柏3g知母10g生地10g熟地10g沙参10g麦冬10g芦根30g玉竹10g百合10g柿霜10g天花粉10g,干祖望医生病例集,例二,现代临床
正虚质弱，肺怯金枯,证候采用方剂,熟地10g生地10g百合10g桑白皮10g玄参10g沙参10g白芍6g知母10g桔梗6g甘草3g,干祖望医生病例集,例二,现代临床
鼻槁（即萎缩性鼻炎）,证候采用方剂,熟地10g生地10g百合10g桑白皮10g玄参10g黄精10g知母10g肥玉竹10g天花粉10g蛤粉炒阿胶珠15g,干祖望医生病例集,例二,现代临床
感冒,证候采用方剂,桑叶6g菊花10g豆豉6g板蓝根10g金银花10g薄荷5g桔梗6g象贝母10g杏仁10g鸡苏散12g,干祖望医生病例集,例二,现代临床
月经量多,疾病表现症状,经前少腹坠重,干祖望医生病例集,例二,现代临床
关节疼痛,疾病表现症状,关节有些疼痛,干祖望医生病例集,例二,现代临床
感冒,疾病表现症状,涕一度增多,干祖望医生病例集,例二,现代临床
感冒,疾病表现症状,鼻腔内硬感,干祖望医生病例集,例二,现代临床
感冒,疾病表现症状,鼻腔出血,干祖望医生病例集,例二,现代临床
感冒,疾病表现症状,发烧,干祖望医生病例集,例二,现代临床
感冒,疾病表现症状,头痛头昏,干祖望医生病例集,例二,现代临床
感冒,疾病表现症状,食欲锐减,干祖望医生病例集,例二,现代临床
干燥性鼻炎,疾病导致舌象,舌薄苔,干祖望医生病例集,例二,现代临床
干燥性鼻炎,疾病导致脉象,脉细,干祖望医生病例集,例二,现代临床
干燥性鼻炎,疾病表现症状,鼻干,干祖望医生病例集,例二,现代临床
干燥性鼻炎,疾病表现症状,口唇干,干祖望医生病例集,例二,现代临床
干燥性鼻炎,疾病表现症状,狂饮难解,干祖望医生病例集,例二,现代临床
干燥性鼻炎,疾病表现症状,对异气异味难以接受,干祖望医生病例集,例二,现代临床
干燥性鼻炎,疾病表现症状,嗅觉似乎有些提高,干祖望医生病例集,例二,现代临床
干燥性鼻炎,疾病表现症状,鼻涕奇多,干祖望医生病例集,例二,现代临床
干燥性鼻炎,疾病表现症状,晨兴之际狂嚏及咽痛,干祖望医生病例集,例二,现代临床
干燥性鼻炎,疾病表现症状,鼻干仅仅在左侧,干祖望医生病例集,例二,现代临床
干燥性鼻炎,疾病表现症状,唇干,干祖望医生病例集,例二,现代临床
干燥性鼻炎,疾病表现症状,鼻中干燥依然,干祖望医生病例集,例二,现代临床
干燥性鼻炎,疾病表现症状,涕仍多而稀者转稠,干祖望医生病例集,例二,现代临床
干燥性鼻炎,疾病表现症状,鼻子通气右侧好些,干祖望医生病例集,例二,现代临床
干燥性鼻炎,疾病表现症状,有血淋渗,干祖望医生病例集,例二,现代临床
干燥性鼻炎,疾病表现症状,咽鼻之干不解,干祖望医生病例集,例二,现代临床
干燥性鼻炎,疾病表现症状,右鼻堵塞,干祖望医生病例集,例二,现代临床
干燥性鼻炎,疾病表现症状,左鼻出血依然,干祖望医生病例集,例二,现代临床
干燥性鼻炎,疾病表现症状,有些头痛,干祖望医生病例集,例二,现代临床
干燥性鼻炎,疾病表现症状,咽后壁淋巴滤泡散在性增生,干祖望医生病例集,例二,现代临床
干燥性鼻炎,疾病表现症状,粘膜有萎缩感,干祖望医生病例集,例二,现代临床
干燥性鼻炎,疾病表现症状,两腭弓有小血管暴露,干祖望医生病例集,例二,现代临床
干燥性鼻炎,疾病表现症状,咽后壁小血管网布,干祖望医生病例集,例二,现代临床
干燥性鼻炎,疾病表现症状,咽粘膜萎缩,干祖望医生病例集,例二,现代临床
干燥性鼻炎,疾病表现症状,鼻腔粘膜干燥少液有涕屎,干祖望医生病例集,例二,现代临床
干燥性鼻炎,疾病表现症状,咽痛,干祖望医生病例集,例二,现代临床
干燥性鼻炎,疾病表现症状,干甚即痛,干祖望医生病例集,例二,现代临床
干燥性鼻炎,疾病表现症状,晨起由干而鼻痒,干祖望医生病例集,例二,现代临床
干燥性鼻炎,疾病表现症状,由痒而狂嚏,干祖望医生病例集,例二,现代临床
干燥性鼻炎,疾病表现症状,嚏后得涕而可以滋润些,干祖望医生病例集,例二,现代临床
干燥性鼻炎,疾病表现症状,同时即有出血,干祖望医生病例集,例二,现代临床
干燥性鼻炎,疾病表现症状,大便干而难解,干祖望医生病例集,例二,现代临床
脾失健运,疾病导致舌象,舌苔厚腻而糙,干祖望医生病例集,例二,现代临床
脾失健运,疾病导致舌象,上覆灰苔,干祖望医生病例集,例二,现代临床
脾失健运,疾病导致舌象,质红少津,干祖望医生病例集,例二,现代临床
脾失健运,疾病导致脉象,脉平偏细,干祖望医生病例集,例二,现代临床
脾失健运,疾病表现症状,大便稀薄,干祖望医生病例集,例二,现代临床
脾失健运,疾病表现症状,口鼻常干而燥,干祖望医生病例集,例二,现代临床
脾失健运,疾病表现症状,燥甚则痛而灼,干祖望医生病例集,例二,现代临床
脾失统血,疾病表现症状,血失摄纳而任意外溢,干祖望医生病例集,例二,现代临床
上颌窦炎,疾病表现症状,头痛,干祖望医生病例集,例二,现代临床
上颌窦炎,疾病表现症状,涕多黄秽,干祖望医生病例集,例二,现代临床
上颌窦炎,疾病表现症状,鼻塞,干祖望医生病例集,例二,现代临床
上颌窦炎,疾病表现症状,左耳憋气,干祖望医生病例集,例二,现代临床
上颌窦炎,疾病表现症状,听力丧失殆尽,干祖望医生病例集,例二,现代临床
上颌窦炎,疾病导致舌象,舌薄苔,干祖望医生病例集,例二,现代临床
上颌窦炎,疾病导致脉象,脉平偏细,干祖望医生病例集,例二,现代临床
鼻息肉,疾病表现症状,两侧鼻孔内俱有鼻息肉组织,干祖望医生病例集,例二,现代临床
鼻息肉,疾病表现症状,鼻腔无脓性分泌物,干祖望医生病例集,例二,现代临床
鼻息肉,疾病表现症状,鼻中隔两侧有嶒突,干祖望医生病例集,例二,现代临床
鼻息肉,疾病表现症状,左耳鼓膜菲薄,干祖望医生病例集,例二,现代临床
鼻息肉,疾病导致舌象,舌薄苔,干祖望医生病例集,例二,现代临床
鼻息肉,疾病导致脉象,脉平偏细,干祖望医生病例集,例二,现代临床
鼻息肉,证候采用方剂,参苓白术散,干祖望医生病例集,例二,现代临床
参苓白术散,方剂组成药材,党参,干祖望医生病例集,例二,现代临床
参苓白术散,方剂组成药材,白术,干祖望医生病例集,例二,现代临床
参苓白术散,方剂组成药材,茯苓,干祖望医生病例集,例二,现代临床
参苓白术散,方剂组成药材,白扁豆,干祖望医生病例集,例二,现代临床
参苓白术散,方剂组成药材,山药,干祖望医生病例集,例二,现代临床
参苓白术散,方剂组成药材,乌梅,干祖望医生病例集,例二,现代临床
参苓白术散,方剂组成药材,焦梅仁,干祖望医生病例集,例二,现代临床
参苓白术散,方剂组成药材,酸枣仁,干祖望医生病例集,例二,现代临床
参苓白术散,方剂组成药材,大枣,干祖望医生病例集,例二,现代临床
参苓白术散,方剂组成药材,甘草,干祖望医生病例集,例二,现代临床
党参,药材具有功效,补脾益气,干祖望医生病例集,例二,现代临床
白术,药材具有功效,健脾燥湿,干祖望医生病例集,例二,现代临床
茯苓,药材具有功效,利水渗湿,干祖望医生病例集,例二,现代临床
白扁豆,药材具有功效,健脾化湿,干祖望医生病例集,例二,现代临床
山药,药材具有功效,补脾益肾,干祖望医生病例集,例二,现代临床
乌梅,药材具有功效,收敛止泻,干祖望医生病例集,例二,现代临床
焦梅仁,药材具有功效,润肠通便,干祖望医生病例集,例二,现代临床
酸枣仁,药材具有功效,养心安神,干祖望医生病例集,例二,现代临床
大枣,药材具有功效,补中益气,干祖望医生病例集,例二,现代临床
甘草,药材具有功效,调和诸药,干祖望医生病例集,例二,现代临床
鼻息肉,名医经验总结,正规治疗，摘除息肉为先决之策。唯心无准备，密时先取中药，必要时中西结合处理,干祖望医生病例集,例二,现代临床
鼻息肉,疾病表现症状,头痛,干祖望医生病例集,例二,现代临床
鼻息肉,疾病表现症状,涕多黄秽,干祖望医生病例集,例二,现代临床
鼻息肉,疾病表现症状,鼻塞,干祖望医生病例集,例二,现代临床
鼻息肉,疾病表现症状,左耳憋气,干祖望医生病例集,例二,现代临床
鼻息肉,疾病表现症状,听力丧失,干祖望医生病例集,例二,现代临床
鼻息肉,疾病导致舌象,舌薄苔,干祖望医生病例集,例二,现代临床
鼻息肉,疾病导致脉象,脉平偏细,干祖望医生病例集,例二,现代临床
慢性鼻窦炎,疾病表现症状,稠涕奇多,干祖望医生病例集,例二,现代临床
慢性鼻窦炎,疾病表现症状,色黄难摸,干祖望医生病例集,例二,现代临床
慢性鼻窦炎,疾病表现症状,偶然出血,干祖望医生病例集,例二,现代临床
慢性鼻窦炎,疾病表现症状,通气在手术后短期内尚可,干祖望医生病例集,例二,现代临床
慢性鼻窦炎,疾病表现症状,嗅觉迟钝,干祖望医生病例集,例二,现代临床
慢性鼻窦炎,疾病表现症状,头胀昏沉,干祖望医生病例集,例二,现代临床
慢性鼻窦炎,疾病表现症状,记忆力日差,干祖望医生病例集,例二,现代临床
慢性鼻窦炎,疾病导致舌象,舌薄苔,干祖望医生病例集,例二,现代临床
慢性鼻窦炎,疾病导致脉象,脉实,干祖望医生病例集,例二,现代临床
鼻息肉,证候导致舌象,舌薄腻苔,干祖望医生病例集,例二,现代临床
鼻息肉,证候导致脉象,脉平,干祖望医生病例集,例二,现代临床
鼻息肉,证候导致舌象,舌薄苔,干祖望医生病例集,例二,现代临床
鼻息肉,证候导致脉象,脉细,干祖望医生病例集,例二,现代临床
鼻息肉,证候导致舌象,舌净质嫩而淡,干祖望医生病例集,例二,现代临床
鼻息肉,证候导致脉象,脉细,干祖望医生病例集,例二,现代临床
鼻息肉,综合辨证证候,脾湿常停,干祖望医生病例集,例二,现代临床
鼻息肉,综合辨证证候,化浊上蒸,干祖望医生病例集,例二,现代临床
鼻息肉,综合辨证证候,灶突必无净土,干祖望医生病例集,例二,现代临床
鼻息肉,综合辨证证候,鼻渊求痊需先窦口通畅,干祖望医生病例集,例二,现代临床
鼻息肉,综合辨证证候,耳中憋气祸起于鼻,干祖望医生病例集,例二,现代临床
鼻息肉,综合辨证证候,取升清化浊之法,干祖望医生病例集,例二,现代临床
鼻息肉,综合辨证证候,干酪出现不能不加重化浊以应付,干祖望医生病例集,例二,现代临床
鼻息肉,综合辨证证候,化湿浊升清阳增津液三者兼顾,干祖望医生病例集,例二,现代临床
鼻息肉,综合辨证证候,振作土脾一法最为主导,干祖望医生病例集,例二,现代临床
鼻息肉,综合辨证证候,全窦炎鼻息肉千酪样病变轻度萎缩性鼻炎诸症麋集于肺窍,干祖望医生病例集,例二,现代临床
鼻息肉,综合辨证证候,取用升清益气作核心的方药有效,干祖望医生病例集,例二,现代临床
鼻息肉,综合辨证证候,鼻科诸顽症麋集一身,干祖望医生病例集,例二,现代临床
鼻息肉,综合辨证证候,诸症渐退息肉难除,干祖望医生病例集,例二,现代临床
鼻息肉,证候采用方剂,讀香10g佩兰10g白术6g茯荟10g陈皮6g半夏6g升麻3g辛夷6g白芷6g薄荷6g苍耳子10g,干祖望医生病例集,例二,现代临床
鼻息肉,证候采用方剂,蕾香10g佩兰10g柴胡3g苍耳子10g升麻3g辛夷6g白芷6g干地龙10g薄荷6g菖蒲3g,干祖望医生病例集,例二,现代临床
鼻息肉,证候采用方剂,升麻3g太子参10g白术6g蕾香10g佩兰10g枸橘李10g菖蒲3g辛夷6g干地龙10g苍耳子10g,干祖望医生病例集,例二,现代临床
鼻息肉,证候采用方剂,柴胡3g升麻3g党参10g白术6g山药10g蕾香10g黄精10g芦根30g百合10g佩兰10g,干祖望医生病例集,例二,现代临床
鼻息肉,证候采用方剂,太子参10g白术6g茯苓10g陈皮6g荷茎30cm升麻3g柴胡3g辛夷6g六一散15g覆香10g佩兰10g,干祖望医生病例集,例二,现代临床
鼻息肉,证候采用方剂,党参IOg3g升麻3g辛夷6g,干祖望医生病例集,例二,现代临床
鼻息肉,证候采用方剂,太子参10g蕾香IOg升麻3g百合10g鱼腥草IOg辛夷6g菖蒲3g芦根30g桑白皮IOg麦冬IOg,干祖望医生病例集,例二,现代临床
鼻息肉,方剂组成药材,讀香,干祖望医生病例集,例二,现代临床
鼻息肉,方剂组成药材,佩兰,干祖望医生病例集,例二,现代临床
鼻息肉,方剂组成药材,白术,干祖望医生病例集,例二,现代临床
鼻息肉,方剂组成药材,茯荟,干祖望医生病例集,例二,现代临床
鼻息肉,方剂组成药材,陈皮,干祖望医生病例集,例二,现代临床
鼻息肉,方剂组成药材,半夏,干祖望医生病例集,例二,现代临床
鼻息肉,方剂组成药材,升麻,干祖望医生病例集,例二,现代临床
鼻息肉,方剂组成药材,辛夷,干祖望医生病例集,例二,现代临床
鼻息肉,方剂组成药材,白芷,干祖望医生病例集,例二,现代临床
鼻息肉,方剂组成药材,薄荷,干祖望医生病例集,例二,现代临床
鼻息肉,方剂组成药材,苍耳子,干祖望医生病例集,例二,现代临床
鼻息肉,方剂组成药材,柴胡,干祖望医生病例集,例二,现代临床
鼻息肉,方剂组成药材,太子参,干祖望医生病例集,例二,现代临床
鼻息肉,方剂组成药材,枸橘李,干祖望医生病例集,例二,现代临床
鼻息肉,方剂组成药材,菖蒲,干祖望医生病例集,例二,现代临床
鼻息肉,方剂组成药材,干地龙,干祖望医生病例集,例二,现代临床
鼻息肉,方剂组成药材,山药,干祖望医生病例集,例二,现代临床
鼻息肉,方剂组成药材,黄精,干祖望医生病例集,例二,现代临床
鼻息肉,方剂组成药材,芦根,干祖望医生病例集,例二,现代临床
鼻息肉,方剂组成药材,百合,干祖望医生病例集,例二,现代临床
鼻息肉,方剂组成药材,茯苓,干祖望医生病例集,例二,现代临床
鼻息肉,方剂组成药材,荷茎,干祖望医生病例集,例二,现代临床
鼻息肉,方剂组成药材,六一散,干祖望医生病例集,例二,现代临床
鼻息肉,方剂组成药材,覆香,干祖望医生病例集,例二,现代临床
鼻息肉,方剂组成药材,党参,干祖望医生病例集,例二,现代临床
鼻息肉,方剂组成药材,鱼腥草,干祖望医生病例集,例二,现代临床
鼻息肉,方剂组成药材,桑白皮,干祖望医生病例集,例二,现代临床
鼻息肉,方剂组成药材,麦冬,干祖望医生病例集,例二,现代临床
鼻息肉,名医经验总结,干祖望,干祖望医生病例集,例二,现代临床
鼻病,疾病表现症状,鼻塞,干祖望医生病例集,例二,现代临床
鼻病,疾病表现症状,涕多如涌,干祖望医生病例集,例二,现代临床
鼻病,疾病表现症状,头痛,干祖望医生病例集,例二,现代临床
鼻病,疾病表现症状,咳嗽,干祖望医生病例集,例二,现代临床
鼻病,疾病表现症状,多嚏,干祖望医生病例集,例二,现代临床
鼻病,疾病导致舌象,舌薄白苔,干祖望医生病例集,例二,现代临床
鼻病,疾病导致脉象,脉平,干祖望医生病例集,例二,现代临床
鼻病,证候导致舌象,舌白腻较厚苔,干祖望医生病例集,例二,现代临床
鼻病,证候导致脉象,脉细,干祖望医生病例集,例二,现代临床
鼻病,症状伴随症状,涕中有血,干祖望医生病例集,例二,现代临床
鼻病,症状伴随症状,鼻中新增痒感,干祖望医生病例集,例二,现代临床
鼻病,症状伴随症状,烧灼感,干祖望医生病例集,例二,现代临床
鼻病,症状伴随症状,狂嚏,干祖望医生病例集,例二,现代临床
鼻病,症状伴随症状,嗅觉迟钝,干祖望医生病例集,例二,现代临床
鼻病,症状伴随症状,易感冒,干祖望医生病例集,例二,现代临床
鼻病,症状伴随症状,便稀畏寒,干祖望医生病例集,例二,现代临床
鼻病,症状伴随症状,咽干多饮,干祖望医生病例集,例二,现代临床
鼻病,症状伴随症状,头痛在前额两鬓,干祖望医生病例集,例二,现代临床
鼻病,症状伴随症状,鼻甲肥大,干祖望医生病例集,例二,现代临床
鼻病,症状伴随症状,运动时收缩敏感,干祖望医生病例集,例二,现代临床
鼻病,症状伴随症状,鼻粘膜苍白,干祖望医生病例集,例二,现代临床
鼻病,症状伴随症状,下鼻甲肥大,干祖望医生病例集,例二,现代临床
鼻病,症状伴随症状,鼻涕奇多,干祖望医生病例集,例二,现代临床
鼻病,症状伴随症状,涕黄如脓,干祖望医生病例集,例二,现代临床
鼻病,症状伴随症状,涕转成白色而稀,干祖望医生病例集,例二,现代临床
鼻病,症状伴随症状,通气则时塞时开,干祖望医生病例集,例二,现代临床
鼻病,症状伴随症状,天癸已由乱而刻下很少,干祖望医生病例集,例二,现代临床
鼻病,症状伴随症状,鼻涕奇多，或如清水，或似糜浆,干祖望医生病例集,例二,现代临床
鼻息肉,归属于经典,鼻痔,干祖望医生病例集,例二,现代临床
鼻息肉,证候导致舌象,舌薄苔,干祖望医生病例集,例二,现代临床
鼻息肉,证候导致脉象,脉平偏细,干祖望医生病例集,例二,现代临床
鼻息肉,综合辨证证候,湿热熏于肺门,干祖望医生病例集,例二,现代临床
鼻息肉,证候采用方剂,苍耳子散,干祖望医生病例集,例二,现代临床
苍耳子散,方剂组成药材,苍耳子,干祖望医生病例集,例二,现代临床
苍耳子散,方剂组成药材,白芷,干祖望医生病例集,例二,现代临床
苍耳子散,方剂组成药材,薄荷,干祖望医生病例集,例二,现代临床
苍耳子散,方剂组成药材,辛夷,干祖望医生病例集,例二,现代临床
苍耳子散,方剂组成药材,鱼腥草,干祖望医生病例集,例二,现代临床
苍耳子散,方剂组成药材,桔梗,干祖望医生病例集,例二,现代临床
苍耳子散,方剂组成药材,菖蒲,干祖望医生病例集,例二,现代临床
苍耳子散,方剂组成药材,路路通,干祖望医生病例集,例二,现代临床
苍耳子散,方剂组成药材,桑叶,干祖望医生病例集,例二,现代临床
多涕症,症状伴随症状,鼻涕奇多,干祖望医生病例集,例二,现代临床
多涕症,症状伴随症状,拧之不尽,干祖望医生病例集,例二,现代临床
多涕症,症状伴随症状,潴积的黄色浓涕极多,干祖望医生病例集,例二,现代临床
多涕症,症状伴随症状,涕量明显减少,干祖望医生病例集,例二,现代临床
多涕症,症状伴随症状,基本上涕量达到几乎没有,干祖望医生病例集,例二,现代临床
多涕症,疾病导致舌象,舌薄苔,干祖望医生病例集,例二,现代临床
多涕症,综合辨证证候,童年纯阳气盛于中,干祖望医生病例集,例二,现代临床
多涕症,证候采用方剂,甜孽芾,干祖望医生病例集,例二,现代临床
甜孽芾,方剂组成药材,桑白皮,干祖望医生病例集,例二,现代临床
甜孽芾,方剂组成药材,黄苓,干祖望医生病例集,例二,现代临床
甜孽芾,方剂组成药材,马兜铃,干祖望医生病例集,例二,现代临床
甜孽芾,方剂组成药材,辛夷,干祖望医生病例集,例二,现代临床
甜孽芾,方剂组成药材,桔梗,干祖望医生病例集,例二,现代临床
甜孽芾,方剂组成药材,败浆草,干祖望医生病例集,例二,现代临床
多涕症,证候采用方剂,马兜铃6g桑白皮10g黄苓3g银花10g败酱草10g桔梗6g苍耳子10g,干祖望医生病例集,例二,现代临床
多涕症,证候采用方剂,桑白皮10g黄苓3g银花10g百合10g杏仁10g甘草3g,干祖望医生病例集,例二,现代临床
多涕症,证候导致舌象,舌薄苔,干祖望医生病例集,例二,现代临床
多涕症,症状伴随症状,清涕滂沱,干祖望医生病例集,例二,现代临床
多涕症,症状伴随症状,涕量已减少到正常,干祖望医生病例集,例二,现代临床
多涕症,症状伴随症状,涕量再度滂沱淋漓,干祖望医生病例集,例二,现代临床
多涕症,证候导致脉象,脉平,干祖望医生病例集,例二,现代临床
多涕症,证候导致脉象,脉细,干祖望医生病例集,例二,现代临床
多涕症,综合辨证证候,肺怯本虚,干祖望医生病例集,例二,现代临床
多涕症,综合辨证证候,淫涕始敛,干祖望医生病例集,例二,现代临床
多涕症,综合辨证证候,卫气不固,干祖望医生病例集,例二,现代临床
多涕症,证候采用方剂,玉屏风散,干祖望医生病例集,例二,现代临床
玉屏风散,方剂组成药材,黄民10g料豆衣10g白术6g防风6g百合10g诃子肉10g辛夷6g,干祖望医生病例集,例二,现代临床
多涕症,证候采用方剂,党参10g益智仁10g山药10g乌药6g百合10g诃子肉10g,干祖望医生病例集,例二,现代临床
鼻病,综合辨证证候,肺气之虚怯,干祖望医生病例集,例二,现代临床
鼻病,证候采用方剂,黄苗10g白术6g防风6g益智仁10g乌药6g山鼠科病药10g百合10g诃子肉10g细辛3g甘草3g,干祖望医生病例集,例二,现代临床
鼻病,证候采用方剂,原方加升麻3g,干祖望医生病例集,例二,现代临床
鼻病,综合辨证证候,金寒土薄,干祖望医生病例集,例二,现代临床
鼻病,证候采用方剂,太子参10g黄侬10g白术6g益智仁10g台乌药6g山药10g防风6g诃子肉10g淫羊蕾10g甘草3g,干祖望医生病例集,例二,现代临床
鼻病,证候采用方剂,原方加细辛3g,干祖望医生病例集,例二,现代临床
鼻病,综合辨证证候,溢涕10载,干祖望医生病例集,例二,现代临床
鼻病,证候采用方剂,党参10g山药10g益智仁10g乌药6g白术6g茯苓10g苍耳子10g辛夷6g白芷施生姜2片大枣7枚,干祖望医生病例集,例二,现代临床
鼻病,证候采用方剂,党参10g白术6g茯苓10g益智仁10g山药10g百合10g乌药6g辛夷6g甘草3g,干祖望医生病例集,例二,现代临床
鼻病,症状伴随症状,鼻涕奇多,干祖望医生病例集,例二,现代临床
鼻病,症状伴随症状,涕黄如脓,干祖望医生病例集,例二,现代临床
鼻病,症状伴随症状,涕转成白色而稀,干祖望医生病例集,例二,现代临床
鼻病,症状伴随症状,通气则时塞时开,干祖望医生病例集,例二,现代临床
鼻病,症状伴随症状,天癸已由乱而刻下很少,干祖望医生病例集,例二,现代临床
鼻病,症状伴随症状,鼻涕奇多，或如清水，或似糜浆,干祖望医生病例集,例二,现代临床
多涕症,疾病表现症状,鼻涕奇多,干祖望医生病例集,例二,现代临床
多涕症,疾病表现症状,涕黄如脓,干祖望医生病例集,例二,现代临床
多涕症,疾病表现症状,涕量明显减少,干祖望医生病例集,例二,现代临床
多涕症,疾病表现症状,通气改善,干祖望医生病例集,例二,现代临床
多涕症,疾病导致舌象,舌薄苔,干祖望医生病例集,例二,现代临床
多涕症,疾病导致脉象,脉细,干祖望医生病例集,例二,现代临床
多涕症,症状伴随症状,头晕目眩,干祖望医生病例集,例二,现代临床
多涕症,症状伴随症状,稍遇寒冷则诸病倍增,干祖望医生病例集,例二,现代临床
多涕症,证候导致舌象,舌薄苔，质嫩、胖,干祖望医生病例集,例二,现代临床
多涕症,证候导致脉象,脉细,干祖望医生病例集,例二,现代临床
多涕症,综合辨证证候,土不制水,干祖望医生病例集,例二,现代临床
多涕症,综合辨证证候,寒生于下,干祖望医生病例集,例二,现代临床
多涕症,综合辨证证候,肾阳虚衰,干祖望医生病例集,例二,现代临床
多涕症,综合辨证证候,气化失职,干祖望医生病例集,例二,现代临床
多涕症,证候采用方剂,附桂八味,干祖望医生病例集,例二,现代临床
多涕症,证候采用方剂,缩泉丸,干祖望医生病例集,例二,现代临床
附桂八味,方剂组成药材,肉桂,干祖望医生病例集,例二,现代临床
附桂八味,方剂组成药材,附子,干祖望医生病例集,例二,现代临床
缩泉丸,方剂组成药材,益智仁,干祖望医生病例集,例二,现代临床
缩泉丸,方剂组成药材,乌药,干祖望医生病例集,例二,现代临床
缩泉丸,方剂组成药材,山药,干祖望医生病例集,例二,现代临床
多涕症,证候采用方剂,六君子汤,干祖望医生病例集,例二,现代临床
六君子汤,方剂组成药材,党参,干祖望医生病例集,例二,现代临床
六君子汤,方剂组成药材,茯苓,干祖望医生病例集,例二,现代临床
六君子汤,方剂组成药材,陈皮,干祖望医生病例集,例二,现代临床
六君子汤,方剂组成药材,半夏,干祖望医生病例集,例二,现代临床
多涕症,证候采用方剂,温肾法,干祖望医生病例集,例二,现代临床
多涕症,证候采用方剂,补脾法,干祖望医生病例集,例二,现代临床
多涕症,证候采用方剂,敛法,干祖望医生病例集,例二,现代临床
多涕症,证候采用方剂,清肺凉营法,干祖望医生病例集,例二,现代临床
多涕症,证候采用方剂,润燥法,干祖望医生病例集,例二,现代临床
益智仁,药材具有功效,温补脾胃、固精涩尿,干祖望医生病例集,例二,现代临床
乌药,药材具有功效,行气,干祖望医生病例集,例二,现代临床
山药,药材具有功效,健脾,干祖望医生病例集,例二,现代临床
肉桂,药材具有功效,加强温肾敛涕,干祖望医生病例集,例二,现代临床
诃子,药材具有功效,加强温肾敛涕,干祖望医生病例集,例二,现代临床
鱼脑石,药材具有功效,加强温肾敛涕,干祖望医生病例集,例二,现代临床
太子参,药材具有功效,补脾,干祖望医生病例集,例二,现代临床
白芷,药材具有功效,引诸药上行鼻窍,干祖望医生病例集,例二,现代临床
百合,药材具有功效,养阴以助益气,干祖望医生病例集,例二,现代临床
干祖望,名医经验总结,多涕症的治疗经验,干祖望医生病例集,例二,现代临床
鼻出血,疾病导致舌象,舌薄苔,干祖望医生病例集,例二,现代临床
鼻出血,疾病导致脉象,脉细,干祖望医生病例集,例二,现代临床
鼻出血,症状伴随症状,血小板不足,干祖望医生病例集,例二,现代临床
鼻出血,症状伴随症状,鼻腔干燥,干祖望医生病例集,例二,现代临床
鼻出血,症状伴随症状,右眼眶不舒服,干祖望医生病例集,例二,现代临床
鼻出血,症状伴随症状,头脑稍有胀感,干祖望医生病例集,例二,现代临床
鼻出血,症状伴随症状,血压不高,干祖望医生病例集,例二,现代临床
鼻出血,症状伴随症状,咽后壁污红充血,干祖望医生病例集,例二,现代临床
鼻出血,症状伴随症状,鼻腔干燥无涕,干祖望医生病例集,例二,现代临床
鼻出血,症状伴随症状,右下甲后端有一个出血点,干祖望医生病例集,例二,现代临床
鼻出血,症状伴随症状,鼻咽部检查未能全部可见,干祖望医生病例集,例二,现代临床
鼻出血,症状伴随症状,头痛发胀,干祖望医生病例集,例二,现代临床
鼻出血,症状伴随症状,口干殊甚,干祖望医生病例集,例二,现代临床
鼻出血,症状伴随症状,无液狂饮,干祖望医生病例集,例二,现代临床
鼻出血,症状伴随症状,不择温凉,干祖望医生病例集,例二,现代临床
鼻出血,症状伴随症状,右眼先发胀,干祖望医生病例集,例二,现代临床
鼻出血,症状伴随症状,血压正常,干祖望医生病例集,例二,现代临床
鼻出血,症状伴随症状,血小板低,干祖望医生病例集,例二,现代临床
鼻出血,症状伴随症状,两颊排瘗,干祖望医生病例集,例二,现代临床
鼻出血,症状伴随症状,色呈黯紫,干祖望医生病例集,例二,现代临床
鼻出血,症状伴随症状,食后泛恶,干祖望医生病例集,例二,现代临床
鼻出血,症状伴随症状,欲吐无物,干祖望医生病例集,例二,现代临床
鼻出血,症状伴随症状,咳嗽匝周,干祖望医生病例集,例二,现代临床
鼻出血,症状伴随症状,咽痛伴以粗糙感,干祖望医生病例集,例二,现代临床
鼻出血,症状伴随症状,有清涕,干祖望医生病例集,例二,现代临床
鼻出血,症状伴随症状,头有转胀感,干祖望医生病例集,例二,现代临床
鼻出血,症状伴随症状,牙齿进热作痛,干祖望医生病例集,例二,现代临床
鼻出血,症状伴随症状,进冷物时即酸,干祖望医生病例集,例二,现代临床
鼻出血,症状伴随症状,怕外来冷风,干祖望医生病例集,例二,现代临床
鼻出血,症状伴随症状,门齿仍然怕冷气,干祖望医生病例集,例二,现代临床
鼻出血,症状伴随症状,两颊瘗痺明显衰退,干祖望医生病例集,例二,现代临床
鼻出血,症状伴随症状,立氏区右侧轻度破碎,干祖望医生病例集,例二,现代临床
鼻出血,症状伴随症状,左侧粗糙充血,干祖望医生病例集,例二,现代临床
鼻出血,症状伴随症状,咽后壁极轻度污红,干祖望医生病例集,例二,现代临床
鼻出血,证候导致舌象,舌薄苔,干祖望医生病例集,例二,现代临床
鼻出血,证候导致脉象,脉平,干祖望医生病例集,例二,现代临床
鼻出血,证候导致脉象,脉平有弦意,干祖望医生病例集,例二,现代临床
鼻出血,证候导致脉象,脉平,干祖望医生病例集,例二,现代临床
鼻出血,证候导致脉象,脉有软意,干祖望医生病例集,例二,现代临床
鼻出血,综合辨证证候,热停肺系,干祖望医生病例集,例二,现代临床
鼻出血,综合辨证证候,肺经之热加燥,干祖望医生病例集,例二,现代临床
鼻出血,综合辨证证候,胃经之伏火,干祖望医生病例集,例二,现代临床
鼻出血,综合辨证证候,肺胃之实热,干祖望医生病例集,例二,现代临床
鼻出血,综合辨证证候,阳明有余，少阴不足,干祖望医生病例集,例二,现代临床
鼻出血,证候采用方剂,桑白皮10g黄苓炭3g山梔10g生地10g地骨皮10g墨旱莲10g丹皮6g赤芍6g藕节2个白茅根10g,干祖望医生病例集,例二,现代临床
鼻出血,证候采用方剂,桑白皮10g黄苓炭3g芦根30g白茅根10g生地10g茜草10g紫草10g丹皮6g麦冬10g赤芍6g,干祖望医生病例集,例二,现代临床
鼻出血,证候采用方剂,党参10g白术6g茯苓10g白扁豆10g山药10g阿胶10g当归10g白芍6g百合10g甘草3g,干祖望医生病例集,例二,现代临床
鼻出血,证候采用方剂,桑叶6g菊花10g金银花10g薄荷5g杏仁10g芦根30g桔梗6g象贝母10g荆芥炭6g甘草3g,干祖望医生病例集,例二,现代临床
鼻出血,证候采用方剂,熟地10g生石膏20g知母10g麦冬10g山药10g黄苓炭3g女贞子10g旱莲草10g芦根30g太子参10g,干祖望医生病例集,例二,现代临床
鼻出血,证候采用方剂,二至丸,干祖望医生病例集,例二,现代临床
鼻出血,方剂组成药材,桑白皮,干祖望医生病例集,例二,现代临床
鼻出血,方剂组成药材,黄苓炭,干祖望医生病例集,例二,现代临床
鼻出血,方剂组成药材,山梔,干祖望医生病例集,例二,现代临床
鼻出血,方剂组成药材,生地,干祖望医生病例集,例二,现代临床
鼻出血,方剂组成药材,地骨皮,干祖望医生病例集,例二,现代临床
鼻出血,方剂组成药材,墨旱莲,干祖望医生病例集,例二,现代临床
鼻出血,方剂组成药材,丹皮,干祖望医生病例集,例二,现代临床
鼻出血,方剂组成药材,赤芍,干祖望医生病例集,例二,现代临床
鼻出血,方剂组成药材,藕节,干祖望医生病例集,例二,现代临床
鼻出血,方剂组成药材,白茅根,干祖望医生病例集,例二,现代临床
鼻出血,方剂组成药材,芦根,干祖望医生病例集,例二,现代临床
鼻出血,方剂组成药材,茜草,干祖望医生病例集,例二,现代临床
鼻出血,方剂组成药材,紫草,干祖望医生病例集,例二,现代临床
鼻出血,方剂组成药材,麦冬,干祖望医生病例集,例二,现代临床
鼻出血,方剂组成药材,党参,干祖望医生病例集,例二,现代临床
鼻出血,方剂组成药材,白术,干祖望医生病例集,例二,现代临床
鼻出血,方剂组成药材,茯苓,干祖望医生病例集,例二,现代临床
鼻出血,方剂组成药材,白扁豆,干祖望医生病例集,例二,现代临床
鼻出血,方剂组成药材,山药,干祖望医生病例集,例二,现代临床
鼻出血,方剂组成药材,阿胶,干祖望医生病例集,例二,现代临床
鼻出血,方剂组成药材,当归,干祖望医生病例集,例二,现代临床
鼻出血,方剂组成药材,百合,干祖望医生病例集,例二,现代临床
鼻出血,方剂组成药材,甘草,干祖望医生病例集,例二,现代临床
鼻出血,方剂组成药材,桑叶,干祖望医生病例集,例二,现代临床
鼻出血,方剂组成药材,菊花,干祖望医生病例集,例二,现代临床
鼻出血,方剂组成药材,金银花,干祖望医生病例集,例二,现代临床
鼻出血,方剂组成药材,薄荷,干祖望医生病例集,例二,现代临床
鼻出血,方剂组成药材,杏仁,干祖望医生病例集,例二,现代临床
鼻出血,方剂组成药材,桔梗,干祖望医生病例集,例二,现代临床
鼻出血,方剂组成药材,象贝母,干祖望医生病例集,例二,现代临床
鼻出血,方剂组成药材,荆芥炭,干祖望医生病例集,例二,现代临床
鼻出血,方剂组成药材,熟地,干祖望医生病例集,例二,现代临床
鼻出血,方剂组成药材,生石膏,干祖望医生病例集,例二,现代临床
鼻出血,方剂组成药材,知母,干祖望医生病例集,例二,现代临床
鼻出血,方剂组成药材,女贞子,干祖望医生病例集,例二,现代临床
鼻出血,方剂组成药材,旱莲草,干祖望医生病例集,例二,现代临床
鼻出血,方剂组成药材,菟丝子,干祖望医生病例集,例二,现代临床
鼻出血,方剂组成药材,阿胶珠,干祖望医生病例集,例二,现代临床
鼻出血,方剂组成药材,二至丸,干祖望医生病例集,例二,现代临床
鼻出血,药材具有功效,桑白皮,干祖望医生病例集,例二,现代临床
鼻出血,药材具有功效,黄苓炭,干祖望医生病例集,例二,现代临床
鼻出血,药材具有功效,山梔,干祖望医生病例集,例二,现代临床
鼻出血,药材具有功效,生地,干祖望医生病例集,例二,现代临床
鼻出血,药材具有功效,地骨皮,干祖望医生病例集,例二,现代临床
鼻出血,药材具有功效,墨旱莲,干祖望医生病例集,例二,现代临床
鼻出血,药材具有功效,丹皮,干祖望医生病例集,例二,现代临床
鼻出血,药材具有功效,赤芍,干祖望医生病例集,例二,现代临床
鼻出血,药材具有功效,藕节,干祖望医生病例集,例二,现代临床
鼻出血,药材具有功效,白茅根,干祖望医生病例集,例二,现代临床
鼻出血,药材具有功效,芦根,干祖望医生病例集,例二,现代临床
鼻出血,药材具有功效,茜草,干祖望医生病例集,例二,现代临床
鼻出血,药材具有功效,紫草,干祖望医生病例集,例二,现代临床
鼻出血,药材具有功效,麦冬,干祖望医生病例集,例二,现代临床
鼻出血,药材具有功效,党参,干祖望医生病例集,例二,现代临床
鼻出血,药材具有功效,白术,干祖望医生病例集,例二,现代临床
鼻出血,药材具有功效,茯苓,干祖望医生病例集,例二,现代临床
鼻出血,药材具有功效,白扁豆,干祖望医生病例集,例二,现代临床
鼻出血,药材具有功效,山药,干祖望医生病例集,例二,现代临床
鼻出血,药材具有功效,阿胶,干祖望医生病例集,例二,现代临床
鼻出血,药材具有功效,当归,干祖望医生病例集,例二,现代临床
鼻出血,药材具有功效,百合,干祖望医生病例集,例二,现代临床
鼻出血,药材具有功效,甘草,干祖望医生病例集,例二,现代临床
鼻出血,药材具有功效,桑叶,干祖望医生病例集,例二,现代临床
鼻出血,药材具有功效,菊花,干祖望医生病例集,例二,现代临床
鼻出血,药材具有功效,金银花,干祖望医生病例集,例二,现代临床
鼻出血,药材具有功效,薄荷,干祖望医生病例集,例二,现代临床
鼻出血,药材具有功效,杏仁,干祖望医生病例集,例二,现代临床
鼻出血,药材具有功效,桔梗,干祖望医生病例集,例二,现代临床
鼻出血,药材具有功效,象贝母,干祖望医生病例集,例二,现代临床
鼻出血,药材具有功效,荆芥炭,干祖望医生病例集,例二,现代临床
鼻出血,药材具有功效,熟地,干祖望医生病例集,例二,现代临床
鼻出血,药材具有功效,生石膏,干祖望医生病例集,例二,现代临床
鼻出血,药材具有功效,知母,干祖望医生病例集,例二,现代临床
鼻出血,药材具有功效,女贞子,干祖望医生病例集,例二,现代临床
鼻出血,药材具有功效,旱莲草,干祖望医生病例集,例二,现代临床
鼻出血,药材具有功效,菟丝子,干祖望医生病例集,例二,现代临床
鼻出血,药材具有功效,阿胶珠,干祖望医生病例集,例二,现代临床
鼻出血,药材具有功效,二至丸,干祖望医生病例集,例二,现代临床
鼻出血,归属于经典,外科理例,干祖望医生病例集,例二,现代临床
鼻出血,名医经验总结,干祖望,干祖望医生病例集,例二,现代临床
鼻出血,疾病表现症状,面色苍白,干祖望医生病例集,例二,现代临床
鼻出血,疾病表现症状,口渴,干祖望医生病例集,例二,现代临床
鼻出血,疾病表现症状,乏力,干祖望医生病例集,例二,现代临床
鼻出血,疾病表现症状,冷汗淋漓,干祖望医生病例集,例二,现代临床
鼻出血,疾病表现症状,呼吸微弱,干祖望医生病例集,例二,现代临床
鼻出血,疾病导致脉象,脉数无力,干祖望医生病例集,例二,现代临床
鼻出血,疾病导致脉象,血压下降,干祖望医生病例集,例二,现代临床
鼻出血,疾病导致舌象,舌薄苔,干祖望医生病例集,例二,现代临床
鼻出血,症状伴随症状,休克,干祖望医生病例集,例二,现代临床
鼻出血,综合辨证证候,气随血脱,干祖望医生病例集,例二,现代临床
鼻出血,证候采用方剂,独参汤,干祖望医生病例集,例二,现代临床
鼻出血,证候采用方剂,参附汤,干祖望医生病例集,例二,现代临床
独参汤,方剂组成药材,人参,干祖望医生病例集,例二,现代临床
人参,药材具有功效,大补元气,干祖望医生病例集,例二,现代临床
鼻出血,症状辨证证候,气随血脱,干祖望医生病例集,例二,现代临床
鼻出血,理论指导实践,中医抢救鼻峋的手段和经验,干祖望医生病例集,例二,现代临床
干祖望,名医经验总结,鼻出血的治疗经验,干祖望医生病例集,例二,现代临床
鼻出血,归属于经典,干氏耳鼻咽喉口腔科学,干祖望医生病例集,例二,现代临床
失嗅,症状伴随症状,头部受伤,干祖望医生病例集,例二,现代临床
失嗅,症状伴随症状,鼻腔干净,干祖望医生病例集,例二,现代临床
失嗅,症状伴随症状,鼻甲正常,干祖望医生病例集,例二,现代临床
失嗅,症状伴随症状,无息肉,干祖望医生病例集,例二,现代临床
失嗅,症状伴随症状,无息变,干祖望医生病例集,例二,现代临床
失嗅,症状伴随症状,无缺损,干祖望医生病例集,例二,现代临床
失嗅,舌象表现特征,舌薄苔,干祖望医生病例集,例二,现代临床
失嗅,脉象表现特征,脉平,干祖望医生病例集,例二,现代临床
失嗅,综合辨证证候,心经受损,干祖望医生病例集,例二,现代临床
急性咽炎,疾病表现症状,凛寒头痛,干祖望医生病例集,例二,现代临床
急性咽炎,疾病表现症状,鼻塞咽疼,干祖望医生病例集,例二,现代临床
急性咽炎,疾病表现症状,吞咽困难,干祖望医生病例集,例二,现代临床
急性咽炎,疾病表现症状,痰多,干祖望医生病例集,例二,现代临床
急性咽炎,疾病表现症状,口渴多饮,干祖望医生病例集,例二,现代临床
急性咽炎,疾病表现症状,大便干,干祖望医生病例集,例二,现代临床
急性咽炎,舌象表现特征,舌薄白苔,干祖望医生病例集,例二,现代临床
急性咽炎,脉象表现特征,脉数,干祖望医生病例集,例二,现代临床
急性咽炎,综合辨证证候,时邪袭肺,干祖望医生病例集,例二,现代临床
喉炎,疾病表现症状,声门水肿,干祖望医生病例集,例二,现代临床
喉炎,疾病表现症状,充血,干祖望医生病例集,例二,现代临床
喉炎,舌象表现特征,舌淡苔薄,干祖望医生病例集,例二,现代临床
喉炎,综合辨证证候,外邪束伏手太阴经,干祖望医生病例集,例二,现代临床
慢性咽炎,疾病表现症状,咽喉干燥无液,干祖望医生病例集,例二,现代临床
慢性咽炎,疾病表现症状,粘痰胶结于喉壁,干祖望医生病例集,例二,现代临床
慢性咽炎,舌象表现特征,粘膜干燥如纸,干祖望医生病例集,例二,现代临床
慢性咽炎,综合辨证证候,益水生津,干祖望医生病例集,例二,现代临床
参附汤,方剂组成药材,熟附块,干祖望医生病例集,例二,现代临床
参附汤,方剂组成药材,独参汤,干祖望医生病例集,例二,现代临床
熟附块,药材具有功效,回阳救脱,干祖望医生病例集,例二,现代临床
独参汤,方剂组成药材,人参,干祖望医生病例集,例二,现代临床
人参,药材具有功效,补气,干祖望医生病例集,例二,现代临床
六味汤,方剂组成药材,荆芥,干祖望医生病例集,例二,现代临床
六味汤,方剂组成药材,防风,干祖望医生病例集,例二,现代临床
六味汤,方剂组成药材,薄荷,干祖望医生病例集,例二,现代临床
六味汤,方剂组成药材,天虫,干祖望医生病例集,例二,现代临床
六味汤,方剂组成药材,桔梗,干祖望医生病例集,例二,现代临床
六味汤,方剂组成药材,杏仁,干祖望医生病例集,例二,现代临床
六味汤,方剂组成药材,象贝,干祖望医生病例集,例二,现代临床
六味汤,方剂组成药材,马勃,干祖望医生病例集,例二,现代临床
六味汤,方剂组成药材,天竺黄,干祖望医生病例集,例二,现代临床
六味汤,方剂组成药材,甘草,干祖望医生病例集,例二,现代临床
喉科指掌,归属于经典,喉科指掌,干祖望医生病例集,例二,现代临床
干祖望,名医经验总结,慢性咽炎治疗,干祖望医生病例集,例二,现代临床
慢性咽炎,疾病表现症状,咽喉干燥无液,干祖望医生病例集,例二,现代临床
慢性咽炎,疾病表现症状,粘痰胶结于喉壁,干祖望医生病例集,例二,现代临床
慢性咽炎,疾病表现症状,频频清嗓,干祖望医生病例集,例二,现代临床
慢性咽炎,疾病导致舌象,舌薄腻苔,干祖望医生病例集,例二,现代临床
慢性咽炎,疾病导致舌象,质嫩胖,干祖望医生病例集,例二,现代临床
慢性咽炎,疾病导致脉象,脉平,干祖望医生病例集,例二,现代临床
慢性咽炎,疾病表现症状,咽痛,干祖望医生病例集,例二,现代临床
慢性咽炎,疾病表现症状,干燥,干祖望医生病例集,例二,现代临床
慢性咽炎,疾病表现症状,异物感,干祖望医生病例集,例二,现代临床
慢性咽炎,疾病表现症状,咽部干痛,干祖望医生病例集,例二,现代临床
慢性咽炎,疾病表现症状,咽部异物感,干祖望医生病例集,例二,现代临床
慢性咽炎,疾病表现症状,咽部有痛感,干祖望医生病例集,例二,现代临床
慢性咽炎,疾病表现症状,痰多,干祖望医生病例集,例二,现代临床
慢性咽炎,疾病表现症状,咽头不舒,干祖望医生病例集,例二,现代临床
慢性咽炎,疾病表现症状,烧灼感,干祖望医生病例集,例二,现代临床
慢性咽炎,疾病表现症状,咽部干痛,干祖望医生病例集,例二,现代临床
慢性咽炎,疾病表现症状,咽部干痛,干祖望医生病例集,例二,现代临床
慢性咽炎,疾病表现症状,咽部异物感,干祖望医生病例集,例二,现代临床
慢性咽炎,疾病表现症状,咽部有痛感,干祖望医生病例集,例二,现代临床
慢性咽炎,疾病表现症状,痰多,干祖望医生病例集,例二,现代临床
慢性咽炎,疾病表现症状,咽头不舒,干祖望医生病例集,例二,现代临床
慢性咽炎,疾病表现症状,烧灼感,干祖望医生病例集,例二,现代临床
慢性咽炎,疾病导致舌象,舌薄苔,干祖望医生病例集,例二,现代临床
慢性咽炎,疾病导致脉象,脉细,干祖望医生病例集,例二,现代临床
慢性咽炎,证候导致舌象,舌薄苔,干祖望医生病例集,例二,现代临床
慢性咽炎,证候导致舌象,舌薄少苔,干祖望医生病例集,例二,现代临床
慢性咽炎,证候导致脉象,脉弦而细,干祖望医生病例集,例二,现代临床
慢性咽炎,证候导致脉象,脉平偏细,干祖望医生病例集,例二,现代临床
慢性咽炎,综合辨证证候,内湿自生，湿郁化热，上扰清道,干祖望医生病例集,例二,现代临床
慢性咽炎,综合辨证证候,脾气健旺，转输精微，上济咽喉,干祖望医生病例集,例二,现代临床
慢性咽炎,综合辨证证候,津液失养,干祖望医生病例集,例二,现代临床
慢性咽炎,综合辨证证候,营血失其灌溉,干祖望医生病例集,例二,现代临床
慢性咽炎,综合辨证证候,脾虚难化精微,干祖望医生病例集,例二,现代临床
慢性咽炎,证候采用方剂,参苓白术散,干祖望医生病例集,例二,现代临床
参苓白术散,方剂组成药材,太子参,干祖望医生病例集,例二,现代临床
参苓白术散,方剂组成药材,茯苓,干祖望医生病例集,例二,现代临床
参苓白术散,方剂组成药材,白术,干祖望医生病例集,例二,现代临床
参苓白术散,方剂组成药材,白扁豆,干祖望医生病例集,例二,现代临床
参苓白术散,方剂组成药材,山药,干祖望医生病例集,例二,现代临床
参苓白术散,方剂组成药材,桔梗,干祖望医生病例集,例二,现代临床
参苓白术散,方剂组成药材,马勃,干祖望医生病例集,例二,现代临床
参苓白术散,方剂组成药材,玄参,干祖望医生病例集,例二,现代临床
参苓白术散,方剂组成药材,双花,干祖望医生病例集,例二,现代临床
参苓白术散,方剂组成药材,甘草,干祖望医生病例集,例二,现代临床
太子参,药材具有功效,健脾利湿,干祖望医生病例集,例二,现代临床
茯苓,药材具有功效,健脾利湿,干祖望医生病例集,例二,现代临床
白术,药材具有功效,健脾利湿,干祖望医生病例集,例二,现代临床
白扁豆,药材具有功效,健脾利湿,干祖望医生病例集,例二,现代临床
山药,药材具有功效,健脾利湿,干祖望医生病例集,例二,现代临床
桔梗,药材具有功效,利咽,干祖望医生病例集,例二,现代临床
马勃,药材具有功效,利咽,干祖望医生病例集,例二,现代临床
玄参,药材具有功效,清热凉血,干祖望医生病例集,例二,现代临床
双花,药材具有功效,清热解毒,干祖望医生病例集,例二,现代临床
甘草,药材具有功效,调和诸药,干祖望医生病例集,例二,现代临床
慢性咽炎,归属于经典,素问阴阳类论,干祖望医生病例集,例二,现代临床
慢性咽炎治疗,理论指导实践,咽喉干燥，病在土脾,干祖望医生病例集,例二,现代临床
干祖望,名医经验总结,重视辨证，既不废养阴，又善于培土健脾一法,干祖望医生病例集,例二,现代临床
慢性咽炎,疾病导致舌象,舌薄苔,干祖望医生病例集,例二,现代临床
慢性咽炎,疾病导致脉象,脉细,干祖望医生病例集,例二,现代临床
慢性咽炎,症状伴随症状,咽部痛感,干祖望医生病例集,例二,现代临床
慢性咽炎,症状伴随症状,痰多,干祖望医生病例集,例二,现代临床
慢性咽炎,症状伴随症状,咽头不舒,干祖望医生病例集,例二,现代临床
慢性咽炎,症状伴随症状,作干较甚,干祖望医生病例集,例二,现代临床
慢性咽炎,症状伴随症状,善饮不计温冷,干祖望医生病例集,例二,现代临床
慢性咽炎,症状伴随症状,稍有烧灼感,干祖望医生病例集,例二,现代临床
慢性咽炎,症状伴随症状,频频急性发作,干祖望医生病例集,例二,现代临床
慢性咽炎,症状伴随症状,咽峡充血,干祖望医生病例集,例二,现代临床
慢性咽炎,症状伴随症状,右颌下区扪到指头大淋巴结1个,干祖望医生病例集,例二,现代临床
慢性咽炎,症状伴随症状,舌体瘦但有齿痕,干祖望医生病例集,例二,现代临床
慢性咽炎,症状伴随症状,异物感,干祖望医生病例集,例二,现代临床
慢性咽炎,症状伴随症状,胸闷失畅,干祖望医生病例集,例二,现代临床
慢性咽炎,症状伴随症状,怕冷,干祖望医生病例集,例二,现代临床
慢性咽炎,症状伴随症状,容易感冒,干祖望医生病例集,例二,现代临床
慢性咽炎,症状伴随症状,入冬鼻塞,干祖望医生病例集,例二,现代临床
慢性咽炎,症状伴随症状,咽后壁淋巴滤泡增生,干祖望医生病例集,例二,现代临床
慢性咽炎,症状伴随症状,部分粘膜萎缩,干祖望医生病例集,例二,现代临床
慢性咽炎,症状伴随症状,扁桃体右II度，左I度,干祖望医生病例集,例二,现代临床
慢性咽炎,症状伴随症状,咽峡充血减轻,干祖望医生病例集,例二,现代临床
慢性咽炎,症状伴随症状,咽后壁干枯,干祖望医生病例集,例二,现代临床
慢性咽炎,症状伴随症状,粘膜有萎缩感,干祖望医生病例集,例二,现代临床
慢性咽炎,症状伴随症状,声带肥厚,干祖望医生病例集,例二,现代临床
慢性咽炎,症状伴随症状,欠清白,干祖望医生病例集,例二,现代临床
慢性咽炎,症状伴随症状,喉头奇冷,干祖望医生病例集,例二,现代临床
慢性咽炎,症状伴随症状,匝颈不温,干祖望医生病例集,例二,现代临床
慢性咽炎,症状伴随症状,疼痛如刀刺,干祖望医生病例集,例二,现代临床
慢性咽炎,症状伴随症状,嘶哑,干祖望医生病例集,例二,现代临床
慢性咽炎,症状伴随症状,咳嗽,干祖望医生病例集,例二,现代临床
慢性咽炎,症状伴随症状,痰一般而清,干祖望医生病例集,例二,现代临床
慢性咽炎,症状伴随症状,下肢寒冷,干祖望医生病例集,例二,现代临床
慢性咽炎,症状伴随症状,大便干结,干祖望医生病例集,例二,现代临床
慢性咽炎,症状伴随症状,腰部胀且下坠,干祖望医生病例集,例二,现代临床
慢性咽炎,症状伴随症状,多汗,干祖望医生病例集,例二,现代临床
慢性咽炎,症状伴随症状,咽后壁粘膜萎缩,干祖望医生病例集,例二,现代临床
慢性咽炎,症状伴随症状,不充血,干祖望医生病例集,例二,现代临床
慢性咽炎,症状伴随症状,两室带活跃,干祖望医生病例集,例二,现代临床
慢性咽炎,症状伴随症状,舌薄滑腻苔,干祖望医生病例集,例二,现代临床
慢性咽炎,症状伴随症状,边有齿痕,干祖望医生病例集,例二,现代临床
慢性咽炎,症状伴随症状,脉大,干祖望医生病例集,例二,现代临床
慢性咽炎,症状伴随症状,咽左疼痛与堵塞,干祖望医生病例集,例二,现代临床
慢性咽炎,症状伴随症状,异物感,干祖望医生病例集,例二,现代临床
慢性咽炎,症状伴随症状,不多言,干祖望医生病例集,例二,现代临床
慢性咽炎,症状伴随症状,咽后壁淋巴滤泡极度增生,干祖望医生病例集,例二,现代临床
慢性咽炎,症状伴随症状,小血管暴露,干祖望医生病例集,例二,现代临床
慢性咽炎,症状伴随症状,咽部充血及小血管暴露已全部消失,干祖望医生病例集,例二,现代临床
慢性咽炎,症状伴随症状,咽后壁淋巴滤泡增生尚未平复,干祖望医生病例集,例二,现代临床
慢性咽炎,症状伴随症状,咽痛基本上已没有,干祖望医生病例集,例二,现代临床
慢性咽炎,症状伴随症状,干燥日趋滋润,干祖望医生病例集,例二,现代临床
慢性咽炎,症状伴随症状,多言之后可增加异物感,干祖望医生病例集,例二,现代临床
慢性咽炎,症状伴随症状,奇冷渐温,干祖望医生病例集,例二,现代临床
慢性咽炎,症状伴随症状,下肢亦温些,干祖望医生病例集,例二,现代临床
慢性咽炎,症状伴随症状,顽颖干涩有所改善,干祖望医生病例集,例二,现代临床
慢性咽炎,症状伴随症状,依然还要出现瞌睡,干祖望医生病例集,例二,现代临床
慢性咽炎,症状伴随症状,精神稍有振作,干祖望医生病例集,例二,现代临床
慢性咽炎,症状伴随症状,咽后壁粘膜稍稍滋润一些,干祖望医生病例集,例二,现代临床
慢性咽炎,症状伴随症状,舌薄白菩,干祖望医生病例集,例二,现代临床
慢性咽炎,症状伴随症状,质胖嫩淡红,干祖望医生病例集,例二,现代临床
慢性咽炎,症状伴随症状,自发性冷感已好些,干祖望医生病例集,例二,现代临床
慢性咽炎,症状伴随症状,一遇寒冷背部又失舒下坠,干祖望医生病例集,例二,现代临床
慢性咽炎,症状伴随症状,两膝凉冷,干祖望医生病例集,例二,现代临床
慢性咽炎,症状伴随症状,顽颖干燥得进一步缓解,干祖望医生病例集,例二,现代临床
慢性咽炎,症状伴随症状,痰在晨起有些,干祖望医生病例集,例二,现代临床
慢性咽炎,证候采用方剂,党参10g白术6g白扁豆10g山药10g青果10g玄参10g天竺黄6g沙参10g茯苓10g甘草3g,干祖望医生病例集,例二,现代临床
慢性咽炎,证候采用方剂,党参10g白术6g茯苓10g白扁豆10g山药10g玄参10g金银花10g百合10g枳壳6g甘草3g,干祖望医生病例集,例二,现代临床
慢性咽炎,证候采用方剂,党参10g白术6g茯苓10g陈皮6g百合10g山药10g昆布10g桔梗6g海蛤粉15g甘草3g,干祖望医生病例集,例二,现代临床
慢性咽炎,证候采用方剂,党参10g白术6g茯苓10g白扁豆10g山药10g麦冬10g沙参10g山豆根5g芦根30g甘草3g,干祖望医生病例集,例二,现代临床
慢性咽炎,证候采用方剂,桑叶6g薄荷5g金银花10g黄苓3g菊花10g连翘6g白茅根10g天竺黄6g芦根30g桔梗6g甘草3g西瓜翠衣30g,干祖望医生病例集,例二,现代临床
慢性咽炎,证候采用方剂,太子参10g茯苓10g生地10g玄参10g绿豆衣10g百合10g麦冬10g沙参10g芦根30g甘草3g,干祖望医生病例集,例二,现代临床
慢性咽炎,证候采用方剂,党参10g白术6g茯苓10g白扁豆10g黄芷10g山药10g麦冬10g玄参10g白茅根10g甘草3g,干祖望医生病例集,例二,现代临床
慢性咽炎,证候采用方剂,黄苗10g党参10g白术6g茯苓10g百合10g山药10g石斛10g麦冬10g知母10g甘草3g,干祖望医生病例集,例二,现代临床
慢性咽炎,证候采用方剂,防风6g荆芥6g前胡3g柴胡3g杏仁10g独活6g桂枝3g象贝10g甘草3g生姜2片,干祖望医生病例集,例二,现代临床
慢性咽炎,证候采用方剂,党参10g白术6g茯苓10g白扁豆10g山药10g杏仁10g陈皮6g仙鹤草10g百合10g甘草3g,干祖望医生病例集,例二,现代临床
慢性咽炎,证候采用方剂,黄芷10g党参10g白术6g绿豆衣10g茯苓10g山药10g赤芍6g仙灵脾10g仙茅6g百合10g甘草3g,干祖望医生病例集,例二,现代临床
慢性咽炎,证候采用方剂,黄苓10g党参10g白术6g白扁豆10g茯苓10g山药10g仙茅6g仙灵脾10g百合10g甘草3g,干祖望医生病例集,例二,现代临床
慢性咽炎,名医经验总结,干祖望,干祖望医生病例集,例二,现代临床
慢性咽炎,疾病导致舌象,舌薄白苔,干祖望医生病例集,例二,现代临床
慢性咽炎,疾病导致舌象,舌质红,干祖望医生病例集,例二,现代临床
慢性咽炎,疾病导致脉象,脉细,干祖望医生病例集,例二,现代临床
慢性咽炎,疾病表现症状,咽干狂饮,干祖望医生病例集,例二,现代临床
慢性咽炎,疾病表现症状,喉间如有异物,干祖望医生病例集,例二,现代临床
慢性咽炎,疾病表现症状,多稠痰难咯,干祖望医生病例集,例二,现代临床
慢性咽炎,症状伴随症状,咽峡弥漫性充血,干祖望医生病例集,例二,现代临床
慢性咽炎,症状伴随症状,小血管扩张,干祖望医生病例集,例二,现代临床
慢性咽炎,证候导致舌象,舌薄苔,干祖望医生病例集,例二,现代临床
慢性咽炎,证候导致脉象,脉平偏细,干祖望医生病例集,例二,现代临床
慢性咽炎,症状辨证证候,痰为火之标，火为痰之本,干祖望医生病例集,例二,现代临床
慢性咽炎,证候采用方剂,玉泉散,干祖望医生病例集,例二,现代临床
玉泉散,方剂组成药材,生地,干祖望医生病例集,例二,现代临床
玉泉散,方剂组成药材,木通,干祖望医生病例集,例二,现代临床
玉泉散,方剂组成药材,竹叶,干祖望医生病例集,例二,现代临床
玉泉散,方剂组成药材,天竺黄,干祖望医生病例集,例二,现代临床
玉泉散,方剂组成药材,灯心草,干祖望医生病例集,例二,现代临床
玉泉散,方剂组成药材,白茅根,干祖望医生病例集,例二,现代临床
玉泉散,方剂组成药材,桔梗,干祖望医生病例集,例二,现代临床
玉泉散,方剂组成药材,川贝母,干祖望医生病例集,例二,现代临床
玉泉散,方剂组成药材,瓜萎仁,干祖望医生病例集,例二,现代临床
生地,药材具有功效,清火,干祖望医生病例集,例二,现代临床
木通,药材具有功效,利水,干祖望医生病例集,例二,现代临床
竹叶,药材具有功效,清热,干祖望医生病例集,例二,现代临床
天竺黄,药材具有功效,化痰,干祖望医生病例集,例二,现代临床
灯心草,药材具有功效,利水,干祖望医生病例集,例二,现代临床
白茅根,药材具有功效,清热生津,干祖望医生病例集,例二,现代临床
桔梗,药材具有功效,化痰,干祖望医生病例集,例二,现代临床
川贝母,药材具有功效,清热化痰,干祖望医生病例集,例二,现代临床
瓜萎仁,药材具有功效,润肺化痰,干祖望医生病例集,例二,现代临床
慢性咽炎,名医经验总结,干祖望,干祖望医生病例集,例二,现代临床
慢性喉痹,疾病表现症状,喉如网油,干祖望医生病例集,例二,现代临床
慢性喉痹,疾病导致舌象,舌薄苔映黄,干祖望医生病例集,例二,现代临床
慢性喉痹,疾病导致脉象,脉实,干祖望医生病例集,例二,现代临床
慢性喉痹,证候采用方剂,黄苓3g山梔10g金银花10g青蒿10g佩兰10g蕾香10g菊花10g芦根30g白茅根10g玉泉散20g,干祖望医生病例集,例二,现代临床
慢性咽炎,疾病表现症状,喉头长期干涩不舒,干祖望医生病例集,例二,现代临床
慢性咽炎,疾病导致舌象,舌薄白苔,干祖望医生病例集,例二,现代临床
慢性咽炎,疾病导致脉象,脉细弦,干祖望医生病例集,例二,现代临床
慢性咽炎,证候采用方剂,桑白皮10g黄苓3g菊花10g竹叶10g藕节炭10g芦根30g丹皮6g赤芍6g茜草10g紫草10g,干祖望医生病例集,例二,现代临床
慢性咽炎,证候采用方剂,太子参10g山药10g百合10g沙参10g玄参10g白术6g茯苓10g石斛10g麦冬10g甘草3g,干祖望医生病例集,例二,现代临床
喉头异物感,疾病表现症状,喉头异物感已5个月,干祖望医生病例集,例二,现代临床
喉头异物感,症状伴随症状,口腔、咽喉干燥异常,干祖望医生病例集,例二,现代临床
喉头异物感,症状伴随症状,鼻子与齿龈出血,干祖望医生病例集,例二,现代临床
喉头异物感,症状伴随症状,入秋之后鼻孔中烧灼如冒火,干祖望医生病例集,例二,现代临床
喉头异物感,症状伴随症状,以喉头不舒而导致枕部为中心的头痛,干祖望医生病例集,例二,现代临床
喉头异物感,症状伴随症状,睡眠不佳,干祖望医生病例集,例二,现代临床
喉头异物感,疾病导致舌象,舌薄腻苔,干祖望医生病例集,例二,现代临床
喉头异物感,疾病导致脉象,脉平,干祖望医生病例集,例二,现代临床
喉头异物感,证候采用方剂,黄苓3g桑白皮10g金银花10g丹皮6g赤芍6g白茅根10g芦根30g玄参10g沙参10g麦冬10g,干祖望医生病例集,例二,现代临床
喉头异物感,证候采用方剂,桑白皮10g黄苓3g生地10g玄参10g路路通10g百合10g麦冬10g菖蒲3g北沙参10g菊花10g,干祖望医生病例集,例二,现代临床
急喉风,疾病表现症状,经常疼痛,干祖望医生病例集,例二,现代临床
急喉风,症状伴随症状,有些干与痰,干祖望医生病例集,例二,现代临床
急喉风,症状伴随症状,每次高峰时即有发烧,干祖望医生病例集,例二,现代临床
急喉风,疾病导致舌象,舌薄苔,干祖望医生病例集,例二,现代临床
急喉风,疾病导致脉象,脉平,干祖望医生病例集,例二,现代临床
急喉风,证候采用方剂,川黄柏3g知母10g黄苓3g金银花10g菊花10g芦根30g白茅根10g玄参10g桔梗6g甘中黄3g,干祖望医生病例集,例二,现代临床
急喉风,证候采用方剂,川黄柏3g知母10g黄苓3g生石膏30g金银花10g麦冬10g生地10g女贞子10g白茅根10g旱莲草10g甘中黄3g,干祖望医生病例集,例二,现代临床
胆囊炎,疾病表现症状,右胁针剌感,干祖望医生病例集,例二,现代临床
胆囊炎,症状伴随症状,咽痛已半年,干祖望医生病例集,例二,现代临床
胆囊炎,症状伴随症状,同时耳痛伴随,干祖望医生病例集,例二,现代临床
胆囊炎,疾病导致舌象,舌薄苔,干祖望医生病例集,例二,现代临床
胆囊炎,疾病导致脉象,脉小弦,干祖望医生病例集,例二,现代临床
胆囊炎,证候采用方剂,柴胡3g夏枯草10g菊花10g玄参10g蚤休10g延胡索10g,干祖望医生病例集,例二,现代临床
胆囊炎,证候采用方剂,白茅根10g芦根30g没药3g枳壳6g,干祖望医生病例集,例二,现代临床
胆囊炎,证候采用方剂,柴胡3g延胡索10g没药3g佛手5g天花粉10g玄参10g麦冬10g沙参10g桔梗6g甘草3g,干祖望医生病例集,例二,现代临床
胆囊炎,证候采用方剂,生地10g玄参10g麦冬10g沙参10g乌梅10g没药3g延胡索10g知母10g甘草3g陈香椽6g,干祖望医生病例集,例二,现代临床
胆囊炎,证候采用方剂,白术6g党参10g茯苓10g白扁豆10g山药10g沙参10g麦冬10g荆芥炭6g芦根30g玉竹10g,干祖望医生病例集,例二,现代临床
咽干,疾病导致舌象,舌薄苔,干祖望医生病例集,例二,现代临床
咽干,症状伴随症状,喉咽部告轻,干祖望医生病例集,例二,现代临床
咽干,症状伴随症状,鼻咽部加重,干祖望医生病例集,例二,现代临床
咽干,症状伴随症状,剧痛之下左耳作痒作痛,干祖望医生病例集,例二,现代临床
咽干,症状伴随症状,异物感明显改善,干祖望医生病例集,例二,现代临床
咽干,症状伴随症状,胱胀消失,干祖望医生病例集,例二,现代临床
咽干,症状伴随症状,嘈杂感,干祖望医生病例集,例二,现代临床
咽干,症状伴随症状,难解之大便稍感润滑一些,干祖望医生病例集,例二,现代临床
咽干,疾病导致脉象,脉平,干祖望医生病例集,例二,现代临床
咽病,疾病表现症状,痛及异物感,干祖望医生病例集,例二,现代临床
咽病,疾病表现症状,进食正常,干祖望医生病例集,例二,现代临床
咽病,疾病表现症状,痰多色白,干祖望医生病例集,例二,现代临床
咽病,疾病表现症状,口不干,干祖望医生病例集,例二,现代临床
咽病,疾病表现症状,疲乏受凉可以加重,干祖望医生病例集,例二,现代临床
咽病,疾病表现症状,常有盗汗,干祖望医生病例集,例二,现代临床
咽病,疾病导致舌象,舌薄白苔,干祖望医生病例集,例二,现代临床
咽病,疾病导致舌象,边有齿痕,干祖望医生病例集,例二,现代临床
咽病,疾病导致脉象,脉细,干祖望医生病例集,例二,现代临床
咽痛,疾病表现症状,痰中夹血,干祖望医生病例集,例二,现代临床
咽痛,疾病表现症状,多言之后局部有些痛,干祖望医生病例集,例二,现代临床
咽痛,疾病表现症状,吞咽唾沫时有些异物感,干祖望医生病例集,例二,现代临床
咽痛,疾病表现症状,且有痰潴积感,干祖望医生病例集,例二,现代临床
咽痛,疾病表现症状,大便干,干祖望医生病例集,例二,现代临床
咽痛,疾病导致舌象,舌薄苔,干祖望医生病例集,例二,现代临床
咽痛,疾病导致脉象,脉平,干祖望医生病例集,例二,现代临床
慢性咽炎,疾病表现症状,咽头疼痛,干祖望医生病例集,例二,现代临床
慢性咽炎,疾病表现症状,有烧灼感,干祖望医生病例集,例二,现代临床
慢性咽炎,疾病表现症状,干燥,干祖望医生病例集,例二,现代临床
慢性咽炎,疾病表现症状,痰多易豁,干祖望医生病例集,例二,现代临床
慢性咽炎,疾病表现症状,频频清嗓,干祖望医生病例集,例二,现代临床
慢性咽炎,症状伴随症状,在受凉、疲乏、多言、欠睡眠之下，倍加严重,干祖望医生病例集,例二,现代临床
慢性咽炎,疾病导致舌象,舌薄苔,干祖望医生病例集,例二,现代临床
慢性咽炎,疾病导致脉象,脉平,干祖望医生病例集,例二,现代临床
喉头毛涩,疾病表现症状,进辣饮酒即加重,干祖望医生病例集,例二,现代临床
喉头毛涩,疾病表现症状,近两个月渐添异物感,干祖望医生病例集,例二,现代临床
喉头毛涩,疾病表现症状,进食顺利,干祖望医生病例集,例二,现代临床
喉头毛涩,疾病表现症状,痰不多,干祖望医生病例集,例二,现代临床
喉头毛涩,疾病导致舌象,舌黄腻苔,干祖望医生病例集,例二,现代临床
喉头毛涩,疾病导致脉象,脉小涩,干祖望医生病例集,例二,现代临床
培土生金,证候采用方剂,白术6g党参10g茯荟10g白扁豆10g山药10g沙参10g麦冬10g荆芥炭6g芦根30g玉竹10g,干祖望医生病例集,例二,现代临床
清泻心火,证候采用方剂,生地H)g竹叶10g灯心草3g女贞子10g白茅根IOg芦根30g麦冬10g墨旱莲10g玄参l()g甘中黄3g,干祖望医生病例集,例二,现代临床
清肺凉营,证候采用方剂,生地10g桑白皮10g杏仁10g茜草10g紫草10g白茅根10g丹皮6g赤芍6g藕节炭2个,干祖望医生病例集,例二,现代临床
清火作先导,证候采用方剂,桑叶6g菊花10g金银花10g天竺黄6g连翘6g芦根30g白茅根10g太子参10g山药10g甘草3g,干祖望医生病例集,例二,现代临床
清心入手,证候采用方剂,根10g芦根30g金银花10g蚤休10g天竺黄6g甘草3g,干祖望医生病例集,例二,现代临床
芳香化浊，佐以清火,证候采用方剂,蕾香10g佩兰10g川黄柏3g知母10g竹叶10g木通3g苏梗10g车前草10g白茅根10g芦根30g,干祖望医生病例集,例二,现代临床
喉头毛涩,症状伴随症状,异物感,干祖望医生病例集,例二,现代临床
喉头毛涩,症状伴随症状,进食顺利,干祖望医生病例集,例二,现代临床
喉头毛涩,症状伴随症状,痰不多,干祖望医生病例集,例二,现代临床
喉头毛涩,疾病导致舌象,舌黄腻苔,干祖望医生病例集,例二,现代临床
喉头毛涩,疾病导致脉象,脉小涩,干祖望医生病例集,例二,现代临床
喉头毛涩,症状伴随症状,进辣饮酒即加重,干祖望医生病例集,例二,现代临床
喉头毛涩,症状伴随症状,近两个月渐添异物感,干祖望医生病例集,例二,现代临床
喉头毛涩,症状伴随症状,检查咽后壁污红，干涩无津,干祖望医生病例集,例二,现代临床
喉头毛涩,证候采用方剂,蕾香10g佩兰10g川黄柏3g知母10g竹叶10g木通3g苏梗10g车前草10g白茅根10g芦根30g,干祖望医生病例集,例二,现代临床
喉头毛涩,症状伴随症状,药进14剂，痞闷之感消失,干祖望医生病例集,例二,现代临床
喉头毛涩,症状伴随症状,喉头毛涩感消失,干祖望医生病例集,例二,现代临床
喉头毛涩,症状伴随症状,已能稍稍吃些辣物,干祖望医生病例集,例二,现代临床
喉头毛涩,症状伴随症状,异物感反而更明显起来,干祖望医生病例集,例二,现代临床
喉头毛涩,症状伴随症状,痰仍然不多,干祖望医生病例集,例二,现代临床
喉头毛涩,症状伴随症状,恣食之后，即有泛胃,干祖望医生病例集,例二,现代临床
喉头毛涩,症状伴随症状,检查咽后壁仍然少液而干,干祖望医生病例集,例二,现代临床
喉头毛涩,疾病导致舌象,舌苔白腻,干祖望医生病例集,例二,现代临床
喉头毛涩,疾病导致舌象,质胖有紫意,干祖望医生病例集,例二,现代临床
喉头毛涩,疾病导致脉象,脉平偏细,干祖望医生病例集,例二,现代临床
喉头毛涩,症状伴随症状,新添轻咳,干祖望医生病例集,例二,现代临床
喉头毛涩,症状伴随症状,咳前必痒,干祖望医生病例集,例二,现代临床
喉头毛涩,症状伴随症状,稍有喘息,干祖望医生病例集,例二,现代临床
喉头毛涩,症状伴随症状,自己感觉由于喝了两次酒导致,干祖望医生病例集,例二,现代临床
喉头毛涩,症状伴随症状,咽干求饮喜温,干祖望医生病例集,例二,现代临床
喉头毛涩,症状伴随症状,口腔中发腻不舒,干祖望医生病例集,例二,现代临床
喉头毛涩,证候采用方剂,荆芥炭6g麻黄3g杏仁10g玄参10g象贝母10g六曲10g陈皮6g苏子10g桔梗6g甘草3g,干祖望医生病例集,例二,现代临床
喉头毛涩,症状伴随症状,咽部有干燥与辣感,干祖望医生病例集,例二,现代临床
喉头毛涩,症状伴随症状,心烦意总,干祖望医生病例集,例二,现代临床
喉头毛涩,症状伴随症状,咽头一切不舒陡然加重,干祖望医生病例集,例二,现代临床
喉头毛涩,症状伴随症状,主症为干燥严重,干祖望医生病例集,例二,现代临床
喉头毛涩,症状伴随症状,狂饮喜热,干祖望医生病例集,例二,现代临床
喉头毛涩,症状伴随症状,伴以异物感似有稠痰附丽咽壁而难豁,干祖望医生病例集,例二,现代临床
喉头毛涩,症状伴随症状,偶然泛恶欲吐,干祖望医生病例集,例二,现代临床
喉头毛涩,症状伴随症状,胃部有胀感,干祖望医生病例集,例二,现代临床
喉头毛涩,疾病导致舌象,舌薄腻苔,干祖望医生病例集,例二,现代临床
喉头毛涩,疾病导致脉象,脉平,干祖望医生病例集,例二,现代临床
喉头毛涩,证候采用方剂,生地10g玄参10g沙参10g天竺黄6g蚤休10g竹茹10g金银花10g象贝母10g桔梗6g芦根30g甘草3g,干祖望医生病例集,例二,现代临床
喉头毛涩,症状伴随症状,咽头干燥有辣感及泛恶三者缓解,干祖望医生病例集,例二,现代临床
喉头毛涩,症状伴随症状,喉头附丽之痰似乎也有些改善,干祖望医生病例集,例二,现代临床
喉头毛涩,症状伴随症状,鮫介之感依然存在,干祖望医生病例集,例二,现代临床
喉头毛涩,症状伴随症状,胃部胀感改善无多,干祖望医生病例集,例二,现代临床
喉头毛涩,疾病导致舌象,舌薄苔,干祖望医生病例集,例二,现代临床
喉头毛涩,疾病导致舌象,质胖,干祖望医生病例集,例二,现代临床
喉头毛涩,疾病导致脉象,脉细弦,干祖望医生病例集,例二,现代临床
喉头毛涩,证候采用方剂,香附6g山梔10g六曲10g山楂10g川萼3g苏梗10g佛手6g枳壳6g乌药6g陈皮6g,干祖望医生病例集,例二,现代临床
喉头毛涩,症状伴随症状,喉头鲤介感未治而愈,干祖望医生病例集,例二,现代临床
喉头毛涩,症状伴随症状,感冒用抗生素而告痊,干祖望医生病例集,例二,现代临床
喉头毛涩,症状伴随症状,喉头干燥而难受,干祖望医生病例集,例二,现代临床
喉头毛涩,症状伴随症状,狂饮喜温水,干祖望医生病例集,例二,现代临床
喉头毛涩,症状伴随症状,伴有鳗介之感,干祖望医生病例集,例二,现代临床
喉头毛涩,症状伴随症状,而且异物感很明显,干祖望医生病例集,例二,现代临床
喉头毛涩,症状伴随症状,饮食正常,干祖望医生病例集,例二,现代临床
喉头毛涩,症状伴随症状,痰多而药后已少,干祖望医生病例集,例二,现代临床
喉头毛涩,症状伴随症状,在天气骤变、多言、疲乏之后倍形严重,干祖望医生病例集,例二,现代临床
喉头毛涩,症状伴随症状,有烧灼感,干祖望医生病例集,例二,现代临床
喉头毛涩,症状伴随症状,入冬畏寒,干祖望医生病例集,例二,现代临床
喉头毛涩,症状伴随症状,大便偏稀,干祖望医生病例集,例二,现代临床
喉头毛涩,症状伴随症状,腰酸,干祖望医生病例集,例二,现代临床
喉头毛涩,疾病导致舌象,舌薄苔,干祖望医生病例集,例二,现代临床
喉头毛涩,疾病导致舌象,质胖嫩,干祖望医生病例集,例二,现代临床
喉头毛涩,疾病导致舌象,有朱点,干祖望医生病例集,例二,现代临床
喉头毛涩,疾病导致脉象,脉细,干祖望医生病例集,例二,现代临床
喉头毛涩,证候采用方剂,太子参10g白术6g茯苓10g山药10g白扁豆10g生地10g白茅根10g竹叶10g麦冬10g狗脊10g,干祖望医生病例集,例二,现代临床
喉头毛涩,症状伴随症状,咽干为甚,干祖望医生病例集,例二,现代临床
喉头毛涩,症状伴随症状,鳗介仍有,干祖望医生病例集,例二,现代临床
喉头毛涩,疾病导致舌象,舌薄苔,干祖望医生病例集,例二,现代临床
喉头毛涩,疾病导致舌象,稍胖,干祖望医生病例集,例二,现代临床
喉头毛涩,疾病导致脉象,脉平,干祖望医生病例集,例二,现代临床
喉头毛涩,证候采用方剂,生地10g玄参10g山药10g白扁豆10g沙参10g白茅根10g芦根30g绿豆衣10g金银花10g桔梗6g龍香10g,干祖望医生病例集,例二,现代临床
喉头毛涩,症状伴随症状,痰已少而接近正常,干祖望医生病例集,例二,现代临床
喉头毛涩,症状伴随症状,烧灼感在声休后明显减轻,干祖望医生病例集,例二,现代临床
喉头毛涩,症状伴随症状,多讲之后仍有,干祖望医生病例集,例二,现代临床
喉头毛涩,症状伴随症状,干燥感似无改善,干祖望医生病例集,例二,现代临床
喉头毛涩,症状伴随症状,求饮喜凉,干祖望医生病例集,例二,现代临床
喉头毛涩,疾病导致舌象,舌薄苔,干祖望医生病例集,例二,现代临床
喉头毛涩,疾病导致舌象,质胖,干祖望医生病例集,例二,现代临床
喉头毛涩,疾病导致舌象,边有齿痕,干祖望医生病例集,例二,现代临床
喉头毛涩,疾病导致脉象,脉平偏细,干祖望医生病例集,例二,现代临床
喉头毛涩,证候采用方剂,党参10g白术6g茯苓10g白扁豆10g山药10g百合10g沙参10g麦冬10g玄参10g甘草3g,干祖望医生病例集,例二,现代临床
喉头毛涩,症状伴随症状,咽头干燥,干祖望医生病例集,例二,现代临床
喉头毛涩,症状伴随症状,严重时有烧灼感,干祖望医生病例集,例二,现代临床
喉头毛涩,症状伴随症状,如其安静休息及久不讲话则尚感舒服,干祖望医生病例集,例二,现代临床
喉头毛涩,症状伴随症状,一加劳累、多言则诸恙蠢然而出,干祖望医生病例集,例二,现代临床
喉头毛涩,疾病导致舌象,舌薄苔,干祖望医生病例集,例二,现代临床
喉头毛涩,疾病导致脉象,脉平偏细,干祖望医生病例集,例二,现代临床
喉头毛涩,证候采用方剂,黄茂10g党参10g白术6g茯苓10g山药10g百合10g玉竹10g石斛10g沙参10g甘草3g,干祖望医生病例集,例二,现代临床
喉头毛涩,症状伴随症状,干燥感显然缓解,干祖望医生病例集,例二,现代临床
喉头毛涩,症状伴随症状,烧灼感也有所减轻,干祖望医生病例集,例二,现代临床
喉头毛涩,症状伴随症状,咽头异物感有所抬头,干祖望医生病例集,例二,现代临床
喉头毛涩,症状伴随症状,而且呼吸时似乎气难上承,干祖望医生病例集,例二,现代临床
喉头毛涩,症状伴随症状,大便每天至少二圖,干祖望医生病例集,例二,现代临床
喉头毛涩,疾病导致舌象,舌薄白苔,干祖望医生病例集,例二,现代临床
喉头毛涩,疾病导致舌象,质嫩胖淡,干祖望医生病例集,例二,现代临床
喉头毛涩,疾病导致脉象,脉平偏细,干祖望医生病例集,例二,现代临床
喉头毛涩,证候采用方剂,党参10g白术6g茯苓10g白扁豆10g山药10g百合10g陈皮6g炒枳壳6g桔梗6g甘草3g,干祖望医生病例集,例二,现代临床
喉头毛涩,症状伴随症状,咽病8年,干祖望医生病例集,例二,现代临床
喉头毛涩,症状伴随症状,右喉头似被异物卡住,干祖望医生病例集,例二,现代临床
喉头毛涩,症状伴随症状,干燥饮水难解,干祖望医生病例集,例二,现代临床
喉头毛涩,症状伴随症状,阵痒频作,干祖望医生病例集,例二,现代临床
喉头毛涩,症状伴随症状,一痒即咳,干祖望医生病例集,例二,现代临床
喉头毛涩,症状伴随症状,有时鼻靦,干祖望医生病例集,例二,现代临床
喉头毛涩,症状伴随症状,上述诸证日趋严重,干祖望医生病例集,例二,现代临床
喉头毛涩,症状伴随症状,最后一次鼻血在前天,干祖望医生病例集,例二,现代临床
喉头毛涩,症状伴随症状,通气也差,干祖望医生病例集,例二,现代临床
喉头毛涩,症状伴随症状,多言即清涕滂沱,干祖望医生病例集,例二,现代临床
喉头毛涩,症状伴随症状,清嗓频频,干祖望医生病例集,例二,现代临床
喉头毛涩,疾病导致舌象,舌薄苔,干祖望医生病例集,例二,现代临床
喉头毛涩,疾病导致脉象,脉小弦,干祖望医生病例集,例二,现代临床
喉头毛涩,证候采用方剂,桑白皮10g黄苓3g金银花10g丹皮6g天花粉10g赤芍6g生地10g苏梗10g天竺黄6g乌梅6g,干祖望医生病例集,例二,现代临床
喉头毛涩,症状伴随症状,喉头鲤介之感已轻,干祖望医生病例集,例二,现代临床
喉头毛涩,症状伴随症状,有时已可以没有,干祖望医生病例集,例二,现代临床
喉头毛涩,症状伴随症状,干燥也已缓解,干祖望医生病例集,例二,现代临床
喉头毛涩,症状伴随症状,作痒已止,干祖望医生病例集,例二,现代临床
喉头毛涩,症状伴随症状,在此期间未见血飢,干祖望医生病例集,例二,现代临床
喉头毛涩,症状伴随症状,通气正常,干祖望医生病例集,例二,现代临床
喉头毛涩,症状伴随症状,多言而流涕者仍有一些,干祖望医生病例集,例二,现代临床
喉头毛涩,疾病导致舌象,舌薄苔,干祖望医生病例集,例二,现代临床
喉头毛涩,疾病导致脉象,脉细,干祖望医生病例集,例二,现代临床
喉头毛涩,证候采用方剂,桑白皮10g杏仁10g苏梗10g佛手5g天竺黄6g乌梅10g天花粉10g芦根30g象贝母10g桔梗6g,干祖望医生病例集,例二,现代临床
喉头毛涩,症状伴随症状,喉头鳗介又进一步减轻,干祖望医生病例集,例二,现代临床
喉头毛涩,症状伴随症状,但右侧较明显,干祖望医生病例集,例二,现代临床
喉头毛涩,症状伴随症状,干涩也又滋润一些,干祖望医生病例集,例二,现代临床
喉头毛涩,症状伴随症状,言多流涕症状消失,干祖望医生病例集,例二,现代临床
喉头毛涩,疾病导致舌象,舌薄苔,干祖望医生病例集,例二,现代临床
喉头毛涩,疾病导致脉象,脉细,干祖望医生病例集,例二,现代临床
喉头毛涩,证候采用方剂,原方,干祖望医生病例集,例二,现代临床
内火偏重,证候导致舌象,舌薄苔,干祖望医生病例集,例二,现代临床
内火偏重,证候导致脉象,脉细,干祖望医生病例集,例二,现代临床
慢性咽炎,疾病表现症状,咽头干涩,干祖望医生病例集,例二,现代临床
慢性咽炎,疾病表现症状,瘙痒,干祖望医生病例集,例二,现代临床
慢性咽炎,疾病表现症状,干咳,干祖望医生病例集,例二,现代临床
慢性咽炎,疾病表现症状,咳甚泛恶而不呕吐,干祖望医生病例集,例二,现代临床
慢性咽炎,疾病导致舌象,舌薄白腻苔,干祖望医生病例集,例二,现代临床
慢性咽炎,疾病导致脉象,脉细,干祖望医生病例集,例二,现代临床
慢性咽炎,症状伴随症状,胸闷痰不多,干祖望医生病例集,例二,现代临床
慢性咽炎,症状伴随症状,饮水求热,干祖望医生病例集,例二,现代临床
慢性咽炎,症状伴随症状,鼻腔里也干燥,干祖望医生病例集,例二,现代临床
慢性咽炎,症状伴随症状,过敏,干祖望医生病例集,例二,现代临床
慢性咽炎,症状伴随症状,有时作痒,干祖望医生病例集,例二,现代临床
慢性咽炎,证候采用方剂,太子参10g茯苓10g芦根30g白茅根10g白扁豆10g蚤休10g金银花10g玄参10g麦冬10g桔梗6g甘草3g,干祖望医生病例集,例二,现代临床
慢性咽炎,证候辨证,土脾失健，难出精微；心火内炽，助桀作傕,干祖望医生病例集,例二,现代临床
慢性咽炎,症状辨证证候,咽峡咽后壁小血管扩张网布,干祖望医生病例集,例二,现代临床
慢性咽炎,症状辨证证候,咽后壁充血,干祖望医生病例集,例二,现代临床
慢性咽炎,症状辨证证候,咽后壁淋巴滤泡散在性增生,干祖望医生病例集,例二,现代临床
慢性咽炎,症状辨证证候,大部分粘膜萎缩,干祖望医生病例集,例二,现代临床
慢性咽炎,症状辨证证候,污红严重,干祖望医生病例集,例二,现代临床
慢性咽炎,症状辨证证候,伴以充血,干祖望医生病例集,例二,现代临床
慢性咽炎,症状伴随症状,鼻痒依然而波及两耳,干祖望医生病例集,例二,现代临床
慢性咽炎,症状伴随症状,耳中作痒,干祖望医生病例集,例二,现代临床
慢性咽炎,症状伴随症状,咳嗽,干祖望医生病例集,例二,现代临床
慢性咽炎,症状伴随症状,胸闷稍有缓解,干祖望医生病例集,例二,现代临床
慢性咽炎,症状伴随症状,两耳道皮肤角化粗糙,干祖望医生病例集,例二,现代临床
慢性咽炎,证候采用方剂,党参10g白术6g茯苓10g白扁豆10g山药10g竹叶10g灯心草3g干地龙10g玄参10g甘草3g,干祖望医生病例集,例二,现代临床
慢性咽炎,证候采用方剂,加味黄连膏,干祖望医生病例集,例二,现代临床
慢性咽炎,症状伴随症状,咽痛,干祖望医生病例集,例二,现代临床
慢性咽炎,症状伴随症状,干燥善饮喜温,干祖望医生病例集,例二,现代临床
慢性咽炎,症状伴随症状,常作清,干祖望医生病例集,例二,现代临床
慢性咽炎,症状伴随症状,咽峡咽后壁小血管扩张网布,干祖望医生病例集,例二,现代临床
慢性咽炎,症状伴随症状,舌薄苔,干祖望医生病例集,例二,现代临床
慢性咽炎,症状伴随症状,中央剥脉小弦,干祖望医生病例集,例二,现代临床
慢性咽炎,证候采用方剂,生地10g竹叶10g木通3g灯心草3g连翘10g金银花10g玄参10g麦冬10g白茅根10g柏子仁10g,干祖望医生病例集,例二,现代临床
慢性咽炎,症状伴随症状,咽峡潮红减轻,干祖望医生病例集,例二,现代临床
慢性咽炎,症状伴随症状,舌薄苔,干祖望医生病例集,例二,现代临床
慢性咽炎,症状伴随症状,中央斑剥已不平滑,干祖望医生病例集,例二,现代临床
慢性咽炎,症状伴随症状,脉小弦,干祖望医生病例集,例二,现代临床
慢性咽炎,证候采用方剂,柏子仁10g莲子肉10g生地10g喩木通3g白茅根10g芦根30g麦冬10g玄参10g知母10g竹叶10g,干祖望医生病例集,例二,现代临床
慢性咽炎,症状伴随症状,咽峡及后壁还有轻微的充血,干祖望医生病例集,例二,现代临床
慢性咽炎,症状伴随症状,舌薄苔,干祖望医生病例集,例二,现代临床
慢性咽炎,症状伴随症状,脉平,干祖望医生病例集,例二,现代临床
慢性咽炎,证候采用方剂,桑叶6g菊花10g金银花10g薄荷5g连翘6g杏仁10g桔梗6g甘草3g板蓝根10g,干祖望医生病例集,例二,现代临床
慢性咽炎,症状伴随症状,咽峡轻度充血,干祖望医生病例集,例二,现代临床
慢性咽炎,症状伴随症状,舌薄映黄苔,干祖望医生病例集,例二,现代临床
慢性咽炎,症状伴随症状,脉平,干祖望医生病例集,例二,现代临床
慢性咽炎,症状伴随症状,咽痛已四五年之久,干祖望医生病例集,例二,现代临床
慢性咽炎,症状伴随症状,主症为干,干祖望医生病例集,例二,现代临床
慢性咽炎,症状伴随症状,狂饮求润,干祖望医生病例集,例二,现代临床
慢性咽炎,症状伴随症状,偏喜热饮,干祖望医生病例集,例二,现代临床
慢性咽炎,症状伴随症状,有痰而清嗓频频,干祖望医生病例集,例二,现代临床
慢性咽炎,症状伴随症状,作痒即咳,干祖望医生病例集,例二,现代临床
慢性咽炎,症状伴随症状,鼻病,干祖望医生病例集,例二,现代临床
慢性咽炎,症状伴随症状,感冒后导致不通气,干祖望医生病例集,例二,现代临床
慢性咽炎,症状伴随症状,右重左轻,干祖望医生病例集,例二,现代临床
慢性咽炎,症状伴随症状,交替而作,干祖望医生病例集,例二,现代临床
慢性咽炎,症状伴随症状,得暖及运动之后可以缓解一些,干祖望医生病例集,例二,现代临床
慢性咽炎,症状伴随症状,夜重于昼,干祖望医生病例集,例二,现代临床
慢性咽炎,症状伴随症状,有干燥感,干祖望医生病例集,例二,现代临床
慢性咽炎,症状伴随症状,換涕用力后有血夹在涕中,干祖望医生病例集,例二,现代临床
慢性咽炎,症状伴随症状,咽后壁淋巴滤泡极軽度增生,干祖望医生病例集,例二,现代临床
慢性咽炎,症状伴随症状,充血呈斑状,干祖望医生病例集,例二,现代临床
慢性咽炎,症状伴随症状,两侧索潮红,干祖望医生病例集,例二,现代临床
慢性咽炎,症状伴随症状,鼻中隔弯曲,干祖望医生病例集,例二,现代临床
慢性咽炎,症状伴随症状,左侧有嶠突,干祖望医生病例集,例二,现代临床
慢性咽炎,症状伴随症状,鼻下甲肥大,干祖望医生病例集,例二,现代临床
慢性咽炎,症状伴随症状,收缩右迟钝,干祖望医生病例集,例二,现代临床
慢性咽炎,症状伴随症状,左尚可,干祖望医生病例集,例二,现代临床
慢性咽炎,症状伴随症状,鼻咽部未见异常,干祖望医生病例集,例二,现代临床
慢性咽炎,症状伴随症状,舌薄黄苔,干祖望医生病例集,例二,现代临床
慢性咽炎,症状伴随症状,脉平,干祖望医生病例集,例二,现代临床
慢性咽炎,证候采用方剂,生地10g白茅根10g金银花10g天竺黄6g玄参10g川黄柏3g知母10g侧柏叶10g芦根30g天花粉10g丹皮6g,干祖望医生病例集,例二,现代临床
慢性咽炎,症状伴随症状,鼻咽部充血已淡,干祖望医生病例集,例二,现代临床
慢性咽炎,症状伴随症状,鼻腔同上诊,干祖望医生病例集,例二,现代临床
慢性咽炎,症状伴随症状,舌黄腻苔,干祖望医生病例集,例二,现代临床
慢性咽炎,症状伴随症状,脉平,干祖望医生病例集,例二,现代临床
慢性咽炎,症状伴随症状,咽喉奇干,干祖望医生病例集,例二,现代临床
慢性咽炎,症状伴随症状,疼痛,干祖望医生病例集,例二,现代临床
慢性咽炎,症状伴随症状,烧灼,干祖望医生病例集,例二,现代临床
慢性咽炎,症状伴随症状,发热,干祖望医生病例集,例二,现代临床
慢性咽炎,症状伴随症状,有辣感,干祖望医生病例集,例二,现代临床
慢性咽炎,症状伴随症状,频频清嗓求舒,干祖望医生病例集,例二,现代临床
慢性咽炎,症状伴随症状,胸膺发闷失畅,干祖望医生病例集,例二,现代临床
慢性咽炎,症状伴随症状,甚至泛泛然欲呕吐,干祖望医生病例集,例二,现代临床
慢性咽炎,症状伴随症状,经行两乳必痛,干祖望医生病例集,例二,现代临床
慢性咽炎,症状伴随症状,经净即宁,干祖望医生病例集,例二,现代临床
慢性咽炎,症状伴随症状,阴道作痒而多带,干祖望医生病例集,例二,现代临床
慢性咽炎,症状伴随症状,夜寐多梦,干祖望医生病例集,例二,现代临床
慢性咽炎,症状伴随症状,咽后壁淋巴滤泡增生,干祖望医生病例集,例二,现代临床
慢性咽炎,症状伴随症状,粘膜充血,干祖望医生病例集,例二,现代临床
慢性咽炎,症状伴随症状,小血管暴露扩张,干祖望医生病例集,例二,现代临床
慢性咽炎,症状伴随症状,舌薄黄苔,干祖望医生病例集,例二,现代临床
慢性咽炎,症状伴随症状,脉细弦,干祖望医生病例集,例二,现代临床
慢性咽炎,证候采用方剂,知母10g川黄柏3g生地10g玄参10g石斛10g黄苓3g玉竹10g天花粉10g芦根30g麦冬10g,干祖望医生病例集,例二,现代临床
慢性咽炎,疾病表现症状,咽喉奇干、疼痛、烧灼、发热且有辣感,干祖望医生病例集,例二,现代临床
慢性咽炎,症状伴随症状,频频清嗓求舒,干祖望医生病例集,例二,现代临床
慢性咽炎,症状伴随症状,胸膺发闷失畅,干祖望医生病例集,例二,现代临床
慢性咽炎,症状伴随症状,泛泛然欲呕吐,干祖望医生病例集,例二,现代临床
慢性咽炎,症状伴随症状,经行两乳必痛,干祖望医生病例集,例二,现代临床
慢性咽炎,症状伴随症状,阴道作痒而多带,干祖望医生病例集,例二,现代临床
慢性咽炎,症状伴随症状,夜寐多梦,干祖望医生病例集,例二,现代临床
慢性咽炎,疾病导致舌象,舌薄黄苔,干祖望医生病例集,例二,现代临床
慢性咽炎,疾病导致脉象,脉细弦,干祖望医生病例集,例二,现代临床
木火刑金,证候导致舌象,舌薄黄苔,干祖望医生病例集,例二,现代临床
木火刑金,证候导致脉象,脉细弦,干祖望医生病例集,例二,现代临床
木火刑金,症状辨证证候,咽喉干燥、疼痛,干祖望医生病例集,例二,现代临床
木火刑金,症状辨证证候,烧灼而内焚,干祖望医生病例集,例二,现代临床
木火刑金,症状辨证证候,乳房獴块而经来必痛,干祖望医生病例集,例二,现代临床
木火刑金,症状辨证证候,带下而阴痒,干祖望医生病例集,例二,现代临床
木火刑金,证候采用方剂,柴胡3g白芍6g胆草3g夏枯草10g川楝子10g橘叶10g延胡6g白鲜皮10g菊花10g墓头回10g,干祖望医生病例集,例二,现代临床
肝旺木火侮土,证候导致舌象,舌薄苔,干祖望医生病例集,例二,现代临床
肝旺木火侮土,证候导致脉象,脉细弦,干祖望医生病例集,例二,现代临床
肝旺木火侮土,症状辨证证候,咽头异物感,干祖望医生病例集,例二,现代临床
肝旺木火侮土,症状辨证证候,善于呃逆及暧气,干祖望医生病例集,例二,现代临床
肝旺木火侮土,症状辨证证候,喉部不舒,干祖望医生病例集,例二,现代临床
肝旺木火侮土,症状辨证证候,干咳,干祖望医生病例集,例二,现代临床
肝旺木火侮土,证候采用方剂,左金丸3g柴胡3g白芍6g苏子10g天竺黄6g苏梗10g橘叶10g佛手5g焦山楂10g六曲10g,干祖望医生病例集,例二,现代临床
肝旺脾虚,证候导致舌象,舌薄苔,干祖望医生病例集,例二,现代临床
肝旺脾虚,证候导致脉象,脉平,干祖望医生病例集,例二,现代临床
肝旺脾虚,症状辨证证候,咽部稠痰潴积,干祖望医生病例集,例二,现代临床
肝旺脾虚,症状辨证证候,胸闷不畅,干祖望医生病例集,例二,现代临床
肝旺脾虚,症状辨证证候,肠功能紊乱,干祖望医生病例集,例二,现代临床
肝旺脾虚,证候采用方剂,柴胡3g白芍6g菊花10g丹皮6g白术6g茯苓10g六曲10g太子参10g枳壳6g甘草3g,干祖望医生病例集,例二,现代临床
肝木侮土,证候导致舌象,舌薄苔,干祖望医生病例集,例二,现代临床
肝木侮土,证候导致脉象,脉细,干祖望医生病例集,例二,现代临床
肝木侮土,症状辨证证候,咽部觉有肿、胀及异物感,干祖望医生病例集,例二,现代临床
肝木侮土,症状辨证证候,口唇经常脱皮,干祖望医生病例集,例二,现代临床
肝木侮土,症状辨证证候,刷牙时泛恶,干祖望医生病例集,例二,现代临床
肝木侮土,证候采用方剂,甘草3g小麦12g大枣5枚生地10g玄参10g麦冬10g沙参10g金银花10g芦根30g桔梗6g,干祖望医生病例集,例二,现代临床
咽喉神经官能症,疾病导致舌象,舌薄苔,干祖望医生病例集,例二,现代临床
咽喉神经官能症,疾病导致脉象,脉细,干祖望医生病例集,例二,现代临床
咽喉神经官能症,证候采用方剂,甘麦大枣汤,干祖望医生病例集,例二,现代临床
甘麦大枣汤,方剂组成药材,甘草,干祖望医生病例集,例二,现代临床
甘麦大枣汤,方剂组成药材,小麦,干祖望医生病例集,例二,现代临床
甘麦大枣汤,方剂组成药材,大枣,干祖望医生病例集,例二,现代临床
扁桃体炎,疾病表现症状,喉痛,干祖望医生病例集,例二,现代临床
扁桃体炎,疾病表现症状,发烧,干祖望医生病例集,例二,现代临床
扁桃体炎,疾病表现症状,拒食,干祖望医生病例集,例二,现代临床
扁桃体炎,疾病导致舌象,舌薄黄苔,干祖望医生病例集,例二,现代临床
扁桃体炎,疾病导致脉象,脉数大,干祖望医生病例集,例二,现代临床
化脓性扁桃体炎,疾病表现症状,喉痛,干祖望医生病例集,例二,现代临床
化脓性扁桃体炎,疾病表现症状,高烧,干祖望医生病例集,例二,现代临床
化脓性扁桃体炎,疾病导致舌象,舌薄苔,干祖望医生病例集,例二,现代临床
化脓性扁桃体炎,疾病导致脉象,脉弦,干祖望医生病例集,例二,现代临床
慢性扁桃腺炎,疾病表现症状,扁桃体一直肿胀,干祖望医生病例集,例二,现代临床
慢性扁桃腺炎,疾病表现症状,感冒受凉引起急性发作,干祖望医生病例集,例二,现代临床
慢性扁桃腺炎,疾病导致舌象,舌薄苔,干祖望医生病例集,例二,现代临床
慢性扁桃腺炎,疾病导致脉象,脉弱,干祖望医生病例集,例二,现代临床
增殖体肥大症,疾病表现症状,鼻塞不通,干祖望医生病例集,例二,现代临床
增殖体肥大症,疾病表现症状,夜寐鼾声如雷,干祖望医生病例集,例二,现代临床
增殖体肥大症,疾病表现症状,失嗅,干祖望医生病例集,例二,现代临床
增殖体肥大症,疾病导致舌象,舌薄苔,干祖望医生病例集,例二,现代临床
扁桃体周围脓肿,疾病表现症状,咽部疼痛,干祖望医生病例集,例二,现代临床
扁桃体周围脓肿,疾病表现症状,发烧,干祖望医生病例集,例二,现代临床
扁桃体周围脓肿,疾病导致舌象,舌黄腻苔,干祖望医生病例集,例二,现代临床
扁桃体周围脓肿,疾病导致脉象,脉弦数,干祖望医生病例集,例二,现代临床
喉风余孽,疾病表现症状,发烧,干祖望医生病例集,例二,现代临床
喉风余孽,疾病表现症状,疼痛如雀啄,干祖望医生病例集,例二,现代临床
喉风余孽,疾病表现症状,吞咽、言语不方便,干祖望医生病例集,例二,现代临床
喉风余孽,疾病导致舌象,舌黄腻苔,干祖望医生病例集,例二,现代临床
喉风余孽,疾病导致脉象,脉弦数,干祖望医生病例集,例二,现代临床
咽峡病,疾病表现症状,疼痛减轻明显,干祖望医生病例集,例二,现代临床
咽峡病,疾病表现症状,局部作胀缓解,干祖望医生病例集,例二,现代临床
咽峡病,疾病表现症状,讲话进食已方便许多,干祖望医生病例集,例二,现代临床
咽峡病,疾病表现症状,大便已解,干祖望医生病例集,例二,现代临床
咽峡病,疾病表现症状,寒热已没有,干祖望医生病例集,例二,现代临床
咽峡病,疾病导致舌象,舌薄苔,干祖望医生病例集,例二,现代临床
咽峡病,疾病导致脉象,脉大,干祖望医生病例集,例二,现代临床
咽科病,疾病表现症状,局部疼痛,干祖望医生病例集,例二,现代临床
咽科病,疾病表现症状,有烧而不高,干祖望医生病例集,例二,现代临床
咽科病,疾病表现症状,呼吸及吞咽时有些妨碍,干祖望医生病例集,例二,现代临床
咽科病,疾病导致舌象,舌薄苔,干祖望医生病例集,例二,现代临床
咽科病,疾病导致脉象,脉弦,干祖望医生病例集,例二,现代临床
扁桃体周围脓肿,疾病表现症状,疼痛减轻,干祖望医生病例集,例二,现代临床
扁桃体周围脓肿,疾病表现症状,僵硬变软,干祖望医生病例集,例二,现代临床
扁桃体周围脓肿,疾病表现症状,吞咽妨碍改善,干祖望医生病例集,例二,现代临床
扁桃体周围脓肿,疾病表现症状,舌尖痛,干祖望医生病例集,例二,现代临床
扁桃体周围脓肿,疾病表现症状,环唇燥痛,干祖望医生病例集,例二,现代临床
扁桃体周围脓肿,疾病导致舌象,舌薄苔,干祖望医生病例集,例二,现代临床
扁桃体周围脓肿,疾病导致脉象,脉细弦,干祖望医生病例集,例二,现代临床
急性会厌炎,疾病表现症状,咽喉疼痛,干祖望医生病例集,例二,现代临床
急性会厌炎,疾病表现症状,肿胀加重,干祖望医生病例集,例二,现代临床
急性会厌炎,疾病表现症状,涎多,干祖望医生病例集,例二,现代临床
急性会厌炎,疾病表现症状,饮食、呼吸有些妨碍,干祖望医生病例集,例二,现代临床
急性会厌炎,疾病表现症状,头痛,干祖望医生病例集,例二,现代临床
急性会厌炎,疾病表现症状,轻微的寒热,干祖望医生病例集,例二,现代临床
急性会厌炎,疾病导致舌象,舌薄苔映黄,干祖望医生病例集,例二,现代临床
急性会厌炎,疾病导致脉象,脉细,干祖望医生病例集,例二,现代临床
仙方活命饮,证候采用方剂,喉风余孽,干祖望医生病例集,例二,现代临床
仙方活命饮,方剂组成药材,防风,干祖望医生病例集,例二,现代临床
仙方活命饮,方剂组成药材,白芷,干祖望医生病例集,例二,现代临床
仙方活命饮,方剂组成药材,银花,干祖望医生病例集,例二,现代临床
仙方活命饮,方剂组成药材,大贝,干祖望医生病例集,例二,现代临床
仙方活命饮,方剂组成药材,归尾,干祖望医生病例集,例二,现代临床
仙方活命饮,方剂组成药材,赤芍,干祖望医生病例集,例二,现代临床
仙方活命饮,方剂组成药材,陈皮,干祖望医生病例集,例二,现代临床
仙方活命饮,方剂组成药材,花粉,干祖望医生病例集,例二,现代临床
仙方活命饮,方剂组成药材,角针,干祖望医生病例集,例二,现代临床
仙方活命饮,方剂组成药材,甘草,干祖望医生病例集,例二,现代临床
银花,药材具有功效,疏风清热,干祖望医生病例集,例二,现代临床
白芷,药材具有功效,疏风清热,干祖望医生病例集,例二,现代临床
天花粉,药材具有功效,疏风清热,干祖望医生病例集,例二,现代临床
归尾,药材具有功效,疏风清热,干祖望医生病例集,例二,现代临床
赤芍,药材具有功效,疏风清热,干祖望医生病例集,例二,现代临床
山甲,药材具有功效,疏风清热,干祖望医生病例集,例二,现代临床
大贝母,药材具有功效,疏风清热,干祖望医生病例集,例二,现代临床
没药,药材具有功效,疏风清热,干祖望医生病例集,例二,现代临床
芦根,药材具有功效,疏风清热,干祖望医生病例集,例二,现代临床
桔梗,药材具有功效,疏风清热,干祖望医生病例集,例二,现代临床
甘草,药材具有功效,疏风清热,干祖望医生病例集,例二,现代临床
干祖望,名医经验总结,仙方活命饮治疗扁桃体周围囊肿,干祖望医生病例集,例二,现代临床
会厌炎,疾病表现症状,咽喉疼痛,干祖望医生病例集,例二,现代临床
会厌炎,疾病表现症状,肿胀,干祖望医生病例集,例二,现代临床
会厌炎,疾病表现症状,涎多,干祖望医生病例集,例二,现代临床
会厌炎,疾病表现症状,头痛,干祖望医生病例集,例二,现代临床
会厌炎,疾病表现症状,寒热,干祖望医生病例集,例二,现代临床
会厌炎,疾病导致舌象,舌薄苔映黄,干祖望医生病例集,例二,现代临床
会厌炎,疾病导致脉象,脉细,干祖望医生病例集,例二,现代临床
急性会厌炎,证候导致舌象,舌薄苔映黄,干祖望医生病例集,例二,现代临床
急性会厌炎,证候导致脉象,脉细,干祖望医生病例集,例二,现代临床
急性会厌炎,证候采用方剂,六味汤合黄连解毒汤,干祖望医生病例集,例二,现代临床
六味汤合黄连解毒汤,方剂组成药材,川黄连,干祖望医生病例集,例二,现代临床
六味汤合黄连解毒汤,方剂组成药材,黄苓,干祖望医生病例集,例二,现代临床
六味汤合黄连解毒汤,方剂组成药材,荆芥,干祖望医生病例集,例二,现代临床
六味汤合黄连解毒汤,方剂组成药材,防风,干祖望医生病例集,例二,现代临床
六味汤合黄连解毒汤,方剂组成药材,僵蚕,干祖望医生病例集,例二,现代临床
六味汤合黄连解毒汤,方剂组成药材,桔梗,干祖望医生病例集,例二,现代临床
六味汤合黄连解毒汤,方剂组成药材,金银花,干祖望医生病例集,例二,现代临床
六味汤合黄连解毒汤,方剂组成药材,菊花,干祖望医生病例集,例二,现代临床
六味汤合黄连解毒汤,方剂组成药材,天竺黄,干祖望医生病例集,例二,现代临床
六味汤合黄连解毒汤,方剂组成药材,甘草,干祖望医生病例集,例二,现代临床
川黄连,药材具有功效,清热解毒,干祖望医生病例集,例二,现代临床
咽喉神经官能症,疾病表现症状,喉头异物感,干祖望医生病例集,例二,现代临床
咽喉神经官能症,疾病表现症状,咽干,干祖望医生病例集,例二,现代临床
咽喉神经官能症,疾病表现症状,低烧,干祖望医生病例集,例二,现代临床
咽喉神经官能症,疾病表现症状,腰酸,干祖望医生病例集,例二,现代临床
咽喉神经官能症,疾病表现症状,胸膺痞闷,干祖望医生病例集,例二,现代临床
咽喉神经官能症,疾病表现症状,老年性失眠,干祖望医生病例集,例二,现代临床
咽喉神经官能症,疾病导致舌象,舌薄苔,干祖望医生病例集,例二,现代临床
咽喉神经官能症,疾病导致脉象,脉弦,干祖望医生病例集,例二,现代临床
咽喉神经官能症,证候采用方剂,柴胡疏肝散,干祖望医生病例集,例二,现代临床
柴胡疏肝散,方剂组成药材,柴胡,干祖望医生病例集,例二,现代临床
柴胡疏肝散,方剂组成药材,青皮,干祖望医生病例集,例二,现代临床
柴胡疏肝散,方剂组成药材,陈香椽,干祖望医生病例集,例二,现代临床
柴胡疏肝散,方剂组成药材,香附,干祖望医生病例集,例二,现代临床
柴胡疏肝散,方剂组成药材,六曲,干祖望医生病例集,例二,现代临床
柴胡疏肝散,方剂组成药材,苏梗,干祖望医生病例集,例二,现代临床
柴胡疏肝散,方剂组成药材,仙鹤草,干祖望医生病例集,例二,现代临床
柴胡疏肝散,方剂组成药材,甘草,干祖望医生病例集,例二,现代临床
柴胡疏肝散,方剂组成药材,小麦,干祖望医生病例集,例二,现代临床
柴胡疏肝散,方剂组成药材,大枣,干祖望医生病例集,例二,现代临床
柴胡疏肝散,方剂组成药材,合欢皮,干祖望医生病例集,例二,现代临床
柴胡,药材具有功效,疏肝解郁,干祖望医生病例集,例二,现代临床
刘某,临床验证理论,梅核气,干祖望医生病例集,例二,现代临床
梅核气,疾病表现症状,喉头异物感,干祖望医生病例集,例二,现代临床
梅核气,疾病表现症状,痰多,干祖望医生病例集,例二,现代临床
梅核气,疾病表现症状,满口粘糊,干祖望医生病例集,例二,现代临床
梅核气,疾病表现症状,干燥求饮喜冷水,干祖望医生病例集,例二,现代临床
梅核气,疾病表现症状,大便干结,干祖望医生病例集,例二,现代临床
梅核气,疾病导致舌象,舌薄白苔,干祖望医生病例集,例二,现代临床
梅核气,疾病导致舌象,舌体胖,干祖望医生病例集,例二,现代临床
梅核气,疾病导致脉象,脉细,干祖望医生病例集,例二,现代临床
梅核气,证候采用方剂,越鞠丸,干祖望医生病例集,例二,现代临床
越鞠丸,方剂组成药材,香附,干祖望医生病例集,例二,现代临床
越鞠丸,方剂组成药材,荏术,干祖望医生病例集,例二,现代临床
越鞠丸,方剂组成药材,川萼,干祖望医生病例集,例二,现代临床
越鞠丸,方剂组成药材,六曲,干祖望医生病例集,例二,现代临床
越鞠丸,方剂组成药材,苏梗,干祖望医生病例集,例二,现代临床
越鞠丸,方剂组成药材,山楂,干祖望医生病例集,例二,现代临床
越鞠丸,方剂组成药材,佛手,干祖望医生病例集,例二,现代临床
越鞠丸,方剂组成药材,陈皮,干祖望医生病例集,例二,现代临床
越鞠丸,方剂组成药材,瓜萎仁,干祖望医生病例集,例二,现代临床
越鞠丸,方剂组成药材,柏子仁,干祖望医生病例集,例二,现代临床
香附,药材具有功效,理气化痰,干祖望医生病例集,例二,现代临床
喉头有痰样物附丽不舒,疾病表现症状,纳食时不舒服,干祖望医生病例集,例二,现代临床
喉头有痰样物附丽不舒,疾病表现症状,冬重夏轻,干祖望医生病例集,例二,现代临床
喉头有痰样物附丽不舒,疾病导致舌象,舌薄白苔,干祖望医生病例集,例二,现代临床
喉头有痰样物附丽不舒,疾病导致脉象,脉平,干祖望医生病例集,例二,现代临床
咽后壁淋巴滤泡轻度增生,疾病表现症状,污红,干祖望医生病例集,例二,现代临床
咽后壁淋巴滤泡轻度增生,症状伴随症状,会厌溪两侧有囊肿,干祖望医生病例集,例二,现代临床
喉部肿物,证候导致舌象,舌薄白苔,干祖望医生病例集,例二,现代临床
喉部肿物,证候导致脉象,脉平,干祖望医生病例集,例二,现代临床
喉头痰样物附丽,症状伴随症状,纳食时竣介感变化不大,干祖望医生病例集,例二,现代临床
喉头痰样物附丽,症状伴随症状,下槽牙齿疼胀,干祖望医生病例集,例二,现代临床
喉头痰样物附丽,症状伴随症状,左侧痛,干祖望医生病例集,例二,现代临床
喉头痰样物附丽,疾病导致舌象,舌薄苔,干祖望医生病例集,例二,现代临床
喉头痰样物附丽,疾病导致脉象,脉细,干祖望医生病例集,例二,现代临床
咽后壁充血,症状伴随症状,会厌溪中囊肿仍然,干祖望医生病例集,例二,现代临床
喉头痰样物附丽,症状伴随症状,一遇寒凉，诸恙又卷土重来,干祖望医生病例集,例二,现代临床
喉头痰样物附丽,症状伴随症状,左侧牙痛已止,干祖望医生病例集,例二,现代临床
喉头痰样物附丽,症状伴随症状,稍有酸、麻、胀感,干祖望医生病例集,例二,现代临床
喉头痰样物附丽,疾病导致舌象,舌薄苔,干祖望医生病例集,例二,现代临床
喉头痰样物附丽,疾病导致脉象,脉细,干祖望医生病例集,例二,现代临床
喉头堵塞感,疾病表现症状,言语一多即有异物向上升起的感觉,干祖望医生病例集,例二,现代临床
喉头堵塞感,症状伴随症状,无疼痛,干祖望医生病例集,例二,现代临床
喉头堵塞感,症状伴随症状,纳食顺利,干祖望医生病例集,例二,现代临床
喉头堵塞感,症状伴随症状,大口吞咽则有些阻隔感,干祖望医生病例集,例二,现代临床
喉头堵塞感,症状伴随症状,胸闷时作时休,干祖望医生病例集,例二,现代临床
喉头堵塞感,症状伴随症状,肩、胛、胸等处有游走性疼痛,干祖望医生病例集,例二,现代临床
喉头堵塞感,疾病导致舌象,舌薄苔,干祖望医生病例集,例二,现代临床
喉头堵塞感,疾病导致脉象,脉有弦意,干祖望医生病例集,例二,现代临床
喉头及鼻咽部异物感,疾病表现症状,逆吸或清嗓后有成块粘痰咯出,干祖望医生病例集,例二,现代临床
喉头及鼻咽部异物感,症状伴随症状,咯出后可以苟安一时,干祖望医生病例集,例二,现代临床
喉头及鼻咽部异物感,疾病导致舌象,舌薄苔，有朱点,干祖望医生病例集,例二,现代临床
喉头及鼻咽部异物感,疾病导致脉象,脉细,干祖望医生病例集,例二,现代临床
喉头异物感,症状伴随症状,左咽又作阻塞,干祖望医生病例集,例二,现代临床
喉头异物感,症状伴随症状,左颈作酸及牵制感,干祖望医生病例集,例二,现代临床
喉头异物感,症状伴随症状,风吹之后，左侧头面不舒作痛,干祖望医生病例集,例二,现代临床
喉头异物感,症状伴随症状,痰多似乎也在左侧,干祖望医生病例集,例二,现代临床
喉头异物感,疾病导致舌象,舌薄苔,干祖望医生病例集,例二,现代临床
喉头异物感,疾病导致脉象,脉细有缓意,干祖望医生病例集,例二,现代临床
越鞠丸,证候采用方剂,气滞痰生,干祖望医生病例集,例二,现代临床
越鞠丸,方剂组成药材,香附,干祖望医生病例集,例二,现代临床
越鞠丸,方剂组成药材,白术,干祖望医生病例集,例二,现代临床
越鞠丸,方剂组成药材,川萼,干祖望医生病例集,例二,现代临床
越鞠丸,方剂组成药材,天竺黄,干祖望医生病例集,例二,现代临床
越鞠丸,方剂组成药材,山梔,干祖望医生病例集,例二,现代临床
越鞠丸,方剂组成药材,六曲,干祖望医生病例集,例二,现代临床
越鞠丸,方剂组成药材,苏梗,干祖望医生病例集,例二,现代临床
越鞠丸,方剂组成药材,莱殖子,干祖望医生病例集,例二,现代临床
越鞠丸,方剂组成药材,麦冬,干祖望医生病例集,例二,现代临床
越鞠丸,方剂组成药材,白芥子,干祖望医生病例集,例二,现代临床
香附,药材具有功效,疏肝解郁,干祖望医生病例集,例二,现代临床
白术,药材具有功效,健脾化痰,干祖望医生病例集,例二,现代临床
川萼,药材具有功效,理气化痰,干祖望医生病例集,例二,现代临床
天竺黄,药材具有功效,清热化痰,干祖望医生病例集,例二,现代临床
越鞠加逍遥,证候采用方剂,六郁之证,干祖望医生病例集,例二,现代临床
越鞠加逍遥,方剂组成药材,柴胡,干祖望医生病例集,例二,现代临床
越鞠加逍遥,方剂组成药材,白芍,干祖望医生病例集,例二,现代临床
越鞠加逍遥,方剂组成药材,乌药,干祖望医生病例集,例二,现代临床
越鞠加逍遥,方剂组成药材,香附,干祖望医生病例集,例二,现代临床
越鞠加逍遥,方剂组成药材,川萼,干祖望医生病例集,例二,现代临床
越鞠加逍遥,方剂组成药材,山楂,干祖望医生病例集,例二,现代临床
越鞠加逍遥,方剂组成药材,六曲,干祖望医生病例集,例二,现代临床
越鞠加逍遥,方剂组成药材,山梔,干祖望医生病例集,例二,现代临床
越鞠加逍遥,方剂组成药材,枳壳,干祖望医生病例集,例二,现代临床
越鞠加逍遥,方剂组成药材,佛手,干祖望医生病例集,例二,现代临床
柴胡,药材具有功效,疏肝解郁,干祖望医生病例集,例二,现代临床
白芍,药材具有功效,养血柔肝,干祖望医生病例集,例二,现代临床
乌药,药材具有功效,行气止痛,干祖望医生病例集,例二,现代临床
四七汤,证候采用方剂,痰气相凝,干祖望医生病例集,例二,现代临床
逍遥散,证候采用方剂,治肝气,干祖望医生病例集,例二,现代临床
甘麦大枣汤,证候采用方剂,治肝急脏躁,干祖望医生病例集,例二,现代临床
增液汤,证候采用方剂,咽喉部粘膜干燥少液,干祖望医生病例集,例二,现代临床
增液汤,方剂组成药材,元参,干祖望医生病例集,例二,现代临床
增液汤,方剂组成药材,麦芽,干祖望医生病例集,例二,现代临床
增液汤,方剂组成药材,天竺黄,干祖望医生病例集,例二,现代临床
元参,药材具有功效,清火润咽,干祖望医生病例集,例二,现代临床
麦芽,药材具有功效,培土生金,干祖望医生病例集,例二,现代临床
名医经验总结,归属于经典,干祖望耳鼻喉科医案选粹,干祖望医生病例集,例二,现代临床
梅核气,症状辨证证候,痰气郁结,干祖望医生病例集,例二,现代临床
梅核气,症状辨证证候,肝气,干祖望医生病例集,例二,现代临床
梅核气,症状辨证证候,阴气不足,干祖望医生病例集,例二,现代临床
梅核气,症状辨证证候,阴阳之气结,干祖望医生病例集,例二,现代临床
梅核气,症状辨证证候,心理因素,干祖望医生病例集,例二,现代临床
喉风,疾病表现症状,声音嘶哑,干祖望医生病例集,例二,现代临床
喉风,症状伴随症状,寒热,干祖望医生病例集,例二,现代临床
喉风,症状伴随症状,多痰,干祖望医生病例集,例二,现代临床
喉风,症状伴随症状,烦躁,干祖望医生病例集,例二,现代临床
喉风,症状伴随症状,不进食,干祖望医生病例集,例二,现代临床
喉风,症状伴随症状,不大便,干祖望医生病例集,例二,现代临床
喉风,症状伴随症状,小便少而赤,干祖望医生病例集,例二,现代临床
急性喉炎,疾病导致舌象,舌薄腻苔,干祖望医生病例集,例二,现代临床
急性喉炎,疾病导致脉象,脉沉而不驯,干祖望医生病例集,例二,现代临床
急性喉炎,证候导致舌象,舌薄苔,干祖望医生病例集,例二,现代临床
急性喉炎,症状辨证证候,时邪束伏于太阴经,干祖望医生病例集,例二,现代临床
急性喉炎,证候采用方剂,蝉衣、射干、甘草、薄荷、桂枝,干祖望医生病例集,例二,现代临床
慢性喉炎,疾病表现症状,咽痛声音嘶哑,干祖望医生病例集,例二,现代临床
慢性喉炎,症状伴随症状,右腹股沟斜疝修补术后,干祖望医生病例集,例二,现代临床
慢性喉炎,症状伴随症状,右上腹癌术后,干祖望医生病例集,例二,现代临床
慢性喉炎,症状伴随症状,慢性支气管炎,干祖望医生病例集,例二,现代临床
干祖望,名医经验总结,通过四诊，加上现代化设备检查，把得到的第一手资料，用中医外科学来捕捉证，来完整了一个理，然后法、方、药追随，规规矩矩完成了这一套中医治疗手段,干祖望医生病例集,例二,现代临床
急性喉炎,归属于经典,中医喉风范畴,干祖望医生病例集,例二,现代临床
小儿,疾病表现症状,风热、胃热、肺热、痰热,干祖望医生病例集,例二,现代临床
慢性喉炎,症状伴随症状,咽痛声音嘶哑,干祖望医生病例集,例二,现代临床
慢性喉炎,疾病导致舌象,舌少苔,干祖望医生病例集,例二,现代临床
慢性喉炎,疾病导致脉象,脉细弦,干祖望医生病例集,例二,现代临床
庞某,临床验证理论,慢性喉炎,干祖望医生病例集,例二,现代临床
章某,症状伴随症状,喉头干涩、紧迫感,干祖望医生病例集,例二,现代临床
章某,疾病导致舌象,舌薄苔映黄,干祖望医生病例集,例二,现代临床
章某,疾病导致脉象,脉实有力,干祖望医生病例集,例二,现代临床
章某,临床验证理论,慢性喉炎,干祖望医生病例集,例二,现代临床
任某,临床验证理论,慢性喉炎,干祖望医生病例集,例二,现代临床
郭某,临床验证理论,慢性喉炎,干祖望医生病例集,例二,现代临床
慢性喉炎,证候采用方剂,党参、紫河车、三棱、莪术、当归尾、天竺黄、赤芍、蚤休、川贝母、石上柏,干祖望医生病例集,例二,现代临床
慢性喉炎,证候采用方剂,三棱、莪术、鳖甲、山甲、柴胡、乳香、没药、昆布、海藻、落得打,干祖望医生病例集,例二,现代临床
慢性喉炎,证候采用方剂,三棱、莪术、山甲片、鳖甲、昆布、海藻、爆瓦楞、桃仁、赤芍、桔梗,干祖望医生病例集,例二,现代临床
慢性喉炎,证候采用方剂,当归尾、赤芍、丹皮、半枝莲、金银花、地丁、桔梗、落得打、桃仁,干祖望医生病例集,例二,现代临床
慢性喉炎,证候采用方剂,当归尾、赤芍、穿心莲、桃仁、泽兰、桔梗、天竺黄、大贝母、落得打、黛蛤散,干祖望医生病例集,例二,现代临床
慢性喉炎,证候采用方剂,当归尾、赤芍、桃仁、天竺黄、金银花、蚤休、白茅根、芦根、知母、玄参,干祖望医生病例集,例二,现代临床
慢性喉炎,方剂组成药材,参三七片、二至丸,干祖望医生病例集,例二,现代临床
参三七片,药材具有功效,化瘀活血,干祖望医生病例集,例二,现代临床
二至丸,药材具有功效,养阴保津,干祖望医生病例集,例二,现代临床
充血与增生,证候采用方剂,清解化瘀法,干祖望医生病例集,例二,现代临床
清解化瘀法,方剂组成药材,当归尾,干祖望医生病例集,例二,现代临床
清解化瘀法,方剂组成药材,赤芍,干祖望医生病例集,例二,现代临床
清解化瘀法,方剂组成药材,桃仁,干祖望医生病例集,例二,现代临床
清解化瘀法,方剂组成药材,天竺黄,干祖望医生病例集,例二,现代临床
清解化瘀法,方剂组成药材,金银花,干祖望医生病例集,例二,现代临床
清解化瘀法,方剂组成药材,蚤休,干祖望医生病例集,例二,现代临床
清解化瘀法,方剂组成药材,白茅根,干祖望医生病例集,例二,现代临床
清解化瘀法,方剂组成药材,芦根,干祖望医生病例集,例二,现代临床
清解化瘀法,方剂组成药材,知母,干祖望医生病例集,例二,现代临床
清解化瘀法,方剂组成药材,玄参,干祖望医生病例集,例二,现代临床
喉头舒服,症状伴随症状,充血与增生,干祖望医生病例集,例二,现代临床
舌薄苔,舌象表现特征,舌苔薄,干祖望医生病例集,例二,现代临床
脉细而实,脉象表现特征,脉细且实,干祖望医生病例集,例二,现代临床
化瘀活血,证候采用方剂,参三七片,干祖望医生病例集,例二,现代临床
化瘀活血,证候采用方剂,二至丸,干祖望医生病例集,例二,现代临床
参三七片,方剂组成药材,参三七,干祖望医生病例集,例二,现代临床
二至丸,方剂组成药材,二至,干祖望医生病例集,例二,现代临床
喉部轻松,症状伴随症状,声带、室带充血,干祖望医生病例集,例二,现代临床
舌满苔,舌象表现特征,舌苔满,干祖望医生病例集,例二,现代临床
舌质有紫气,舌象表现特征,舌质紫,干祖望医生病例集,例二,现代临床
脉细,脉象表现特征,脉细,干祖望医生病例集,例二,现代临床
攻坚、化瘀、消痰,证候采用方剂,三棱、莪术、桃仁、落得打、昆布、海藻、爐瓦楞、赤芍、黛蛤散,干祖望医生病例集,例二,现代临床
咽峡充血红艳、水肿,疾病表现症状,声带肥厚,干祖望医生病例集,例二,现代临床
舌薄苔,舌象表现特征,舌苔薄,干祖望医生病例集,例二,现代临床
脉平,脉象表现特征,脉平,干祖望医生病例集,例二,现代临床
清化,证候采用方剂,三棱、莪术、泽兰、山豆根、金银花、桃仁、没药、黛蛤散、蚤休、桔梗,干祖望医生病例集,例二,现代临床
声带充血明显减轻,症状伴随症状,室带增生,干祖望医生病例集,例二,现代临床
舌薄苔,舌象表现特征,舌苔薄,干祖望医生病例集,例二,现代临床
脉平,脉象表现特征,脉平,干祖望医生病例集,例二,现代临床
养阴生津,证候采用方剂,三棱、莪术、桃仁、泽兰、归尾、赤芍、海藻、天竺黄、麦冬、沙参,干祖望医生病例集,例二,现代临床
发音已正常,症状伴随症状,诸症减轻,干祖望医生病例集,例二,现代临床
舌薄苔,舌象表现特征,舌苔薄,干祖望医生病例集,例二,现代临床
脉平,脉象表现特征,脉平,干祖望医生病例集,例二,现代临床
清养,证候采用方剂,生地、玄参、蚤休、诃子肉、当归尾、赤芍、麦冬、五味子、射干、甘草,干祖望医生病例集,例二,现代临床
咽部产生感冒样不适,疾病表现症状,扁桃体及咽部反复发炎,干祖望医生病例集,例二,现代临床
舌薄苔,舌象表现特征,舌苔薄,干祖望医生病例集,例二,现代临床
脉有弦意,脉象表现特征,脉弦,干祖望医生病例集,例二,现代临床
瘀滞伏邪,证候采用方剂,三棱、莪术、当归尾、落得打、赤芍、泽兰、蚤休、石上柏、乳香、没药,干祖望医生病例集,例二,现代临床
发音除高音外已能轻松亮朗,症状伴随症状,不耐多言,干祖望医生病例集,例二,现代临床
舌薄苔,舌象表现特征,舌苔薄,干祖望医生病例集,例二,现代临床
脉平有弦意,脉象表现特征,脉平且弦,干祖望医生病例集,例二,现代临床
疏散,证候采用方剂,荆芥炭、防风、羌活、柴胡、前胡、桑叶、赤芍、蚤休、桔梗、甘草,干祖望医生病例集,例二,现代临床
喉病10年,疾病表现症状,两度手术（声带息肉）,干祖望医生病例集,例二,现代临床
舌薄苔,舌象表现特征,舌苔薄,干祖望医生病例集,例二,现代临床
脉有弦意,脉象表现特征,脉弦,干祖望医生病例集,例二,现代临床
清解,证候采用方剂,生地、竹叶、灯心,干祖望医生病例集,例二,现代临床
喉病,疾病表现症状,异物感,干祖望医生病例集,例二,现代临床
喉病,疾病表现症状,进食顺利,干祖望医生病例集,例二,现代临床
喉病,疾病表现症状,痰附丽于咽喉后壁而难以外咯,干祖望医生病例集,例二,现代临床
喉病,疾病表现症状,不耐多言,干祖望医生病例集,例二,现代临床
喉病,疾病导致舌象,舌薄苔,干祖望医生病例集,例二,现代临床
喉病,疾病导致脉象,脉有弦意,干祖望医生病例集,例二,现代临床
喉病,症状伴随症状,受凉疲乏和多言欠睡之后，倍形严重,干祖望医生病例集,例二,现代临床
喉病,证候导致舌象,舌薄腻苔,干祖望医生病例集,例二,现代临床
喉病,证候导致脉象,脉平,干祖望医生病例集,例二,现代临床
喉病,症状辨证证候,充血固属常事,干祖望医生病例集,例二,现代临床
喉病,症状辨证证候,粗糙应具戒心,干祖望医生病例集,例二,现代临床
喉病,证候采用方剂,生地10g竹叶10g灯心草3g石上柏10g蚤休10g金银花10g桔梗6g天竺黄6g玄参10g甘草3g,干祖望医生病例集,例二,现代临床
喉病,证候采用方剂,三棱6g莪术6g桃仁10g瓦楞子30g泽兰6g昆布10g海藻10g海蛤粉20g当归尾10g天竺黄6g,干祖望医生病例集,例二,现代临床
喉病,证候采用方剂,三棱6g莪术6g五灵脂5g当归尾10g赤芍6g桃仁10g海蛤粉30g海藻10g没药3g爐瓦楞30g,干祖望医生病例集,例二,现代临床
喉病,证候采用方剂,三棱6g莪术6g桃仁10g五灵脂10g连翘6g没药3g蚤休10g煨瓦楞30g当归尾10g赤芍6g,干祖望医生病例集,例二,现代临床
喉病,证候采用方剂,三棱6g莪术6g香3g没药3g大贝母10g白芷6g天竺黄6g,干祖望医生病例集,例二,现代临床
喉病,证候导致舌象,舌黄腻糙厚苔,干祖望医生病例集,例二,现代临床
喉病,证候导致脉象,脉平左有涩意,干祖望医生病例集,例二,现代临床
喉病,证候采用方剂,三棱6g莪术6g桃仁10g土鳖虫10g泽兰6g昆布10g海藻10g黛蛤散20g没药3g石上柏10g,干祖望医生病例集,例二,现代临床
喉病,证候采用方剂,三棱6g莪术6g桃仁10g海蛤壳10g马勃3g乳香3g没药3g石打穿10g土鳖虫10g天竺黄6g,干祖望医生病例集,例二,现代临床
喉病,证候采用方剂,荆芥炭6g薄荷5g桑叶6g炒牛莠10g象贝母10g杏仁10g归尾10g落得打10g赤芍6g射干3g,干祖望医生病例集,例二,现代临床
喉病,证候采用方剂,三棱6g莪术6g石打穿10g石上柏10g桃仁10g没药3g土鳖虫10g大贝母10g当归尾10g赤芍6g天竺黄6g,干祖望医生病例集,例二,现代临床
喉病,证候采用方剂,白芷6g防风6g大贝母10g陈皮6g半夏6g茯苓10g莱蕨子10g僵蚕10g射干3g桔梗6g甘草3g,干祖望医生病例集,例二,现代临床
喉病,证候导致舌象,舌少苔,干祖望医生病例集,例二,现代临床
喉病,证候导致脉象,脉平,干祖望医生病例集,例二,现代临床
喉病,证候采用方剂,木香3g乌药6g天竺黄6g川贝母10g乳香3g三棱6g鸟不宿10g莪术6g红花6g桃仁10g,干祖望医生病例集,例二,现代临床
声带肥厚,疾病导致舌象,舌少苔,干祖望医生病例集,例二,现代临床
声带充血水肿,疾病导致舌象,舌薄苔,干祖望医生病例集,例二,现代临床
慢性咽炎,疾病导致舌象,舌薄苔,干祖望医生病例集,例二,现代临床
痰火相凝,证候导致舌象,舌薄苔,干祖望医生病例集,例二,现代临床
痰瘀相凝,证候导致舌象,舌薄苔,干祖望医生病例集,例二,现代临床
声带充血水肿,疾病导致脉象,脉弦,干祖望医生病例集,例二,现代临床
慢性咽炎,疾病导致脉象,脉小,干祖望医生病例集,例二,现代临床
痰火相凝,证候导致脉象,脉小,干祖望医生病例集,例二,现代临床
痰瘀相凝,证候导致脉象,脉平有弦意,干祖望医生病例集,例二,现代临床
声带充血水肿,疾病表现症状,发音嘶哑,干祖望医生病例集,例二,现代临床
慢性咽炎,疾病表现症状,发音嘶哑,干祖望医生病例集,例二,现代临床
痰火相凝,症状伴随症状,发音闷而低,干祖望医生病例集,例二,现代临床
痰瘀相凝,症状伴随症状,发音失泽,干祖望医生病例集,例二,现代临床
痰火相凝,症状伴随症状,痰虽不多，但有潴积附丽于咽头之感,干祖望医生病例集,例二,现代临床
痰瘀相凝,症状伴随症状,咽部疼痛，伴以收缩紧张感、烧灼感,干祖望医生病例集,例二,现代临床
痰火相凝,症状辨证证候,痰火相凝,干祖望医生病例集,例二,现代临床
痰瘀相凝,症状辨证证候,痰瘀相凝,干祖望医生病例集,例二,现代临床
痰火相凝,证候采用方剂,清火化痰方,干祖望医生病例集,例二,现代临床
痰瘀相凝,证候采用方剂,攻坚化痰理气破瘀方,干祖望医生病例集,例二,现代临床
清火化痰方,方剂组成药材,生地、金银花、穿心莲、土牛膝、连翘、白芷、天竺黄、大贝母、陈皮、法半夏,干祖望医生病例集,例二,现代临床
攻坚化痰理气破瘀方,方剂组成药材,木香、乌药、天竺黄、川贝母、乳香、三棱、鸟不宿、莪术、红花、桃仁,干祖望医生病例集,例二,现代临床
生地,药材具有功效,清热凉血,干祖望医生病例集,例二,现代临床
金银花,药材具有功效,清热解毒,干祖望医生病例集,例二,现代临床
天竺黄,药材具有功效,清热化痰,干祖望医生病例集,例二,现代临床
三棱,药材具有功效,破血逐瘀,干祖望医生病例集,例二,现代临床
莪术,药材具有功效,破血逐瘀,干祖望医生病例集,例二,现代临床
攻坚化痰理气破瘀方,归属于经典,临证指南医案,干祖望医生病例集,例二,现代临床
干祖望,名医经验总结,重用三棱、莪术来治疗失声，为历来所未见的创举,干祖望医生病例集,例二,现代临床
喉门抱恙,疾病表现症状,声嘶,干祖望医生病例集,例二,现代临床
喉门抱恙,疾病导致舌象,舌薄苔,干祖望医生病例集,例二,现代临床
喉门抱恙,疾病导致脉象,脉细,干祖望医生病例集,例二,现代临床
喉门抱恙,证候导致舌象,舌光,干祖望医生病例集,例二,现代临床
喉门抱恙,证候导致脉象,脉细有浮意,干祖望医生病例集,例二,现代临床
喉门抱恙,综合辨证证候,阴津失沛,干祖望医生病例集,例二,现代临床
喉门抱恙,证候采用方剂,泽兰6g丹参10g当归10g赤芍6g桃仁10g玄参10g金银花10g天竺黄6g桔梗6g射干3g,干祖望医生病例集,例二,现代临床
声门肿形,疾病表现症状,发音嘶哑,干祖望医生病例集,例二,现代临床
声门肿形,疾病导致舌象,舌无苔,干祖望医生病例集,例二,现代临床
声门肿形,疾病导致脉象,脉实,干祖望医生病例集,例二,现代临床
声门肿形,证候导致舌象,裂痕纵横,干祖望医生病例集,例二,现代临床
声门肿形,综合辨证证候,气血凝固,干祖望医生病例集,例二,现代临床
声门肿形,证候采用方剂,益母草10g丹参10g当归尾10g赤芍6g落得打10g乌药6g木香3g昆布10g海蛤粉20g海藻10g僵蚕10g,干祖望医生病例集,例二,现代临床
湿浊内困,疾病表现症状,嘶哑,干祖望医生病例集,例二,现代临床
湿浊内困,症状伴随症状,颈项有牵制感,干祖望医生病例集,例二,现代临床
湿浊内困,症状伴随症状,气促,干祖望医生病例集,例二,现代临床
湿浊内困,症状伴随症状,有痰难豁,干祖望医生病例集,例二,现代临床
湿浊内困,疾病导致舌象,舌苔腻如敷粉,干祖望医生病例集,例二,现代临床
湿浊内困,疾病导致脉象,脉平偏细,干祖望医生病例集,例二,现代临床
湿浊内困,综合辨证证候,湿浊已深伏于里,干祖望医生病例集,例二,现代临床
湿浊内困,证候采用方剂,麻黄3g杏仁10g甘草3g前胡6g驚香10g佩兰10g陈皮6g茯苓10g蝉衣3g天竺黄6g,干祖望医生病例集,例二,现代临床
喉病,疾病表现症状,发音嘶哑,干祖望医生病例集,例二,现代临床
喉病,症状伴随症状,局部似有痰涎堵塞,干祖望医生病例集,例二,现代临床
喉病,症状伴随症状,吞咽加重,干祖望医生病例集,例二,现代临床
喉病,症状伴随症状,疼痛,干祖望医生病例集,例二,现代临床
喉病,症状伴随症状,干感,干祖望医生病例集,例二,现代临床
喉病,疾病导致舌象,舌薄苔,干祖望医生病例集,例二,现代临床
喉病,疾病导致脉象,脉弦,干祖望医生病例集,例二,现代临床
喉病,综合辨证证候,风热之邪与内伏之火相煽,干祖望医生病例集,例二,现代临床
喉病,证候采用方剂,桃仁10g泽兰6g落得打10g金银花10g连翘10g当归尾10g石上柏10g赤芍6g荆芥炭6g甘中黄3g,干祖望医生病例集,例二,现代临床
感冒,疾病表现症状,全身关节酸痛,干祖望医生病例集,例二,现代临床
感冒,疾病表现症状,头疼畏寒,干祖望医生病例集,例二,现代临床
感冒,疾病表现症状,咽痛,干祖望医生病例集,例二,现代临床
感冒,疾病表现症状,口干引饮喜热,干祖望医生病例集,例二,现代临床
感冒,疾病表现症状,大便量多,干祖望医生病例集,例二,现代临床
感冒,疾病表现症状,日閒两次,干祖望医生病例集,例二,现代临床
喉病,疾病导致舌象,舌白腻苔,干祖望医生病例集,例二,现代临床
喉病,疾病导致脉象,脉有浮意,干祖望医生病例集,例二,现代临床
慢性咽炎,疾病表现症状,咽痛重在右侧,干祖望医生病例集,例二,现代临床
慢性咽炎,疾病表现症状,牵及右耳深处,干祖望医生病例集,例二,现代临床
慢性咽炎,疾病表现症状,作干伴有毛涩感,干祖望医生病例集,例二,现代临床
慢性咽炎,疾病表现症状,饮仍喜热,干祖望医生病例集,例二,现代临床
慢性咽炎,疾病表现症状,两口角糜烂,干祖望医生病例集,例二,现代临床
慢性咽炎,疾病导致舌象,舌薄苔,干祖望医生病例集,例二,现代临床
慢性咽炎,疾病导致脉象,脉平,干祖望医生病例集,例二,现代临床
咽峡充血,疾病导致舌象,舌薄苔,干祖望医生病例集,例二,现代临床
咽峡充血,疾病导致脉象,脉平,干祖望医生病例集,例二,现代临床
咽峡充血,疾病表现症状,口角炎有残存,干祖望医生病例集,例二,现代临床
咽峡充血,疾病表现症状,声带双侧边缘有一条线状充血,干祖望医生病例集,例二,现代临床
咽峡充血,疾病表现症状,闭合不密,干祖望医生病例集,例二,现代临床
咽峡充血,疾病导致舌象,舌薄苔,干祖望医生病例集,例二,现代临床
咽峡充血,疾病导致脉象,脉平,干祖望医生病例集,例二,现代临床
咽峡充血,疾病表现症状,口角炎,干祖望医生病例集,例二,现代临床
咽峡充血,疾病表现症状,声带欠清白,干祖望医生病例集,例二,现代临床
咽峡充血,疾病表现症状,闭合不密,干祖望医生病例集,例二,现代临床
咽峡充血,疾病导致舌象,舌薄苔,干祖望医生病例集,例二,现代临床
咽峡充血,疾病导致脉象,脉平,干祖望医生病例集,例二,现代临床
咽峡充血,疾病表现症状,扁桃体充血消失殆尽,干祖望医生病例集,例二,现代临床
咽峡充血,疾病表现症状,声带左侧还有一些充血,干祖望医生病例集,例二,现代临床
咽峡充血,疾病导致舌象,舌薄苔,干祖望医生病例集,例二,现代临床
咽峡充血,疾病导致脉象,脉平,干祖望医生病例集,例二,现代临床
右声带息肉,疾病表现症状,发音嘶哑,干祖望医生病例集,例二,现代临床
右声带息肉,疾病表现症状,音色总难恢复,干祖望医生病例集,例二,现代临床
右声带息肉,疾病表现症状,不耐多言,干祖望医生病例集,例二,现代临床
右声带息肉,疾病表现症状,多则嘶哑,干祖望医生病例集,例二,现代临床
右声带息肉,疾病表现症状,口干不思饮,干祖望医生病例集,例二,现代临床
右声带息肉,疾病表现症状,伴以异物感,干祖望医生病例集,例二,现代临床
右声带息肉,疾病导致舌象,舌黄腻苔,干祖望医生病例集,例二,现代临床
右声带息肉,疾病导致舌象,边有轻度齿痕,干祖望医生病例集,例二,现代临床
右声带息肉,疾病导致脉象,脉平,干祖望医生病例集,例二,现代临床
左声带麟状上皮增生伴急慢性炎,疾病表现症状,咽喉部不舒服,干祖望医生病例集,例二,现代临床
左声带麟状上皮增生伴急慢性炎,疾病表现症状,痰涎中有血,干祖望医生病例集,例二,现代临床
左声带麟状上皮增生伴急慢性炎,疾病表现症状,多言或高声之后疼痛,干祖望医生病例集,例二,现代临床
左声带麟状上皮增生伴急慢性炎,疾病导致舌象,舌薄苔,干祖望医生病例集,例二,现代临床
左声带麟状上皮增生伴急慢性炎,疾病导致脉象,脉平,干祖望医生病例集,例二,现代临床
张氏六味汤,方剂组成药材,荆芥,干祖望医生病例集,例二,现代临床
张氏六味汤,方剂组成药材,防风,干祖望医生病例集,例二,现代临床
张氏六味汤,方剂组成药材,蝉衣,干祖望医生病例集,例二,现代临床
张氏六味汤,方剂组成药材,杏仁,干祖望医生病例集,例二,现代临床
张氏六味汤,方剂组成药材,桔梗,干祖望医生病例集,例二,现代临床
张氏六味汤,方剂组成药材,薄荷,干祖望医生病例集,例二,现代临床
张氏六味汤,方剂组成药材,白术,干祖望医生病例集,例二,现代临床
张氏六味汤,方剂组成药材,独活,干祖望医生病例集,例二,现代临床
张氏六味汤,方剂组成药材,甘草,干祖望医生病例集,例二,现代临床
荆芥,药材具有功效,祛寒疏邪,干祖望医生病例集,例二,现代临床
防风,药材具有功效,祛寒疏邪,干祖望医生病例集,例二,现代临床
独活,药材具有功效,祛寒疏邪,干祖望医生病例集,例二,现代临床
柴胡,药材具有功效,祛寒疏邪,干祖望医生病例集,例二,现代临床
前胡,药材具有功效,祛寒疏邪,干祖望医生病例集,例二,现代临床
玄参,药材具有功效,清火,干祖望医生病例集,例二,现代临床
生地,药材具有功效,清火,干祖望医生病例集,例二,现代临床
木通,药材具有功效,清火,干祖望医生病例集,例二,现代临床
白茅根,药材具有功效,清火,干祖望医生病例集,例二,现代临床
竹叶,药材具有功效,清火,干祖望医生病例集,例二,现代临床
灯心草,药材具有功效,清火,干祖望医生病例集,例二,现代临床
蝉衣,药材具有功效,清火,干祖望医生病例集,例二,现代临床
百合,药材具有功效,清火,干祖望医生病例集,例二,现代临床
石斛,药材具有功效,清火,干祖望医生病例集,例二,现代临床
桔梗,药材具有功效,清火,干祖望医生病例集,例二,现代临床
甘草,药材具有功效,清火,干祖望医生病例集,例二,现代临床
三棱,药材具有功效,攻坚破瘀,干祖望医生病例集,例二,现代临床
莪术,药材具有功效,攻坚破瘀,干祖望医生病例集,例二,现代临床
桃仁,药材具有功效,攻坚破瘀,干祖望医生病例集,例二,现代临床
泽兰,药材具有功效,攻坚破瘀,干祖望医生病例集,例二,现代临床
昆布,药材具有功效,化痰,干祖望医生病例集,例二,现代临床
海藻,药材具有功效,化痰,干祖望医生病例集,例二,现代临床
海蛤粉,药材具有功效,化痰,干祖望医生病例集,例二,现代临床
蝉衣,药材具有功效,化痰,干祖望医生病例集,例二,现代临床
射干,药材具有功效,化痰,干祖望医生病例集,例二,现代临床
天竺黄,药材具有功效,化痰,干祖望医生病例集,例二,现代临床
石上柏,药材具有功效,化痰,干祖望医生病例集,例二,现代临床
桔梗,药材具有功效,化痰,干祖望医生病例集,例二,现代临床
蚕砂,药材具有功效,化痰,干祖望医生病例集,例二,现代临床
昆布,药材具有功效,祛邪,干祖望医生病例集,例二,现代临床
海藻,药材具有功效,祛邪,干祖望医生病例集,例二,现代临床
海浮石,药材具有功效,祛邪,干祖望医生病例集,例二,现代临床
菊花,药材具有功效,祛邪,干祖望医生病例集,例二,现代临床
桑叶,药材具有功效,祛邪,干祖望医生病例集,例二,现代临床
连翘,药材具有功效,祛邪,干祖望医生病例集,例二,现代临床
黛蛤散,药材具有功效,化痰清火,干祖望医生病例集,例二,现代临床
川贝母,药材具有功效,化痰清火,干祖望医生病例集,例二,现代临床
穿心莲,药材具有功效,化痰清火,干祖望医生病例集,例二,现代临床
土牛膝,药材具有功效,化痰清火,干祖望医生病例集,例二,现代临床
声带肥厚,疾病导致舌象,舌薄苔,干祖望医生病例集,例二,现代临床
声带肥厚,疾病导致脉象,脉平,干祖望医生病例集,例二,现代临床
咽后壁小血管扩张,疾病导致舌象,舌薄苔,干祖望医生病例集,例二,现代临床
咽后壁小血管扩张,疾病导致脉象,脉平,干祖望医生病例集,例二,现代临床
支气管炎,疾病表现症状,咳嗽,干祖望医生病例集,例二,现代临床
支气管炎,疾病表现症状,痰多浓稠,干祖望医生病例集,例二,现代临床
嘶哑,症状伴随症状,疼痛,干祖望医生病例集,例二,现代临床
嘶哑,症状伴随症状,吞咽唾沫时稍感皱介,干祖望医生病例集,例二,现代临床
嘶哑,症状伴随症状,发音时很劳累,干祖望医生病例集,例二,现代临床
嘶哑,症状伴随症状,饮水时逆呛,干祖望医生病例集,例二,现代临床
嘶哑,症状伴随症状,纳食尚可,干祖望医生病例集,例二,现代临床
嘶哑,症状伴随症状,咽后壁小血管扩张,干祖望医生病例集,例二,现代临床
嘶哑,症状伴随症状,声带肥厚,干祖望医生病例集,例二,现代临床
嘶哑,症状伴随症状,闭合很差,干祖望医生病例集,例二,现代临床
嘶哑,症状伴随症状,室带活跃,干祖望医生病例集,例二,现代临床
嘶哑,症状伴随症状,舌薄苔,干祖望医生病例集,例二,现代临床
嘶哑,症状伴随症状,脉平,干祖望医生病例集,例二,现代临床
肾不纳气,证候导致舌象,舌薄苔,干祖望医生病例集,例二,现代临床
肾不纳气,证候导致脉象,脉平,干祖望医生病例集,例二,现代临床
肾不纳气,证候导致舌象,舌少苔,干祖望医生病例集,例二,现代临床
肾不纳气,证候导致脉象,脉平偏细,干祖望医生病例集,例二,现代临床
肾不纳气,证候导致舌象,舌薄苔，质有红意,干祖望医生病例集,例二,现代临床
肾不纳气,证候导致脉象,脉细,干祖望医生病例集,例二,现代临床
肾不纳气,证候导致舌象,舌前半薄腻苔，后半厚腻苔映黄,干祖望医生病例集,例二,现代临床
肾不纳气,证候导致脉象,脉细,干祖望医生病例集,例二,现代临床
肾不纳气,证候导致舌象,舌薄苔,干祖望医生病例集,例二,现代临床
肾不纳气,证候导致脉象,脉平,干祖望医生病例集,例二,现代临床
肾不纳气,证候导致舌象,舌无苔，质红而润,干祖望医生病例集,例二,现代临床
肾不纳气,证候导致脉象,脉细,干祖望医生病例集,例二,现代临床
肾不纳气,综合辨证证候,较为严重之肾不纳气,干祖望医生病例集,例二,现代临床
肾不纳气,综合辨证证候,气滞血瘀症,干祖望医生病例集,例二,现代临床
肾不纳气,综合辨证证候,虚证,干祖望医生病例集,例二,现代临床
肾不纳气,证候采用方剂,黄苣10g党参10g紫河车10g僵蚕10g白术6g茯苓10g诃子肉10g枳壳6g山药10g当归10g,干祖望医生病例集,例二,现代临床
肾不纳气,证候采用方剂,桑白皮10g杏仁10g象贝母10g熟地10g五味子10g山药10g诃子肉10g丹皮6g菟丝子10g茯苓10g泽泻6g,干祖望医生病例集,例二,现代临床
肾不纳气,证候采用方剂,熟地10g山药10g五味子10g丹皮6g茯苓10g泽泻6g黄莅10g百合10g桔梗6g,干祖望医生病例集,例二,现代临床
肾不纳气,证候采用方剂,红花6g桃仁10g当归尾10g落得打10g赤芍6g菖蒲3g泽兰6g天竺黄6g料豆衣10g甘草3g,干祖望医生病例集,例二,现代临床
肾不纳气,证候采用方剂,茯苓10g陈皮6g苏子10g天竺黄6g杏仁10g蕾香10g佩兰10g大贝母10g桔梗6g甘草3g,干祖望医生病例集,例二,现代临床
肾不纳气,证候采用方剂,红花6g桃仁10g毛慈菇10g当归尾10g赤芍6g昆布10g海蛤粉20g枳壳6g泽兰6g天竺黄6g,干祖望医生病例集,例二,现代临床
肾不纳气,证候采用方剂,生地10g玄参10g桔梗6g金银花10g竹叶10g木通3g麦冬10g沙参10g芦根30g甘草3g,干祖望医生病例集,例二,现代临床
黄苣,药材具有功效,补益肾气,干祖望医生病例集,例二,现代临床
党参,药材具有功效,补益肾气,干祖望医生病例集,例二,现代临床
紫河车,药材具有功效,补益肾气,干祖望医生病例集,例二,现代临床
僵蚕,药材具有功效,化痰开音,干祖望医生病例集,例二,现代临床
白术,药材具有功效,健脾化痰,干祖望医生病例集,例二,现代临床
茯苓,药材具有功效,健脾化痰,干祖望医生病例集,例二,现代临床
诃子肉,药材具有功效,收敛肺气,干祖望医生病例集,例二,现代临床
枳壳,药材具有功效,理气化痰,干祖望医生病例集,例二,现代临床
山药,药材具有功效,补益肾气,干祖望医生病例集,例二,现代临床
当归,药材具有功效,养血活血,干祖望医生病例集,例二,现代临床
桑白皮,药材具有功效,清肺化痰,干祖望医生病例集,例二,现代临床
杏仁,药材具有功效,宣肺化痰,干祖望医生病例集,例二,现代临床
象贝母,药材具有功效,清热化痰,干祖望医生病例集,例二,现代临床
熟地,药材具有功效,滋阴补肾,干祖望医生病例集,例二,现代临床
五味子,药材具有功效,收敛肺气,干祖望医生病例集,例二,现代临床
丹皮,药材具有功效,清热凉血,干祖望医生病例集,例二,现代临床
菟丝子,药材具有功效,补肾固精,干祖望医生病例集,例二,现代临床
泽泻,药材具有功效,利水渗湿,干祖望医生病例集,例二,现代临床
黄莅,药材具有功效,清热化痰,干祖望医生病例集,例二,现代临床
百合,药材具有功效,润肺止咳,干祖望医生病例集,例二,现代临床
桔梗,药材具有功效,宣肺化痰,干祖望医生病例集,例二,现代临床
红花,药材具有功效,活血化瘀,干祖望医生病例集,例二,现代临床
桃仁,药材具有功效,活血化瘀,干祖望医生病例集,例二,现代临床
当归尾,药材具有功效,活血化瘀,干祖望医生病例集,例二,现代临床
落得打,药材具有功效,活血化瘀,干祖望医生病例集,例二,现代临床
赤芍,药材具有功效,清热凉血,干祖望医生病例集,例二,现代临床
菖蒲,药材具有功效,开窍化痰,干祖望医生病例集,例二,现代临床
泽兰,药材具有功效,活血化瘀,干祖望医生病例集,例二,现代临床
天竺黄,药材具有功效,清热化痰,干祖望医生病例集,例二,现代临床
料豆衣,药材具有功效,清热化痰,干祖望医生病例集,例二,现代临床
甘草,药材具有功效,调和诸药,干祖望医生病例集,例二,现代临床
茯苓,药材具有功效,健脾化痰,干祖望医生病例集,例二,现代临床
陈皮,药材具有功效,理气化痰,干祖望医生病例集,例二,现代临床
苏子,药材具有功效,降气化痰,干祖望医生病例集,例二,现代临床
杏仁,药材具有功效,宣肺化痰,干祖望医生病例集,例二,现代临床
蕾香,药材具有功效,开窍化痰,干祖望医生病例集,例二,现代临床
佩兰,药材具有功效,化湿解暑,干祖望医生病例集,例二,现代临床
大贝母,药材具有功效,清热化痰,干祖望医生病例集,例二,现代临床
毛慈菇,药材具有功效,化痰散结,干祖望医生病例集,例二,现代临床
昆布,药材具有功效,软坚散结,干祖望医生病例集,例二,现代临床
海蛤粉,药材具有功效,化痰软坚,干祖望医生病例集,例二,现代临床
枳壳,药材具有功效,理气化痰,干祖望医生病例集,例二,现代临床
生地,药材具有功效,滋阴清热,干祖望医生病例集,例二,现代临床
玄参,药材具有功效,滋阴降火,干祖望医生病例集,例二,现代临床
金银花,药材具有功效,清热解毒,干祖望医生病例集,例二,现代临床
竹叶,药材具有功效,清热生津,干祖望医生病例集,例二,现代临床
木通,药材具有功效,利水通淋,干祖望医生病例集,例二,现代临床
麦冬,药材具有功效,滋阴生津,干祖望医生病例集,例二,现代临床
沙参,药材具有功效,养阴清肺,干祖望医生病例集,例二,现代临床
芦根,药材具有功效,清热生津,干祖望医生病例集,例二,现代临床
湿热交加,导致舌象,白苔,干祖望医生病例集,例二,现代临床
湿热交加,导致脉象,脉细,干祖望医生病例集,例二,现代临床
咽峡弥漫性充血艳红,伴随症状,喉头疼痛,干祖望医生病例集,例二,现代临床
咽峡弥漫性充血艳红,伴随症状,干感,干祖望医生病例集,例二,现代临床
咽峡弥漫性充血艳红,伴随症状,求饮以润,干祖望医生病例集,例二,现代临床
喉痛咽红,导致舌象,舌薄苔,干祖望医生病例集,例二,现代临床
喉痛咽红,导致脉象,脉细,干祖望医生病例集,例二,现代临床
咽部疼痛,伴随症状,左侧更干感,干祖望医生病例集,例二,现代临床
咽部疼痛,伴随症状,求饮,干祖望医生病例集,例二,现代临床
咽部疼痛,伴随症状,喜温热,干祖望医生病例集,例二,现代临床
咽部疼痛,伴随症状,无痰,干祖望医生病例集,例二,现代临床
咽部疼痛,伴随症状,咽喉有烧灼感,干祖望医生病例集,例二,现代临床
咽部疼痛,伴随症状,大便干结,干祖望医生病例集,例二,现代临床
咽后壁干燥,导致舌象,舌无苔,干祖望医生病例集,例二,现代临床
咽后壁干燥,导致舌象,质红而润,干祖望医生病例集,例二,现代临床
咽后壁淋巴滤泡增生,导致舌象,舌薄白滑苔,干祖望医生病例集,例二,现代临床
咽后壁淋巴滤泡增生,导致脉象,脉细,干祖望医生病例集,例二,现代临床
咽峡弥漫性充血艳红,症状辨证证候,喉痛咽红,干祖望医生病例集,例二,现代临床
咽峡弥漫性充血艳红,症状辨证证候,干亦轻微,干祖望医生病例集,例二,现代临床
咽峡弥漫性充血艳红,症状辨证证候,多言损气,干祖望医生病例集,例二,现代临床
咽峡弥漫性充血艳红,症状辨证证候,疲劳伤神,干祖望医生病例集,例二,现代临床
咽峡弥漫性充血艳红,综合辨证证候,小恙,干祖望医生病例集,例二,现代临床
咽峡弥漫性充血艳红,综合辨证证候,一般清养足矣,干祖望医生病例集,例二,现代临床
咽部疼痛,症状辨证证候,充血舌光,干祖望医生病例集,例二,现代临床
咽部疼痛,症状辨证证候,志在养阴,干祖望医生病例集,例二,现代临床
咽峡弥漫性充血艳红,证候采用方剂,桑叶6g菊花10g金银花10g蕾香10g佩兰10g青蒿10g桔梗6g蝉衣3g鸡苏散15g,干祖望医生病例集,例二,现代临床
喉痛咽红,证候采用方剂,生地10g玄参10g桔梗6g金银花10g竹叶10g木通3g麦冬10g沙参1（也芦根30g甘草3g,干祖望医生病例集,例二,现代临床
充血舌光,证候采用方剂,生地l（）g玄参10g知母10g芦根30g沙参10g麦冬10g白茅根10g竹叶10g桔梗6g甘中黄6g,干祖望医生病例集,例二,现代临床
咽后壁淋巴滤泡增生,证候采用方剂,升麻3g太子参IOg当归尾10g 赤芍6g蚤休10g生黄笹10g桔梗6g甘草3g玉蝴蝶3g天竺黄6g,干祖望医生病例集,例二,现代临床
桑叶,具有功效,清肺润燥,干祖望医生病例集,例二,现代临床
菊花,具有功效,散风清热,干祖望医生病例集,例二,现代临床
金银花,具有功效,清热解毒,干祖望医生病例集,例二,现代临床
桔梗,具有功效,宣肺利咽,干祖望医生病例集,例二,现代临床
生地,具有功效,清热凉血,干祖望医生病例集,例二,现代临床
玄参,具有功效,滋阴降火,干祖望医生病例集,例二,现代临床
麦冬,具有功效,养阴润肺,干祖望医生病例集,例二,现代临床
知母,具有功效,清热生津,干祖望医生病例集,例二,现代临床
升麻,具有功效,发表透疹,干祖望医生病例集,例二,现代临床
太子参,具有功效,益气生津,干祖望医生病例集,例二,现代临床
当归尾,具有功效,活血化瘀,干祖望医生病例集,例二,现代临床
赤芍,具有功效,清热凉血,干祖望医生病例集,例二,现代临床
干祖望医生病例集,归属于经典,现代临床病例,干祖望医生病例集,例二,现代临床
干祖望医生病例集,理论指导实践,湿热交加导致白苔脉细,干祖望医生病例集,例二,现代临床
干祖望医生病例集,理论指导实践,喉痛咽红导致舌薄苔脉细,干祖望医生病例集,例二,现代临床
干祖望医生病例集,理论指导实践,充血舌光志在养阴,干祖望医生病例集,例二,现代临床
干祖望,名医经验总结,多言损气的职业病,干祖望医生病例集,例二,现代临床
中气大亏,疾病导致舌象,脉细,干祖望医生病例集,例二,现代临床
中气大亏,疾病导致舌象,舌薄苔,干祖望医生病例集,例二,现代临床
热蒸喉隘,症状伴随症状,瘀阻声门,干祖望医生病例集,例二,现代临床
热蒸喉隘,症状伴随症状,咽痒,干祖望医生病例集,例二,现代临床
喉咽骈病,疾病导致舌象,舌薄苔,干祖望医生病例集,例二,现代临床
喉咽骈病,疾病导致舌象,质胖,干祖望医生病例集,例二,现代临床
喉咽骈病,疾病导致脉象,脉细,干祖望医生病例集,例二,现代临床
喉咽骈病,症状伴随症状,咽有游走性的异物感,干祖望医生病例集,例二,现代临床
喉咽骈病,症状伴随症状,粘膜下出血,干祖望医生病例集,例二,现代临床
喉咽骈病,症状伴随症状,疼痛,干祖望医生病例集,例二,现代临床
喉咽骈病,症状伴随症状,干燥,干祖望医生病例集,例二,现代临床
喉咽骈病,症状伴随症状,嘶哑,干祖望医生病例集,例二,现代临床
喉咽骈病,症状伴随症状,怕热不怕冷,干祖望医生病例集,例二,现代临床
喉、咽骈病,疾病导致舌象,舌薄苔映黄,干祖望医生病例集,例二,现代临床
喉、咽骈病,疾病导致脉象,脉细,干祖望医生病例集,例二,现代临床
喉、咽骈病,症状伴随症状,干燥,干祖望医生病例集,例二,现代临床
喉、咽骈病,症状伴随症状,阵发性钝痛,干祖望医生病例集,例二,现代临床
喉、咽骈病,症状伴随症状,吞咽时有异物感,干祖望医生病例集,例二,现代临床
喉、咽骈病,症状伴随症状,频作清嗓,干祖望医生病例集,例二,现代临床
益气升阳剂,证候采用方剂,中气大亏,干祖望医生病例集,例二,现代临床
破瘀方,证候采用方剂,热蒸喉隘,干祖望医生病例集,例二,现代临床
扶正中清解方,证候采用方剂,喉咽骈病,干祖望医生病例集,例二,现代临床
清热化浊消痰方,证候采用方剂,喉咽骈病,干祖望医生病例集,例二,现代临床
太子参、茯苓、山药、百合、昆布、海藻、当归尾、落得打、赤芍,方剂组成药材,益气升阳剂,干祖望医生病例集,例二,现代临床
当归尾、赤芍、泽兰、落得打、桃仁、金银花、连翘、大贝母、昆布、射干,方剂组成药材,破瘀方,干祖望医生病例集,例二,现代临床
太子参、白术、茯苓、山药、白扁豆、玄参、射干、桔梗、天竺黄、甘草,方剂组成药材,扶正中清解方,干祖望医生病例集,例二,现代临床
桑叶、菊花、象贝母、金银花、连翘、白术、天竺黄、蚤休、车前子、甘中黄,方剂组成药材,清热化浊消痰方,干祖望医生病例集,例二,现代临床
太子参,药材具有功效,益气,干祖望医生病例集,例二,现代临床
茯苓,药材具有功效,健脾利湿,干祖望医生病例集,例二,现代临床
山药,药材具有功效,补脾益肾,干祖望医生病例集,例二,现代临床
白术,药材具有功效,健脾燥湿,干祖望医生病例集,例二,现代临床
玄参,药材具有功效,清热凉血,干祖望医生病例集,例二,现代临床
金银花,药材具有功效,清热解毒,干祖望医生病例集,例二,现代临床
连翘,药材具有功效,清热解毒,干祖望医生病例集,例二,现代临床
昆布,药材具有功效,软坚散结,干祖望医生病例集,例二,现代临床
射干,药材具有功效,清热解毒,干祖望医生病例集,例二,现代临床
桔梗,药材具有功效,宣肺利咽,干祖望医生病例集,例二,现代临床
天竺黄,药材具有功效,清热化痰,干祖望医生病例集,例二,现代临床
甘草,药材具有功效,调和诸药,干祖望医生病例集,例二,现代临床
万友生,名医经验总结,益气升阳剂治疗中气大亏,干祖望医生病例集,例二,现代临床
喉、咽骈病,疾病表现症状,水喜温,干祖望医生病例集,例二,现代临床
喉、咽骈病,疾病表现症状,阵发性钝痛,干祖望医生病例集,例二,现代临床
喉、咽骈病,疾病表现症状,吞咽时有异物感,干祖望医生病例集,例二,现代临床
喉、咽骈病,疾病表现症状,频作清嗓,干祖望医生病例集,例二,现代临床
喉、咽骈病,疾病表现症状,纳食不香,干祖望医生病例集,例二,现代临床
喉、咽骈病,疾病导致舌象,舌薄苔映黄,干祖望医生病例集,例二,现代临床
喉、咽骈病,疾病导致脉象,脉细,干祖望医生病例集,例二,现代临床
喉、咽骈病,证候导致舌象,舌薄苔,干祖望医生病例集,例二,现代临床
喉、咽骈病,证候导致脉象,脉细,干祖望医生病例集,例二,现代临床
喉、咽骈病,综合辨证证候,实为主在于咽,干祖望医生病例集,例二,现代临床
喉、咽骈病,综合辨证证候,证固属虚，标病全隶实证,干祖望医生病例集,例二,现代临床
喉、咽骈病,证候采用方剂,蕾香佩兰六曲焦山楂金银花青蒿菊花天竺黄蝉衣桔梗鸡苏散,干祖望医生病例集,例二,现代临床
蕾香佩兰六曲焦山楂金银花青蒿菊花天竺黄蝉衣桔梗鸡苏散,方剂组成药材,蕾香,干祖望医生病例集,例二,现代临床
蕾香佩兰六曲焦山楂金银花青蒿菊花天竺黄蝉衣桔梗鸡苏散,方剂组成药材,佩兰,干祖望医生病例集,例二,现代临床
蕾香佩兰六曲焦山楂金银花青蒿菊花天竺黄蝉衣桔梗鸡苏散,方剂组成药材,六曲,干祖望医生病例集,例二,现代临床
蕾香佩兰六曲焦山楂金银花青蒿菊花天竺黄蝉衣桔梗鸡苏散,方剂组成药材,焦山楂,干祖望医生病例集,例二,现代临床
蕾香佩兰六曲焦山楂金银花青蒿菊花天竺黄蝉衣桔梗鸡苏散,方剂组成药材,金银花,干祖望医生病例集,例二,现代临床
蕾香佩兰六曲焦山楂金银花青蒿菊花天竺黄蝉衣桔梗鸡苏散,方剂组成药材,青蒿,干祖望医生病例集,例二,现代临床
蕾香佩兰六曲焦山楂金银花青蒿菊花天竺黄蝉衣桔梗鸡苏散,方剂组成药材,菊花,干祖望医生病例集,例二,现代临床
蕾香佩兰六曲焦山楂金银花青蒿菊花天竺黄蝉衣桔梗鸡苏散,方剂组成药材,天竺黄,干祖望医生病例集,例二,现代临床
蕾香佩兰六曲焦山楂金银花青蒿菊花天竺黄蝉衣桔梗鸡苏散,方剂组成药材,蝉衣,干祖望医生病例集,例二,现代临床
蕾香佩兰六曲焦山楂金银花青蒿菊花天竺黄蝉衣桔梗鸡苏散,方剂组成药材,桔梗,干祖望医生病例集,例二,现代临床
蕾香佩兰六曲焦山楂金银花青蒿菊花天竺黄蝉衣桔梗鸡苏散,方剂组成药材,鸡苏散,干祖望医生病例集,例二,现代临床
喉、咽骈病,证候采用方剂,太子参白术茯苓蕾香白扁豆山药山楂玄参六一散桔梗,干祖望医生病例集,例二,现代临床
太子参白术茯苓蕾香白扁豆山药山楂玄参六一散桔梗,方剂组成药材,太子参,干祖望医生病例集,例二,现代临床
太子参白术茯苓蕾香白扁豆山药山楂玄参六一散桔梗,方剂组成药材,白术,干祖望医生病例集,例二,现代临床
太子参白术茯苓蕾香白扁豆山药山楂玄参六一散桔梗,方剂组成药材,茯苓,干祖望医生病例集,例二,现代临床
太子参白术茯苓蕾香白扁豆山药山楂玄参六一散桔梗,方剂组成药材,蕾香,干祖望医生病例集,例二,现代临床
太子参白术茯苓蕾香白扁豆山药山楂玄参六一散桔梗,方剂组成药材,白扁豆,干祖望医生病例集,例二,现代临床
太子参白术茯苓蕾香白扁豆山药山楂玄参六一散桔梗,方剂组成药材,山药,干祖望医生病例集,例二,现代临床
太子参白术茯苓蕾香白扁豆山药山楂玄参六一散桔梗,方剂组成药材,山楂,干祖望医生病例集,例二,现代临床
太子参白术茯苓蕾香白扁豆山药山楂玄参六一散桔梗,方剂组成药材,玄参,干祖望医生病例集,例二,现代临床
太子参白术茯苓蕾香白扁豆山药山楂玄参六一散桔梗,方剂组成药材,六一散,干祖望医生病例集,例二,现代临床
太子参白术茯苓蕾香白扁豆山药山楂玄参六一散桔梗,方剂组成药材,桔梗,干祖望医生病例集,例二,现代临床
喉、咽骈病,证候采用方剂,生地竹叶白术太子参灯心草山药桔梗白扁豆大贝母天竺黄甘草,干祖望医生病例集,例二,现代临床
生地竹叶白术太子参灯心草山药桔梗白扁豆大贝母天竺黄甘草,方剂组成药材,生地,干祖望医生病例集,例二,现代临床
生地竹叶白术太子参灯心草山药桔梗白扁豆大贝母天竺黄甘草,方剂组成药材,竹叶,干祖望医生病例集,例二,现代临床
生地竹叶白术太子参灯心草山药桔梗白扁豆大贝母天竺黄甘草,方剂组成药材,白术,干祖望医生病例集,例二,现代临床
生地竹叶白术太子参灯心草山药桔梗白扁豆大贝母天竺黄甘草,方剂组成药材,太子参,干祖望医生病例集,例二,现代临床
生地竹叶白术太子参灯心草山药桔梗白扁豆大贝母天竺黄甘草,方剂组成药材,灯心草,干祖望医生病例集,例二,现代临床
生地竹叶白术太子参灯心草山药桔梗白扁豆大贝母天竺黄甘草,方剂组成药材,山药,干祖望医生病例集,例二,现代临床
生地竹叶白术太子参灯心草山药桔梗白扁豆大贝母天竺黄甘草,方剂组成药材,桔梗,干祖望医生病例集,例二,现代临床
生地竹叶白术太子参灯心草山药桔梗白扁豆大贝母天竺黄甘草,方剂组成药材,白扁豆,干祖望医生病例集,例二,现代临床
生地竹叶白术太子参灯心草山药桔梗白扁豆大贝母天竺黄甘草,方剂组成药材,大贝母,干祖望医生病例集,例二,现代临床
生地竹叶白术太子参灯心草山药桔梗白扁豆大贝母天竺黄甘草,方剂组成药材,天竺黄,干祖望医生病例集,例二,现代临床
生地竹叶白术太子参灯心草山药桔梗白扁豆大贝母天竺黄甘草,方剂组成药材,甘草,干祖望医生病例集,例二,现代临床
喉、咽骈病,证候采用方剂,生地麦冬玄参白扁豆沙参山药桔梗太子参胖大海甘草,干祖望医生病例集,例二,现代临床
生地麦冬玄参白扁豆沙参山药桔梗太子参胖大海甘草,方剂组成药材,生地,干祖望医生病例集,例二,现代临床
生地麦冬玄参白扁豆沙参山药桔梗太子参胖大海甘草,方剂组成药材,麦冬,干祖望医生病例集,例二,现代临床
生地麦冬玄参白扁豆沙参山药桔梗太子参胖大海甘草,方剂组成药材,玄参,干祖望医生病例集,例二,现代临床
生地麦冬玄参白扁豆沙参山药桔梗太子参胖大海甘草,方剂组成药材,白扁豆,干祖望医生病例集,例二,现代临床
生地麦冬玄参白扁豆沙参山药桔梗太子参胖大海甘草,方剂组成药材,沙参,干祖望医生病例集,例二,现代临床
生地麦冬玄参白扁豆沙参山药桔梗太子参胖大海甘草,方剂组成药材,山药,干祖望医生病例集,例二,现代临床
生地麦冬玄参白扁豆沙参山药桔梗太子参胖大海甘草,方剂组成药材,桔梗,干祖望医生病例集,例二,现代临床
生地麦冬玄参白扁豆沙参山药桔梗太子参胖大海甘草,方剂组成药材,太子参,干祖望医生病例集,例二,现代临床
生地麦冬玄参白扁豆沙参山药桔梗太子参胖大海甘草,方剂组成药材,胖大海,干祖望医生病例集,例二,现代临床
生地麦冬玄参白扁豆沙参山药桔梗太子参胖大海甘草,方剂组成药材,甘草,干祖望医生病例集,例二,现代临床
唱歌老师,疾病导致舌象,舌薄苔,干祖望医生病例集,例二,现代临床
唱歌老师,证候导致脉象,脉未诊,干祖望医生病例集,例二,现代临床
唱歌老师,证候采用方剂,金匮桂枝茯苓丸加味裁方,干祖望医生病例集,例二,现代临床
金匮桂枝茯苓丸加味裁方,方剂组成药材,桂枝、茯苓、三棱、莪术、泽兰、归尾、桃仁、元明粉、山楂、射干,干祖望医生病例集,例二,现代临床
刘某,证候采用方剂,生地、玄参、金银花、蚤休、芦根、白茅根、天花粉、天竺黄、桔梗、甘草,干祖望医生病例集,例二,现代临床
周某,证候采用方剂,酒制地鳖、酷炒鳖甲、炮山甲、僵蚕、柴胡、桃仁、三棱、莪术、落得打、蝉蜕,干祖望医生病例集,例二,现代临床
贾某,舌象表现特征,质有红意,干祖望医生病例集,例二,现代临床
贾某,证候采用方剂,熟地、山药、五味子、诃子肉、泽泻、丹皮、覆盆子、菟丝子、茯苓、桑葚子,干祖望医生病例集,例二,现代临床
罗某,证候采用方剂,白僵蚕、全蝎、生地、当归、功劳叶、白芍、钩藤、党参、麦冬、甘草,干祖望医生病例集,例二,现代临床
卫气虚弱,证候导致舌象,苔黄而腻,干祖望医生病例集,例二,现代临床
卫气虚弱,证候导致脉象,脉平,干祖望医生病例集,例二,现代临床
咳嗽,症状伴随症状,有痰,干祖望医生病例集,例二,现代临床
咽至耳部肌肉发凉、发麻,症状伴随症状,头位转动时即好转,干祖望医生病例集,例二,现代临床
干燥逾賊,证候导致舌象,舌质干,干祖望医生病例集,例二,现代临床
干燥逾賊,证候导致舌象,有腻苔斑斑,干祖望医生病例集,例二,现代临床
感冒,疾病表现症状,咽至耳根部内肉发凉、发麻,干祖望医生病例集,例二,现代临床
感冒,症状伴随症状,口腔干,干祖望医生病例集,例二,现代临床
咽干液少,症状伴随症状,粘膜萎缩,干祖望医生病例集,例二,现代临床
咽干液少,症状伴随症状,舌腻苔较厚,干祖望医生病例集,例二,现代临床
咽干液少,症状伴随症状,脉平偏细,干祖望医生病例集,例二,现代临床
左耳耳鸣,症状伴随症状,如蝉噪,干祖望医生病例集,例二,现代临床
左耳耳鸣,症状伴随症状,午后加重,干祖望医生病例集,例二,现代临床
右耳耳鸣,症状伴随症状,为有节奏的苏苏声,干祖望医生病例集,例二,现代临床
声带麻痹,疾病导致舌象,舌薄苔,干祖望医生病例集,例二,现代临床
声带麻痹,疾病导致脉象,脉细弦,干祖望医生病例集,例二,现代临床
发音嘶哑,症状伴随症状,局部有收缩、牵制、紧张感,干祖望医生病例集,例二,现代临床
发音嘶哑,症状伴随症状,悬雍垂松弛,干祖望医生病例集,例二,现代临床
发音嘶哑,症状伴随症状,会厌卷叶型,干祖望医生病例集,例二,现代临床
发音嘶哑,症状伴随症状,声带固定难展,干祖望医生病例集,例二,现代临床
发音嘶哑,疾病导致舌象,舌薄苔,干祖望医生病例集,例二,现代临床
发音嘶哑,疾病导致脉象,脉细,干祖望医生病例集,例二,现代临床
发音陡然嘶哑,症状伴随症状,胸膺发凉,干祖望医生病例集,例二,现代临床
发音陡然嘶哑,症状伴随症状,饮水有呛咳,干祖望医生病例集,例二,现代临床
发音陡然嘶哑,疾病导致舌象,舌薄苔,干祖望医生病例集,例二,现代临床
发音陡然嘶哑,疾病导致舌象,质淡,干祖望医生病例集,例二,现代临床
发音陡然嘶哑,疾病导致脉象,脉小弦,干祖望医生病例集,例二,现代临床
喉头舒畅,症状伴随症状,发音不出,干祖望医生病例集,例二,现代临床
喉头舒畅,疾病导致舌象,舌质红赤,干祖望医生病例集,例二,现代临床
喉头舒畅,疾病导致舌象,苔薄,干祖望医生病例集,例二,现代临床
喉头舒畅,疾病导致脉象,脉数,干祖望医生病例集,例二,现代临床
青蒿10g玉泉散20g桑寄生10g芦根30g蚤休10g石上柏10g油松节10g玉竹10g知母10g白花蛇舌草10g,方剂组成药材,青蒿,干祖望医生病例集,例二,现代临床
青蒿10g玉泉散20g桑寄生10g芦根30g蚤休10g石上柏10g油松节10g玉竹10g知母10g白花蛇舌草10g,方剂组成药材,玉泉散,干祖望医生病例集,例二,现代临床
青蒿10g玉泉散20g桑寄生10g芦根30g蚤休10g石上柏10g油松节10g玉竹10g知母10g白花蛇舌草10g,方剂组成药材,桑寄生,干祖望医生病例集,例二,现代临床
青蒿10g玉泉散20g桑寄生10g芦根30g蚤休10g石上柏10g油松节10g玉竹10g知母10g白花蛇舌草10g,方剂组成药材,芦根,干祖望医生病例集,例二,现代临床
青蒿10g玉泉散20g桑寄生10g芦根30g蚤休10g石上柏10g油松节10g玉竹10g知母10g白花蛇舌草10g,方剂组成药材,蚤休,干祖望医生病例集,例二,现代临床
青蒿10g玉泉散20g桑寄生10g芦根30g蚤休10g石上柏10g油松节10g玉竹10g知母10g白花蛇舌草10g,方剂组成药材,石上柏,干祖望医生病例集,例二,现代临床
青蒿10g玉泉散20g桑寄生10g芦根30g蚤休10g石上柏10g油松节10g玉竹10g知母10g白花蛇舌草10g,方剂组成药材,油松节,干祖望医生病例集,例二,现代临床
青蒿10g玉泉散20g桑寄生10g芦根30g蚤休10g石上柏10g油松节10g玉竹10g知母10g白花蛇舌草10g,方剂组成药材,玉竹,干祖望医生病例集,例二,现代临床
青蒿10g玉泉散20g桑寄生10g芦根30g蚤休10g石上柏10g油松节10g玉竹10g知母10g白花蛇舌草10g,方剂组成药材,知母,干祖望医生病例集,例二,现代临床
青蒿10g玉泉散20g桑寄生10g芦根30g蚤休10g石上柏10g油松节10g玉竹10g知母10g白花蛇舌草10g,方剂组成药材,白花蛇舌草,干祖望医生病例集,例二,现代临床
青蒿,药材具有功效,清热解暑,干祖望医生病例集,例二,现代临床
玉泉散,药材具有功效,生津止渴,干祖望医生病例集,例二,现代临床
桑寄生,药材具有功效,补肝肾,干祖望医生病例集,例二,现代临床
芦根,药材具有功效,清热生津,干祖望医生病例集,例二,现代临床
蚤休,药材具有功效,清热解毒,干祖望医生病例集,例二,现代临床
石上柏,药材具有功效,清热利湿,干祖望医生病例集,例二,现代临床
油松节,药材具有功效,祛风湿,干祖望医生病例集,例二,现代临床
玉竹,药材具有功效,滋阴润燥,干祖望医生病例集,例二,现代临床
知母,药材具有功效,清热生津,干祖望医生病例集,例二,现代临床
白花蛇舌草,药材具有功效,清热解毒,干祖望医生病例集,例二,现代临床
木香流气饮合通窍活血汤,归属于经典,窦氏疮疡经验全书,干祖望医生病例集,例二,现代临床
木香流气饮合通窍活血汤,归属于经典,医林改错,干祖望医生病例集,例二,现代临床
木香流气饮合通窍活血汤,方剂组成药材,木香,干祖望医生病例集,例二,现代临床
木香流气饮合通窍活血汤,方剂组成药材,乌药,干祖望医生病例集,例二,现代临床
木香流气饮合通窍活血汤,方剂组成药材,枳壳,干祖望医生病例集,例二,现代临床
木香流气饮合通窍活血汤,方剂组成药材,落得打,干祖望医生病例集,例二,现代临床
木香流气饮合通窍活血汤,方剂组成药材,三棱,干祖望医生病例集,例二,现代临床
木香流气饮合通窍活血汤,方剂组成药材,莪术,干祖望医生病例集,例二,现代临床
木香流气饮合通窍活血汤,方剂组成药材,红花,干祖望医生病例集,例二,现代临床
木香流气饮合通窍活血汤,方剂组成药材,天竺黄,干祖望医生病例集,例二,现代临床
木香流气饮合通窍活血汤,方剂组成药材,当归,干祖望医生病例集,例二,现代临床
木香流气饮合通窍活血汤,方剂组成药材,川贝母,干祖望医生病例集,例二,现代临床
木香,药材具有功效,理气化湿,干祖望医生病例集,例二,现代临床
乌药,药材具有功效,行气止痛,干祖望医生病例集,例二,现代临床
枳壳,药材具有功效,破气散结,干祖望医生病例集,例二,现代临床
落得打,药材具有功效,活血化瘀,干祖望医生病例集,例二,现代临床
三棱,药材具有功效,破血行气,干祖望医生病例集,例二,现代临床
莪术,药材具有功效,破血行气,干祖望医生病例集,例二,现代临床
红花,药材具有功效,活血化瘀,干祖望医生病例集,例二,现代临床
天竺黄,药材具有功效,清热化痰,干祖望医生病例集,例二,现代临床
当归,药材具有功效,补血调经,干祖望医生病例集,例二,现代临床
川贝母,药材具有功效,清热化痰,干祖望医生病例集,例二,现代临床
情绪一震失音,症状伴随症状,胸闷不畅,干祖望医生病例集,例二,现代临床
情绪一震失音,症状伴随症状,咽充血红艳型,干祖望医生病例集,例二,现代临床
情绪一震失音,症状伴随症状,舌质红赤,干祖望医生病例集,例二,现代临床
情绪一震失音,症状伴随症状,苔薄,干祖望医生病例集,例二,现代临床
情绪一震失音,症状伴随症状,脉数,干祖望医生病例集,例二,现代临床
情绪一震失音,症状伴随症状,发音不出,干祖望医生病例集,例二,现代临床
情绪一震失音,症状伴随症状,喉头已舒畅一些,干祖望医生病例集,例二,现代临床
情绪一震失音,症状伴随症状,咽后壁淋巴滤泡增生,干祖望医生病例集,例二,现代临床
情绪一震失音,症状伴随症状,有充血感,干祖望医生病例集,例二,现代临床
情绪一震失音,症状伴随症状,咽反射过敏,干祖望医生病例集,例二,现代临床
情绪一震失音,症状伴随症状,不合作而无法査见喉部,干祖望医生病例集,例二,现代临床
情绪一震失音,症状伴随症状,舌薄苔,干祖望医生病例集,例二,现代临床
情绪一震失音,症状伴随症状,脉平,干祖望医生病例集,例二,现代临床
情绪一震失音,症状伴随症状,咳嗽稍有声音,干祖望医生病例集,例二,现代临床
情绪一震失音,症状伴随症状,声带肥厚充血,干祖望医生病例集,例二,现代临床
情绪一震失音,症状伴随症状,发音时闭合不全,干祖望医生病例集,例二,现代临床
情绪一震失音,症状伴随症状,舌薄苔透黄,干祖望医生病例集,例二,现代临床
情绪一震失音,症状伴随症状,喉头奇痒,干祖望医生病例集,例二,现代临床
情绪一震失音,症状伴随症状,痒甚则泛恶,干祖望医生病例集,例二,现代临床
情绪一震失音,症状伴随症状,泪溢滂沱,干祖望医生病例集,例二,现代临床
情绪一震失音,症状伴随症状,多言后即干燥,干祖望医生病例集,例二,现代临床
情绪一震失音,症状伴随症状,咽峡弥漫性充血,干祖望医生病例集,例二,现代临床
情绪一震失音,症状伴随症状,舌薄苔,干祖望医生病例集,例二,现代临床
情绪一震失音,症状伴随症状,脉平,干祖望医生病例集,例二,现代临床
情绪一震失音,症状伴随症状,发音嘶哑,干祖望医生病例集,例二,现代临床
情绪一震失音,症状伴随症状,饮水有呛逆,干祖望医生病例集,例二,现代临床
情绪一震失音,症状伴随症状,睡眠不酣多梦,干祖望医生病例集,例二,现代临床
情绪一震失音,症状伴随症状,大便稍偏干,干祖望医生病例集,例二,现代临床
情绪一震失音,症状伴随症状,月事正常,干祖望医生病例集,例二,现代临床
情绪一震失音,症状伴随症状,瘀块色紫,干祖望医生病例集,例二,现代临床
情绪一震失音,症状伴随症状,痰多能咯,干祖望医生病例集,例二,现代临床
情绪一震失音,症状伴随症状,登梯时气怯气促,干祖望医生病例集,例二,现代临床
情绪一震失音,症状伴随症状,扁桃体无异常,干祖望医生病例集,例二,现代临床
情绪一震失音,症状伴随症状,左声带难以外展,干祖望医生病例集,例二,现代临床
情绪一震失音,症状伴随症状,舌少苔,干祖望医生病例集,例二,现代临床
情绪一震失音,症状伴随症状,质淡红,干祖望医生病例集,例二,现代临床
情绪一震失音,症状伴随症状,脉细,干祖望医生病例集,例二,现代临床
情绪一震失音,症状伴随症状,发音已亮朗一些,干祖望医生病例集,例二,现代临床
情绪一震失音,症状伴随症状,呛的情况已没有,干祖望医生病例集,例二,现代临床
情绪一震失音,症状伴随症状,不耐多言,干祖望医生病例集,例二,现代临床
情绪一震失音,症状伴随症状,高音难以发出,干祖望医生病例集,例二,现代临床
情绪一震失音,症状伴随症状,音色尚可,干祖望医生病例集,例二,现代临床
情绪一震失音,症状伴随症状,音域很窄,干祖望医生病例集,例二,现代临床
情绪一震失音,症状伴随症状,声带充血,干祖望医生病例集,例二,现代临床
情绪一震失音,症状伴随症状,披裂增生,干祖望医生病例集,例二,现代临床
情绪一震失音,症状伴随症状,舌薄苔,干祖望医生病例集,例二,现代临床
情绪一震失音,症状伴随症状,披裂依然木肿僵坚,干祖望医生病例集,例二,现代临床
情绪一震失音,症状伴随症状,左侧固定不能活动,干祖望医生病例集,例二,现代临床
情绪一震失音,症状伴随症状,发音嘶哑,干祖望医生病例集,例二,现代临床
情绪一震失音,症状伴随症状,抑郁不扬,干祖望医生病例集,例二,现代临床
情绪一震失音,症状伴随症状,呼吸稍感难畅,干祖望医生病例集,例二,现代临床
情绪一震失音,症状伴随症状,多言及活动即气促而喘,干祖望医生病例集,例二,现代临床
情绪一震失音,症状伴随症状,胃溃疡出过5次血,干祖望医生病例集,例二,现代临床
情绪一震失音,症状伴随症状,两肾亦有病,干祖望医生病例集,例二,现代临床
情绪一震失音,症状伴随症状,舌薄苔后腻,干祖望医生病例集,例二,现代临床
情绪一震失音,症状伴随症状,脉细,干祖望医生病例集,例二,现代临床
情绪一震失音,症状伴随症状,精神与体力明显改善而振作,干祖望医生病例集,例二,现代临床
情绪一震失音,症状伴随症状,发音稍感轻松,干祖望医生病例集,例二,现代临床
情绪一震失音,症状伴随症状,喘息气短亦改善良多,干祖望医生病例集,例二,现代临床
情绪一震失音,症状伴随症状,舌苔已化为薄苔,干祖望医生病例集,例二,现代临床
情绪一震失音,症状伴随症状,脉细但较前有力,干祖望医生病例集,例二,现代临床
情绪一震失音,症状伴随症状,发音失泽,干祖望医生病例集,例二,现代临床
情绪一震失音,症状伴随症状,胃纳很差,干祖望医生病例集,例二,现代临床
情绪一震失音,症状伴随症状,食量锐减,干祖望医生病例集,例二,现代临床
情绪一震失音,症状伴随症状,痰多伴咳,干祖望医生病例集,例二,现代临床
情绪一震失音,症状伴随症状,色白粘稠易豁能咯,干祖望医生病例集,例二,现代临床
情绪一震失音,症状伴随症状,大便难囿,干祖望医生病例集,例二,现代临床
情绪一震失音,症状伴随症状,口干求饮,干祖望医生病例集,例二,现代临床
情绪一震失音,症状伴随症状,满口殷红无液,干祖望医生病例集,例二,现代临床
情绪一震失音,症状伴随症状,会厌轻度肿胀,干祖望医生病例集,例二,现代临床
情绪一震失音,症状伴随症状,声门暴露不全,干祖望医生病例集,例二,现代临床
情绪一震失音,症状伴随症状,舌光无液有裂痕浅而多,干祖望医生病例集,例二,现代临床
情绪一震失音,症状伴随症状,脉平偏细,干祖望医生病例集,例二,现代临床
情绪一震失音,症状伴随症状,類下硬结木肿明显缩小软化,干祖望医生病例集,例二,现代临床
情绪一震失音,症状伴随症状,痰量正常,干祖望医生病例集,例二,现代临床
情绪一震失音,症状伴随症状,咳已止歇,干祖望医生病例集,例二,现代临床
情绪一震失音,症状伴随症状,口干便秘仍然,干祖望医生病例集,例二,现代临床
情绪一震失音,症状伴随症状,胃纳依然不增,干祖望医生病例集,例二,现代临床
情绪一震失音,症状伴随症状,自感神疲嗜睡而气短,干祖望医生病例集,例二,现代临床
情绪一震失音,症状伴随症状,口腔粘膜充血消失,干祖望医生病例集,例二,现代临床
情绪一震失音,症状伴随症状,津液仍然枯槁,干祖望医生病例集,例二,现代临床
情绪一震失音,症状伴随症状,会厌肥厚,干祖望医生病例集,例二,现代临床
情绪一震失音,症状伴随症状,声门观察暴露不全,干祖望医生病例集,例二,现代临床
情绪一震失音,症状伴随症状,额下边缘不清而粘连的坚块明显缩小,干祖望医生病例集,例二,现代临床
情绪一震失音,症状伴随症状,稍有软,干祖望医生病例集,例二,现代临床
情绪一震失音,证候导致舌象,舌薄苔,干祖望医生病例集,例二,现代临床
情绪一震失音,证候导致舌象,舌质红赤,干祖望医生病例集,例二,现代临床
情绪一震失音,证候导致舌象,舌少苔,干祖望医生病例集,例二,现代临床
情绪一震失音,证候导致舌象,舌薄苔后腻,干祖望医生病例集,例二,现代临床
情绪一震失音,证候导致舌象,舌光无液有裂痕浅而多,干祖望医生病例集,例二,现代临床
情绪一震失音,证候导致脉象,脉小弦,干祖望医生病例集,例二,现代临床
情绪一震失音,证候导致脉象,脉细弦,干祖望医生病例集,例二,现代临床
情绪一震失音,证候导致脉象,脉数,干祖望医生病例集,例二,现代临床
情绪一震失音,证候导致脉象,脉平,干祖望医生病例集,例二,现代临床
情绪一震失音,证候导致脉象,脉细,干祖望医生病例集,例二,现代临床
情绪一震失音,证候导致脉象,脉平偏细,干祖望医生病例集,例二,现代临床
情绪一震失音,综合辨证证候,肝为将军之官,干祖望医生病例集,例二,现代临床
情绪一震失音,综合辨证证候,声带隶厥阴之属,干祖望医生病例集,例二,现代临床
情绪一震失音,综合辨证证候,诸恙偏于热象,干祖望医生病例集,例二,现代临床
情绪一震失音,综合辨证证候,咽喉奇痒,干祖望医生病例集,例二,现代临床
情绪一震失音,综合辨证证候,气怯于中,干祖望医生病例集,例二,现代临床
情绪一震失音,综合辨证证候,荏弱之躯麋集之病,干祖望医生病例集,例二,现代临床
情绪一震失音,综合辨证证候,阴津枯竭,干祖望医生病例集,例二,现代临床
情绪一震失音,证候采用方剂,柴胡白芍丹参螟蚣当归全蝎僵蚕大贝母泽兰落得打煎服,干祖望医生病例集,例二,现代临床
情绪一震失音,证候采用方剂,蝉衣僵蚕宣木瓜黄茂党参白术落得打茯苓当归泽兰娱蚣煎服,干祖望医生病例集,例二,现代临床
情绪一震失音,证候采用方剂,螟蚣全蝎僵蚕罗布麻天竺黄菊花菖蒲象贝母黛蛤散生地蝉衣煎服,干祖望医生病例集,例二,现代临床
情绪一震失音,证候采用方剂,甘草小麦大枣菖蒲蝉衣枳壳莱殖子玉蝴蝶血余炭煎服,干祖望医生病例集,例二,现代临床
情绪一震失音,证候采用方剂,淡附片炮姜菖蒲蝉衣路路通射干枳壳甘草马兜铃诃子肉煎服,干祖望医生病例集,例二,现代临床
情绪一震失音,证候采用方剂,川黄连川黄柏生地竹叶灯心草白茅根芦根知母甘草煎服,干祖望医生病例集,例二,现代临床
情绪一震失音,证候采用方剂,黄罠党参白术紫河车茯苓山药百合白僵蚕木瓜甘草煎服,干祖望医生病例集,例二,现代临床
情绪一震失音,证候采用方剂,党参黄茂升麻白术茯苓百合山药蝉衣木瓜仙茅甘草煎服,干祖望医生病例集,例二,现代临床
情绪一震失音,证候采用方剂,三棱莪术地鳖虫僵蚕红花桃仁泽兰叶当归尾赤芍油松节煎服,干祖望医生病例集,例二,现代临床
情绪一震失音,证候采用方剂,太子参茯苓山药当归尾白扁豆赤芍百合丹参蝉衣甘草煎服,干祖望医生病例集,例二,现代临床
情绪一震失音,证候采用方剂,党参白术茯苓制首乌当归身白芍丹参益母草山楂甘草煎服,干祖望医生病例集,例二,现代临床
情绪一震失音,证候采用方剂,西洋参石斛麦冬沙参女贞子芦根川黄柏知母京玄参乌梅蚤休煎服,干祖望医生病例集,例二,现代临床
喉癌,疾病表现症状,胃纳差,干祖望医生病例集,例二,现代临床
喉癌,疾病表现症状,食量锐减,干祖望医生病例集,例二,现代临床
喉癌,疾病表现症状,痰多伴咳,干祖望医生病例集,例二,现代临床
喉癌,疾病表现症状,大便难囿,干祖望医生病例集,例二,现代临床
喉癌,疾病表现症状,口干求饮,干祖望医生病例集,例二,现代临床
喉癌,疾病导致舌象,舌光无液有裂痕浅而多,干祖望医生病例集,例二,现代临床
喉癌,疾病导致脉象,脉平偏细,干祖望医生病例集,例二,现代临床
喉癌,证候导致舌象,舌光无液,干祖望医生病例集,例二,现代临床
喉癌,证候导致舌象,舌脉细,干祖望医生病例集,例二,现代临床
喉癌,证候导致脉象,脉细,干祖望医生病例集,例二,现代临床
喉癌,综合辨证证候,阴津枯竭,干祖望医生病例集,例二,现代临床
喉癌,综合辨证证候,燥痰,干祖望医生病例集,例二,现代临床
喉癌,综合辨证证候,燥能干渴,干祖望医生病例集,例二,现代临床
喉癌,综合辨证证候,津液槁之大肠,干祖望医生病例集,例二,现代临床
喉癌,证候采用方剂,西洋参5g石斛10g麦冬10g沙参10g女贞子10g芦根30g川黄柏3g知母10g京玄参10g乌梅10g蚤休10g,干祖望医生病例集,例二,现代临床
喉癌,证候采用方剂,西洋参5g蒲公英10g石斛10g枫斗10g生石膏30g石上柏10g乌梅10g知母10g火麻仁10g麦冬10g芦根30g昆布10g,干祖望医生病例集,例二,现代临床
喉癌,药材具有功效,养阴生津,干祖望医生病例集,例二,现代临床
喉癌,药材具有功效,滋水生津,干祖望医生病例集,例二,现代临床
喉癌,归属于经典,干祖望经验集,干祖望医生病例集,例二,现代临床
喉癌,理论指导实践,中医药在癌症前、中两期是没有作用的，但在西医手术、光疗、化疗之后的大局已定之后，在复査观察阶段的中医中药大有其用武之地,干祖望医生病例集,例二,现代临床
喉癌,名医经验总结,干祖望,干祖望医生病例集,例二,现代临床
蕴结之湿浊,证候导致舌象,少苔,干祖望医生病例集,例二,现代临床
蕴结之湿浊,证候导致脉象,脉细,干祖望医生病例集,例二,现代临床
阴虚,证候导致舌象,少苔,干祖望医生病例集,例二,现代临床
阴虚,证候导致脉象,脉细,干祖望医生病例集,例二,现代临床
咽喉浓痰,疾病表现症状,吞咽稍有痛感,干祖望医生病例集,例二,现代临床
咽喉浓痰,症状伴随症状,发音失泽,干祖望医生病例集,例二,现代临床
咽喉浓痰,症状伴随症状,低度发烧,干祖望医生病例集,例二,现代临床
咽喉浓痰,症状伴随症状,喉头异物感,干祖望医生病例集,例二,现代临床
咽喉浓痰,症状伴随症状,频频干咳,干祖望医生病例集,例二,现代临床
咽喉浓痰,症状伴随症状,头昏沉感,干祖望医生病例集,例二,现代临床
咽喉浓痰,疾病导致舌象,舌红而光无苔,干祖望医生病例集,例二,现代临床
咽喉浓痰,疾病导致舌象,纵行裂痕深而且多,干祖望医生病例集,例二,现代临床
咽喉浓痰,疾病导致脉象,脉细有数意,干祖望医生病例集,例二,现代临床
唇炎,症状伴随症状,咽喉奇干,干祖望医生病例集,例二,现代临床
唇炎,症状伴随症状,大便偏稀,干祖望医生病例集,例二,现代临床
唇炎,疾病导致舌象,舌薄苔,干祖望医生病例集,例二,现代临床
唇炎,疾病导致脉象,脉平,干祖望医生病例集,例二,现代临床
根尖周围脓肿痿管,疾病表现症状,脓水溢出,干祖望医生病例集,例二,现代临床
根尖周围脓肿痿管,疾病导致舌象,舌薄苔,干祖望医生病例集,例二,现代临床
根尖周围脓肿痿管,疾病导致舌象,质淡白无华,干祖望医生病例集,例二,现代临床
根尖周围脓肿痿管,疾病导致脉象,脉细无力,干祖望医生病例集,例二,现代临床
齿龈炎,疾病表现症状,溃疡,干祖望医生病例集,例二,现代临床
齿龈炎,症状伴随症状,肿痛发炎,干祖望医生病例集,例二,现代临床
齿龈炎,症状伴随症状,胃纳差,干祖望医生病例集,例二,现代临床
齿龈炎,症状伴随症状,睡眠难,干祖望医生病例集,例二,现代临床
齿龈炎,疾病导致舌象,舌薄腻苔,干祖望医生病例集,例二,现代临床
齿龈炎,疾病导致脉象,脉洪大而数,干祖望医生病例集,例二,现代临床
舌病,疾病表现症状,舌背粘糊,干祖望医生病例集,例二,现代临床
舌病,症状伴随症状,甜味,干祖望医生病例集,例二,现代临床
舌病,症状伴随症状,上齿槽发酸,干祖望医生病例集,例二,现代临床
舌病,疾病导致舌象,舌厚白腻苔,干祖望医生病例集,例二,现代临床
舌病,疾病导致舌象,横行裂痕,干祖望医生病例集,例二,现代临床
舌病,疾病导致脉象,脉平,干祖望医生病例集,例二,现代临床
剥脱性唇炎,归属于经典,干氏耳鼻咽喉口腔科学,干祖望医生病例集,例二,现代临床
剥脱性唇炎,理论指导实践,脾湿心火上犯者，当渗湿清火,干祖望医生病例集,例二,现代临床
剥脱性唇炎,理论指导实践,脾虚者，健牌制湿,干祖望医生病例集,例二,现代临床
剥脱性唇炎,理论指导实践,血虚生风者，养血熄风,干祖望医生病例集,例二,现代临床
剥脱性唇炎,方剂组成药材,黄连膏,干祖望医生病例集,例二,现代临床
黄连膏,药材具有功效,初期用黄连膏纱布盖贴,干祖望医生病例集,例二,现代临床
黄连膏,药材具有功效,后期用黄连膏中加10 15 的八宝眼药，调匀盖贴,干祖望医生病例集,例二,现代临床
唇炎,证候采用方剂,荆芥炭6g白鲜皮10g丹皮6g赤芍6g地肤子10g绿豆衣10g芦根10g蝉衣6g豬釜草10g桑白皮10g,干祖望医生病例集,例二,现代临床
根尖周围脓肿痿管,证候采用方剂,党参10g黄羨10g白术6g茯荟10g山药10g当归10g丹参10g首乌10g阿胶（另洋冲兑）10g甘草3g,干祖望医生病例集,例二,现代临床
齿龈炎,证候采用方剂,水牛角15g生地10g丹皮6g赤芍6g穿心莲10g川黄连3g金银花10g芦根30g紫地丁10g甘中黄3g,干祖望医生病例集,例二,现代临床
齿龈炎,证候采用方剂,党参10g白术6g茯苓10g山药10g百合10g白扁豆10g仙茅6g仙灵脾10g柏子仁10g甘草3g,干祖望医生病例集,例二,现代临床
舌病,证候采用方剂,茯苓10g白术6g陈皮5g半夏6g蕾香10g佩兰lOg山楂10g六曲10g苍术6g仙茅6g,干祖望医生病例集,例二,现代临床
剥脱性唇炎,名医经验总结,干祖望,干祖望医生病例集,例二,现代临床
脾湿蒸蒸,证候导致舌象,舌质红柔软,干祖望医生病例集,例二,现代临床
脾湿蒸蒸,证候导致舌象,苔薄白腻,干祖望医生病例集,例二,现代临床
心火炎炎,证候导致舌象,舌质红柔软,干祖望医生病例集,例二,现代临床
心火炎炎,证候导致舌象,苔薄白腻,干祖望医生病例集,例二,现代临床
心火旺,证候导致舌象,舌薄苔,干祖望医生病例集,例二,现代临床
心火旺,证候导致脉象,脉平,干祖望医生病例集,例二,现代临床
肝火盛,证候导致舌象,舌薄苔,干祖望医生病例集,例二,现代临床
肝火盛,证候导致脉象,脉平,干祖望医生病例集,例二,现代临床
热毒扰心,疾病导致舌象,舌背大面积糜烂,干祖望医生病例集,例二,现代临床
热毒扰心,疾病导致舌象,舌上流淡血水,干祖望医生病例集,例二,现代临床
热毒扰心,疾病导致舌象,有臭气,干祖望医生病例集,例二,现代临床
热毒扰心,疾病导致脉象,脉细,干祖望医生病例集,例二,现代临床
血虚生风,证候导致舌象,舌体跳跃摇动不止,干祖望医生病例集,例二,现代临床
血虚生风,证候导致脉象,脉弦,干祖望医生病例集,例二,现代临床
心苗肿胀,疾病导致舌象,舌下系带右侧有小泡一个,干祖望医生病例集,例二,现代临床
心苗肿胀,疾病导致舌象,无充血,干祖望医生病例集,例二,现代临床
心苗肿胀,疾病导致舌象,柔软,干祖望医生病例集,例二,现代临床
心苗肿胀,疾病导致脉象,脉细,干祖望医生病例集,例二,现代临床
脾湿蒸蒸，心火炎炎,证候采用方剂,生地10g茅根10g川连3g竹叶10g灯心3扎车前子（包煎）10g茵仁10g陈皮6g益元散（包煎）15g,干祖望医生病例集,例二,现代临床
心火旺,证候采用方剂,川连1.5g生地10g天竺黄6g法半夏6g茅根10g灯心3扎竹叶10g益元散（包煎）12g菖蒲3g,干祖望医生病例集,例二,现代临床
热毒扰心,证候采用方剂,水牛角（另煎）10g川连1.5g山栀10g生地10g丹皮10g赤芍6g灯心3扎茅根10g甘中黄（包煎）3g,干祖望医生病例集,例二,现代临床
血虚生风,证候采用方剂,柏子仁10g朱茯神10g朱灯心3扎磁石（先煎）30g珍珠母（先煎）30g莲子10g当归10g白芍6g熟地10g菖蒲3g,干祖望医生病例集,例二,现代临床
心苗肿胀,证候采用方剂,天竺黄6g生地10g竹叶10g川黄连3g大贝母10g白茅根10g白芷10g车前子10g白芥子6g甘草3g,干祖望医生病例集,例二,现代临床
舌腺囊肿,疾病表现症状,右侧舌系带部有异物感,干祖望医生病例集,例二,现代临床
舌腺囊肿,疾病表现症状,无疼痛,干祖望医生病例集,例二,现代临床
舌腺囊肿,疾病导致舌象,舌薄苔,干祖望医生病例集,例二,现代临床
舌腺囊肿,疾病导致脉象,脉细,干祖望医生病例集,例二,现代临床
舌体血管瘤,疾病表现症状,舌体有撕痛感,干祖望医生病例集,例二,现代临床
舌体血管瘤,疾病表现症状,饮水求润喜凉,干祖望医生病例集,例二,现代临床
舌体血管瘤,疾病表现症状,自觉有肥厚感,干祖望医生病例集,例二,现代临床
舌体血管瘤,疾病表现症状,夜间尿多,干祖望医生病例集,例二,现代临床
舌体血管瘤,疾病导致舌象,舌体柔软,干祖望医生病例集,例二,现代临床
舌体血管瘤,疾病导致舌象,舌尖偏右及侧根部有紫色隆起,干祖望医生病例集,例二,现代临床
舌体血管瘤,疾病导致舌象,舌薄苔,干祖望医生病例集,例二,现代临床
舌体血管瘤,疾病导致脉象,脉细,干祖望医生病例集,例二,现代临床
扁平苔癣,疾病表现症状,口腔粘膜病变,干祖望医生病例集,例二,现代临床
扁平苔癣,疾病导致舌象,舌薄苔,干祖望医生病例集,例二,现代临床
扁平苔癣,疾病导致舌象,舌淡黄薄苔,干祖望医生病例集,例二,现代临床
扁平苔癣,疾病导致脉象,脉平,干祖望医生病例集,例二,现代临床
扁平苔癣,疾病导致舌象,舌薄黄腻苔,干祖望医生病例集,例二,现代临床
扁平苔癣,症状伴随症状,口内粘糊感,干祖望医生病例集,例二,现代临床
扁平苔癣,症状伴随症状,右颈及右智齿疼痛,干祖望医生病例集,例二,现代临床
清火化痰,证候采用方剂,天竺黄6g生地10g竹叶10g川黄连3g大贝母10g白茅根10g白芷10g车前子10g白芥子6g甘草3g,干祖望医生病例集,例二,现代临床
清化凉营,证候采用方剂,生地10g柏子仁10g竹叶10g灯心草3g丹参10g绿豆衣10g鸟不宿10g石上柏10g甘中黄3g,干祖望医生病例集,例二,现代临床
健脾以燥湿，化瘀以破滞,证候采用方剂,益母草10g三棱6g莪术6g红花6g太子参10g白术6g茯苓10g桃仁10g鸡内金10g山楂10g,干祖望医生病例集,例二,现代临床
清理湿浊,证候采用方剂,鸡内金10g蕾香10g佩兰10g土茯苓10g赤小豆10g山楂10g六曲10g桔梗6g六一散15g,干祖望医生病例集,例二,现代临床
振作脾气,证候采用方剂,太子参10g白术6g茯苓10g陈皮6g葛根10g蕾香10g佩兰10g山楂10g六曲10g甘草3g,干祖望医生病例集,例二,现代临床
扁平苔癣,疾病表现症状,对物理性刺激敏感及舐之稍感粗糙,干祖望医生病例集,例二,现代临床
扁平苔癣,疾病导致舌象,舌薄腻苔，淡黄,干祖望医生病例集,例二,现代临床
扁平苔癣,疾病导致脉象,脉平偏细,干祖望医生病例集,例二,现代临床
口腔扁平苔癣,疾病表现症状,口干狂饮难润，求热而局部拒热,干祖望医生病例集,例二,现代临床
口腔扁平苔癣,疾病导致舌象,舌薄苔,干祖望医生病例集,例二,现代临床
口腔扁平苔癣,疾病导致脉象,脉平,干祖望医生病例集,例二,现代临床
粘膜白斑,疾病表现症状,两颊粘膜经常咀嚼时受伤,干祖望医生病例集,例二,现代临床
粘膜白斑,疾病导致舌象,舌薄苔，根部较腻,干祖望医生病例集,例二,现代临床
粘膜白斑,疾病导致脉象,脉细,干祖望医生病例集,例二,现代临床
口腔出现溃疡,疾病表现症状,消化系统不康宁，脱胃部作胀及泛酸,干祖望医生病例集,例二,现代临床
口腔出现溃疡,疾病导致舌象,舌薄苔映黄，质红有裂纹,干祖望医生病例集,例二,现代临床
口腔出现溃疡,疾病导致脉象,脉弦,干祖望医生病例集,例二,现代临床
咽部溃疡,疾病表现症状,自觉症状几乎没有,干祖望医生病例集,例二,现代临床
咽部溃疡,疾病导致舌象,舌白腻苔,干祖望医生病例集,例二,现代临床
咽部溃疡,疾病导致脉象,脉细弦,干祖望医生病例集,例二,现代临床
补中益气汤、六君子汤,证候采用方剂,脾气不充，内湿易滞,干祖望医生病例集,例二,现代临床
三棱6g莪术6g红花6g益母草10g桃仁10g当归尾10g赤芍6g鸡内金10g山楂10g佩兰10g,证候采用方剂,口腔诸恙责之于脾,干祖望医生病例集,例二,现代临床
党参10g白术6g茯苓10g山药10g扁豆10g蛇蜕3g蝉衣3g三棱6g莪术6g蕾香10g,证候采用方剂,脾土渐健，离火骤生,干祖望医生病例集,例二,现代临床
石上柏10g蚤休10g三棱6g莪术6g桃仁10g泽兰6g当归尾10g蕾香10g佩兰10g白花蛇舌草10g,证候采用方剂,咽峡及其周围溃疡,干祖望医生病例集,例二,现代临床
太子参10g白术6g茯苓10g焦米仁10g陈皮6g蕾香10g佩兰10g山楂10g六曲10g六一散15g,证候采用方剂,脾气失充，湿浊久困,干祖望医生病例集,例二,现代临床
生地10g白茅根10g竹叶10g夏枯草10g金银花10g菊花10g芦根30g罗布麻10g玄参10g甘草3g,证候采用方剂,脾土渐健，肝阳助桀,干祖望医生病例集,例二,现代临床
贾某,临床验证理论,口腔扁平苔癣,干祖望医生病例集,例二,现代临床
祝某,临床验证理论,粘膜白斑,干祖望医生病例集,例二,现代临床
冯某,临床验证理论,口腔出现溃疡,干祖望医生病例集,例二,现代临床
廖某,临床验证理论,咽部溃疡,干祖望医生病例集,例二,现代临床
干祖望,名医经验总结,口腔疾患，理当责之于脾,干祖望医生病例集,例二,现代临床
口腔白斑溃疡,症状伴随症状,咽头、舌根疼痛,干祖望医生病例集,例二,现代临床
口腔白斑溃疡,症状伴随症状,磨擦感,干祖望医生病例集,例二,现代临床
口腔白斑溃疡,疾病导致舌象,舌薄苔,干祖望医生病例集,例二,现代临床
口腔白斑溃疡,疾病导致脉象,脉细弦,干祖望医生病例集,例二,现代临床
口腔白斑溃疡,证候采用方剂,三甲散加减,干祖望医生病例集,例二,现代临床
三甲散加减,方剂组成药材,炮山甲,干祖望医生病例集,例二,现代临床
三甲散加减,方剂组成药材,鳖甲,干祖望医生病例集,例二,现代临床
三甲散加减,方剂组成药材,三棱,干祖望医生病例集,例二,现代临床
三甲散加减,方剂组成药材,莪术,干祖望医生病例集,例二,现代临床
三甲散加减,方剂组成药材,九香虫,干祖望医生病例集,例二,现代临床
三甲散加减,方剂组成药材,地鳖虫,干祖望医生病例集,例二,现代临床
三甲散加减,方剂组成药材,乳香,干祖望医生病例集,例二,现代临床
三甲散加减,方剂组成药材,没药,干祖望医生病例集,例二,现代临床
三甲散加减,方剂组成药材,桃仁,干祖望医生病例集,例二,现代临床
三甲散加减,方剂组成药材,落得打,干祖望医生病例集,例二,现代临床
三甲散加减,方剂组成药材,白芥子,干祖望医生病例集,例二,现代临床
口腔白斑溃疡,归属于经典,中医,干祖望医生病例集,例二,现代临床
口腔白斑溃疡,名医经验总结,干祖望,干祖望医生病例集,例二,现代临床
白塞氏综合征,症状伴随症状,舌烂,干祖望医生病例集,例二,现代临床
白塞氏综合征,症状伴随症状,阴囊及包皮糜烂,干祖望医生病例集,例二,现代临床
白塞氏综合征,症状伴随症状,两目红赤疼痛,干祖望医生病例集,例二,现代临床
白塞氏综合征,疾病导致舌象,舌体肥胖,干祖望医生病例集,例二,现代临床
白塞氏综合征,疾病导致舌象,舌有黄苔,干祖望医生病例集,例二,现代临床
白塞氏综合征,疾病导致脉象,脉来弦劲有力,干祖望医生病例集,例二,现代临床
白塞氏综合征,证候采用方剂,归脾汤,干祖望医生病例集,例二,现代临床
归脾汤,方剂组成药材,赤小豆,干祖望医生病例集,例二,现代临床
归脾汤,方剂组成药材,当归,干祖望医生病例集,例二,现代临床
归脾汤,方剂组成药材,白术,干祖望医生病例集,例二,现代临床
归脾汤,方剂组成药材,茯苓,干祖望医生病例集,例二,现代临床
归脾汤,方剂组成药材,太子参,干祖望医生病例集,例二,现代临床
归脾汤,方剂组成药材,山药,干祖望医生病例集,例二,现代临床
归脾汤,方剂组成药材,覆香,干祖望医生病例集,例二,现代临床
归脾汤,方剂组成药材,佩兰,干祖望医生病例集,例二,现代临床
归脾汤,方剂组成药材,山楂,干祖望医生病例集,例二,现代临床
归脾汤,方剂组成药材,六曲,干祖望医生病例集,例二,现代临床
归脾汤,方剂组成药材,六一散,干祖望医生病例集,例二,现代临床
白塞氏综合征,归属于经典,中医,干祖望医生病例集,例二,现代临床
白塞氏综合征,名医经验总结,干祖望,干祖望医生病例集,例二,现代临床
白塞氏综合征,疾病表现症状,眼睑溃疡,干祖望医生病例集,例二,现代临床
白塞氏综合征,疾病表现症状,阴部溃疡,干祖望医生病例集,例二,现代临床
白塞氏综合征,疾病表现症状,口腔潰疡,干祖望医生病例集,例二,现代临床
白塞氏综合征,疾病表现症状,两胫红斑,干祖望医生病例集,例二,现代临床
白塞氏综合征,疾病表现症状,左膝漫肿,干祖望医生病例集,例二,现代临床
白塞氏综合征,疾病表现症状,畏风,干祖望医生病例集,例二,现代临床
白塞氏综合征,疾病表现症状,不规则低烧,干祖望医生病例集,例二,现代临床
白塞氏综合征,疾病表现症状,精神萎靡,干祖望医生病例集,例二,现代临床
白塞氏综合征,疾病表现症状,头脑昏沉,干祖望医生病例集,例二,现代临床
白塞氏综合征,疾病表现症状,小便色黄,干祖望医生病例集,例二,现代临床
白塞氏综合征,疾病导致舌象,舌薄白苔,干祖望医生病例集,例二,现代临床
白塞氏综合征,疾病导致舌象,边有齿印如锯,干祖望医生病例集,例二,现代临床
白塞氏综合征,疾病导致脉象,脉濡,干祖望医生病例集,例二,现代临床
脾上失健,证候导致舌象,舌薄白苔,干祖望医生病例集,例二,现代临床
脾上失健,证候导致舌象,边有齿印如锯,干祖望医生病例集,例二,现代临床
脾上失健,证候导致脉象,脉濡,干祖望医生病例集,例二,现代临床
脾上失健,证候采用方剂,金匮赤小豆当归汤,干祖望医生病例集,例二,现代临床
金匮赤小豆当归汤,方剂组成药材,赤小豆,干祖望医生病例集,例二,现代临床
金匮赤小豆当归汤,方剂组成药材,当归,干祖望医生病例集,例二,现代临床
金匮赤小豆当归汤,方剂组成药材,白术,干祖望医生病例集,例二,现代临床
金匮赤小豆当归汤,方剂组成药材,茯苓,干祖望医生病例集,例二,现代临床
金匮赤小豆当归汤,方剂组成药材,太子参,干祖望医生病例集,例二,现代临床
金匮赤小豆当归汤,方剂组成药材,山药,干祖望医生病例集,例二,现代临床
金匮赤小豆当归汤,方剂组成药材,覆香,干祖望医生病例集,例二,现代临床
金匮赤小豆当归汤,方剂组成药材,佩兰,干祖望医生病例集,例二,现代临床
金匮赤小豆当归汤,方剂组成药材,山楂,干祖望医生病例集,例二,现代临床
金匮赤小豆当归汤,方剂组成药材,六曲,干祖望医生病例集,例二,现代临床
金匮赤小豆当归汤,方剂组成药材,六一散,干祖望医生病例集,例二,现代临床
白塞氏综合征,疾病导致舌象,舌薄苔,干祖望医生病例集,例二,现代临床
白塞氏综合征,疾病导致舌象,边红而有齿印,干祖望医生病例集,例二,现代临床
白塞氏综合征,疾病导致脉象,脉平,干祖望医生病例集,例二,现代临床
白塞氏综合征,疾病导致舌象,舌苔厚腻而糙,干祖望医生病例集,例二,现代临床
白塞氏综合征,疾病导致舌象,边艳红充血,干祖望医生病例集,例二,现代临床
白塞氏综合征,疾病导致舌象,舌薄腻苔,干祖望医生病例集,例二,现代临床
白塞氏综合征,疾病导致舌象,边有齿痕,干祖望医生病例集,例二,现代临床
白塞氏综合征,疾病导致舌象,舌白或腻苔,干祖望医生病例集,例二,现代临床
白塞氏综合征,疾病导致舌象,舌薄苔,干祖望医生病例集,例二,现代临床
白塞氏综合征,疾病导致舌象,边有齿痕大而深,干祖望医生病例集,例二,现代临床
白塞氏综合征,疾病导致脉象,脉细,干祖望医生病例集,例二,现代临床
白塞氏综合征,疾病导致脉象,脉平,干祖望医生病例集,例二,现代临床
白塞氏综合征,疾病表现症状,大便干结难團,干祖望医生病例集,例二,现代临床
白塞氏综合征,疾病表现症状,易汗,干祖望医生病例集,例二,现代临床
白塞氏综合征,疾病表现症状,重衣不暖,干祖望医生病例集,例二,现代临床
白塞氏综合征,疾病表现症状,膝关节酸痛,干祖望医生病例集,例二,现代临床
白塞氏综合征,疾病表现症状,步履艰难,干祖望医生病例集,例二,现代临床
白塞氏综合征,疾病表现症状,鼻有干燥感,干祖望医生病例集,例二,现代临床
白塞氏综合征,疾病表现症状,鼻血,干祖望医生病例集,例二,现代临床
白塞氏综合征,疾病表现症状,口腔溃疡,干祖望医生病例集,例二,现代临床
白塞氏综合征,疾病表现症状,阴部溃疡,干祖望医生病例集,例二,现代临床
白塞氏综合征,疾病表现症状,小便有灼热感,干祖望医生病例集,例二,现代临床
白塞氏综合征,疾病表现症状,环唇起燥,干祖望医生病例集,例二,现代临床
白塞氏综合征,疾病表现症状,多发性关节酸、痛、肿,干祖望医生病例集,例二,现代临床
白塞氏综合征,疾病表现症状,畏寒,干祖望医生病例集,例二,现代临床
白塞氏综合征,疾病表现症状,两小腿皮肤痒,干祖望医生病例集,例二,现代临床
白塞氏综合征,疾病表现症状,皮肤干燥起屑,干祖望医生病例集,例二,现代临床
白塞氏综合征,疾病表现症状,皮肤呈独立性色素沉着,干祖望医生病例集,例二,现代临床
白塞氏综合征,疾病表现症状,口腔及唇大片糜烂,干祖望医生病例集,例二,现代临床
白塞氏综合征,疾病表现症状,舌体僵化,干祖望医生病例集,例二,现代临床
白塞氏综合征,疾病表现症状,龟头上有红点而溃,干祖望医生病例集,例二,现代临床
白塞氏综合征,疾病表现症状,低烧,干祖望医生病例集,例二,现代临床
白塞氏综合征,疾病表现症状,大便稀薄,干祖望医生病例集,例二,现代临床
白塞氏综合征,疾病表现症状,大便后有血及轻微裂痛,干祖望医生病例集,例二,现代临床
白塞氏综合征,疾病导致舌象,舌少苔,干祖望医生病例集,例二,现代临床
白塞氏综合征,疾病导致脉象,脉有涩意,干祖望医生病例集,例二,现代临床
复发性门腔炎,疾病表现症状,睡眠难于人寐,干祖望医生病例集,例二,现代临床
复发性门腔炎,疾病表现症状,易醒,干祖望医生病例集,例二,现代临床
复发性门腔炎,疾病表现症状,容易出汗,干祖望医生病例集,例二,现代临床
复发性门腔炎,疾病表现症状,疲劳,干祖望医生病例集,例二,现代临床
复发性门腔炎,疾病导致舌象,舌薄苔,干祖望医生病例集,例二,现代临床
复发性门腔炎,疾病导致舌象,质胖而嫩,干祖望医生病例集,例二,现代临床
复发性门腔炎,疾病导致脉象,脉平偏细,干祖望医生病例集,例二,现代临床
复发性门腔炎,证候采用方剂,太子参白术茯苓汤,干祖望医生病例集,例二,现代临床
太子参白术茯苓汤,方剂组成药材,太子参,干祖望医生病例集,例二,现代临床
太子参白术茯苓汤,方剂组成药材,白术,干祖望医生病例集,例二,现代临床
太子参白术茯苓汤,方剂组成药材,茯苓,干祖望医生病例集,例二,现代临床
太子参白术茯苓汤,方剂组成药材,陈皮,干祖望医生病例集,例二,现代临床
太子参白术茯苓汤,方剂组成药材,蕾香,干祖望医生病例集,例二,现代临床
太子参白术茯苓汤,方剂组成药材,佩兰,干祖望医生病例集,例二,现代临床
太子参白术茯苓汤,方剂组成药材,焦茵仁,干祖望医生病例集,例二,现代临床
太子参白术茯苓汤,方剂组成药材,车前草,干祖望医生病例集,例二,现代临床
太子参白术茯苓汤,方剂组成药材,升麻,干祖望医生病例集,例二,现代临床
太子参白术茯苓汤,方剂组成药材,六一散,干祖望医生病例集,例二,现代临床
复发性门腔炎,证候导致舌象,舌薄苔,干祖望医生病例集,例二,现代临床
复发性门腔炎,证候导致舌象,质胖而嫩,干祖望医生病例集,例二,现代临床
复发性门腔炎,证候导致脉象,脉平偏细,干祖望医生病例集,例二,现代临床
复发性门腔炎,症状伴随症状,容易出汗及疲劳,干祖望医生病例集,例二,现代临床
复发性门腔炎,症状伴随症状,大便正常,干祖望医生病例集,例二,现代临床
复发性门腔炎,症状伴随症状,血压不高,干祖望医生病例集,例二,现代临床
复发性门腔炎,症状伴随症状,容易出汗,干祖望医生病例集,例二,现代临床
复发性门腔炎,症状伴随症状,疲劳,干祖望医生病例集,例二,现代临床
复发性门腔炎,症状伴随症状,大便干结,干祖望医生病例集,例二,现代临床
复发性门腔炎,症状伴随症状,小便黄如茶叶水,干祖望医生病例集,例二,现代临床
复发性门腔炎,症状伴随症状,心烦善怒,干祖望医生病例集,例二,现代临床
复发性门腔炎,症状伴随症状,口渴牛饮,干祖望医生病例集,例二,现代临床
复发性门腔炎,症状伴随症状,水温拒热拒温而独垂青冷饮,干祖望医生病例集,例二,现代临床
脾虚内湿,疾病表现症状,睡眠难于人寐，易醒,干祖望医生病例集,例二,现代临床
脾虚内湿,疾病表现症状,容易出汗及疲劳,干祖望医生病例集,例二,现代临床
脾虚内湿,疾病导致舌象,舌薄苔，质胖而嫩,干祖望医生病例集,例二,现代临床
脾虚内湿,疾病导致脉象,脉平偏细,干祖望医生病例集,例二,现代临床
复发性口腔炎,疾病表现症状,口中生疮,干祖望医生病例集,例二,现代临床
复发性口腔炎,症状伴随症状,疼痛伴以烧灼感,干祖望医生病例集,例二,现代临床
复发性口腔炎,症状伴随症状,心烦善怒,干祖望医生病例集,例二,现代临床
复发性口腔炎,症状伴随症状,口渴牛饮,干祖望医生病例集,例二,现代临床
复发性口腔炎,症状伴随症状,大便干结,干祖望医生病例集,例二,现代临床
复发性口腔炎,症状伴随症状,小便黄如茶叶水,干祖望医生病例集,例二,现代临床
复发性口腔炎,疾病导致舌象,舌黄腻苔,干祖望医生病例集,例二,现代临床
复发性口腔炎,疾病导致脉象,脉弦,干祖望医生病例集,例二,现代临床
复发性口腔炎,证候导致舌象,舌黄苔,干祖望医生病例集,例二,现代临床
复发性口腔炎,证候导致脉象,脉弦,干祖望医生病例集,例二,现代临床
复发性口腔炎,证候采用方剂,白虎汤加味,干祖望医生病例集,例二,现代临床
白虎汤加味,方剂组成药材,生石膏,干祖望医生病例集,例二,现代临床
白虎汤加味,方剂组成药材,知母,干祖望医生病例集,例二,现代临床
白虎汤加味,方剂组成药材,川连,干祖望医生病例集,例二,现代临床
白虎汤加味,方剂组成药材,黄苓,干祖望医生病例集,例二,现代临床
白虎汤加味,方剂组成药材,茅根,干祖望医生病例集,例二,现代临床
白虎汤加味,方剂组成药材,芦根,干祖望医生病例集,例二,现代临床
白虎汤加味,方剂组成药材,银花,干祖望医生病例集,例二,现代临床
白虎汤加味,方剂组成药材,山梔,干祖望医生病例集,例二,现代临床
白虎汤加味,方剂组成药材,竹叶,干祖望医生病例集,例二,现代临床
白虎汤加味,方剂组成药材,甘草,干祖望医生病例集,例二,现代临床
复发性口腔炎,证候采用方剂,五味消毒饮,干祖望医生病例集,例二,现代临床
五味消毒饮,方剂组成药材,茅根,干祖望医生病例集,例二,现代临床
五味消毒饮,方剂组成药材,芦根,干祖望医生病例集,例二,现代临床
五味消毒饮,方剂组成药材,银花,干祖望医生病例集,例二,现代临床
五味消毒饮,方剂组成药材,地丁,干祖望医生病例集,例二,现代临床
五味消毒饮,方剂组成药材,蚤休,干祖望医生病例集,例二,现代临床
五味消毒饮,方剂组成药材,葛根,干祖望医生病例集,例二,现代临床
五味消毒饮,方剂组成药材,车前子,干祖望医生病例集,例二,现代临床
五味消毒饮,方剂组成药材,泽泻,干祖望医生病例集,例二,现代临床
五味消毒饮,方剂组成药材,竹叶,干祖望医生病例集,例二,现代临床
五味消毒饮,方剂组成药材,六一散,干祖望医生病例集,例二,现代临床
复发性口腔炎,证候采用方剂,青蒿汤,干祖望医生病例集,例二,现代临床
青蒿汤,方剂组成药材,青蒿,干祖望医生病例集,例二,现代临床
青蒿汤,方剂组成药材,茅根,干祖望医生病例集,例二,现代临床
青蒿汤,方剂组成药材,芦根,干祖望医生病例集,例二,现代临床
青蒿汤,方剂组成药材,银花,干祖望医生病例集,例二,现代临床
青蒿汤,方剂组成药材,连翘,干祖望医生病例集,例二,现代临床
青蒿汤,方剂组成药材,地丁,干祖望医生病例集,例二,现代临床
青蒿汤,方剂组成药材,黄苓,干祖望医生病例集,例二,现代临床
青蒿汤,方剂组成药材,绿豆衣,干祖望医生病例集,例二,现代临床
青蒿汤,方剂组成药材,人中黄,干祖望医生病例集,例二,现代临床
青蒿汤,方剂组成药材,省头草,干祖望医生病例集,例二,现代临床
复发性口腔炎,证候采用方剂,清热解毒方,干祖望医生病例集,例二,现代临床
清热解毒方,方剂组成药材,青蒿,干祖望医生病例集,例二,现代临床
清热解毒方,方剂组成药材,黄苓,干祖望医生病例集,例二,现代临床
清热解毒方,方剂组成药材,竹叶,干祖望医生病例集,例二,现代临床
清热解毒方,方剂组成药材,灯心草,干祖望医生病例集,例二,现代临床
清热解毒方,方剂组成药材,银花,干祖望医生病例集,例二,现代临床
清热解毒方,方剂组成药材,菊花,干祖望医生病例集,例二,现代临床
清热解毒方,方剂组成药材,地丁,干祖望医生病例集,例二,现代临床
清热解毒方,方剂组成药材,绿豆衣,干祖望医生病例集,例二,现代临床
清热解毒方,方剂组成药材,碧玉散,干祖望医生病例集,例二,现代临床
慢性腮腺炎,疾病表现症状,右腮起硬块,干祖望医生病例集,例二,现代临床
慢性腮腺炎,症状伴随症状,口内有咸味分泌物溢出,干祖望医生病例集,例二,现代临床
慢性腮腺炎,症状伴随症状,无自发性疼痛,干祖望医生病例集,例二,现代临床
慢性腮腺炎,疾病导致舌象,舌薄白苔，边有齿痕,干祖望医生病例集,例二,现代临床
慢性腮腺炎,疾病导致脉象,脉细,干祖望医生病例集,例二,现代临床
慢性腮腺炎,证候采用方剂,党参白术茯苓方,干祖望医生病例集,例二,现代临床
党参白术茯苓方,方剂组成药材,党参,干祖望医生病例集,例二,现代临床
党参白术茯苓方,方剂组成药材,白术,干祖望医生病例集,例二,现代临床
党参白术茯苓方,方剂组成药材,茯苓,干祖望医生病例集,例二,现代临床
党参白术茯苓方,方剂组成药材,土贝母,干祖望医生病例集,例二,现代临床
党参白术茯苓方,方剂组成药材,山药,干祖望医生病例集,例二,现代临床
党参白术茯苓方,方剂组成药材,桔梗,干祖望医生病例集,例二,现代临床
党参白术茯苓方,方剂组成药材,白芷,干祖望医生病例集,例二,现代临床
党参白术茯苓方,方剂组成药材,蒲公英,干祖望医生病例集,例二,现代临床
党参白术茯苓方,方剂组成药材,白芥子,干祖望医生病例集,例二,现代临床
党参白术茯苓方,方剂组成药材,丝瓜络,干祖望医生病例集,例二,现代临床
党参白术茯苓方,方剂组成药材,甘草,干祖望医生病例集,例二,现代临床
慢性腮腺炎,证候采用方剂,蒲公英党参紫河车方,干祖望医生病例集,例二,现代临床
蒲公英党参紫河车方,方剂组成药材,蒲公英,干祖望医生病例集,例二,现代临床
蒲公英党参紫河车方,方剂组成药材,党参,干祖望医生病例集,例二,现代临床
蒲公英党参紫河车方,方剂组成药材,紫河车,干祖望医生病例集,例二,现代临床
蒲公英党参紫河车方,方剂组成药材,白术,干祖望医生病例集,例二,现代临床
蒲公英党参紫河车方,方剂组成药材,白扁豆,干祖望医生病例集,例二,现代临床
蒲公英党参紫河车方,方剂组成药材,茯苓,干祖望医生病例集,例二,现代临床
蒲公英党参紫河车方,方剂组成药材,大贝母,干祖望医生病例集,例二,现代临床
蒲公英党参紫河车方,方剂组成药材,山药,干祖望医生病例集,例二,现代临床
蒲公英党参紫河车方,方剂组成药材,白芥子,干祖望医生病例集,例二,现代临床
蒲公英党参紫河车方,方剂组成药材,廿草,干祖望医生病例集,例二,现代临床
慢性腮腺炎,证候采用方剂,蒲公英党参茯苓方,干祖望医生病例集,例二,现代临床
蒲公英党参茯苓方,方剂组成药材,蒲公英,干祖望医生病例集,例二,现代临床
蒲公英党参茯苓方,方剂组成药材,党参,干祖望医生病例集,例二,现代临床
蒲公英党参茯苓方,方剂组成药材,茯苓,干祖望医生病例集,例二,现代临床
蒲公英党参茯苓方,方剂组成药材,山药,干祖望医生病例集,例二,现代临床
蒲公英党参茯苓方,方剂组成药材,白扁豆,干祖望医生病例集,例二,现代临床
蒲公英党参茯苓方,方剂组成药材,白花,干祖望医生病例集,例二,现代临床
蒲公英党参茯苓方,方剂组成药材,生地,干祖望医生病例集,例二,现代临床
蒲公英党参茯苓方,方剂组成药材,竹叶,干祖望医生病例集,例二,现代临床
蒲公英党参茯苓方,方剂组成药材,白芥子,干祖望医生病例集,例二,现代临床
蒲公英党参茯苓方,方剂组成药材,白茅根,干祖望医生病例集,例二,现代临床
蒲公英党参茯苓方,方剂组成药材,甘草,干祖望医生病例集,例二,现代临床
急性发作,疾病表现症状,体温37.8C,干祖望医生病例集,例二,现代临床
急性发作,疾病表现症状,疼痛,干祖望医生病例集,例二,现代临床
急性发作,疾病表现症状,Y肿势较过去低,干祖望医生病例集,例二,现代临床
急性发作,疾病表现症状,张口二指半,干祖望医生病例集,例二,现代临床
急性发作,疾病表现症状,右颈侧可扪到花生籽大淋巴结多枚,干祖望医生病例集,例二,现代临床
急性发作,疾病导致舌象,舌少苔,干祖望医生病例集,例二,现代临床
急性发作,疾病导致舌象,质红,干祖望医生病例集,例二,现代临床
急性发作,疾病导致脉象,脉细而有劲,干祖望医生病例集,例二,现代临床
咽旁间隙感染,疾病表现症状,右颈侧包块,干祖望医生病例集,例二,现代临床
咽旁间隙感染,疾病表现症状,头痛,干祖望医生病例集,例二,现代临床
咽旁间隙感染,疾病表现症状,局部疼痛,干祖望医生病例集,例二,现代临床
咽旁间隙感染,疾病表现症状,全身症状消失,干祖望医生病例集,例二,现代临床
咽旁间隙感染,疾病表现症状,局部肿胀疼痛,干祖望医生病例集,例二,现代临床
咽旁间隙感染,疾病导致舌象,舌薄苔,干祖望医生病例集,例二,现代临床
咽旁间隙感染,疾病导致脉象,脉细弦,干祖望医生病例集,例二,现代临床
化脓性腮腺炎,疾病表现症状,左耳前起硬块,干祖望医生病例集,例二,现代临床
化脓性腮腺炎,疾病表现症状,无自发性疼痛,干祖望医生病例集,例二,现代临床
化脓性腮腺炎,疾病表现症状,有触痛,干祖望医生病例集,例二,现代临床
化脓性腮腺炎,疾病导致舌象,舌薄苔,干祖望医生病例集,例二,现代临床
化脓性腮腺炎,疾病导致脉象,脉细,干祖望医生病例集,例二,现代临床
干燥综合征,疾病表现症状,口、眼、鼻、咽喉干燥,干祖望医生病例集,例二,现代临床
干燥综合征,疾病表现症状,口干舌燥,干祖望医生病例集,例二,现代临床
干燥综合征,疾病表现症状,不耐多言,干祖望医生病例集,例二,现代临床
干燥综合征,疾病表现症状,咽喉堵塞感,干祖望医生病例集,例二,现代临床
干燥综合征,疾病表现症状,两日干涩,干祖望医生病例集,例二,现代临床
干燥综合征,疾病表现症状,视物模糊,干祖望医生病例集,例二,现代临床
干燥综合征,疾病表现症状,视力下降,干祖望医生病例集,例二,现代临床
干燥综合征,疾病表现症状,两膝关节乏力,干祖望医生病例集,例二,现代临床
干燥综合征,疾病表现症状,活动不利,干祖望医生病例集,例二,现代临床
干燥综合征,疾病导致舌象,舌质胖苔薄,干祖望医生病例集,例二,现代临床
干燥综合征,疾病导致脉象,脉来左细右沉,干祖望医生病例集,例二,现代临床
慢性腮腺炎,证候导致舌象,舌胖苔薄,干祖望医生病例集,例二,现代临床
慢性腮腺炎,证候导致脉象,脉细,干祖望医生病例集,例二,现代临床
慢性腮腺炎,证候采用方剂,阳和汤,干祖望医生病例集,例二,现代临床
阳和汤,方剂组成药材,麻黄,干祖望医生病例集,例二,现代临床
阳和汤,方剂组成药材,熟地,干祖望医生病例集,例二,现代临床
阳和汤,方剂组成药材,炮姜,干祖望医生病例集,例二,现代临床
阳和汤,方剂组成药材,白芥子,干祖望医生病例集,例二,现代临床
阳和汤,方剂组成药材,乳香,干祖望医生病例集,例二,现代临床
阳和汤,方剂组成药材,没药,干祖望医生病例集,例二,现代临床
阳和汤,方剂组成药材,当归尾,干祖望医生病例集,例二,现代临床
阳和汤,方剂组成药材,大贝母,干祖望医生病例集,例二,现代临床
阳和汤,方剂组成药材,炮山甲,干祖望医生病例集,例二,现代临床
阳和汤,方剂组成药材,甘草,干祖望医生病例集,例二,现代临床
麻黄,药材具有功效,散寒解表,干祖望医生病例集,例二,现代临床
熟地,药材具有功效,滋阴补血,干祖望医生病例集,例二,现代临床
炮姜,药材具有功效,温中散寒,干祖望医生病例集,例二,现代临床
白芥子,药材具有功效,化痰散结,干祖望医生病例集,例二,现代临床
乳香,药材具有功效,活血止痛,干祖望医生病例集,例二,现代临床
没药,药材具有功效,活血散瘀,干祖望医生病例集,例二,现代临床
当归尾,药材具有功效,活血化瘀,干祖望医生病例集,例二,现代临床
大贝母,药材具有功效,清热化痰,干祖望医生病例集,例二,现代临床
炮山甲,药材具有功效,活血散结,干祖望医生病例集,例二,现代临床
甘草,药材具有功效,调和诸药,干祖望医生病例集,例二,现代临床
干燥综合征,疾病导致舌象,舌胖苔薄,干祖望医生病例集,例二,现代临床
干燥综合征,疾病导致脉象,脉细,干祖望医生病例集,例二,现代临床
干燥综合征,症状伴随症状,眼睛干燥,干祖望医生病例集,例二,现代临床
干燥综合征,症状伴随症状,腰酸,干祖望医生病例集,例二,现代临床
干燥综合征,证候导致舌象,舌白腻如敷粉,干祖望医生病例集,例二,现代临床
干燥综合征,症状伴随症状,咽痛,干祖望医生病例集,例二,现代临床
干燥综合征,症状伴随症状,异物感,干祖望医生病例集,例二,现代临床
干燥综合征,症状伴随症状,烧灼感,干祖望医生病例集,例二,现代临床
干燥综合征,症状伴随症状,痰少而稠,干祖望医生病例集,例二,现代临床
干燥综合征,症状伴随症状,发音嘶哑,干祖望医生病例集,例二,现代临床
干燥综合征,症状伴随症状,咽峡弥漫性充血,干祖望医生病例集,例二,现代临床
干燥综合征,症状伴随症状,扁桃腺I度肿大,干祖望医生病例集,例二,现代临床
干燥综合征,症状伴随症状,潴积性囊肿,干祖望医生病例集,例二,现代临床
干燥综合征,症状伴随症状,背凉如冻,干祖望医生病例集,例二,现代临床
干燥综合征,症状伴随症状,饮食务求热物,干祖望医生病例集,例二,现代临床
干燥综合征,症状伴随症状,夜眠需盖5条棉被,干祖望医生病例集,例二,现代临床
干燥综合征,证候导致脉象,脉平,干祖望医生病例集,例二,现代临床
干燥综合征,证候导致脉象,脉浮,干祖望医生病例集,例二,现代临床
干燥综合征,症状伴随症状,感冒,干祖望医生病例集,例二,现代临床
干燥综合征,症状伴随症状,咳嗽,干祖望医生病例集,例二,现代临床
干燥综合征,症状伴随症状,畏寒,干祖望医生病例集,例二,现代临床
干燥综合征,症状伴随症状,胸前背后的冰冷,干祖望医生病例集,例二,现代临床
干燥综合征,症状伴随症状,盗汗,干祖望医生病例集,例二,现代临床
干燥综合征,症状伴随症状,口角糜烂,干祖望医生病例集,例二,现代临床
干燥综合征,症状伴随症状,溃疡,干祖望医生病例集,例二,现代临床
干燥综合征,症状伴随症状,大便正常较软,干祖望医生病例集,例二,现代临床
干燥综合征,症状伴随症状,小便色黄,干祖望医生病例集,例二,现代临床
干燥综合征,症状伴随症状,睡眠差,干祖望医生病例集,例二,现代临床
干燥综合征,症状伴随症状,口腔有干感,干祖望医生病例集,例二,现代临床
干燥综合征,症状伴随症状,畏寒好得多,干祖望医生病例集,例二,现代临床
干燥综合征,症状伴随症状,怕冷感似乎有卷土重来之感,干祖望医生病例集,例二,现代临床
干燥综合征,症状伴随症状,大便偏软,干祖望医生病例集,例二,现代临床
干燥综合征,症状伴随症状,气怯而营亏,干祖望医生病例集,例二,现代临床
干燥综合征,证候采用方剂,参苓白术散,干祖望医生病例集,例二,现代临床
参苓白术散,方剂组成药材,党参,干祖望医生病例集,例二,现代临床
参苓白术散,方剂组成药材,茯苓,干祖望医生病例集,例二,现代临床
参苓白术散,方剂组成药材,白术,干祖望医生病例集,例二,现代临床
参苓白术散,方剂组成药材,白扁豆,干祖望医生病例集,例二,现代临床
参苓白术散,方剂组成药材,山药,干祖望医生病例集,例二,现代临床
参苓白术散,方剂组成药材,石斛,干祖望医生病例集,例二,现代临床
参苓白术散,方剂组成药材,黄精,干祖望医生病例集,例二,现代临床
干燥综合征,证候采用方剂,玉泉散,干祖望医生病例集,例二,现代临床
玉泉散,方剂组成药材,知母,干祖望医生病例集,例二,现代临床
玉泉散,方剂组成药材,天花粉,干祖望医生病例集,例二,现代临床
玉泉散,方剂组成药材,麦冬,干祖望医生病例集,例二,现代临床
玉泉散,方剂组成药材,玄参,干祖望医生病例集,例二,现代临床
玉泉散,方剂组成药材,玉竹,干祖望医生病例集,例二,现代临床
玉泉散,方剂组成药材,芦根,干祖望医生病例集,例二,现代临床
玉泉散,方剂组成药材,石斛,干祖望医生病例集,例二,现代临床
玉泉散,方剂组成药材,生地,干祖望医生病例集,例二,现代临床
玉泉散,方剂组成药材,沙参,干祖望医生病例集,例二,现代临床
干燥综合征,证候采用方剂,八珍汤,干祖望医生病例集,例二,现代临床
八珍汤,方剂组成药材,黄苗,干祖望医生病例集,例二,现代临床
八珍汤,方剂组成药材,熟地,干祖望医生病例集,例二,现代临床
八珍汤,方剂组成药材,当归,干祖望医生病例集,例二,现代临床
八珍汤,方剂组成药材,川苓,干祖望医生病例集,例二,现代临床
八珍汤,方剂组成药材,白芍,干祖望医生病例集,例二,现代临床
干燥综合征,证候采用方剂,桑菊饮,干祖望医生病例集,例二,现代临床
桑菊饮,方剂组成药材,桑叶,干祖望医生病例集,例二,现代临床
桑菊饮,方剂组成药材,菊花,干祖望医生病例集,例二,现代临床
桑菊饮,方剂组成药材,金银花,干祖望医生病例集,例二,现代临床
桑菊饮,方剂组成药材,杏仁,干祖望医生病例集,例二,现代临床
桑菊饮,方剂组成药材,桔梗,干祖望医生病例集,例二,现代临床
桑菊饮,方剂组成药材,甘草,干祖望医生病例集,例二,现代临床
干燥综合征,证候采用方剂,清营汤,干祖望医生病例集,例二,现代临床
清营汤,方剂组成药材,薄荷,干祖望医生病例集,例二,现代临床
清营汤,方剂组成药材,丹皮,干祖望医生病例集,例二,现代临床
清营汤,方剂组成药材,赤芍,干祖望医生病例集,例二,现代临床
清营汤,方剂组成药材,紫草,干祖望医生病例集,例二,现代临床
清营汤,方剂组成药材,茜草,干祖望医生病例集,例二,现代临床
清营汤,方剂组成药材,蝉衣,干祖望医生病例集,例二,现代临床
清营汤,方剂组成药材,甘草,干祖望医生病例集,例二,现代临床
干燥综合征,证候采用方剂,白虎汤,干祖望医生病例集,例二,现代临床
白虎汤,方剂组成药材,生石膏,干祖望医生病例集,例二,现代临床
白虎汤,方剂组成药材,知母,干祖望医生病例集,例二,现代临床
白虎汤,方剂组成药材,甘草,干祖望医生病例集,例二,现代临床
干燥综合征,证候采用方剂,大枣汤,干祖望医生病例集,例二,现代临床
大枣汤,方剂组成药材,大枣,干祖望医生病例集,例二,现代临床
大枣汤,方剂组成药材,甘草,干祖望医生病例集,例二,现代临床
干燥综合征,证候采用方剂,孽苗大枣汤,干祖望医生病例集,例二,现代临床
孽苗大枣汤,方剂组成药材,柿饼,干祖望医生病例集,例二,现代临床
干燥综合征,证候采用方剂,香砂六君子汤,干祖望医生病例集,例二,现代临床
香砂六君子汤,方剂组成药材,党参,干祖望医生病例集,例二,现代临床
香砂六君子汤,方剂组成药材,白术,干祖望医生病例集,例二,现代临床
香砂六君子汤,方剂组成药材,陈皮,干祖望医生病例集,例二,现代临床
香砂六君子汤,方剂组成药材,木香,干祖望医生病例集,例二,现代临床
香砂六君子汤,方剂组成药材,砂仁,干祖望医生病例集,例二,现代临床
香砂六君子汤,方剂组成药材,茯苓,干祖望医生病例集,例二,现代临床
香砂六君子汤,方剂组成药材,甘草,干祖望医生病例集,例二,现代临床
干燥综合征,名医经验总结,李东垣,干祖望医生病例集,例二,现代临床
干燥综合征,名医经验总结,戴思恭,干祖望医生病例集,例二,现代临床
干燥综合征,名医经验总结,李中梓,干祖望医生病例集,例二,现代临床
神经官能症,疾病表现症状,入夏多汗,干祖望医生病例集,例二,现代临床
神经官能症,症状伴随症状,多凉,干祖望医生病例集,例二,现代临床
神经官能症,症状伴随症状,凛然之感,干祖望医生病例集,例二,现代临床
神经官能症,症状伴随症状,头发如游泳而淋淋,干祖望医生病例集,例二,现代临床
神经官能症,症状伴随症状,狂饮,干祖望医生病例集,例二,现代临床
神经官能症,疾病导致舌象,舌薄苔,干祖望医生病例集,例二,现代临床
神经官能症,疾病导致脉象,脉细,干祖望医生病例集,例二,现代临床
植物神经功能紊乱,疾病表现症状,淫汗,干祖望医生病例集,例二,现代临床
植物神经功能紊乱,症状伴随症状,狂饮,干祖望医生病例集,例二,现代临床
植物神经功能紊乱,症状伴随症状,纳食不旺,干祖望医生病例集,例二,现代临床
植物神经功能紊乱,疾病导致舌象,地图舌,干祖望医生病例集,例二,现代临床
植物神经功能紊乱,疾病导致脉象,脉细,干祖望医生病例集,例二,现代临床
鼻咽腔癌,疾病表现症状,右颈部无痛性包块,干祖望医生病例集,例二,现代临床
鼻咽腔癌,症状伴随症状,喉痛,干祖望医生病例集,例二,现代临床
鼻咽腔癌,症状伴随症状,奇干,干祖望医生病例集,例二,现代临床
鼻咽腔癌,症状伴随症状,撕裂感,干祖望医生病例集,例二,现代临床
鼻咽腔癌,症状伴随症状,纳食及讲话时倍增痛苦,干祖望医生病例集,例二,现代临床
鼻咽腔癌,症状伴随症状,胃纳差,干祖望医生病例集,例二,现代临床
鼻咽腔癌,症状伴随症状,咳嗽,干祖望医生病例集,例二,现代临床
鼻咽腔癌,症状伴随症状,凛寒感,干祖望医生病例集,例二,现代临床
鼻咽腔癌,症状伴随症状,寒后热感,干祖望医生病例集,例二,现代临床
鼻咽腔癌,症状伴随症状,出汗蒸蒸,干祖望医生病例集,例二,现代临床
鼻咽腔癌,症状伴随症状,痰粘且多,干祖望医生病例集,例二,现代临床
鼻咽腔癌,疾病导致舌象,舌白腻滑润苔,干祖望医生病例集,例二,现代临床
鼻咽腔癌,舌象表现特征,舌胖边有齿痕,干祖望医生病例集,例二,现代临床
鼻咽腔癌,疾病导致脉象,脉有弦意,干祖望医生病例集,例二,现代临床
鼻咽腔癌,证候导致舌象,舌薄苔,干祖望医生病例集,例二,现代临床
鼻咽腔癌,舌象表现特征,质有红意而干,干祖望医生病例集,例二,现代临床
鼻咽腔癌,舌象表现特征,透有紫气,干祖望医生病例集,例二,现代临床
鼻咽腔癌,证候导致脉象,脉小有力,干祖望医生病例集,例二,现代临床
鼻咽腔癌,疾病表现症状,口干咽燥,干祖望医生病例集,例二,现代临床
鼻咽腔癌,症状伴随症状,烧灼感,干祖望医生病例集,例二,现代临床
鼻咽腔癌,疾病导致舌象,舌薄苔,干祖望医生病例集,例二,现代临床
鼻咽腔癌,舌象表现特征,后1 3有刺,干祖望医生病例集,例二,现代临床
鼻咽腔癌,舌象表现特征,质胖而红,干祖望医生病例集,例二,现代临床
鼻咽腔癌,疾病导致脉象,脉平有数意,干祖望医生病例集,例二,现代临床
鼻咽腔癌,证候导致脉象,脉细数,干祖望医生病例集,例二,现代临床
鼻咽癌,疾病表现症状,头痛鼻塞,干祖望医生病例集,例二,现代临床
鼻咽癌,症状伴随症状,耳中憋气,干祖望医生病例集,例二,现代临床
鼻咽癌,症状伴随症状,鼻中憋气与烧灼,干祖望医生病例集,例二,现代临床
鼻咽癌,症状伴随症状,咽头奇干,干祖望医生病例集,例二,现代临床
鼻咽癌,症状伴随症状,干甚即疼痛,干祖望医生病例集,例二,现代临床
鼻咽癌,症状伴随症状,口腔无液,干祖望医生病例集,例二,现代临床
鼻咽癌,疾病导致舌象,舌薄苔映黄,干祖望医生病例集,例二,现代临床
鼻咽癌,疾病导致脉象,脉小弦,干祖望医生病例集,例二,现代临床
鼻咽癌,证候导致舌象,舌薄苔,干祖望医生病例集,例二,现代临床
鼻咽癌,脉象表现特征,脉细弦,干祖望医生病例集,例二,现代临床
鼻咽癌,症状伴随症状,耳鸣,干祖望医生病例集,例二,现代临床
鼻咽癌,症状伴随症状,鼻中烧灼感,干祖望医生病例集,例二,现代临床
鼻咽癌,症状伴随症状,口干,干祖望医生病例集,例二,现代临床
鼻咽癌,症状伴随症状,鼻塞,干祖望医生病例集,例二,现代临床
鼻咽癌,症状伴随症状,鬓部牵制感,干祖望医生病例集,例二,现代临床
鼻咽癌,证候导致舌象,舌薄苔,干祖望医生病例集,例二,现代临床
鼻咽癌,舌象表现特征,舌背之刺已减去1 2,干祖望医生病例集,例二,现代临床
鼻咽癌,舌象表现特征,质红,干祖望医生病例集,例二,现代临床
鼻咽癌,证候导致脉象,脉平,干祖望医生病例集,例二,现代临床
鼻咽癌,综合辨证证候,痰、瘀、房麋集于喉隘,干祖望医生病例集,例二,现代临床
鼻咽癌,证候采用方剂,石打穿10g石上柏10g蚤休10g马勃3g天竺黄6g落得打10g当归尾10g赤芍6g苏子10g泽兰10g,干祖望医生病例集,例二,现代临床
鼻咽癌,方剂组成药材,石打穿,干祖望医生病例集,例二,现代临床
鼻咽癌,方剂组成药材,石上柏,干祖望医生病例集,例二,现代临床
鼻咽癌,方剂组成药材,蚤休,干祖望医生病例集,例二,现代临床
鼻咽癌,方剂组成药材,马勃,干祖望医生病例集,例二,现代临床
鼻咽癌,方剂组成药材,天竺黄,干祖望医生病例集,例二,现代临床
鼻咽癌,方剂组成药材,落得打,干祖望医生病例集,例二,现代临床
鼻咽癌,方剂组成药材,当归尾,干祖望医生病例集,例二,现代临床
鼻咽癌,方剂组成药材,赤芍,干祖望医生病例集,例二,现代临床
鼻咽癌,方剂组成药材,苏子,干祖望医生病例集,例二,现代临床
鼻咽癌,方剂组成药材,泽兰,干祖望医生病例集,例二,现代临床
石打穿,药材具有功效,化痰破瘀抗痞,干祖望医生病例集,例二,现代临床
鼻咽癌,证候采用方剂,蝦牡蛎20g川贝母10g昆布10g海藻10g莱服子10g石打穿10g泽兰6g马勃3g石上柏10g蚤休10g玄参10g,干祖望医生病例集,例二,现代临床
鼻咽癌,方剂组成药材,蝦牡蛎,干祖望医生病例集,例二,现代临床
鼻咽癌,方剂组成药材,川贝母,干祖望医生病例集,例二,现代临床
鼻咽癌,方剂组成药材,昆布,干祖望医生病例集,例二,现代临床
鼻咽癌,方剂组成药材,海藻,干祖望医生病例集,例二,现代临床
鼻咽癌,方剂组成药材,莱服子,干祖望医生病例集,例二,现代临床
鼻咽癌,方剂组成药材,玄参,干祖望医生病例集,例二,现代临床
鼻咽癌,方剂组成药材,泽兰,干祖望医生病例集,例二,现代临床
鼻咽癌,方剂组成药材,石上柏,干祖望医生病例集,例二,现代临床
鼻咽癌,方剂组成药材,蚤休,干祖望医生病例集,例二,现代临床
鼻咽癌,方剂组成药材,马勃,干祖望医生病例集,例二,现代临床
鼻咽癌,证候采用方剂,党参10g白术6g茯苓10g大贝母10g昆布10g海藻10g马勃3g石打穿10g石上柏10g爛牡蛎20g,干祖望医生病例集,例二,现代临床
鼻咽癌,方剂组成药材,党参,干祖望医生病例集,例二,现代临床
鼻咽癌,方剂组成药材,白术,干祖望医生病例集,例二,现代临床
鼻咽癌,方剂组成药材,茯苓,干祖望医生病例集,例二,现代临床
鼻咽癌,方剂组成药材,大贝母,干祖望医生病例集,例二,现代临床
鼻咽癌,方剂组成药材,爛牡蛎,干祖望医生病例集,例二,现代临床
鼻咽癌,名医经验总结,干祖望,干祖望医生病例集,例二,现代临床
鼻咽腔肿瘤,疾病表现症状,颈肿块,干祖望医生病例集,例二,现代临床
鼻咽腔肿瘤,疾病表现症状,口干,干祖望医生病例集,例二,现代临床
鼻咽腔肿瘤,疾病表现症状,咽部吞咽不流利,干祖望医生病例集,例二,现代临床
鼻咽腔肿瘤,疾病表现症状,大便干结,干祖望医生病例集,例二,现代临床
鼻咽腔肿瘤,疾病导致舌象,舌薄苔,干祖望医生病例集,例二,现代临床
鼻咽腔肿瘤,疾病导致脉象,脉细,干祖望医生病例集,例二,现代临床
鼻咽癌,疾病表现症状,颈淋巴结肿,干祖望医生病例集,例二,现代临床
鼻咽癌,疾病表现症状,泛恶口干,干祖望医生病例集,例二,现代临床
鼻咽癌,疾病导致舌象,舌薄腻苔,干祖望医生病例集,例二,现代临床
鼻咽癌,疾病导致脉象,脉细,干祖望医生病例集,例二,现代临床
喉癌,疾病表现症状,声门歪斜,干祖望医生病例集,例二,现代临床
喉癌,疾病表现症状,色泽失常,干祖望医生病例集,例二,现代临床
喉癌,疾病导致舌象,舌薄苔,干祖望医生病例集,例二,现代临床
喉癌,疾病导致脉象,脉平,干祖望医生病例集,例二,现代临床
鳞状基底细胞癌,疾病表现症状,鼻翼部红斑,干祖望医生病例集,例二,现代临床
鳞状基底细胞癌,疾病表现症状,鼻腔不通气,干祖望医生病例集,例二,现代临床
鳞状基底细胞癌,疾病表现症状,流血水,干祖望医生病例集,例二,现代临床
鳞状基底细胞癌,疾病表现症状,红斑糜烂,干祖望医生病例集,例二,现代临床
鳞状基底细胞癌,疾病表现症状,发痒,干祖望医生病例集,例二,现代临床
鳞状基底细胞癌,疾病表现症状,疼痛,干祖望医生病例集,例二,现代临床
鳞状基底细胞癌,疾病导致舌象,舌薄苔,干祖望医生病例集,例二,现代临床
鳞状基底细胞癌,疾病导致脉象,脉弦,干祖望医生病例集,例二,现代临床
舌癌,疾病表现症状,长期口腔溃疡,干祖望医生病例集,例二,现代临床
舌癌,疾病表现症状,舌体肿胀充皿,干祖望医生病例集,例二,现代临床
舌癌,疾病表现症状,炎性症状无法消退,干祖望医生病例集,例二,现代临床
舌癌,疾病表现症状,鼻腔干燥冒火,干祖望医生病例集,例二,现代临床
舌癌,疾病表现症状,手掌灼热,干祖望医生病例集,例二,现代临床
舌癌,疾病导致舌象,舌苔厚腻如敷粉,干祖望医生病例集,例二,现代临床
舌癌,疾病导致脉象,右脉细,干祖望医生病例集,例二,现代临床
鼻咽腔肿瘤,证候采用方剂,党参10g白术6g茯苓10g大贝母10g昆布10g海藻10g马勃3g石打穿10g石上柏10g爛牡蛎20g,干祖望医生病例集,例二,现代临床
鼻咽癌,证候采用方剂,石上柏10g石打穿10g蚤休10g马勃3g姜竹茹10g天竺黄6g沙参10g麦冬10g白花蛇舌草10g六曲10g,干祖望医生病例集,例二,现代临床
喉癌,证候采用方剂,党参10g白术6g茯苓10g石上柏10g山药10g当归10g马勃3g蚤休10g白花蛇舌草10g,干祖望医生病例集,例二,现代临床
鳞状基底细胞癌,证候采用方剂,菊花10g夏枯草10g白花蛇舌草10g蚤休10g山豆根10g石上柏10g龙葵10g茜草10g太子参10g,干祖望医生病例集,例二,现代临床
舌癌,证候采用方剂,地骨皮10g青蒿10g生地10g竹叶10g,干祖望医生病例集,例二,现代临床
输卵管阻塞性不孕,疾病表现症状,经量偏少,不孕症名医验案解析,不孕症名医验案解析_病例1,现代临床
输卵管阻塞性不孕,疾病表现症状,经色暗红,不孕症名医验案解析,不孕症名医验案解析_病例1,现代临床
输卵管阻塞性不孕,疾病表现症状,经前乳房胀痛,不孕症名医验案解析,不孕症名医验案解析_病例1,现代临床
输卵管阻塞性不孕,疾病表现症状,小腹胀痛,不孕症名医验案解析,不孕症名医验案解析_病例1,现代临床
输卵管阻塞性不孕,疾病表现症状,食欲不振,不孕症名医验案解析,不孕症名医验案解析_病例1,现代临床
输卵管阻塞性不孕,疾病表现症状,夜寐欠佳,不孕症名医验案解析,不孕症名医验案解析_病例1,现代临床
输卵管阻塞性不孕,疾病表现症状,脘腹胀满,不孕症名医验案解析,不孕症名医验案解析_病例1,现代临床
输卵管阻塞性不孕,疾病表现症状,大便溏薄,不孕症名医验案解析,不孕症名医验案解析_病例1,现代临床
输卵管阻塞性不孕,疾病导致舌象,舌质淡,不孕症名医验案解析,不孕症名医验案解析_病例1,现代临床
输卵管阻塞性不孕,疾病导致舌象,苔薄白,不孕症名医验案解析,不孕症名医验案解析_病例1,现代临床
输卵管阻塞性不孕,疾病导致脉象,脉细,不孕症名医验案解析,不孕症名医验案解析_病例1,现代临床
输卵管阻塞性不孕,归属于经典,无子,不孕症名医验案解析,不孕症名医验案解析_病例1,现代临床
输卵管阻塞性不孕,归属于经典,断绪,不孕症名医验案解析,不孕症名医验案解析_病例1,现代临床
输卵管阻塞性不孕,归属于经典,带下,不孕症名医验案解析,不孕症名医验案解析_病例1,现代临床
输卵管阻塞性不孕,归属于经典,瘢瘕,不孕症名医验案解析,不孕症名医验案解析_病例1,现代临床
输卵管阻塞性不孕,证候导致舌象,舌质淡红,不孕症名医验案解析,不孕症名医验案解析_病例1,现代临床
输卵管阻塞性不孕,证候导致舌象,苔白稍厚,不孕症名医验案解析,不孕症名医验案解析_病例1,现代临床
输卵管阻塞性不孕,证候导致脉象,脉细,不孕症名医验案解析,不孕症名医验案解析_病例1,现代临床
输卵管阻塞性不孕,证候导致脉象,脉细弦,不孕症名医验案解析,不孕症名医验案解析_病例1,现代临床
输卵管阻塞性不孕,证候采用方剂,"鸡血藤20g,丹参15g,当归10g,川续断10g,川芎6g,益母草10g,合欢花10g,谷芽20g,蜜甘草6g",不孕症名医验案解析,不孕症名医验案解析_病例1,现代临床
输卵管阻塞性不孕,证候采用方剂,"菟丝子20g,枸杞子10g,覆盆子10g,芜蔚子10g,党参15g,穿破石10g,桃仁6g,仙茅6g,红花3g,丹参15g,大枣10g",不孕症名医验案解析,不孕症名医验案解析_病例1,现代临床
输卵管阻塞性不孕,证候采用方剂,"菟丝子20g,枸杞子10g,芜蔚子10g,当归10g,山药14g,杜仲15g,党参15g,柴胡3g,熟地黄15g,蜜甘草5g",不孕症名医验案解析,不孕症名医验案解析_病例1,现代临床
输卵管阻塞性不孕,症状伴随症状,经前乳房胀痛、痒,不孕症名医验案解析,不孕症名医验案解析_病例1,现代临床
输卵管阻塞性不孕,症状伴随症状,经后诸症减轻,不孕症名医验案解析,不孕症名医验案解析_病例1,现代临床
输卵管阻塞性不孕,症状伴随症状,经行第4天，量少未净,不孕症名医验案解析,不孕症名医验案解析_病例1,现代临床
输卵管阻塞性不孕,症状伴随症状,经行前乳房及腰脊、少腹、小腹胀痛,不孕症名医验案解析,不孕症名医验案解析_病例1,现代临床
输卵管阻塞性不孕,症状伴随症状,经行之后则舒,不孕症名医验案解析,不孕症名医验案解析_病例1,现代临床
输卵管阻塞性不孕,症状辨证证候,肝肾亏损，冲任损伤，气血不足，胞脉不通之不孕症,不孕症名医验案解析,不孕症名医验案解析_病例1,现代临床
输卵管阻塞性不孕,症状辨证证候,虚瘀夹杂,不孕症名医验案解析,不孕症名医验案解析_病例1,现代临床
输卵管阻塞性不孕,症状辨证证候,气滞血瘀型输卵管阻塞不孕,不孕症名医验案解析,不孕症名医验案解析_病例1,现代临床
输卵管阻塞性不孕,综合辨证证候,本虚标实，虚实夹杂之证,不孕症名医验案解析,不孕症名医验案解析_病例1,现代临床
输卵管阻塞性不孕,综合辨证证候,瘀血内阻之征象,不孕症名医验案解析,不孕症名医验案解析_病例1,现代临床
输卵管阻塞性不孕,综合辨证证候,气滞血瘀,不孕症名医验案解析,不孕症名医验案解析_病例1,现代临床
输卵管阻塞性不孕,综合辨证证候,湿热瘀阻,不孕症名医验案解析,不孕症名医验案解析_病例1,现代临床
输卵管阻塞性不孕,综合辨证证候,肾虚血瘀,不孕症名医验案解析,不孕症名医验案解析_病例1,现代临床
输卵管阻塞性不孕,综合辨证证候,寒凝血瘀,不孕症名医验案解析,不孕症名医验案解析_病例1,现代临床
输卵管阻塞性不孕,名医经验总结,治疗应以攻补并施为原则,不孕症名医验案解析,不孕症名医验案解析_病例1,现代临床
输卵管阻塞性不孕,名医经验总结,不应局限于清热祛湿药物,不孕症名医验案解析,不孕症名医验案解析_病例1,现代临床
输卵管阻塞性不孕,名医经验总结,补肾活血同样重要,不孕症名医验案解析,不孕症名医验案解析_病例1,现代临床
输卵管阻塞性不孕,名医经验总结,可适当加用一些辛温通散的药物如桂枝等，温通经络,不孕症名医验案解析,不孕症名医验案解析_病例1,现代临床
虚实夹杂症,症状伴随症状,经期色红，夹紫块,不孕症名医验案解析,不孕症名医验案解析_病例1,现代临床
虚实夹杂症,症状伴随症状,经行前乳房及腰脊、少腹、小腹胀痛,不孕症名医验案解析,不孕症名医验案解析_病例1,现代临床
虚实夹杂症,症状伴随症状,经行之后则舒,不孕症名医验案解析,不孕症名医验案解析_病例1,现代临床
气滞血瘀型输卵管阻塞不孕,疾病导致舌象,舌质暗紫苔薄白,不孕症名医验案解析,不孕症名医验案解析_病例1,现代临床
气滞血瘀型输卵管阻塞不孕,疾病导致舌象,舌下脉络青紫,不孕症名医验案解析,不孕症名医验案解析_病例1,现代临床
气滞血瘀型输卵管阻塞不孕,疾病导致舌象,有瘀斑,不孕症名医验案解析,不孕症名医验案解析_病例1,现代临床
气滞血瘀型输卵管阻塞不孕,疾病导致脉象,脉弦细涩,不孕症名医验案解析,不孕症名医验案解析_病例1,现代临床
气滞血瘀型输卵管阻塞不孕,症状伴随症状,经前双乳胀痛,不孕症名医验案解析,不孕症名医验案解析_病例1,现代临床
气滞血瘀型输卵管阻塞不孕,症状伴随症状,经期少腹胀痛,不孕症名医验案解析,不孕症名医验案解析_病例1,现代临床
气滞血瘀型输卵管阻塞不孕,症状伴随症状,经量少,不孕症名医验案解析,不孕症名医验案解析_病例1,现代临床
气滞血瘀型输卵管阻塞不孕,症状伴随症状,色暗黑,不孕症名医验案解析,不孕症名医验案解析_病例1,现代临床
气滞血瘀型输卵管阻塞不孕,症状伴随症状,有血块,不孕症名医验案解析,不孕症名医验案解析_病例1,现代临床
湿热瘀滞胞宫,疾病导致舌象,舌质暗红,不孕症名医验案解析,不孕症名医验案解析_病例1,现代临床
湿热瘀滞胞宫,疾病导致舌象,有瘀斑,不孕症名医验案解析,不孕症名医验案解析_病例1,现代临床
湿热瘀滞胞宫,疾病导致舌象,苔黄腻,不孕症名医验案解析,不孕症名医验案解析_病例1,现代临床
湿热瘀滞胞宫,疾病导致脉象,脉弦滑数,不孕症名医验案解析,不孕症名医验案解析_病例1,现代临床
湿热瘀滞胞宫,症状伴随症状,小腹两侧疼痛,不孕症名医验案解析,不孕症名医验案解析_病例1,现代临床
湿热瘀滞胞宫,症状伴随症状,经期痛甚,不孕症名医验案解析,不孕症名医验案解析_病例1,现代临床
湿热瘀滞胞宫,症状伴随症状,带下量多,不孕症名医验案解析,不孕症名医验案解析_病例1,现代临床
湿热瘀滞胞宫,症状伴随症状,色黄,不孕症名医验案解析,不孕症名医验案解析_病例1,现代临床
湿热瘀滞胞宫,症状伴随症状,质黏稠,不孕症名医验案解析,不孕症名医验案解析_病例1,现代临床
湿热瘀滞胞宫,症状伴随症状,有异味,不孕症名医验案解析,不孕症名医验案解析_病例1,现代临床
湿热瘀滞胞宫,症状伴随症状,口苦口腻,不孕症名医验案解析,不孕症名医验案解析_病例1,现代临床
湿热瘀滞胞宫,症状伴随症状,胸闷纳呆,不孕症名医验案解析,不孕症名医验案解析_病例1,现代临床
湿热瘀滞胞宫,症状伴随症状,小便黄赤,不孕症名医验案解析,不孕症名医验案解析_病例1,现代临床
湿热瘀阻不孕,证候采用方剂,桂枝茯苓丸,不孕症名医验案解析,不孕症名医验案解析_病例1,现代临床
桂枝茯苓丸,方剂组成药材,桂枝,不孕症名医验案解析,不孕症名医验案解析_病例1,现代临床
桂枝茯苓丸,方剂组成药材,牡丹皮,不孕症名医验案解析,不孕症名医验案解析_病例1,现代临床
桂枝茯苓丸,方剂组成药材,赤芍,不孕症名医验案解析,不孕症名医验案解析_病例1,现代临床
桂枝茯苓丸,方剂组成药材,茯苓,不孕症名医验案解析,不孕症名医验案解析_病例1,现代临床
桂枝茯苓丸,方剂组成药材,桃仁,不孕症名医验案解析,不孕症名医验案解析_病例1,现代临床
桂枝,药材具有功效,温通经络,不孕症名医验案解析,不孕症名医验案解析_病例1,现代临床
牡丹皮,药材具有功效,活血化瘀通经,不孕症名医验案解析,不孕症名医验案解析_病例1,现代临床
桃仁,药材具有功效,活血化瘀通经,不孕症名医验案解析,不孕症名医验案解析_病例1,现代临床
湿热瘀阻不孕,证候采用方剂,桃红四物汤,不孕症名医验案解析,不孕症名医验案解析_病例1,现代临床
桃红四物汤,方剂组成药材,当归,不孕症名医验案解析,不孕症名医验案解析_病例1,现代临床
桃红四物汤,方剂组成药材,川芎,不孕症名医验案解析,不孕症名医验案解析_病例1,现代临床
桃红四物汤,方剂组成药材,赤芍,不孕症名医验案解析,不孕症名医验案解析_病例1,现代临床
桃红四物汤,方剂组成药材,生地黄,不孕症名医验案解析,不孕症名医验案解析_病例1,现代临床
湿热瘀阻不孕,证候采用方剂,四二五合方,不孕症名医验案解析,不孕症名医验案解析_病例1,现代临床
四二五合方,方剂组成药材,当归,不孕症名医验案解析,不孕症名医验案解析_病例1,现代临床
四二五合方,方剂组成药材,川芎,不孕症名医验案解析,不孕症名医验案解析_病例1,现代临床
四二五合方,方剂组成药材,赤芍,不孕症名医验案解析,不孕症名医验案解析_病例1,现代临床
四二五合方,方剂组成药材,熟地黄,不孕症名医验案解析,不孕症名医验案解析_病例1,现代临床
四二五合方,方剂组成药材,淫羊藿,不孕症名医验案解析,不孕症名医验案解析_病例1,现代临床
四二五合方,方剂组成药材,仙茅,不孕症名医验案解析,不孕症名医验案解析_病例1,现代临床
四二五合方,方剂组成药材,五味子,不孕症名医验案解析,不孕症名医验案解析_病例1,现代临床
四二五合方,方剂组成药材,菟丝子,不孕症名医验案解析,不孕症名医验案解析_病例1,现代临床
四二五合方,方剂组成药材,枸杞子,不孕症名医验案解析,不孕症名医验案解析_病例1,现代临床
四二五合方,方剂组成药材,覆盆子,不孕症名医验案解析,不孕症名医验案解析_病例1,现代临床
四二五合方,方剂组成药材,车前子,不孕症名医验案解析,不孕症名医验案解析_病例1,现代临床
四二五合方,方剂组成药材,沙苑子,不孕症名医验案解析,不孕症名医验案解析_病例1,现代临床
不孕症,症状伴随症状,少腹隐痛,不孕症名医验案解析,不孕症名医验案解析_病例1,现代临床
不孕症,症状伴随症状,月经不调,不孕症名医验案解析,不孕症名医验案解析_病例1,现代临床
不孕症,症状伴随症状,量少或淋漓不断,不孕症名医验案解析,不孕症名医验案解析_病例1,现代临床
不孕症,症状伴随症状,色暗红有血块,不孕症名医验案解析,不孕症名医验案解析_病例1,现代临床
不孕症,症状伴随症状,腹凉作痛,不孕症名医验案解析,不孕症名医验案解析_病例1,现代临床
不孕症,症状伴随症状,带多色黄有异味,不孕症名医验案解析,不孕症名医验案解析_病例1,现代临床
不孕症,症状伴随症状,腰困痛,不孕症名医验案解析,不孕症名医验案解析_病例1,现代临床
不孕症,症状伴随症状,膝软乏力,不孕症名医验案解析,不孕症名医验案解析_病例1,现代临床
湿热瘀阻不孕,舌象表现特征,舌红苔薄黄腻,不孕症名医验案解析,不孕症名医验案解析_病例1,现代临床
湿热瘀阻不孕,脉象表现特征,脉细略数,不孕症名医验案解析,不孕症名医验案解析_病例1,现代临床
湿热瘀阻不孕,证候导致舌象,舌红苔薄黄腻,不孕症名医验案解析,不孕症名医验案解析_病例1,现代临床
湿热瘀阻不孕,证候导致脉象,脉细略数,不孕症名医验案解析,不孕症名医验案解析_病例1,现代临床
湿热瘀阻不孕,证候采用方剂,桃红四物汤加减,不孕症名医验案解析,不孕症名医验案解析_病例1,现代临床
输卵管阻塞不孕,证候采用方剂,通脉活血汤,不孕症名医验案解析,不孕症名医验案解析_病例1,现代临床
输卵管阻塞不孕,症状伴随症状,双侧少腹隐痛,不孕症名医验案解析,不孕症名医验案解析_病例1,现代临床
输卵管阻塞不孕,症状伴随症状,经期疼痛加重,不孕症名医验案解析,不孕症名医验案解析_病例1,现代临床
输卵管阻塞不孕,症状伴随症状,腰骶酸痛,不孕症名医验案解析,不孕症名医验案解析_病例1,现代临床
输卵管阻塞不孕,症状伴随症状,经前心烦易怒,不孕症名医验案解析,不孕症名医验案解析_病例1,现代临床
输卵管阻塞不孕,症状伴随症状,乳房作胀,不孕症名医验案解析,不孕症名医验案解析_病例1,现代临床
输卵管阻塞不孕,证候导致脉象,脉虚弦,不孕症名医验案解析,不孕症名医验案解析_病例1,现代临床
输卵管阻塞不孕,证候辨证证候,肝郁气滞，湿热瘀阻,不孕症名医验案解析,不孕症名医验案解析_病例1,现代临床
继发性不孕症,症状伴随症状,经量少,不孕症名医验案解析,不孕症名医验案解析_病例1,现代临床
继发性不孕症,症状伴随症状,经期延长,不孕症名医验案解析,不孕症名医验案解析_病例1,现代临床
继发性不孕症,舌象表现特征,舌质暗,不孕症名医验案解析,不孕症名医验案解析_病例1,现代临床
继发性不孕症,舌象表现特征,舌苔薄白,不孕症名医验案解析,不孕症名医验案解析_病例1,现代临床
继发性不孕症,脉象表现特征,脉沉细,不孕症名医验案解析,不孕症名医验案解析_病例1,现代临床
继发性不孕症,证候辨证证候,肾虚血瘀,不孕症名医验案解析,不孕症名医验案解析_病例1,现代临床
继发性不孕症,证候采用方剂,四逆散加味,不孕症名医验案解析,不孕症名医验案解析_病例1,现代临床
输卵管阻塞引起的继发不孕,证候辨证证候,湿热、瘀滞,不孕症名医验案解析,不孕症名医验案解析_病例1,现代临床
输卵管阻塞引起的继发不孕,证候采用方剂,四逆散加味,不孕症名医验案解析,不孕症名医验案解析_病例1,现代临床
桃红四物汤加减,方剂组成药材,桃仁,不孕症名医验案解析,不孕症名医验案解析_病例1,现代临床
桃红四物汤加减,方剂组成药材,红花,不孕症名医验案解析,不孕症名医验案解析_病例1,现代临床
通脉活血汤,方剂组成药材,柴胡,不孕症名医验案解析,不孕症名医验案解析_病例1,现代临床
通脉活血汤,方剂组成药材,枳实,不孕症名医验案解析,不孕症名医验案解析_病例1,现代临床
通脉活血汤,方剂组成药材,赤芍,不孕症名医验案解析,不孕症名医验案解析_病例1,现代临床
四逆散加味,方剂组成药材,柴胡,不孕症名医验案解析,不孕症名医验案解析_病例1,现代临床
四逆散加味,方剂组成药材,枳实,不孕症名医验案解析,不孕症名医验案解析_病例1,现代临床
四逆散加味,方剂组成药材,赤芍,不孕症名医验案解析,不孕症名医验案解析_病例1,现代临床
桃仁,药材具有功效,活血化瘀通经,不孕症名医验案解析,不孕症名医验案解析_病例1,现代临床
赤芍,药材具有功效,活血化瘀通经,不孕症名医验案解析,不孕症名医验案解析_病例1,现代临床
桂枝,药材具有功效,温阳化饮,不孕症名医验案解析,不孕症名医验案解析_病例1,现代临床
茯苓,药材具有功效,温阳化饮,不孕症名医验案解析,不孕症名医验案解析_病例1,现代临床
败酱草,药材具有功效,清热解毒,不孕症名医验案解析,不孕症名医验案解析_病例1,现代临床
生薏苡仁,药材具有功效,清热排脓,不孕症名医验案解析,不孕症名医验案解析_病例1,现代临床
金银花,药材具有功效,清热解毒,不孕症名医验案解析,不孕症名医验案解析_病例1,现代临床
连翘,药材具有功效,清热解毒,不孕症名医验案解析,不孕症名医验案解析_病例1,现代临床
野菊花,药材具有功效,清热解毒,不孕症名医验案解析,不孕症名医验案解析_病例1,现代临床
车前草,药材具有功效,渗湿清热,不孕症名医验案解析,不孕症名医验案解析_病例1,现代临床
三棱,药材具有功效,破血消瘢,不孕症名医验案解析,不孕症名医验案解析_病例1,现代临床
莪术,药材具有功效,破血消瘢,不孕症名医验案解析,不孕症名医验案解析_病例1,现代临床
甘草,药材具有功效,调和药性,不孕症名医验案解析,不孕症名医验案解析_病例1,现代临床
输卵管阻塞性不孕,疾病导致舌象,舌淡，苔薄腻少津,不孕症名医验案解析,不孕症名医验案解析_病例1,现代临床
输卵管阻塞性不孕,疾病导致脉象,脉细,不孕症名医验案解析,不孕症名医验案解析_病例1,现代临床
输卵管阻塞性不孕,证候导致舌象,舌淡，苔薄腻少津,不孕症名医验案解析,不孕症名医验案解析_病例1,现代临床
输卵管阻塞性不孕,证候导致脉象,脉细,不孕症名医验案解析,不孕症名医验案解析_病例1,现代临床
输卵管阻塞性不孕,证候采用方剂,四逆散加味,不孕症名医验案解析,不孕症名医验案解析_病例1,现代临床
四逆散加味,方剂组成药材,柴胡、枳实、赤芍,不孕症名医验案解析,不孕症名医验案解析_病例1,现代临床
四逆散加味,方剂组成药材,蜈蚣、莪术、丹参、穿山甲,不孕症名医验案解析,不孕症名医验案解析_病例1,现代临床
输卵管阻塞性不孕,症状伴随症状,双侧下腹部不适感，经期加重,不孕症名医验案解析,不孕症名医验案解析_病例1,现代临床
输卵管阻塞性不孕,症状伴随症状,盆腔炎；左输卵管积水，不通；右侧输卵管通而不畅,不孕症名医验案解析,不孕症名医验案解析_病例1,现代临床
输卵管阻塞性不孕,症状伴随症状,数次人工流产刮宫，冲任受损,不孕症名医验案解析,不孕症名医验案解析_病例1,现代临床
输卵管阻塞性不孕,症状伴随症状,感受外邪，湿热瘀滞壅于胞络,不孕症名医验案解析,不孕症名医验案解析_病例1,现代临床
输卵管阻塞性不孕,症状伴随症状,胞脉阻塞，继发不孕,不孕症名医验案解析,不孕症名医验案解析_病例1,现代临床
输卵管阻塞性不孕,证候辨证,湿热瘀滞,不孕症名医验案解析,不孕症名医验案解析_病例1,现代临床
输卵管阻塞性不孕,证候辨证,瘀血证,不孕症名医验案解析,不孕症名医验案解析_病例1,现代临床
输卵管阻塞性不孕,证候辨证,气滞血瘀，湿热蕴结,不孕症名医验案解析,不孕症名医验案解析_病例1,现代临床
输卵管阻塞性不孕,证候辨证,瘀热阻滞冲任胞宫,不孕症名医验案解析,不孕症名医验案解析_病例1,现代临床
输卵管阻塞性不孕,综合辨证证候,湿热瘀滞,不孕症名医验案解析,不孕症名医验案解析_病例1,现代临床
输卵管阻塞性不孕,综合辨证证候,瘀血证,不孕症名医验案解析,不孕症名医验案解析_病例1,现代临床
输卵管阻塞性不孕,综合辨证证候,气滞血瘀，湿热蕴结,不孕症名医验案解析,不孕症名医验案解析_病例1,现代临床
输卵管阻塞性不孕,综合辨证证候,瘀热阻滞冲任胞宫,不孕症名医验案解析,不孕症名医验案解析_病例1,现代临床
输卵管阻塞性不孕,证候导致舌象,舌边有瘀点，舌苔薄白,不孕症名医验案解析,不孕症名医验案解析_病例1,现代临床
输卵管阻塞性不孕,证候导致脉象,脉弦,不孕症名医验案解析,不孕症名医验案解析_病例1,现代临床
输卵管阻塞性不孕,证候导致舌象,舌黯、苔黄略腻,不孕症名医验案解析,不孕症名医验案解析_病例1,现代临床
输卵管阻塞性不孕,证候导致脉象,脉沉弦,不孕症名医验案解析,不孕症名医验案解析_病例1,现代临床
输卵管阻塞性不孕,证候采用方剂,通管方,不孕症名医验案解析,不孕症名医验案解析_病例1,现代临床
通管方,方剂组成药材,当归、赤芍、丹参、泽兰、香附、芜蔚子、三七、穿山甲粉、路路通、王不留行、穿破石、甘草,不孕症名医验案解析,不孕症名医验案解析_病例1,现代临床
输卵管阻塞性不孕,证候采用方剂,小金丹、逍遥丸、得生丹,不孕症名医验案解析,不孕症名医验案解析_病例1,现代临床
输卵管阻塞性不孕,症状伴随症状,双侧输卵管粘连于子宫后壁、直肠窝，左侧与部分肠管粘连，伞端包裹,不孕症名医验案解析,不孕症名医验案解析_病例1,现代临床
输卵管阻塞性不孕,症状伴随症状,双侧卵巢包埋于其中,不孕症名医验案解析,不孕症名医验案解析_病例1,现代临床
输卵管阻塞性不孕,症状伴随症状,子宫外观正常,不孕症名医验案解析,不孕症名医验案解析_病例1,现代临床
输卵管阻塞性不孕,症状伴随症状,双侧输卵管张力高,不孕症名医验案解析,不孕症名医验案解析_病例1,现代临床
输卵管阻塞性不孕,症状伴随症状,子宫内置节育环,不孕症名医验案解析,不孕症名医验案解析_病例1,现代临床
输卵管阻塞性不孕,症状伴随症状,宫颈中度糜烂,不孕症名医验案解析,不孕症名医验案解析_病例1,现代临床
输卵管阻塞性不孕,症状伴随症状,宫体前位，稍大,不孕症名医验案解析,不孕症名医验案解析_病例1,现代临床
输卵管阻塞性不孕,症状伴随症状,双侧附件有增厚感，压痛,不孕症名医验案解析,不孕症名医验案解析_病例1,现代临床
输卵管阻塞性不孕,症状伴随症状,右侧输卵管囊肿,不孕症名医验案解析,不孕症名医验案解析_病例1,现代临床
输卵管阻塞性不孕,症状伴随症状,双侧输卵管粘连,不孕症名医验案解析,不孕症名医验案解析_病例1,现代临床
输卵管阻塞性不孕,症状伴随症状,左侧输卵管不通,不孕症名医验案解析,不孕症名医验案解析_病例1,现代临床
输卵管阻塞性不孕,症状伴随症状,右侧输卵管通而不畅,不孕症名医验案解析,不孕症名医验案解析_病例1,现代临床
输卵管阻塞性不孕,症状伴随症状,异位妊娠术后未避孕未孕,不孕症名医验案解析,不孕症名医验案解析_病例1,现代临床
输卵管阻塞性不孕,症状伴随症状,右侧下腹隐痛,不孕症名医验案解析,不孕症名医验案解析_病例1,现代临床
输卵管阻塞性不孕,症状伴随症状,腰酸痛,不孕症名医验案解析,不孕症名医验案解析_病例1,现代临床
输卵管阻塞性不孕,症状伴随症状,白带正常,不孕症名医验案解析,不孕症名医验案解析_病例1,现代临床
输卵管阻塞性不孕,症状伴随症状,支原体、衣原体阴性,不孕症名医验案解析,不孕症名医验案解析_病例1,现代临床
输卵管阻塞性不孕,症状伴随症状,子宫输卵管碘油造影示左侧通而不畅，右侧不通,不孕症名医验案解析,不孕症名医验案解析_病例1,现代临床
输卵管阻塞性不孕,症状伴随症状,月经延后,不孕症名医验案解析,不孕症名医验案解析_病例1,现代临床
输卵管阻塞性不孕,症状伴随症状,量中色暗,不孕症名医验案解析,不孕症名医验案解析_病例1,现代临床
输卵管阻塞性不孕,症状伴随症状,常夹血块,不孕症名医验案解析,不孕症名医验案解析_病例1,现代临床
输卵管阻塞性不孕,症状伴随症状,经前两乳作胀,不孕症名医验案解析,不孕症名医验案解析_病例1,现代临床
输卵管阻塞性不孕,症状伴随症状,头晕泛恶,不孕症名医验案解析,不孕症名医验案解析_病例1,现代临床
输卵管阻塞性不孕,症状伴随症状,少腹疼痛不欲按,不孕症名医验案解析,不孕症名医验案解析_病例1,现代临床
输卵管阻塞性不孕,症状伴随症状,带下色黄，黏着臭秽,不孕症名医验案解析,不孕症名医验案解析_病例1,现代临床
输卵管阻塞性不孕,症状伴随症状,头痛,不孕症名医验案解析,不孕症名医验案解析_病例1,现代临床
输卵管阻塞性不孕,症状伴随症状,胁肋苦胀,不孕症名医验案解析,不孕症名医验案解析_病例1,现代临床
输卵管阻塞性不孕,症状伴随症状,日晡低热,不孕症名医验案解析,不孕症名医验案解析_病例1,现代临床
输卵管阻塞性不孕,症状伴随症状,双侧输卵管粘连,不孕症名医验案解析,不孕症名医验案解析_病例1,现代临床
输卵管阻塞性不孕,症状伴随症状,双侧输卵管通而不畅,不孕症名医验案解析,不孕症名医验案解析_病例1,现代临床
输卵管阻塞性不孕,症状伴随症状,曾接受人工授精2次，均未成功,不孕症名医验案解析,不孕症名医验案解析_病例1,现代临床
输卵管阻塞性不孕,症状伴随症状,平素双侧小腹阵发性隐痛,不孕症名医验案解析,不孕症名医验案解析_病例1,现代临床
输卵管阻塞性不孕,症状伴随症状,腰酸,不孕症名医验案解析,不孕症名医验案解析_病例1,现代临床
输卵管阻塞性不孕,症状伴随症状,神疲乏力,不孕症名医验案解析,不孕症名医验案解析_病例1,现代临床
输卵管阻塞性不孕,症状伴随症状,大便干,不孕症名医验案解析,不孕症名医验案解析_病例1,现代临床
输卵管阻塞性不孕,症状伴随症状,月经周期28天,不孕症名医验案解析,不孕症名医验案解析_病例1,现代临床
输卵管阻塞性不孕,症状伴随症状,经期3-4天,不孕症名医验案解析,不孕症名医验案解析_病例1,现代临床
气滞血瘀型不孕症,疾病表现症状,腹隐痛,不孕症名医验案解析,不孕症名医验案解析_病例1,现代临床
气滞血瘀型不孕症,症状伴随症状,经脉瘀阻,不孕症名医验案解析,不孕症名医验案解析_病例1,现代临床
气滞血瘀型不孕症,疾病表现症状,头晕,不孕症名医验案解析,不孕症名医验案解析_病例1,现代临床
气滞血瘀型不孕症,疾病表现症状,恶心,不孕症名医验案解析,不孕症名医验案解析_病例1,现代临床
气滞血瘀型不孕症,疾病表现症状,日晡低热,不孕症名医验案解析,不孕症名医验案解析_病例1,现代临床
气滞血瘀型不孕症,疾病表现症状,带下色黄臭秽,不孕症名医验案解析,不孕症名医验案解析_病例1,现代临床
气滞血瘀型不孕症,证候导致舌象,舌质红,不孕症名医验案解析,不孕症名医验案解析_病例1,现代临床
气滞血瘀型不孕症,证候导致舌象,苔薄黄,不孕症名医验案解析,不孕症名医验案解析_病例1,现代临床
气滞血瘀型不孕症,证候导致脉象,脉细,不孕症名医验案解析,不孕症名医验案解析_病例1,现代临床
瘀热阻滞冲任胞宫,症状辨证证候,不孕症,不孕症名医验案解析,不孕症名医验案解析_病例1,现代临床
瘀热互结,症状辨证证候,不孕症,不孕症名医验案解析,不孕症名医验案解析_病例1,现代临床
瘀热互结,证候采用方剂,盆腔炎方加味,不孕症名医验案解析,不孕症名医验案解析_病例1,现代临床
盆腔炎方加味,方剂组成药材,丹参,不孕症名医验案解析,不孕症名医验案解析_病例1,现代临床
盆腔炎方加味,方剂组成药材,当归,不孕症名医验案解析,不孕症名医验案解析_病例1,现代临床
盆腔炎方加味,方剂组成药材,连翘,不孕症名医验案解析,不孕症名医验案解析_病例1,现代临床
盆腔炎方加味,方剂组成药材,败酱草,不孕症名医验案解析,不孕症名医验案解析_病例1,现代临床
盆腔炎方加味,方剂组成药材,鸡内金,不孕症名医验案解析,不孕症名医验案解析_病例1,现代临床
盆腔炎方加味,方剂组成药材,皂角刺,不孕症名医验案解析,不孕症名医验案解析_病例1,现代临床
盆腔炎方加味,方剂组成药材,生蒲黄,不孕症名医验案解析,不孕症名医验案解析_病例1,现代临床
盆腔炎方加味,方剂组成药材,炒五灵脂,不孕症名医验案解析,不孕症名医验案解析_病例1,现代临床
盆腔炎方加味,方剂组成药材,赤芍,不孕症名医验案解析,不孕症名医验案解析_病例1,现代临床
盆腔炎方加味,方剂组成药材,白芍,不孕症名医验案解析,不孕症名医验案解析_病例1,现代临床
盆腔炎方加味,方剂组成药材,香附,不孕症名医验案解析,不孕症名医验案解析_病例1,现代临床
盆腔炎方加味,方剂组成药材,延胡索,不孕症名医验案解析,不孕症名医验案解析_病例1,现代临床
盆腔炎方加味,方剂组成药材,路路通,不孕症名医验案解析,不孕症名医验案解析_病例1,现代临床
盆腔炎方加味,方剂组成药材,炮穿山甲,不孕症名医验案解析,不孕症名医验案解析_病例1,现代临床
盆腔炎方加味,方剂组成药材,王不留行,不孕症名医验案解析,不孕症名医验案解析_病例1,现代临床
盆腔炎方加味,方剂组成药材,蜈蚣,不孕症名医验案解析,不孕症名医验案解析_病例1,现代临床
盆腔炎方加味,方剂组成药材,海螵蛸,不孕症名医验案解析,不孕症名医验案解析_病例1,现代临床
盆腔炎方加味,方剂组成药材,茜草,不孕症名医验案解析,不孕症名医验案解析_病例1,现代临床
盆腔炎方加味,方剂组成药材,菟丝子,不孕症名医验案解析,不孕症名医验案解析_病例1,现代临床
盆腔炎方加味,方剂组成药材,续断,不孕症名医验案解析,不孕症名医验案解析_病例1,现代临床
盆腔炎方加味,方剂组成药材,甘草,不孕症名医验案解析,不孕症名医验案解析_病例1,现代临床
丹参,药材具有功效,活血化瘀、凉血养血,不孕症名医验案解析,不孕症名医验案解析_病例1,现代临床
当归,药材具有功效,养血活血,不孕症名医验案解析,不孕症名医验案解析_病例1,现代临床
赤芍,药材具有功效,活血化瘀,不孕症名医验案解析,不孕症名医验案解析_病例1,现代临床
连翘,药材具有功效,清热解毒、散结消肿,不孕症名医验案解析,不孕症名医验案解析_病例1,现代临床
败酱草,药材具有功效,清热解毒、散结消肿,不孕症名医验案解析,不孕症名医验案解析_病例1,现代临床
鸡内金,药材具有功效,活血化瘀散结,不孕症名医验案解析,不孕症名医验案解析_病例1,现代临床
香附,药材具有功效,理气,不孕症名医验案解析,不孕症名医验案解析_病例1,现代临床
延胡索,药材具有功效,理气,不孕症名医验案解析,不孕症名医验案解析_病例1,现代临床
生蒲黄,药材具有功效,化瘀止痛,不孕症名医验案解析,不孕症名医验案解析_病例1,现代临床
炒五灵脂,药材具有功效,化瘀止痛,不孕症名医验案解析,不孕症名医验案解析_病例1,现代临床
海螵蛸,药材具有功效,下行软坚散结,不孕症名医验案解析,不孕症名医验案解析_病例1,现代临床
茜草,药材具有功效,行血凉血止血,不孕症名医验案解析,不孕症名医验案解析_病例1,现代临床
路路通,药材具有功效,祛风通络,不孕症名医验案解析,不孕症名医验案解析_病例1,现代临床
菟丝子,药材具有功效,平补肾之阴阳,不孕症名医验案解析,不孕症名医验案解析_病例1,现代临床
续断,药材具有功效,扶正祛瘀,不孕症名医验案解析,不孕症名医验案解析_病例1,现代临床
盆腔炎方加味,归属于经典,不孕不育症名家医案导读,不孕症名医验案解析,不孕症名医验案解析_病例1,现代临床
不孕症,疾病表现症状,月经量多暗红夹血块,不孕症名医验案解析,不孕症名医验案解析_病例1,现代临床
不孕症,疾病表现症状,下腹隐痛,不孕症名医验案解析,不孕症名医验案解析_病例1,现代临床
不孕症,疾病表现症状,精神抑郁,不孕症名医验案解析,不孕症名医验案解析_病例1,现代临床
不孕症,疾病表现症状,心烦不舒,不孕症名医验案解析,不孕症名医验案解析_病例1,现代临床
不孕症,疾病表现症状,腰酸,不孕症名医验案解析,不孕症名医验案解析_病例1,现代临床
不孕症,疾病表现症状,神疲乏力,不孕症名医验案解析,不孕症名医验案解析_病例1,现代临床
不孕症,疾病表现症状,夜寐欠安,不孕症名医验案解析,不孕症名医验案解析_病例1,现代临床
不孕症,疾病表现症状,经常感冒,不孕症名医验案解析,不孕症名医验案解析_病例1,现代临床
不孕症,疾病导致舌象,苔薄,不孕症名医验案解析,不孕症名医验案解析_病例1,现代临床
不孕症,疾病导致脉象,脉细小弦,不孕症名医验案解析,不孕症名医验案解析_病例1,现代临床
气滞血瘀型不孕,证候导致舌象,苔薄,不孕症名医验案解析,不孕症名医验案解析_病例1,现代临床
气滞血瘀型不孕,证候导致脉象,脉细,不孕症名医验案解析,不孕症名医验案解析_病例1,现代临床
气滞血瘀型不孕,综合辨证证候,瘀阻脉络,不孕症名医验案解析,不孕症名医验案解析_病例1,现代临床
气滞血瘀型不孕,证候采用方剂,理气山甲汤加减,不孕症名医验案解析,不孕症名医验案解析_病例1,现代临床
理气山甲汤加减,方剂组成药材,当归,不孕症名医验案解析,不孕症名医验案解析_病例1,现代临床
理气山甲汤加减,方剂组成药材,乌药,不孕症名医验案解析,不孕症名医验案解析_病例1,现代临床
理气山甲汤加减,方剂组成药材,泽兰,不孕症名医验案解析,不孕症名医验案解析_病例1,现代临床
理气山甲汤加减,方剂组成药材,苏木,不孕症名医验案解析,不孕症名医验案解析_病例1,现代临床
理气山甲汤加减,方剂组成药材,路路通,不孕症名医验案解析,不孕症名医验案解析_病例1,现代临床
理气山甲汤加减,方剂组成药材,柴胡,不孕症名医验案解析,不孕症名医验案解析_病例1,现代临床
理气山甲汤加减,方剂组成药材,白芍,不孕症名医验案解析,不孕症名医验案解析_病例1,现代临床
理气山甲汤加减,方剂组成药材,牡丹皮,不孕症名医验案解析,不孕症名医验案解析_病例1,现代临床
理气山甲汤加减,方剂组成药材,香附,不孕症名医验案解析,不孕症名医验案解析_病例1,现代临床
理气山甲汤加减,方剂组成药材,丹参,不孕症名医验案解析,不孕症名医验案解析_病例1,现代临床
理气山甲汤加减,方剂组成药材,穿山甲,不孕症名医验案解析,不孕症名医验案解析_病例1,现代临床
理气山甲汤加减,方剂组成药材,夏枯草,不孕症名医验案解析,不孕症名医验案解析_病例1,现代临床
理气山甲汤加减,方剂组成药材,地鳖虫,不孕症名医验案解析,不孕症名医验案解析_病例1,现代临床
理气山甲汤加减,方剂组成药材,三棱,不孕症名医验案解析,不孕症名医验案解析_病例1,现代临床
理气山甲汤加减,方剂组成药材,莪术,不孕症名医验案解析,不孕症名医验案解析_病例1,现代临床
柴胡,药材具有功效,疏肝解郁,不孕症名医验案解析,不孕症名医验案解析_病例1,现代临床
白芍,药材具有功效,柔肝止痛,不孕症名医验案解析,不孕症名医验案解析_病例1,现代临床
泽兰,药材具有功效,活血祛瘀,不孕症名医验案解析,不孕症名医验案解析_病例1,现代临床
苏木,药材具有功效,活血散瘀,不孕症名医验案解析,不孕症名医验案解析_病例1,现代临床
夏枯草,药材具有功效,软坚散结,不孕症名医验案解析,不孕症名医验案解析_病例1,现代临床
穿山甲,药材具有功效,消肿通络,不孕症名医验案解析,不孕症名医验案解析_病例1,现代临床
路路通,药材具有功效,祛风通络,不孕症名医验案解析,不孕症名医验案解析_病例1,现代临床
原发性不孕症,证候导致舌象,舌质嫩红,不孕症名医验案解析,不孕症名医验案解析_病例1,现代临床
原发性不孕症,证候导致舌象,苔薄,不孕症名医验案解析,不孕症名医验案解析_病例1,现代临床
原发性不孕症,证候导致脉象,脉细,不孕症名医验案解析,不孕症名医验案解析_病例1,现代临床
原发性不孕症,综合辨证证候,宿瘀内结，络道受阻,不孕症名医验案解析,不孕症名医验案解析_病例1,现代临床
原发性不孕症,证候采用方剂,炒潞党参、炒白术、炒当归、生地黄、川芎、白芍、制香附、生蒲黄、炒杜仲、川续断、瓜蒌,不孕症名医验案解析,不孕症名医验案解析_病例1,现代临床
原发性不孕症,证候采用方剂,炒潞党参、炒白术、云茯苓、桂枝、赤芍、牡丹皮、单桃仁、穿山甲片、路路通、麦冬、淫羊藿、巴戟天、肉苁蓉、皂角刺,不孕症名医验案解析,不孕症名医验案解析_病例1,现代临床
原发性不孕症,证候采用方剂,云茯苓、生熟地黄、川石斛、炙龟甲、鹿角霜、淫羊藿、巴戟天、肉苁蓉、炒杜仲、川续断、紫河车粉,不孕症名医验案解析,不孕症名医验案解析_病例1,现代临床
不孕症,疾病表现症状,腹痛里急,不孕症名医验案解析,不孕症名医验案解析_病例1,现代临床
不孕症,疾病表现症状,临经前乳胀,不孕症名医验案解析,不孕症名医验案解析_病例1,现代临床
不孕症,疾病表现症状,烦躁,不孕症名医验案解析,不孕症名医验案解析_病例1,现代临床
不孕症,疾病表现症状,少腹两侧胀痛,不孕症名医验案解析,不孕症名医验案解析_病例1,现代临床
不孕症,疾病表现症状,形寒,不孕症名医验案解析,不孕症名医验案解析_病例1,现代临床
不孕症,疾病表现症状,大便间二三日一次,不孕症名医验案解析,不孕症名医验案解析_病例1,现代临床
不孕症,疾病导致舌象,苔薄白边微红,不孕症名医验案解析,不孕症名医验案解析_病例1,现代临床
不孕症,疾病导致脉象,脉细弦,不孕症名医验案解析,不孕症名医验案解析_病例1,现代临床
不孕症,证候导致舌象,舌中根苔黄厚,不孕症名医验案解析,不孕症名医验案解析_病例1,现代临床
不孕症,证候导致舌象,边尖嫩红,不孕症名医验案解析,不孕症名医验案解析_病例1,现代临床
不孕症,证候导致脉象,脉细,不孕症名医验案解析,不孕症名医验案解析_病例1,现代临床
不孕症,症状辨证证候,湿瘀交阻,不孕症名医验案解析,不孕症名医验案解析_病例1,现代临床
不孕症,症状辨证证候,肾虚络道欠畅,不孕症名医验案解析,不孕症名医验案解析_病例1,现代临床
不孕症,证候采用方剂,益肾通络方,不孕症名医验案解析,不孕症名医验案解析_病例1,现代临床
益肾通络方,方剂组成药材,炒当归9g,不孕症名医验案解析,不孕症名医验案解析_病例1,现代临床
益肾通络方,方剂组成药材,赤芍9g,不孕症名医验案解析,不孕症名医验案解析_病例1,现代临床
益肾通络方,方剂组成药材,川芎4.5g,不孕症名医验案解析,不孕症名医验案解析_病例1,现代临床
益肾通络方,方剂组成药材,熟地黄9g,不孕症名医验案解析,不孕症名医验案解析_病例1,现代临床
益肾通络方,方剂组成药材,云茯苓12g,不孕症名医验案解析,不孕症名医验案解析_病例1,现代临床
益肾通络方,方剂组成药材,川续断12g,不孕症名医验案解析,不孕症名医验案解析_病例1,现代临床
益肾通络方,方剂组成药材,狗脊12g,不孕症名医验案解析,不孕症名医验案解析_病例1,现代临床
益肾通络方,方剂组成药材,炒淮山药9g,不孕症名医验案解析,不孕症名医验案解析_病例1,现代临床
益肾通络方,方剂组成药材,泽泻9g,不孕症名医验案解析,不孕症名医验案解析_病例1,现代临床
益肾通络方,方剂组成药材,制香附9g,不孕症名医验案解析,不孕症名医验案解析_病例1,现代临床
不孕症,证候导致舌象,舌红少津,不孕症名医验案解析,不孕症名医验案解析_病例1,现代临床
不孕症,症状辨证证候,肝肾阴虚夹湿,不孕症名医验案解析,不孕症名医验案解析_病例1,现代临床
不孕症,证候采用方剂,一贯煎合血府逐瘀汤加减,不孕症名医验案解析,不孕症名医验案解析_病例1,现代临床
一贯煎合血府逐瘀汤加减,方剂组成药材,党参30g,不孕症名医验案解析,不孕症名医验案解析_病例1,现代临床
一贯煎合血府逐瘀汤加减,方剂组成药材,生黄芪30g,不孕症名医验案解析,不孕症名医验案解析_病例1,现代临床
一贯煎合血府逐瘀汤加减,方剂组成药材,鹿角胶15g,不孕症名医验案解析,不孕症名医验案解析_病例1,现代临床
一贯煎合血府逐瘀汤加减,方剂组成药材,生地黄15g,不孕症名医验案解析,不孕症名医验案解析_病例1,现代临床
一贯煎合血府逐瘀汤加减,方剂组成药材,枸杞子15g,不孕症名医验案解析,不孕症名医验案解析_病例1,现代临床
一贯煎合血府逐瘀汤加减,方剂组成药材,桃仁6g,不孕症名医验案解析,不孕症名医验案解析_病例1,现代临床
一贯煎合血府逐瘀汤加减,方剂组成药材,红花9g,不孕症名医验案解析,不孕症名医验案解析_病例1,现代临床
一贯煎合血府逐瘀汤加减,方剂组成药材,炒蒲黄10g,不孕症名医验案解析,不孕症名医验案解析_病例1,现代临床
一贯煎合血府逐瘀汤加减,方剂组成药材,水蛭3g,不孕症名医验案解析,不孕症名医验案解析_病例1,现代临床
一贯煎合血府逐瘀汤加减,方剂组成药材,土鳖虫10g,不孕症名医验案解析,不孕症名医验案解析_病例1,现代临床
一贯煎合血府逐瘀汤加减,方剂组成药材,蒲公英24g,不孕症名医验案解析,不孕症名医验案解析_病例1,现代临床
一贯煎合血府逐瘀汤加减,方剂组成药材,炒川楝子10g,不孕症名医验案解析,不孕症名医验案解析_病例1,现代临床
一贯煎合血府逐瘀汤加减,方剂组成药材,桑寄生15g,不孕症名医验案解析,不孕症名医验案解析_病例1,现代临床
一贯煎合血府逐瘀汤加减,方剂组成药材,菟丝子15g,不孕症名医验案解析,不孕症名医验案解析_病例1,现代临床
一贯煎合血府逐瘀汤加减,方剂组成药材,桔梗10g,不孕症名医验案解析,不孕症名医验案解析_病例1,现代临床
府逐瘀汤加减,方剂组成药材,党参,不孕症名医验案解析,不孕症名医验案解析_病例1,现代临床
府逐瘀汤加减,方剂组成药材,生黄芪,不孕症名医验案解析,不孕症名医验案解析_病例1,现代临床
府逐瘀汤加减,方剂组成药材,鹿角胶,不孕症名医验案解析,不孕症名医验案解析_病例1,现代临床
府逐瘀汤加减,方剂组成药材,生地黄,不孕症名医验案解析,不孕症名医验案解析_病例1,现代临床
府逐瘀汤加减,方剂组成药材,枸杞子,不孕症名医验案解析,不孕症名医验案解析_病例1,现代临床
府逐瘀汤加减,方剂组成药材,桃仁,不孕症名医验案解析,不孕症名医验案解析_病例1,现代临床
府逐瘀汤加减,方剂组成药材,红花,不孕症名医验案解析,不孕症名医验案解析_病例1,现代临床
府逐瘀汤加减,方剂组成药材,炒蒲黄,不孕症名医验案解析,不孕症名医验案解析_病例1,现代临床
府逐瘀汤加减,方剂组成药材,水蛭,不孕症名医验案解析,不孕症名医验案解析_病例1,现代临床
府逐瘀汤加减,方剂组成药材,土鳖虫,不孕症名医验案解析,不孕症名医验案解析_病例1,现代临床
府逐瘀汤加减,方剂组成药材,蒲公英,不孕症名医验案解析,不孕症名医验案解析_病例1,现代临床
府逐瘀汤加减,方剂组成药材,炒川楝子,不孕症名医验案解析,不孕症名医验案解析_病例1,现代临床
府逐瘀汤加减,方剂组成药材,桑寄生,不孕症名医验案解析,不孕症名医验案解析_病例1,现代临床
府逐瘀汤加减,方剂组成药材,菟丝子,不孕症名医验案解析,不孕症名医验案解析_病例1,现代临床
府逐瘀汤加减,方剂组成药材,桔梗,不孕症名医验案解析,不孕症名医验案解析_病例1,现代临床
化癥回生丹,证候采用方剂,卵巢囊肿或积水,不孕症名医验案解析,不孕症名医验案解析_病例1,现代临床
通络汤加减,方剂组成药材,当归,不孕症名医验案解析,不孕症名医验案解析_病例1,现代临床
通络汤加减,方剂组成药材,川芎,不孕症名医验案解析,不孕症名医验案解析_病例1,现代临床
通络汤加减,方剂组成药材,赤芍,不孕症名医验案解析,不孕症名医验案解析_病例1,现代临床
通络汤加减,方剂组成药材,三棱,不孕症名医验案解析,不孕症名医验案解析_病例1,现代临床
通络汤加减,方剂组成药材,莪术,不孕症名医验案解析,不孕症名医验案解析_病例1,现代临床
通络汤加减,方剂组成药材,薏苡仁,不孕症名医验案解析,不孕症名医验案解析_病例1,现代临床
通络汤加减,方剂组成药材,桂枝,不孕症名医验案解析,不孕症名医验案解析_病例1,现代临床
通络汤加减,方剂组成药材,透骨草,不孕症名医验案解析,不孕症名医验案解析_病例1,现代临床
通络汤加减,方剂组成药材,皂角刺,不孕症名医验案解析,不孕症名医验案解析_病例1,现代临床
通络汤加减,方剂组成药材,刘寄奴,不孕症名医验案解析,不孕症名医验案解析_病例1,现代临床
通络汤加减,方剂组成药材,王不留行,不孕症名医验案解析,不孕症名医验案解析_病例1,现代临床
通络汤加减,方剂组成药材,川牛膝,不孕症名医验案解析,不孕症名医验案解析_病例1,现代临床
通络汤加减,方剂组成药材,姜半夏,不孕症名医验案解析,不孕症名医验案解析_病例1,现代临床
通络汤加减,方剂组成药材,泽兰,不孕症名医验案解析,不孕症名医验案解析_病例1,现代临床
原发性不孕症；双侧输卵管阻塞,证候导致舌象,舌淡红边稍暗苔白,不孕症名医验案解析,不孕症名医验案解析_病例1,现代临床
原发性不孕症；双侧输卵管阻塞,证候导致脉象,脉细滑,不孕症名医验案解析,不孕症名医验案解析_病例1,现代临床
原发性不孕症；双侧输卵管阻塞,症状伴随症状,月经失调,不孕症名医验案解析,不孕症名医验案解析_病例1,现代临床
原发性不孕症；双侧输卵管阻塞,症状伴随症状,疲倦,不孕症名医验案解析,不孕症名医验案解析_病例1,现代临床
原发性不孕症；双侧输卵管阻塞,症状伴随症状,纳差,不孕症名医验案解析,不孕症名医验案解析_病例1,现代临床
原发性不孕症；双侧输卵管阻塞,症状伴随症状,下腹隐痛,不孕症名医验案解析,不孕症名医验案解析_病例1,现代临床
原发性不孕症；双侧输卵管阻塞,症状伴随症状,带下量多色白,不孕症名医验案解析,不孕症名医验案解析_病例1,现代临床
原发性不孕症；双侧输卵管阻塞,症状伴随症状,大便溏,不孕症名医验案解析,不孕症名医验案解析_病例1,现代临床
五物方加减,方剂组成药材,艾叶,不孕症名医验案解析,不孕症名医验案解析_病例1,现代临床
五物方加减,方剂组成药材,当归,不孕症名医验案解析,不孕症名医验案解析_病例1,现代临床
五物方加减,方剂组成药材,白芍,不孕症名医验案解析,不孕症名医验案解析_病例1,现代临床
五物方加减,方剂组成药材,川芎,不孕症名医验案解析,不孕症名医验案解析_病例1,现代临床
五物方加减,方剂组成药材,熟地黄,不孕症名医验案解析,不孕症名医验案解析_病例1,现代临床
五物方加减,方剂组成药材,黄芪,不孕症名医验案解析,不孕症名医验案解析_病例1,现代临床
五物方加减,方剂组成药材,党参,不孕症名医验案解析,不孕症名医验案解析_病例1,现代临床
五物方加减,方剂组成药材,天冬,不孕症名医验案解析,不孕症名医验案解析_病例1,现代临床
五物方加减,方剂组成药材,麦冬,不孕症名医验案解析,不孕症名医验案解析_病例1,现代临床
五物方加减,方剂组成药材,五味子,不孕症名医验案解析,不孕症名医验案解析_病例1,现代临床
五物方加减,方剂组成药材,金樱子,不孕症名医验案解析,不孕症名医验案解析_病例1,现代临床
五物方加减,方剂组成药材,女贞子,不孕症名医验案解析,不孕症名医验案解析_病例1,现代临床
瘀血阻络型输卵管阻塞不孕,证候采用方剂,五物方加减,不孕症名医验案解析,不孕症名医验案解析_病例1,现代临床
瘀血阻络型输卵管阻塞不孕,症状伴随症状,月经量少,不孕症名医验案解析,不孕症名医验案解析_病例1,现代临床
瘀血阻络型输卵管阻塞不孕,症状伴随症状,经期腹痛,不孕症名医验案解析,不孕症名医验案解析_病例1,现代临床
瘀血阻络型输卵管阻塞不孕,症状伴随症状,经前乳房作胀,不孕症名医验案解析,不孕症名医验案解析_病例1,现代临床
瘀血阻络型输卵管阻塞不孕,证候导致舌象,舌淡,不孕症名医验案解析,不孕症名医验案解析_病例1,现代临床
瘀血阻络型输卵管阻塞不孕,证候导致舌象,苔薄白,不孕症名医验案解析,不孕症名医验案解析_病例1,现代临床
瘀血阻络型输卵管阻塞不孕,证候导致脉象,脉弦细,不孕症名医验案解析,不孕症名医验案解析_病例1,现代临床
不孕症,证候导致舌象,舌紫暗夹小瘀点,不孕症名医验案解析,不孕症名医验案解析_病例1,现代临床
不孕症,证候导致舌象,苔薄黄,不孕症名医验案解析,不孕症名医验案解析_病例1,现代临床
不孕症,证候导致脉象,脉细涩,不孕症名医验案解析,不孕症名医验案解析_病例1,现代临床
瘀血阻络型输卵管阻塞不孕,证候采用方剂,棱术通管汤加减,不孕症名医验案解析,不孕症名医验案解析_病例1,现代临床
棱术通管汤加减,方剂组成药材,三棱、莪术、当归各10g,不孕症名医验案解析,不孕症名医验案解析_病例1,现代临床
棱术通管汤加减,方剂组成药材,赤芍15g,不孕症名医验案解析,不孕症名医验案解析_病例1,现代临床
棱术通管汤加减,方剂组成药材,桃仁、红花各10g,不孕症名医验案解析,不孕症名医验案解析_病例1,现代临床
棱术通管汤加减,方剂组成药材,重楼、蒲公英各15g,不孕症名医验案解析,不孕症名医验案解析_病例1,现代临床
棱术通管汤加减,方剂组成药材,皂角刺10g,不孕症名医验案解析,不孕症名医验案解析_病例1,现代临床
棱术通管汤加减,方剂组成药材,炮穿山甲5g,不孕症名医验案解析,不孕症名医验案解析_病例1,现代临床
棱术通管汤加减,方剂组成药材,丹参15g,不孕症名医验案解析,不孕症名医验案解析_病例1,现代临床
棱术通管汤加减,方剂组成药材,甘草2g,不孕症名医验案解析,不孕症名医验案解析_病例1,现代临床
免疫性不孕,归属于经典,中医典籍,不孕症名医验案解析,不孕症名医验案解析_病例1,现代临床
免疫性不孕,证候导致舌象,舌边尖嫩红,不孕症名医验案解析,不孕症名医验案解析_病例1,现代临床
免疫性不孕,证候导致舌象,苔黄腻,不孕症名医验案解析,不孕症名医验案解析_病例1,现代临床
免疫性不孕,证候导致脉象,脉细,不孕症名医验案解析,不孕症名医验案解析_病例1,现代临床
免疫性不孕,证候采用方剂,调肝补肾方,不孕症名医验案解析,不孕症名医验案解析_病例1,现代临床
调肝补肾方,方剂组成药材,柴胡10g,不孕症名医验案解析,不孕症名医验案解析_病例1,现代临床
调肝补肾方,方剂组成药材,当归10g,不孕症名医验案解析,不孕症名医验案解析_病例1,现代临床
调肝补肾方,方剂组成药材,白芍10g,不孕症名医验案解析,不孕症名医验案解析_病例1,现代临床
调肝补肾方,方剂组成药材,菟丝子30g,不孕症名医验案解析,不孕症名医验案解析_病例1,现代临床
调肝补肾方,方剂组成药材,山药15g,不孕症名医验案解析,不孕症名医验案解析_病例1,现代临床
调肝补肾方,方剂组成药材,枸杞子20g,不孕症名医验案解析,不孕症名医验案解析_病例1,现代临床
调肝补肾方,方剂组成药材,何首乌20g,不孕症名医验案解析,不孕症名医验案解析_病例1,现代临床
调肝补肾方,方剂组成药材,丹参30g,不孕症名医验案解析,不孕症名医验案解析_病例1,现代临床
调肝补肾方,方剂组成药材,巴戟天10g,不孕症名医验案解析,不孕症名医验案解析_病例1,现代临床
调肝补肾方,方剂组成药材,制香附10g,不孕症名医验案解析,不孕症名医验案解析_病例1,现代临床
调肝补肾方,方剂组成药材,益母草15g,不孕症名医验案解析,不孕症名医验案解析_病例1,现代临床
免疫性不孕,理论指导实践,现代医学的免疫学观点与中医学的邪正相争发病学说有密切关系,不孕症名医验案解析,不孕症名医验案解析_病例1,现代临床
免疫性不孕,名医经验总结,吴忠廉,不孕症名医验案解析,不孕症名医验案解析_病例1,现代临床
继发性不孕症,疾病导致舌象,舌边尖嫩红，苔黄腻,不孕症名医验案解析,不孕症名医验案解析_病例1,现代临床
继发性不孕症,疾病导致脉象,脉细,不孕症名医验案解析,不孕症名医验案解析_病例1,现代临床
继发性不孕症,症状伴随症状,腰酸偏左,不孕症名医验案解析,不孕症名医验案解析_病例1,现代临床
继发性不孕症,症状伴随症状,左少腹酸胀,不孕症名医验案解析,不孕症名医验案解析_病例1,现代临床
继发性不孕症,症状伴随症状,经前乳胀,不孕症名医验案解析,不孕症名医验案解析_病例1,现代临床
继发性不孕症,症状伴随症状,烦躁,不孕症名医验案解析,不孕症名医验案解析_病例1,现代临床
继发性不孕症,证候导致舌象,舌质偏红，苔薄,不孕症名医验案解析,不孕症名医验案解析_病例1,现代临床
继发性不孕症,证候导致脉象,脉略细,不孕症名医验案解析,不孕症名医验案解析_病例1,现代临床
继发性不孕症,症状伴随症状,左少腹有时刺痛,不孕症名医验案解析,不孕症名医验案解析_病例1,现代临床
继发性不孕症,症状伴随症状,腰酸偏左,不孕症名医验案解析,不孕症名医验案解析_病例1,现代临床
继发性不孕症,证候辨证,肝肾不足,不孕症名医验案解析,不孕症名医验案解析_病例1,现代临床
继发性不孕症,证候采用方剂,"生黄芪12g,炒当归10g,生地黄10g,炒怀牛膝10g,川芎10g,白芍10g,炒杜仲10g,川续断10g,制香附10g,败酱草20g,青皮、陈皮各5g",不孕症名医验案解析,不孕症名医验案解析_病例1,现代临床
继发性不孕症,证候采用方剂,"云茯苓12g,生地黄、熟地黄各9g,炒杜仲12g,川续断12g,仙茅10g,淫羊藿12g,龟甲9g,鹿角霜9g,巴戟天9g",不孕症名医验案解析,不孕症名医验案解析_病例1,现代临床
继发性不孕症,证候采用方剂,"生黄芪20g,云茯苓12g,生地黄10g,贯众10g,黑大豆10g,炒怀牛膝10g,路路通10g,山甲片10g,麦冬12g,降香片3g,淫羊藿12g,肉苁蓉10g",不孕症名医验案解析,不孕症名医验案解析_病例1,现代临床
原发性不孕,疾病导致舌象,舌暗红，苔黄,不孕症名医验案解析,不孕症名医验案解析_病例1,现代临床
原发性不孕,疾病导致脉象,脉弦软数,不孕症名医验案解析,不孕症名医验案解析_病例1,现代临床
原发性不孕,症状伴随症状,乳胀,不孕症名医验案解析,不孕症名医验案解析_病例1,现代临床
原发性不孕,症状伴随症状,小腹胀气,不孕症名医验案解析,不孕症名医验案解析_病例1,现代临床
原发性不孕,症状伴随症状,腰痛,不孕症名医验案解析,不孕症名医验案解析_病例1,现代临床
原发性不孕,证候辨证,免疫性不孕,不孕症名医验案解析,不孕症名医验案解析_病例1,现代临床
原发性不孕,证候采用方剂,"调经I号加味：柴胡9g,当归9g,白芍9g,益母草15g,香附12g,郁金9g,川芎9g,甘草3g,乌药9g,牛膝9g",不孕症名医验案解析,不孕症名医验案解析_病例1,现代临床
原发性不孕,证候采用方剂,益母生化汤合四物汤,不孕症名医验案解析,不孕症名医验案解析_病例1,现代临床
原发性不孕,证候采用方剂,益五合方加味,不孕症名医验案解析,不孕症名医验案解析_病例1,现代临床
原发性不孕,证候采用方剂,柴枳败酱汤加味,不孕症名医验案解析,不孕症名医验案解析_病例1,现代临床
免疫性不孕,疾病导致舌象,舌淡苔薄白,不孕症名医验案解析,不孕症名医验案解析_病例1,现代临床
免疫性不孕,疾病导致脉象,脉浮缓,不孕症名医验案解析,不孕症名医验案解析_病例1,现代临床
免疫性不孕,症状伴随症状,疲倦畏寒,不孕症名医验案解析,不孕症名医验案解析_病例1,现代临床
免疫性不孕,症状伴随症状,腰酸,不孕症名医验案解析,不孕症名医验案解析_病例1,现代临床
免疫性不孕,症状伴随症状,夫妻生活少,不孕症名医验案解析,不孕症名医验案解析_病例1,现代临床
免疫性不孕,证候辨证,脾肾阳虚，宫寒不孕,不孕症名医验案解析,不孕症名医验案解析_病例1,现代临床
免疫性不孕,证候采用方剂,玉屏风加二仙散（减知母、黄檗）加五子衍宗丸,不孕症名医验案解析,不孕症名医验案解析_病例1,现代临床
免疫性不孕症,疾病表现症状,疲倦,不孕症名医验案解析,不孕症名医验案解析_病例1,现代临床
免疫性不孕症,疾病表现症状,畏寒,不孕症名医验案解析,不孕症名医验案解析_病例1,现代临床
免疫性不孕症,疾病表现症状,腰酸,不孕症名医验案解析,不孕症名医验案解析_病例1,现代临床
免疫性不孕症,疾病导致舌象,舌质暗红,不孕症名医验案解析,不孕症名医验案解析_病例1,现代临床
免疫性不孕症,疾病导致舌象,苔薄微黄腻,不孕症名医验案解析,不孕症名医验案解析_病例1,现代临床
免疫性不孕症,疾病导致脉象,脉象细弦,不孕症名医验案解析,不孕症名医验案解析_病例1,现代临床
脾肾阳虚型免疫性不孕症,证候导致舌象,经血淡红,不孕症名医验案解析,不孕症名医验案解析_病例1,现代临床
阴虚火旺型免疫性不孕症,证候导致舌象,经血多而暗红有块,不孕症名医验案解析,不孕症名医验案解析_病例1,现代临床
阴虚火旺型免疫性不孕症,证候导致症状,身热烦躁,不孕症名医验案解析,不孕症名医验案解析_病例1,现代临床
免疫性不孕症,证候采用方剂,滋阴抑抗汤加减,不孕症名医验案解析,不孕症名医验案解析_病例1,现代临床
滋阴抑抗汤加减,方剂组成药材,炒当归,不孕症名医验案解析,不孕症名医验案解析_病例1,现代临床
滋阴抑抗汤加减,方剂组成药材,赤芍,不孕症名医验案解析,不孕症名医验案解析_病例1,现代临床
滋阴抑抗汤加减,方剂组成药材,白芍,不孕症名医验案解析,不孕症名医验案解析_病例1,现代临床
滋阴抑抗汤加减,方剂组成药材,山药,不孕症名医验案解析,不孕症名医验案解析_病例1,现代临床
滋阴抑抗汤加减,方剂组成药材,牡丹皮,不孕症名医验案解析,不孕症名医验案解析_病例1,现代临床
滋阴抑抗汤加减,方剂组成药材,熟地黄,不孕症名医验案解析,不孕症名医验案解析_病例1,现代临床
滋阴抑抗汤加减,方剂组成药材,川续断,不孕症名医验案解析,不孕症名医验案解析_病例1,现代临床
滋阴抑抗汤加减,方剂组成药材,山茱萸,不孕症名医验案解析,不孕症名医验案解析_病例1,现代临床
滋阴抑抗汤加减,方剂组成药材,茯苓,不孕症名医验案解析,不孕症名医验案解析_病例1,现代临床
滋阴抑抗汤加减,方剂组成药材,苎麻根,不孕症名医验案解析,不孕症名医验案解析_病例1,现代临床
滋阴抑抗汤加减,方剂组成药材,生甘草,不孕症名医验案解析,不孕症名医验案解析_病例1,现代临床
滋阴抑抗汤加减,方剂组成药材,蒲黄,不孕症名医验案解析,不孕症名医验案解析_病例1,现代临床
滋阴抑抗汤加减,方剂组成药材,炒柴胡,不孕症名医验案解析,不孕症名医验案解析_病例1,现代临床
蒲黄,药材具有功效,活血化瘀,不孕症名医验案解析,不孕症名医验案解析_病例1,现代临床
免疫性不孕症,证候辨证,辨证阴虚火旺，夹有湿热和血瘀,不孕症名医验案解析,不孕症名医验案解析_病例1,现代临床
免疫性不孕症,症状辨证证候,烦热口干,不孕症名医验案解析,不孕症名医验案解析_病例1,现代临床
免疫性不孕症,症状辨证证候,带下偏少,不孕症名医验案解析,不孕症名医验案解析_病例1,现代临床
免疫性不孕症,症状辨证证候,腰脊酸楚,不孕症名医验案解析,不孕症名医验案解析_病例1,现代临床
免疫性不孕症,症状辨证证候,小便偏黄,不孕症名医验案解析,不孕症名医验案解析_病例1,现代临床
免疫性不孕症,症状辨证证候,大便偏干,不孕症名医验案解析,不孕症名医验案解析_病例1,现代临床
免疫性不孕症,证候导致脉象,脉细弦,不孕症名医验案解析,不孕症名医验案解析_病例1,现代临床
免疫性不孕症,证候采用方剂,补肾促排卵汤,不孕症名医验案解析,不孕症名医验案解析_病例1,现代临床
免疫性不孕症,证候采用方剂,促孕基本方加减,不孕症名医验案解析,不孕症名医验案解析_病例1,现代临床
促孕基本方加减,方剂组成药材,广木香,不孕症名医验案解析,不孕症名医验案解析_病例1,现代临床
促孕基本方加减,方剂组成药材,当归,不孕症名医验案解析,不孕症名医验案解析_病例1,现代临床
促孕基本方加减,方剂组成药材,益母草,不孕症名医验案解析,不孕症名医验案解析_病例1,现代临床
促孕基本方加减,方剂组成药材,赤芍,不孕症名医验案解析,不孕症名医验案解析_病例1,现代临床
促孕基本方加减,方剂组成药材,川芎,不孕症名医验案解析,不孕症名医验案解析_病例1,现代临床
促孕基本方加减,方剂组成药材,菟丝子,不孕症名医验案解析,不孕症名医验案解析_病例1,现代临床
促孕基本方加减,方剂组成药材,五味子,不孕症名医验案解析,不孕症名医验案解析_病例1,现代临床
促孕基本方加减,方剂组成药材,覆盆子,不孕症名医验案解析,不孕症名医验案解析_病例1,现代临床
促孕基本方加减,方剂组成药材,车前子,不孕症名医验案解析,不孕症名医验案解析_病例1,现代临床
促孕基本方加减,方剂组成药材,枸杞子,不孕症名医验案解析,不孕症名医验案解析_病例1,现代临床
促孕基本方加减,方剂组成药材,蛇床子,不孕症名医验案解析,不孕症名医验案解析_病例1,现代临床
促孕基本方加减,方剂组成药材,韭菜子,不孕症名医验案解析,不孕症名医验案解析_病例1,现代临床
促孕基本方加减,方剂组成药材,女贞子,不孕症名医验案解析,不孕症名医验案解析_病例1,现代临床
促孕基本方加减,方剂组成药材,川续断,不孕症名医验案解析,不孕症名医验案解析_病例1,现代临床
促孕基本方加减,方剂组成药材,紫河车,不孕症名医验案解析,不孕症名医验案解析_病例1,现代临床
促孕基本方加减,方剂组成药材,肉苁蓉,不孕症名医验案解析,不孕症名医验案解析_病例1,现代临床
促孕基本方加减,方剂组成药材,怀牛膝,不孕症名医验案解析,不孕症名医验案解析_病例1,现代临床
促孕基本方加减,方剂组成药材,夏枯草,不孕症名医验案解析,不孕症名医验案解析_病例1,现代临床
免疫性不孕症,证候导致舌象,舌尖红,不孕症名医验案解析,不孕症名医验案解析_病例1,现代临床
免疫性不孕症,证候导致舌象,苔薄白,不孕症名医验案解析,不孕症名医验案解析_病例1,现代临床
免疫性不孕症,证候导致脉象,脉细滑,不孕症名医验案解析,不孕症名医验案解析_病例1,现代临床
免疫性不孕症,症状伴随症状,月经量少,不孕症名医验案解析,不孕症名医验案解析_病例1,现代临床
免疫性不孕症,症状伴随症状,色黑,不孕症名医验案解析,不孕症名医验案解析_病例1,现代临床
免疫性不孕症,症状伴随症状,头晕耳鸣,不孕症名医验案解析,不孕症名医验案解析_病例1,现代临床
免疫性不孕症,症状伴随症状,腰酸膝软,不孕症名医验案解析,不孕症名医验案解析_病例1,现代临床
免疫性不孕症,症状伴随症状,大便干燥,不孕症名医验案解析,不孕症名医验案解析_病例1,现代临床
免疫性不孕症,证候辨证,肝肾两虚，冲任失调,不孕症名医验案解析,不孕症名医验案解析_病例1,现代临床
免疫性不孕症,证候采用方剂,调经种子汤加减,不孕症名医验案解析,不孕症名医验案解析_病例1,现代临床
调经种子汤加减,方剂组成药材,当归,不孕症名医验案解析,不孕症名医验案解析_病例1,现代临床
调经种子汤加减,方剂组成药材,熟地黄,不孕症名医验案解析,不孕症名医验案解析_病例1,现代临床
调经种子汤加减,方剂组成药材,白芍,不孕症名医验案解析,不孕症名医验案解析_病例1,现代临床
调经种子汤加减,方剂组成药材,川芎,不孕症名医验案解析,不孕症名医验案解析_病例1,现代临床
调经种子汤加减,方剂组成药材,牡丹皮,不孕症名医验案解析,不孕症名医验案解析_病例1,现代临床
调经种子汤加减,方剂组成药材,丹参,不孕症名医验案解析,不孕症名医验案解析_病例1,现代临床
调经种子汤加减,方剂组成药材,红花,不孕症名医验案解析,不孕症名医验案解析_病例1,现代临床
调经种子汤加减,方剂组成药材,芜蔚子,不孕症名医验案解析,不孕症名医验案解析_病例1,现代临床
调经种子汤加减,方剂组成药材,制香附,不孕症名医验案解析,不孕症名医验案解析_病例1,现代临床
调经种子汤加减,方剂组成药材,川续断,不孕症名医验案解析,不孕症名医验案解析_病例1,现代临床
调经种子汤加减,方剂组成药材,淮牛膝,不孕症名医验案解析,不孕症名医验案解析_病例1,现代临床
调经种子汤加减,方剂组成药材,白术,不孕症名医验案解析,不孕症名医验案解析_病例1,现代临床
调经种子汤加减,方剂组成药材,茯苓,不孕症名医验案解析,不孕症名医验案解析_病例1,现代临床
调经种子汤加减,方剂组成药材,樱白皮,不孕症名医验案解析,不孕症名医验案解析_病例1,现代临床
免疫性不孕症,症状伴随症状,右下腹常隐痛不休,不孕症名医验案解析,不孕症名医验案解析_病例1,现代临床
免疫性不孕症,症状伴随症状,腰骶痛,不孕症名医验案解析,不孕症名医验案解析_病例1,现代临床
免疫性不孕症,症状伴随症状,带下频,不孕症名医验案解析,不孕症名医验案解析_病例1,现代临床
免疫性不孕症,症状伴随症状,色黄,不孕症名医验案解析,不孕症名医验案解析_病例1,现代临床
免疫性不孕症,症状伴随症状,质稠,不孕症名医验案解析,不孕症名医验案解析_病例1,现代临床
免疫性不孕症,证候辨证,痰瘀互结,不孕症名医验案解析,不孕症名医验案解析_病例1,现代临床
免疫性不孕症,证候导致舌象,舌质暗红,不孕症名医验案解析,不孕症名医验案解析_病例1,现代临床
免疫性不孕症,证候导致舌象,苔薄黄腻,不孕症名医验案解析,不孕症名医验案解析_病例1,现代临床
免疫性不孕症,证候导致脉象,脉滑,不孕症名医验案解析,不孕症名医验案解析_病例1,现代临床
免疫性不孕症,疾病表现症状,右下腹常隐痛不休,不孕症名医验案解析,不孕症名医验案解析_病例1,现代临床
免疫性不孕症,疾病表现症状,腰骶痛,不孕症名医验案解析,不孕症名医验案解析_病例1,现代临床
免疫性不孕症,疾病表现症状,经前尤显,不孕症名医验案解析,不孕症名医验案解析_病例1,现代临床
免疫性不孕症,疾病表现症状,带下频,不孕症名医验案解析,不孕症名医验案解析_病例1,现代临床
免疫性不孕症,疾病表现症状,色黄,不孕症名医验案解析,不孕症名医验案解析_病例1,现代临床
免疫性不孕症,疾病表现症状,质稠,不孕症名医验案解析,不孕症名医验案解析_病例1,现代临床
免疫性不孕症,疾病导致舌象,舌质暗红,不孕症名医验案解析,不孕症名医验案解析_病例1,现代临床
免疫性不孕症,疾病导致舌象,苔薄黄腻,不孕症名医验案解析,不孕症名医验案解析_病例1,现代临床
免疫性不孕症,疾病导致脉象,脉滑,不孕症名医验案解析,不孕症名医验案解析_病例1,现代临床
免疫性不孕症,证候导致舌象,舌质暗红,不孕症名医验案解析,不孕症名医验案解析_病例1,现代临床
免疫性不孕症,证候导致舌象,苔薄黄腻,不孕症名医验案解析,不孕症名医验案解析_病例1,现代临床
免疫性不孕症,证候导致脉象,脉滑,不孕症名医验案解析,不孕症名医验案解析_病例1,现代临床
免疫性不孕症,证候辨证证候,痰瘀互结,不孕症名医验案解析,不孕症名医验案解析_病例1,现代临床
免疫性不孕症,证候采用方剂,调经种子汤加减,不孕症名医验案解析,不孕症名医验案解析_病例1,现代临床
调经种子汤加减,方剂组成药材,当归,不孕症名医验案解析,不孕症名医验案解析_病例1,现代临床
调经种子汤加减,方剂组成药材,熟地黄,不孕症名医验案解析,不孕症名医验案解析_病例1,现代临床
调经种子汤加减,方剂组成药材,白芍,不孕症名医验案解析,不孕症名医验案解析_病例1,现代临床
调经种子汤加减,方剂组成药材,川芎,不孕症名医验案解析,不孕症名医验案解析_病例1,现代临床
调经种子汤加减,方剂组成药材,牡丹皮,不孕症名医验案解析,不孕症名医验案解析_病例1,现代临床
调经种子汤加减,方剂组成药材,丹参,不孕症名医验案解析,不孕症名医验案解析_病例1,现代临床
调经种子汤加减,方剂组成药材,红花,不孕症名医验案解析,不孕症名医验案解析_病例1,现代临床
调经种子汤加减,方剂组成药材,芜蔚子,不孕症名医验案解析,不孕症名医验案解析_病例1,现代临床
调经种子汤加减,方剂组成药材,制香附,不孕症名医验案解析,不孕症名医验案解析_病例1,现代临床
调经种子汤加减,方剂组成药材,川续断,不孕症名医验案解析,不孕症名医验案解析_病例1,现代临床
调经种子汤加减,方剂组成药材,淮牛膝,不孕症名医验案解析,不孕症名医验案解析_病例1,现代临床
调经种子汤加减,方剂组成药材,白术,不孕症名医验案解析,不孕症名医验案解析_病例1,现代临床
调经种子汤加减,方剂组成药材,茯苓,不孕症名医验案解析,不孕症名医验案解析_病例1,现代临床
调经种子汤加减,方剂组成药材,樱白皮,不孕症名医验案解析,不孕症名医验案解析_病例1,现代临床
当归,药材具有功效,活血化瘀,不孕症名医验案解析,不孕症名医验案解析_病例1,现代临床
熟地黄,药材具有功效,滋阴补血,不孕症名医验案解析,不孕症名医验案解析_病例1,现代临床
白芍,药材具有功效,养血柔肝,不孕症名医验案解析,不孕症名医验案解析_病例1,现代临床
川芎,药材具有功效,活血行气,不孕症名医验案解析,不孕症名医验案解析_病例1,现代临床
牡丹皮,药材具有功效,清热凉血,不孕症名医验案解析,不孕症名医验案解析_病例1,现代临床
丹参,药材具有功效,活血化瘀,不孕症名医验案解析,不孕症名医验案解析_病例1,现代临床
红花,药材具有功效,活血通经,不孕症名医验案解析,不孕症名医验案解析_病例1,现代临床
芜蔚子,药材具有功效,行气活血,不孕症名医验案解析,不孕症名医验案解析_病例1,现代临床
制香附,药材具有功效,疏肝理气,不孕症名医验案解析,不孕症名医验案解析_病例1,现代临床
川续断,药材具有功效,补肝肾强筋骨,不孕症名医验案解析,不孕症名医验案解析_病例1,现代临床
淮牛膝,药材具有功效,活血化瘀引血下行,不孕症名医验案解析,不孕症名医验案解析_病例1,现代临床
白术,药材具有功效,健脾除湿,不孕症名医验案解析,不孕症名医验案解析_病例1,现代临床
茯苓,药材具有功效,健脾利湿,不孕症名医验案解析,不孕症名医验案解析_病例1,现代临床
樱白皮,药材具有功效,清热燥湿,不孕症名医验案解析,不孕症名医验案解析_病例1,现代临床
免疫性不孕,疾病导致舌象,舌质红苔黄腻,不孕症名医验案解析,不孕症名医验案解析_病例1,现代临床
免疫性不孕,疾病导致脉象,脉滑,不孕症名医验案解析,不孕症名医验案解析_病例1,现代临床
免疫性不孕,症状伴随症状,小腹隐痛,不孕症名医验案解析,不孕症名医验案解析_病例1,现代临床
免疫性不孕,症状伴随症状,带下量多,不孕症名医验案解析,不孕症名医验案解析_病例1,现代临床
免疫性不孕,症状伴随症状,倦怠乏力,不孕症名医验案解析,不孕症名医验案解析_病例1,现代临床
免疫性不孕,症状伴随症状,口干,不孕症名医验案解析,不孕症名医验案解析_病例1,现代临床
免疫性不孕,证候导致舌象,舌质红苔黄腻,不孕症名医验案解析,不孕症名医验案解析_病例1,现代临床
免疫性不孕,证候导致脉象,脉滑,不孕症名医验案解析,不孕症名医验案解析_病例1,现代临床
免疫性不孕,证候辨证证候,湿热下注，肾虚精亏,不孕症名医验案解析,不孕症名医验案解析_病例1,现代临床
免疫性不孕,证候采用方剂,消抗汤加减,不孕症名医验案解析,不孕症名医验案解析_病例1,现代临床
消抗汤加减,方剂组成药材,鸡血藤,不孕症名医验案解析,不孕症名医验案解析_病例1,现代临床
消抗汤加减,方剂组成药材,忍冬藤,不孕症名医验案解析,不孕症名医验案解析_病例1,现代临床
消抗汤加减,方剂组成药材,淫羊藿,不孕症名医验案解析,不孕症名医验案解析_病例1,现代临床
消抗汤加减,方剂组成药材,牡丹皮,不孕症名医验案解析,不孕症名医验案解析_病例1,现代临床
消抗汤加减,方剂组成药材,丹参,不孕症名医验案解析,不孕症名医验案解析_病例1,现代临床
消抗汤加减,方剂组成药材,薏苡仁,不孕症名医验案解析,不孕症名医验案解析_病例1,现代临床
消抗汤加减,方剂组成药材,甘草,不孕症名医验案解析,不孕症名医验案解析_病例1,现代临床
消抗汤加减,方剂组成药材,赤芍,不孕症名医验案解析,不孕症名医验案解析_病例1,现代临床
消抗汤加减,方剂组成药材,当归,不孕症名医验案解析,不孕症名医验案解析_病例1,现代临床
消抗汤加减,方剂组成药材,莪术,不孕症名医验案解析,不孕症名医验案解析_病例1,现代临床
消抗汤加减,方剂组成药材,生大黄,不孕症名医验案解析,不孕症名医验案解析_病例1,现代临床
鸡血藤,药材具有功效,清热利湿,不孕症名医验案解析,不孕症名医验案解析_病例1,现代临床
赤芍,药材具有功效,活血调经化瘀,不孕症名医验案解析,不孕症名医验案解析_病例1,现代临床
生大黄,药材具有功效,疏通肠道、推陈致新、泻热解毒,不孕症名医验案解析,不孕症名医验案解析_病例1,现代临床
淫羊藿,药材具有功效,益肾温阳,不孕症名医验案解析,不孕症名医验案解析_病例1,现代临床
枳壳,药材具有功效,行气除痰,不孕症名医验案解析,不孕症名医验案解析_病例1,现代临床
原发性不孕症,疾病导致舌象,舌质红苔黄腻,不孕症名医验案解析,不孕症名医验案解析_病例1,现代临床
原发性不孕症,疾病导致脉象,脉滑数,不孕症名医验案解析,不孕症名医验案解析_病例1,现代临床
原发性不孕症,症状伴随症状,经量中等,不孕症名医验案解析,不孕症名医验案解析_病例1,现代临床
原发性不孕症,症状伴随症状,色暗红,不孕症名医验案解析,不孕症名医验案解析_病例1,现代临床
原发性不孕症,症状伴随症状,有块,不孕症名医验案解析,不孕症名医验案解析_病例1,现代临床
原发性不孕症,症状伴随症状,偶有痛经,不孕症名医验案解析,不孕症名医验案解析_病例1,现代临床
原发性不孕症,证候辨证证候,湿热瘀阻,不孕症名医验案解析,不孕症名医验案解析_病例1,现代临床
原发性不孕症,证候采用方剂,穿心莲方,不孕症名医验案解析,不孕症名医验案解析_病例1,现代临床
穿心莲方,方剂组成药材,穿心莲,不孕症名医验案解析,不孕症名医验案解析_病例1,现代临床
穿心莲方,方剂组成药材,山药,不孕症名医验案解析,不孕症名医验案解析_病例1,现代临床
穿心莲方,方剂组成药材,黄檗,不孕症名医验案解析,不孕症名医验案解析_病例1,现代临床
穿心莲方,方剂组成药材,苍术,不孕症名医验案解析,不孕症名医验案解析_病例1,现代临床
穿心莲方,方剂组成药材,薏苡仁,不孕症名医验案解析,不孕症名医验案解析_病例1,现代临床
穿心莲方,方剂组成药材,赤芍,不孕症名医验案解析,不孕症名医验案解析_病例1,现代临床
穿心莲方,方剂组成药材,丹参,不孕症名医验案解析,不孕症名医验案解析_病例1,现代临床
穿心莲方,方剂组成药材,桃仁,不孕症名医验案解析,不孕症名医验案解析_病例1,现代临床
穿心莲方,方剂组成药材,三七末,不孕症名医验案解析,不孕症名医验案解析_病例1,现代临床
穿心莲方,方剂组成药材,茯苓,不孕症名医验案解析,不孕症名医验案解析_病例1,现代临床
穿心莲方,方剂组成药材,甘草,不孕症名医验案解析,不孕症名医验案解析_病例1,现代临床
排卵障碍性不孕症,归属于经典,无子全不产或断续,不孕症名医验案解析,不孕症名医验案解析_病例1,现代临床
排卵障碍性不孕症,证候辨证证候,肾阳虚为主，兼卵巢黄体功能不足,不孕症名医验案解析,不孕症名医验案解析_病例1,现代临床
排卵障碍性不孕症,证候采用方剂,补肾温阳方,不孕症名医验案解析,不孕症名医验案解析_病例1,现代临床
补肾温阳方,方剂组成药材,皂角刺,不孕症名医验案解析,不孕症名医验案解析_病例1,现代临床
补肾温阳方,方剂组成药材,浙贝母,不孕症名医验案解析,不孕症名医验案解析_病例1,现代临床
补肾温阳方,方剂组成药材,陈皮,不孕症名医验案解析,不孕症名医验案解析_病例1,现代临床
补肾温阳方,方剂组成药材,法半夏,不孕症名医验案解析,不孕症名医验案解析_病例1,现代临床
补肾温阳方,方剂组成药材,茯苓,不孕症名医验案解析,不孕症名医验案解析_病例1,现代临床
补肾温阳方,方剂组成药材,枳壳,不孕症名医验案解析,不孕症名医验案解析_病例1,现代临床
补肾温阳方,方剂组成药材,紫河车,不孕症名医验案解析,不孕症名医验案解析_病例1,现代临床
补肾温阳方,方剂组成药材,熟地黄,不孕症名医验案解析,不孕症名医验案解析_病例1,现代临床
补肾温阳方,方剂组成药材,菟丝子,不孕症名医验案解析,不孕症名医验案解析_病例1,现代临床
补肾温阳方,方剂组成药材,益母草,不孕症名医验案解析,不孕症名医验案解析_病例1,现代临床
补肾温阳方,方剂组成药材,甘草,不孕症名医验案解析,不孕症名医验案解析_病例1,现代临床
原发性不孕,疾病导致舌象,舌质淡黯,不孕症名医验案解析,不孕症名医验案解析_病例1,现代临床
原发性不孕,疾病导致舌象,苔薄白,不孕症名医验案解析,不孕症名医验案解析_病例1,现代临床
原发性不孕,疾病导致脉象,脉滑,不孕症名医验案解析,不孕症名医验案解析_病例1,现代临床
原发性不孕,证候导致舌象,舌质淡黯,不孕症名医验案解析,不孕症名医验案解析_病例1,现代临床
原发性不孕,证候导致舌象,苔薄白,不孕症名医验案解析,不孕症名医验案解析_病例1,现代临床
原发性不孕,证候导致脉象,脉滑,不孕症名医验案解析,不孕症名医验案解析_病例1,现代临床
原发性不孕,证候采用方剂,补肾温阳法,不孕症名医验案解析,不孕症名医验案解析_病例1,现代临床
补肾温阳法,方剂组成药材,淫羊藿,不孕症名医验案解析,不孕症名医验案解析_病例1,现代临床
补肾温阳法,方剂组成药材,熟地黄,不孕症名医验案解析,不孕症名医验案解析_病例1,现代临床
补肾温阳法,方剂组成药材,菟丝子,不孕症名医验案解析,不孕症名医验案解析_病例1,现代临床
补肾温阳法,方剂组成药材,山药,不孕症名医验案解析,不孕症名医验案解析_病例1,现代临床
补肾温阳法,方剂组成药材,仙茅,不孕症名医验案解析,不孕症名医验案解析_病例1,现代临床
补肾温阳法,方剂组成药材,知母,不孕症名医验案解析,不孕症名医验案解析_病例1,现代临床
补肾温阳法,方剂组成药材,甘草,不孕症名医验案解析,不孕症名医验案解析_病例1,现代临床
补肾温阳法,方剂组成药材,泽兰,不孕症名医验案解析,不孕症名医验案解析_病例1,现代临床
补肾温阳法,方剂组成药材,枳壳,不孕症名医验案解析,不孕症名医验案解析_病例1,现代临床
补肾温阳法,方剂组成药材,紫河车,不孕症名医验案解析,不孕症名医验案解析_病例1,现代临床
补肾温阳法,方剂组成药材,当归,不孕症名医验案解析,不孕症名医验案解析_病例1,现代临床
淫羊藿,药材具有功效,补肾温阳,不孕症名医验案解析,不孕症名医验案解析_病例1,现代临床
熟地黄,药材具有功效,补肾温阳,不孕症名医验案解析,不孕症名医验案解析_病例1,现代临床
菟丝子,药材具有功效,补肾温阳,不孕症名医验案解析,不孕症名医验案解析_病例1,现代临床
山药,药材具有功效,补肾温阳,不孕症名医验案解析,不孕症名医验案解析_病例1,现代临床
仙茅,药材具有功效,补肾温阳,不孕症名医验案解析,不孕症名医验案解析_病例1,现代临床
知母,药材具有功效,补肾温阳,不孕症名医验案解析,不孕症名医验案解析_病例1,现代临床
原发性不孕,症状伴随症状,月经稀发,不孕症名医验案解析,不孕症名医验案解析_病例1,现代临床
原发性不孕,症状伴随症状,腰酸膝软,不孕症名医验案解析,不孕症名医验案解析_病例1,现代临床
原发性不孕,症状伴随症状,白带稍多,不孕症名医验案解析,不孕症名医验案解析_病例1,现代临床
原发性不孕,症状伴随症状,夜间小便多,不孕症名医验案解析,不孕症名医验案解析_病例1,现代临床
原发性不孕,症状伴随症状,头晕目眩,不孕症名医验案解析,不孕症名医验案解析_病例1,现代临床
原发性不孕,症状伴随症状,少腹隐隐作痛,不孕症名医验案解析,不孕症名医验案解析_病例1,现代临床
原发性不孕,症状伴随症状,乳房胀,不孕症名医验案解析,不孕症名医验案解析_病例1,现代临床
原发性不孕,症状伴随症状,耳鸣,不孕症名医验案解析,不孕症名医验案解析_病例1,现代临床
原发性不孕,症状伴随症状,口干微苦,不孕症名医验案解析,不孕症名医验案解析_病例1,现代临床
原发性不孕,症状伴随症状,乳胀,不孕症名医验案解析,不孕症名医验案解析_病例1,现代临床
原发性不孕,症状伴随症状,腰酸,不孕症名医验案解析,不孕症名医验案解析_病例1,现代临床
原发性不孕,症状伴随症状,小腹疼痛,不孕症名医验案解析,不孕症名医验案解析_病例1,现代临床
原发性不孕,症状伴随症状,尿妊娠试验示阳性,不孕症名医验案解析,不孕症名医验案解析_病例1,现代临床
原发性不孕,症状辨证证候,肾阳虚衰,不孕症名医验案解析,不孕症名医验案解析_病例1,现代临床
原发性不孕,症状辨证证候,痰湿,不孕症名医验案解析,不孕症名医验案解析_病例1,现代临床
原发性不孕,综合辨证证候,肾阳虚衰兼痰湿,不孕症名医验案解析,不孕症名医验案解析_病例1,现代临床
补肾温阳法,归属于经典,"欧阳惠卿.采用补肾温阳法治疗不孕症18例.河南中医，2005, 25(7):17.",不孕症名医验案解析,不孕症名医验案解析_病例1,现代临床
补肾温阳法,理论指导实践,欧阳教授在临床诊疗上不拘泥于古法，以中医治疗为主，充分发挥中医调经助孕的优势，利用中药促排卵，同时借助现代医学技术基础体温测定、宫颈黏液检查、B超检查监测排卵等，以明确诊断,不孕症名医验案解析,不孕症名医验案解析_病例1,现代临床
补肾温阳法,名医经验总结,欧阳惠卿,不孕症名医验案解析,不孕症名医验案解析_病例1,现代临床
不孕症,疾病表现症状,婚后4年未孕,不孕症名医验案解析,不孕症名医验案解析_病例1,现代临床
不孕症,疾病表现症状,月经后期,不孕症名医验案解析,不孕症名医验案解析_病例1,现代临床
不孕症,疾病表现症状,量少色淡,不孕症名医验案解析,不孕症名医验案解析_病例1,现代临床
不孕症,疾病表现症状,间或有块,不孕症名医验案解析,不孕症名医验案解析_病例1,现代临床
不孕症,疾病表现症状,经前两乳作胀,不孕症名医验案解析,不孕症名医验案解析_病例1,现代临床
不孕症,疾病表现症状,腰酸小腹冷痛,不孕症名医验案解析,不孕症名医验案解析_病例1,现代临床
不孕症,疾病表现症状,食少便稀,不孕症名医验案解析,不孕症名医验案解析_病例1,现代临床
不孕症,疾病表现症状,小溲清长,不孕症名医验案解析,不孕症名医验案解析_病例1,现代临床
不孕症,疾病表现症状,四末不温,不孕症名医验案解析,不孕症名医验案解析_病例1,现代临床
不孕症,疾病表现症状,下体畏寒,不孕症名医验案解析,不孕症名医验案解析_病例1,现代临床
不孕症,疾病表现症状,体倦乏力,不孕症名医验案解析,不孕症名医验案解析_病例1,现代临床
不孕症,疾病表现症状,白带量多,不孕症名医验案解析,不孕症名医验案解析_病例1,现代临床
不孕症,疾病表现症状,质稀,不孕症名医验案解析,不孕症名医验案解析_病例1,现代临床
不孕症,疾病表现症状,小腹阵痛,不孕症名医验案解析,不孕症名医验案解析_病例1,现代临床
不孕症,疾病表现症状,关节疼痛,不孕症名医验案解析,不孕症名医验案解析_病例1,现代临床
无排卵性月经,疾病导致舌象,舌淡红,不孕症名医验案解析,不孕症名医验案解析_病例1,现代临床
无排卵性月经,疾病导致舌象,苔薄白,不孕症名医验案解析,不孕症名医验案解析_病例1,现代临床
无排卵性月经,疾病导致脉象,脉弦滑,不孕症名医验案解析,不孕症名医验案解析_病例1,现代临床
无排卵性月经,症状辨证证候,脾肾阳盛,不孕症名医验案解析,不孕症名医验案解析_病例1,现代临床
无排卵性月经,症状辨证证候,寒湿阻胞,不孕症名医验案解析,不孕症名医验案解析_病例1,现代临床
无排卵性月经,症状辨证证候,肝郁血滞,不孕症名医验案解析,不孕症名医验案解析_病例1,现代临床
无排卵性月经,证候采用方剂,"金狗脊(去毛)15g,桑寄生15g,炙黄芪15g,广仙茅15g,巴戟天15g,云茯苓12g,淫羊藿12g,炒白术9g,海桐皮12g,威灵仙9g,川茜草9g,香附米9g,油肉桂4.5g",不孕症名医验案解析,不孕症名医验案解析_病例1,现代临床
无排卵性月经,证候采用方剂,加减暖宫丸,不孕症名医验案解析,不孕症名医验案解析_病例1,现代临床
无排卵性月经,证候采用方剂,"淫羊藿12g,巴戟天12g,覆盆子12g,石楠叶12g,秦当归15g,大熟地黄12g,太子参15g,炒白术9g,清半夏9g,广仙茅9g,香附米9g,广陈皮6g,刘寄奴12g,净苏木6g",不孕症名医验案解析,不孕症名医验案解析_病例1,现代临床
无排卵性月经,证候采用方剂,"巴戟天15g,补骨脂15g,覆盆子15g,淫羊藿15g,菟丝子12g,淮山药12g,炒白术9g,桑寄生12g,金狗脊(去毛)12g,广仙茅9g,香附米9g,泽兰叶9g,粉甘草6g",不孕症名医验案解析,不孕症名医验案解析_病例1,现代临床
无排卵性月经,证候采用方剂,金匮肾气丸、得生丹,不孕症名医验案解析,不孕症名医验案解析_病例1,现代临床
无排卵性月经,证候采用方剂,"桑寄生15g,金狗脊(去毛)15g,川续断12g,巴戟天12g,秦当归9g,杭白芍9g,野党参12g,香附米9g,川芎片6g,醋青皮4.5g,三棱9g,莪术9g,穿山甲4.5g,制乳香、制没药各4.5g",不孕症名医验案解析,不孕症名医验案解析_病例1,现代临床
无排卵性月经,综合辨证证候,肝肾亏损，固摄无能导致无排卵型不孕,不孕症名医验案解析,不孕症名医验案解析_病例1,现代临床
无排卵性月经,综合辨证证候,脾胃不固，冲任受损,不孕症名医验案解析,不孕症名医验案解析_病例1,现代临床
金狗脊,药材具有功效,温肾散寒,不孕症名医验案解析,不孕症名医验案解析_病例1,现代临床
金狗脊,药材具有功效,补肾填经,不孕症名医验案解析,不孕症名医验案解析_病例1,现代临床
桑寄生,药材具有功效,滋补肝肾,不孕症名医验案解析,不孕症名医验案解析_病例1,现代临床
桑寄生,药材具有功效,养血调经,不孕症名医验案解析,不孕症名医验案解析_病例1,现代临床
太子参,药材具有功效,健脾益气,不孕症名医验案解析,不孕症名医验案解析_病例1,现代临床
太子参,药材具有功效,滋化源,不孕症名医验案解析,不孕症名医验案解析_病例1,现代临床
柴胡,药材具有功效,疏肝养血,不孕症名医验案解析,不孕症名医验案解析_病例1,现代临床
柴胡,药材具有功效,健脾益气,不孕症名医验案解析,不孕症名医验案解析_病例1,现代临床
班秀文教授治疗不孕症经验撮要,归属于经典,广西中医药,不孕症名医验案解析,不孕症名医验案解析_病例1,现代临床
不孕症,疾病导致舌象,舌偏红,不孕症名医验案解析,不孕症名医验案解析_病例1,现代临床
不孕症,疾病导致脉象,脉细,不孕症名医验案解析,不孕症名医验案解析_病例1,现代临床
月经后期,疾病表现症状,月经稀发,不孕症名医验案解析,不孕症名医验案解析_病例1,现代临床
月经后期,疾病表现症状,月经周期后延,不孕症名医验案解析,不孕症名医验案解析_病例1,现代临床
月经后期,疾病表现症状,经量不多,不孕症名医验案解析,不孕症名医验案解析_病例1,现代临床
月经后期,症状伴随症状,咽燥口干,不孕症名医验案解析,不孕症名医验案解析_病例1,现代临床
月经后期,症状伴随症状,头晕目眩,不孕症名医验案解析,不孕症名医验案解析_病例1,现代临床
月经后期,症状伴随症状,形瘦无力,不孕症名医验案解析,不孕症名医验案解析_病例1,现代临床
月经后期,症状伴随症状,纳食不多,不孕症名医验案解析,不孕症名医验案解析_病例1,现代临床
月经后期,症状伴随症状,大便干艰,不孕症名医验案解析,不孕症名医验案解析_病例1,现代临床
月经后期,症状伴随症状,夜卧欠安,不孕症名医验案解析,不孕症名医验案解析_病例1,现代临床
阴精渐充，冲任未调,证候导致舌象,舌偏红胖,不孕症名医验案解析,不孕症名医验案解析_病例1,现代临床
阴精渐充，冲任未调,证候导致舌象,苔薄腻,不孕症名医验案解析,不孕症名医验案解析_病例1,现代临床
排卵障碍性不孕,疾病导致舌象,舌质淡白,不孕症名医验案解析,不孕症名医验案解析_病例1,现代临床
排卵障碍性不孕,疾病导致舌象,苔白,不孕症名医验案解析,不孕症名医验案解析_病例1,现代临床
排卵障碍性不孕,疾病导致脉象,脉沉细,不孕症名医验案解析,不孕症名医验案解析_病例1,现代临床
排卵障碍性不孕,症状伴随症状,腰酸,不孕症名医验案解析,不孕症名医验案解析_病例1,现代临床
排卵障碍性不孕,症状伴随症状,乏力,不孕症名医验案解析,不孕症名医验案解析_病例1,现代临床
排卵障碍性不孕,症状伴随症状,月经前后不定,不孕症名医验案解析,不孕症名医验案解析_病例1,现代临床
排卵障碍性不孕,症状伴随症状,量不多,不孕症名医验案解析,不孕症名医验案解析_病例1,现代临床
排卵障碍性不孕,症状伴随症状,色暗红,不孕症名医验案解析,不孕症名医验案解析_病例1,现代临床
排卵障碍性不孕,症状伴随症状,偶有血块,不孕症名医验案解析,不孕症名医验案解析_病例1,现代临床
排卵障碍性不孕,症状伴随症状,痛经,不孕症名医验案解析,不孕症名医验案解析_病例1,现代临床
排卵障碍性不孕,证候导致脉象,脉沉细,不孕症名医验案解析,不孕症名医验案解析_病例1,现代临床
排卵障碍性不孕,综合辨证证候,肾虚导致排卵障碍性不孕,不孕症名医验案解析,不孕症名医验案解析_病例1,现代临床
排卵障碍性不孕,证候采用方剂,调冲方加味,不孕症名医验案解析,不孕症名医验案解析_病例1,现代临床
调冲方加味,方剂组成药材,仙茅,不孕症名医验案解析,不孕症名医验案解析_病例1,现代临床
调冲方加味,方剂组成药材,淫羊藿,不孕症名医验案解析,不孕症名医验案解析_病例1,现代临床
调冲方加味,方剂组成药材,菟丝子,不孕症名医验案解析,不孕症名医验案解析_病例1,现代临床
调冲方加味,方剂组成药材,熟地黄,不孕症名医验案解析,不孕症名医验案解析_病例1,现代临床
调冲方加味,方剂组成药材,当归,不孕症名医验案解析,不孕症名医验案解析_病例1,现代临床
调冲方加味,方剂组成药材,川续断,不孕症名医验案解析,不孕症名医验案解析_病例1,现代临床
调冲方加味,方剂组成药材,柴胡,不孕症名医验案解析,不孕症名医验案解析_病例1,现代临床
调冲方加味,方剂组成药材,紫河车,不孕症名医验案解析,不孕症名医验案解析_病例1,现代临床
调冲方加味,方剂组成药材,鸡血藤,不孕症名医验案解析,不孕症名医验案解析_病例1,现代临床
调冲方加味,方剂组成药材,白芍,不孕症名医验案解析,不孕症名医验案解析_病例1,现代临床
仙茅,药材具有功效,补肾温阳,不孕症名医验案解析,不孕症名医验案解析_病例1,现代临床
淫羊藿,药材具有功效,补肾温阳,不孕症名医验案解析,不孕症名医验案解析_病例1,现代临床
菟丝子,药材具有功效,补肾益阴,不孕症名医验案解析,不孕症名医验案解析_病例1,现代临床
紫河车,药材具有功效,补肾精，益气血,不孕症名医验案解析,不孕症名医验案解析_病例1,现代临床
排卵障碍性不孕,证候导致舌象,舌淡红,不孕症名医验案解析,不孕症名医验案解析_病例1,现代临床
排卵障碍性不孕,证候导致舌象,苔白,不孕症名医验案解析,不孕症名医验案解析_病例1,现代临床
排卵障碍性不孕,证候导致脉象,脉细弱,不孕症名医验案解析,不孕症名医验案解析_病例1,现代临床
排卵障碍性不孕,症状伴随症状,感乏力,不孕症名医验案解析,不孕症名医验案解析_病例1,现代临床
排卵障碍性不孕,症状伴随症状,腰酸,不孕症名医验案解析,不孕症名医验案解析_病例1,现代临床
排卵障碍性不孕,症状伴随症状,经量少,不孕症名医验案解析,不孕症名医验案解析_病例1,现代临床
排卵障碍性不孕,症状伴随症状,色暗红,不孕症名医验案解析,不孕症名医验案解析_病例1,现代临床
排卵障碍性不孕,症状伴随症状,无腹痛,不孕症名医验案解析,不孕症名医验案解析_病例1,现代临床
排卵障碍性不孕,综合辨证证候,冲任受损，气血不足,不孕症名医验案解析,不孕症名医验案解析_病例1,现代临床
排卵障碍性不孕,证候采用方剂,党参、生黄芪、当归、熟地黄、枸杞子、何首乌、紫河车、丹参,不孕症名医验案解析,不孕症名医验案解析_病例1,现代临床
排卵障碍性不孕,症状伴随症状,基础体温无典型双相,不孕症名医验案解析,不孕症名医验案解析_病例1,现代临床
排卵障碍性不孕,症状伴随症状,温差小,不孕症名医验案解析,不孕症名医验案解析_病例1,现代临床
排卵障碍性不孕,证候导致舌象,舌体正常,不孕症名医验案解析,不孕症名医验案解析_病例1,现代临床
排卵障碍性不孕,证候导致舌象,舌苔薄白,不孕症名医验案解析,不孕症名医验案解析_病例1,现代临床
排卵障碍性不孕,证候导致脉象,脉沉,不孕症名医验案解析,不孕症名医验案解析_病例1,现代临床
排卵功能障碍性不孕症(肾虚证),综合辨证证候,肾虚,不孕症名医验案解析,不孕症名医验案解析_病例1,现代临床
排卵功能障碍性不孕症(肾虚证),证候采用方剂,促卵泡汤、排卵汤、促黄体汤,不孕症名医验案解析,不孕症名医验案解析_病例1,现代临床
促卵泡汤,方剂组成药材,当归、怀山药、菟丝子、何首乌、肉苁蓉、熟地黄、仙茅、淫羊藿、甘草,不孕症名医验案解析,不孕症名医验案解析_病例1,现代临床
排卵汤,方剂组成药材,当归、赤芍、丹参、泽兰、香附、芜蔚子、桃仁、红花、川续断、菟丝子、鸡血藤、甘草,不孕症名医验案解析,不孕症名医验案解析_病例1,现代临床
促黄体汤,方剂组成药材,当归、熟地黄、怀山药、菟丝子、何首乌、川续断、龟甲、仙茅、淫羊藿、甘草,不孕症名医验案解析,不孕症名医验案解析_病例1,现代临床
寿胎丸,方剂组成药材,菟丝子、川续断、桑寄生、党参、黄芪、何首乌、白芍、熟地黄、茯苓、甘草,不孕症名医验案解析,不孕症名医验案解析_病例1,现代临床
排卵功能障碍性不孕症(肾虚证),症状伴随症状,未避孕未孕3年,不孕症名医验案解析,不孕症名医验案解析_病例1,现代临床
排卵功能障碍性不孕症(肾虚证),症状伴随症状,月经15岁初潮,不孕症名医验案解析,不孕症名医验案解析_病例1,现代临床
排卵功能障碍性不孕症(肾虚证),症状伴随症状,周期为3-7天,不孕症名医验案解析,不孕症名医验案解析_病例1,现代临床
排卵功能障碍性不孕症(肾虚证),症状伴随症状,40-45天,不孕症名医验案解析,不孕症名医验案解析_病例1,现代临床
排卵功能障碍性不孕症(肾虚证),证候导致舌象,舌体正常,不孕症名医验案解析,不孕症名医验案解析_病例1,现代临床
排卵功能障碍性不孕症(肾虚证),证候导致舌象,舌苔薄白,不孕症名医验案解析,不孕症名医验案解析_病例1,现代临床
排卵功能障碍性不孕症(肾虚证),证候导致脉象,脉沉,不孕症名医验案解析,不孕症名医验案解析_病例1,现代临床
不孕症,症状伴随症状,月经先后不定期,不孕症名医验案解析,不孕症名医验案解析_病例1,现代临床
不孕症,症状伴随症状,量少,不孕症名医验案解析,不孕症名医验案解析_病例1,现代临床
不孕症,症状伴随症状,面部痤疮频发,不孕症名医验案解析,不孕症名医验案解析_病例1,现代临床
不孕症,症状伴随症状,基础体温单相,不孕症名医验案解析,不孕症名医验案解析_病例1,现代临床
不孕症,疾病导致舌象,苔薄白,不孕症名医验案解析,不孕症名医验案解析_病例1,现代临床
不孕症,疾病导致舌象,质红,不孕症名医验案解析,不孕症名医验案解析_病例1,现代临床
不孕症,疾病导致脉象,脉略数,不孕症名医验案解析,不孕症名医验案解析_病例1,现代临床
肾虚肝郁型不孕,证候导致舌象,苔薄白,不孕症名医验案解析,不孕症名医验案解析_病例1,现代临床
肾虚肝郁型不孕,证候导致舌象,质红,不孕症名医验案解析,不孕症名医验案解析_病例1,现代临床
肾虚肝郁型不孕,证候导致脉象,脉略数,不孕症名医验案解析,不孕症名医验案解析_病例1,现代临床
脾肾亏虚型不孕症,证候导致舌象,舌质红苔白,不孕症名医验案解析,不孕症名医验案解析_病例1,现代临床
脾肾亏虚型不孕症,证候导致脉象,脉细,不孕症名医验案解析,不孕症名医验案解析_病例1,现代临床
肾虚肝郁型不孕,证候采用方剂,促黄体汤,不孕症名医验案解析,不孕症名医验案解析_病例1,现代临床
脾肾亏虚型不孕症,证候采用方剂,寿胎丸,不孕症名医验案解析,不孕症名医验案解析_病例1,现代临床
寿胎丸,方剂组成药材,菟丝子,不孕症名医验案解析,不孕症名医验案解析_病例1,现代临床
寿胎丸,方剂组成药材,川续断,不孕症名医验案解析,不孕症名医验案解析_病例1,现代临床
寿胎丸,方剂组成药材,桑寄生,不孕症名医验案解析,不孕症名医验案解析_病例1,现代临床
寿胎丸,方剂组成药材,党参,不孕症名医验案解析,不孕症名医验案解析_病例1,现代临床
寿胎丸,方剂组成药材,黄芪,不孕症名医验案解析,不孕症名医验案解析_病例1,现代临床
寿胎丸,方剂组成药材,何首乌,不孕症名医验案解析,不孕症名医验案解析_病例1,现代临床
寿胎丸,方剂组成药材,白芍,不孕症名医验案解析,不孕症名医验案解析_病例1,现代临床
寿胎丸,方剂组成药材,熟地黄,不孕症名医验案解析,不孕症名医验案解析_病例1,现代临床
寿胎丸,方剂组成药材,茯苓,不孕症名医验案解析,不孕症名医验案解析_病例1,现代临床
寿胎丸,方剂组成药材,甘草,不孕症名医验案解析,不孕症名医验案解析_病例1,现代临床
菟丝子,药材具有功效,补肾,不孕症名医验案解析,不孕症名医验案解析_病例1,现代临床
川续断,药材具有功效,补肾,不孕症名医验案解析,不孕症名医验案解析_病例1,现代临床
桑寄生,药材具有功效,补肾,不孕症名医验案解析,不孕症名医验案解析_病例1,现代临床
党参,药材具有功效,补气,不孕症名医验案解析,不孕症名医验案解析_病例1,现代临床
黄芪,药材具有功效,补气,不孕症名医验案解析,不孕症名医验案解析_病例1,现代临床
何首乌,药材具有功效,补肝肾,不孕症名医验案解析,不孕症名医验案解析_病例1,现代临床
白芍,药材具有功效,养血,不孕症名医验案解析,不孕症名医验案解析_病例1,现代临床
熟地黄,药材具有功效,滋阴补血,不孕症名医验案解析,不孕症名医验案解析_病例1,现代临床
茯苓,药材具有功效,健脾利湿,不孕症名医验案解析,不孕症名医验案解析_病例1,现代临床
甘草,药材具有功效,调和诸药,不孕症名医验案解析,不孕症名医验案解析_病例1,现代临床
不孕症中医特色疗法,归属于经典,陈霞,不孕症名医验案解析,不孕症名医验案解析_病例1,现代临床
蔡小荪论治不孕症,归属于经典,付金荣,不孕症名医验案解析,不孕症名医验案解析_病例1,现代临床
月经不调,疾病表现症状,无法把握的候种子,不孕症名医验案解析,不孕症名医验案解析_病例1,现代临床
月经不调,疾病导致舌象,舌边赤、略有齿痕，苔薄微白,不孕症名医验案解析,不孕症名医验案解析_病例1,现代临床
不孕症,症状伴随症状,自然流产史,不孕症名医验案解析,不孕症名医验案解析_病例1,现代临床
不孕症,症状伴随症状,基础体温单相,不孕症名医验案解析,不孕症名医验案解析_病例1,现代临床
不孕症,症状伴随症状,多囊卵巢,不孕症名医验案解析,不孕症名医验案解析_病例1,现代临床
不孕症,症状伴随症状,小腹冷感,不孕症名医验案解析,不孕症名医验案解析_病例1,现代临床
不孕症,证候导致舌象,舌质红、边略有齿痕，苔薄,不孕症名医验案解析,不孕症名医验案解析_病例1,现代临床
不孕症,证候导致脉象,脉濡,不孕症名医验案解析,不孕症名医验案解析_病例1,现代临床
不孕症,证候导致脉象,脉平,不孕症名医验案解析,不孕症名医验案解析_病例1,现代临床
不孕症,症状辨证证候,肾气不足，冲任失调,不孕症名医验案解析,不孕症名医验案解析_病例1,现代临床
不孕症,证候采用方剂,育肾调理方,不孕症名医验案解析,不孕症名医验案解析_病例1,现代临床
育肾调理方,方剂组成药材,炒当归、生地黄、川芎、白芍、淫羊藿、仙茅、女贞子、巴戟天、肉苁蓉、川续断、青皮、陈皮,不孕症名医验案解析,不孕症名医验案解析_病例1,现代临床
不孕症,证候采用方剂,调和冲任方,不孕症名医验案解析,不孕症名医验案解析_病例1,现代临床
调和冲任方,方剂组成药材,炒当归、生地黄、熟地黄、川石斛、云茯苓、炒怀牛膝、川芎、白芍、炒杜仲、女贞子、川续断、制香附,不孕症名医验案解析,不孕症名医验案解析_病例1,现代临床
不孕症,证候采用方剂,育肾通络方,不孕症名医验案解析,不孕症名医验案解析_病例1,现代临床
育肾通络方,方剂组成药材,炒潞党参、制黄精、云茯苓、炒怀牛膝、路路通、生地黄、熟地黄、麦冬、王不留行、降香片、淫羊藿、巴戟天、肉苁蓉,不孕症名医验案解析,不孕症名医验案解析_病例1,现代临床
不孕症,证候采用方剂,育肾安胎方,不孕症名医验案解析,不孕症名医验案解析_病例1,现代临床
育肾安胎方,方剂组成药材,云茯苓、姜半夏、炒白术、桑寄生、炒杜仲、川续断、淡黄芩、紫苏梗、白芍药、木香、苎麻根,不孕症名医验案解析,不孕症名医验案解析_病例1,现代临床
不孕症,归属于经典,蔡小荪论治不孕症,不孕症名医验案解析,不孕症名医验案解析_病例1,现代临床
不孕症,名医经验总结,蔡小荪,不孕症名医验案解析,不孕症名医验案解析_病例1,现代临床
不孕症,症状伴随症状,形体肥白，多毛，情绪忧郁，胸闷乳胀，口内咸腻,不孕症名医验案解析,不孕症名医验案解析_病例1,现代临床
不孕症,证候导致舌象,舌胖暗，苔腻,不孕症名医验案解析,不孕症名医验案解析_病例1,现代临床
不孕症,证候导致脉象,脉细滑,不孕症名医验案解析,不孕症名医验案解析_病例1,现代临床
不孕症,症状辨证证候,痰阻血瘀,不孕症名医验案解析,不孕症名医验案解析_病例1,现代临床
不孕症,证候采用方剂,求子必应汤,不孕症名医验案解析,不孕症名医验案解析_病例1,现代临床
求子必应汤,方剂组成药材,香附、苍术、胆南星、茯苓、陈皮、川芎、丹参、乌药、炒白术、红花、月季花、益母草,不孕症名医验案解析,不孕症名医验案解析_病例1,现代临床
不孕症,症状伴随症状,阴道分泌物少，体毛浓密,不孕症名医验案解析,不孕症名医验案解析_病例1,现代临床
不孕症,证候导致舌象,舌质嫩红，苔薄略腻,不孕症名医验案解析,不孕症名医验案解析_病例1,现代临床
不孕症,症状辨证证候,阴阳两虚，肾元不足,不孕症名医验案解析,不孕症名医验案解析_病例1,现代临床
不孕症,证候采用方剂,补虚培元方,不孕症名医验案解析,不孕症名医验案解析_病例1,现代临床
不孕症,证候导致舌象,舌暗苔薄,不孕症名医验案解析,不孕症名医验案解析_病例1,现代临床
不孕症,证候导致脉象,脉沉细,不孕症名医验案解析,不孕症名医验案解析_病例1,现代临床
原发性不孕,症状伴随症状,月经30-50天一行,不孕症名医验案解析,不孕症名医验案解析_病例1,现代临床
原发性不孕,症状伴随症状,量少,不孕症名医验案解析,不孕症名医验案解析_病例1,现代临床
原发性不孕,症状伴随症状,色鲜红,不孕症名医验案解析,不孕症名医验案解析_病例1,现代临床
原发性不孕,症状伴随症状,有血块,不孕症名医验案解析,不孕症名医验案解析_病例1,现代临床
原发性不孕,症状伴随症状,无腹痛,不孕症名医验案解析,不孕症名医验案解析_病例1,现代临床
原发性不孕,症状伴随症状,3天经净,不孕症名医验案解析,不孕症名医验案解析_病例1,现代临床
原发性不孕,症状伴随症状,阴道分泌物少,不孕症名医验案解析,不孕症名医验案解析_病例1,现代临床
原发性不孕,症状伴随症状,体毛浓密,不孕症名医验案解析,不孕症名医验案解析_病例1,现代临床
原发性不孕,综合辨证证候,阴阳两虚，肾元不足,不孕症名医验案解析,不孕症名医验案解析_病例1,现代临床
原发性不孕,证候采用方剂,秦氏五才汤,不孕症名医验案解析,不孕症名医验案解析_病例1,现代临床
秦氏五才汤,方剂组成药材,山药、山茱萸、熟地黄、菟丝子、枸杞子,不孕症名医验案解析,不孕症名医验案解析_病例1,现代临床
原发性不孕,证候采用方剂,石英毓麟汤,不孕症名医验案解析,不孕症名医验案解析_病例1,现代临床
石英毓麟汤,方剂组成药材,紫石英、淫羊藿、花椒、菟丝子、续断、枸杞子、当归、赤芍、白芍、川芎、香附、肉桂、川牛膝、牡丹皮、甘草,不孕症名医验案解析,不孕症名医验案解析_病例1,现代临床
紫石英,药材具有功效,温补肝肾,不孕症名医验案解析,不孕症名医验案解析_病例1,现代临床
淫羊藿,药材具有功效,补肾助阳,不孕症名医验案解析,不孕症名医验案解析_病例1,现代临床
花椒,药材具有功效,温肾补火,不孕症名医验案解析,不孕症名医验案解析_病例1,现代临床
菟丝子、续断、枸杞子,药材具有功效,补肝肾，益精血，调阴阳,不孕症名医验案解析,不孕症名医验案解析_病例1,现代临床
当归、白芍,药材具有功效,补血养阴调经脉,不孕症名医验案解析,不孕症名医验案解析_病例1,现代临床
赤芍、川芎,药材具有功效,养血活血,不孕症名医验案解析,不孕症名医验案解析_病例1,现代临床
香附,药材具有功效,理气,不孕症名医验案解析,不孕症名医验案解析_病例1,现代临床
肉桂,药材具有功效,补阳温中通经脉,不孕症名医验案解析,不孕症名医验案解析_病例1,现代临床
川牛膝,药材具有功效,活血通经,不孕症名医验案解析,不孕症名医验案解析_病例1,现代临床
牡丹皮,药材具有功效,凉血、活血消瘀,不孕症名医验案解析,不孕症名医验案解析_病例1,现代临床
不孕症,理论指导实践,辨证要点在于辨明脏腑、气血、冲任、胞宫的寒热虚实,不孕症名医验案解析,不孕症名医验案解析_病例1,现代临床
不孕症,理论指导实践,治疗重点示温补肾阳，填精益血，调理冲任,不孕症名医验案解析,不孕症名医验案解析_病例1,现代临床
不孕症,名医经验总结,李教授自拟石英毓麟汤,不孕症名医验案解析,不孕症名医验案解析_病例1,现代临床
黄体功能发育不足,疾病表现症状,月经周期缩短,不孕症名医验案解析,不孕症名医验案解析_病例1,现代临床
黄体功能发育不足,疾病表现症状,卵泡期延长,不孕症名医验案解析,不孕症名医验案解析_病例1,现代临床
黄体功能发育不足,疾病表现症状,黄体期缩短,不孕症名医验案解析,不孕症名医验案解析_病例1,现代临床
黄体功能发育不足,疾病导致舌象,舌胖苔白,不孕症名医验案解析,不孕症名医验案解析_病例1,现代临床
黄体功能发育不足,疾病导致脉象,脉沉细无力,不孕症名医验案解析,不孕症名医验案解析_病例1,现代临床
不孕症,症状伴随症状,神疲乏力,不孕症名医验案解析,不孕症名医验案解析_病例1,现代临床
不孕症,症状伴随症状,腰腿酸痛,不孕症名医验案解析,不孕症名医验案解析_病例1,现代临床
不孕症,症状伴随症状,头晕耳鸣,不孕症名医验案解析,不孕症名医验案解析_病例1,现代临床
不孕症,症状伴随症状,带下清稀,不孕症名医验案解析,不孕症名医验案解析_病例1,现代临床
不孕症,症状伴随症状,经期延长,不孕症名医验案解析,不孕症名医验案解析_病例1,现代临床
不孕症,症状伴随症状,经量中等,不孕症名医验案解析,不孕症名医验案解析_病例1,现代临床
不孕症,症状伴随症状,色淡红,不孕症名医验案解析,不孕症名医验案解析_病例1,现代临床
不孕症,症状伴随症状,质稀,不孕症名医验案解析,不孕症名医验案解析_病例1,现代临床
不孕症,症状伴随症状,经来无明显腹痛,不孕症名医验案解析,不孕症名医验案解析_病例1,现代临床
不孕症,症状伴随症状,月经提前,不孕症名医验案解析,不孕症名医验案解析_病例1,现代临床
不孕症,症状伴随症状,量中色淡暗质稀,不孕症名医验案解析,不孕症名医验案解析_病例1,现代临床
不孕症,症状伴随症状,有小血块,不孕症名医验案解析,不孕症名医验案解析_病例1,现代临床
不孕症,症状伴随症状,经来时延至8-10天干净,不孕症名医验案解析,不孕症名医验案解析_病例1,现代临床
不孕症,症状伴随症状,带下量多,不孕症名医验案解析,不孕症名医验案解析_病例1,现代临床
不孕症,症状伴随症状,经前乳胀,不孕症名医验案解析,不孕症名医验案解析_病例1,现代临床
不孕症,症状伴随症状,常感小腹冷隐作痛,不孕症名医验案解析,不孕症名医验案解析_病例1,现代临床
不孕症,症状伴随症状,腰酸神疲,不孕症名医验案解析,不孕症名医验案解析_病例1,现代临床
不孕症,症状伴随症状,基础体温双相反应不典型,不孕症名医验案解析,不孕症名医验案解析_病例1,现代临床
不孕症,症状伴随症状,月经后拖5年,不孕症名医验案解析,不孕症名医验案解析_病例1,现代临床
不孕症,症状伴随症状,未避孕未孕3年,不孕症名医验案解析,不孕症名医验案解析_病例1,现代临床
不孕症,症状伴随症状,B超示卵泡发育欠佳,不孕症名医验案解析,不孕症名医验案解析_病例1,现代临床
不孕症,症状伴随症状,内分泌六项未见异常,不孕症名医验案解析,不孕症名医验案解析_病例1,现代临床
不孕症,症状伴随症状,体胖,不孕症名医验案解析,不孕症名医验案解析_病例1,现代临床
不孕症,症状伴随症状,白带正常,不孕症名医验案解析,不孕症名医验案解析_病例1,现代临床
不孕症,症状伴随症状,纳眠可,不孕症名医验案解析,不孕症名医验案解析_病例1,现代临床
不孕症,症状伴随症状,二便调,不孕症名医验案解析,不孕症名医验案解析_病例1,现代临床
不孕症,舌象表现特征,舌红苔白腻,不孕症名医验案解析,不孕症名医验案解析_病例1,现代临床
不孕症,脉象表现特征,脉沉,不孕症名医验案解析,不孕症名医验案解析_病例1,现代临床
不孕症,症状辨证证候,脾肾两虚,不孕症名医验案解析,不孕症名医验案解析_病例1,现代临床
不孕症,证候导致舌象,舌胖苔白,不孕症名医验案解析,不孕症名医验案解析_病例1,现代临床
不孕症,证候导致脉象,脉沉细无力,不孕症名医验案解析,不孕症名医验案解析_病例1,现代临床
脾肾两虚型不孕,证候采用方剂,圣愈汤合归肾丸加减,不孕症名医验案解析,不孕症名医验案解析_病例1,现代临床
圣愈汤合归肾丸加减,方剂组成药材,黄芪,不孕症名医验案解析,不孕症名医验案解析_病例1,现代临床
圣愈汤合归肾丸加减,方剂组成药材,党参,不孕症名医验案解析,不孕症名医验案解析_病例1,现代临床
圣愈汤合归肾丸加减,方剂组成药材,熟地黄,不孕症名医验案解析,不孕症名医验案解析_病例1,现代临床
圣愈汤合归肾丸加减,方剂组成药材,淫羊藿,不孕症名医验案解析,不孕症名医验案解析_病例1,现代临床
圣愈汤合归肾丸加减,方剂组成药材,白术,不孕症名医验案解析,不孕症名医验案解析_病例1,现代临床
圣愈汤合归肾丸加减,方剂组成药材,山药,不孕症名医验案解析,不孕症名医验案解析_病例1,现代临床
圣愈汤合归肾丸加减,方剂组成药材,山茱萸,不孕症名医验案解析,不孕症名医验案解析_病例1,现代临床
圣愈汤合归肾丸加减,方剂组成药材,阿胶,不孕症名医验案解析,不孕症名医验案解析_病例1,现代临床
圣愈汤合归肾丸加减,方剂组成药材,金樱子,不孕症名医验案解析,不孕症名医验案解析_病例1,现代临床
圣愈汤合归肾丸加减,方剂组成药材,当归,不孕症名医验案解析,不孕症名医验案解析_病例1,现代临床
圣愈汤合归肾丸加减,方剂组成药材,芡实,不孕症名医验案解析,不孕症名医验案解析_病例1,现代临床
圣愈汤合归肾丸加减,方剂组成药材,杜仲,不孕症名医验案解析,不孕症名医验案解析_病例1,现代临床
黄芪,药材具有功效,补脾益气,不孕症名医验案解析,不孕症名医验案解析_病例1,现代临床
熟地黄,药材具有功效,滋肾养血调经,不孕症名医验案解析,不孕症名医验案解析_病例1,现代临床
杜仲,药材具有功效,补肾气温阳,不孕症名医验案解析,不孕症名医验案解析_病例1,现代临床
不孕症,证候导致舌象,舌淡暗苔白,不孕症名医验案解析,不孕症名医验案解析_病例1,现代临床
不孕症,证候导致脉象,脉细无力,不孕症名医验案解析,不孕症名医验案解析_病例1,现代临床
肾阳虚亏，肝郁血瘀型不孕,证候采用方剂,毓麟珠出入,不孕症名医验案解析,不孕症名医验案解析_病例1,现代临床
毓麟珠出入,方剂组成药材,熟地黄,不孕症名医验案解析,不孕症名医验案解析_病例1,现代临床
毓麟珠出入,方剂组成药材,当归,不孕症名医验案解析,不孕症名医验案解析_病例1,现代临床
毓麟珠出入,方剂组成药材,川芎,不孕症名医验案解析,不孕症名医验案解析_病例1,现代临床
毓麟珠出入,方剂组成药材,仙茅,不孕症名医验案解析,不孕症名医验案解析_病例1,现代临床
毓麟珠出入,方剂组成药材,香附,不孕症名医验案解析,不孕症名医验案解析_病例1,现代临床
毓麟珠出入,方剂组成药材,巴戟天,不孕症名医验案解析,不孕症名医验案解析_病例1,现代临床
毓麟珠出入,方剂组成药材,乌药,不孕症名医验案解析,不孕症名医验案解析_病例1,现代临床
毓麟珠出入,方剂组成药材,泽兰,不孕症名医验案解析,不孕症名医验案解析_病例1,现代临床
毓麟珠出入,方剂组成药材,山茱萸,不孕症名医验案解析,不孕症名医验案解析_病例1,现代临床
毓麟珠出入,方剂组成药材,淫羊藿,不孕症名医验案解析,不孕症名医验案解析_病例1,现代临床
毓麟珠出入,方剂组成药材,鸡血藤,不孕症名医验案解析,不孕症名医验案解析_病例1,现代临床
毓麟珠出入,方剂组成药材,菟丝子,不孕症名医验案解析,不孕症名医验案解析_病例1,现代临床
毓麟珠出入,方剂组成药材,白芍,不孕症名医验案解析,不孕症名医验案解析_病例1,现代临床
毓麟珠出入,方剂组成药材,益母草,不孕症名医验案解析,不孕症名医验案解析_病例1,现代临床
不孕症,症状伴随症状,性欲淡漠,不孕症名医验案解析,不孕症名医验案解析_病例1,现代临床
不孕症,症状伴随症状,面色晦暗,不孕症名医验案解析,不孕症名医验案解析_病例1,现代临床
不孕症,症状伴随症状,腰膝酸软,不孕症名医验案解析,不孕症名医验案解析_病例1,现代临床
不孕症,症状伴随症状,小便清长,不孕症名医验案解析,不孕症名医验案解析_病例1,现代临床
不孕症,症状伴随症状,大便不实,不孕症名医验案解析,不孕症名医验案解析_病例1,现代临床
不孕症,舌象表现特征,舌淡暗而润,不孕症名医验案解析,不孕症名医验案解析_病例1,现代临床
不孕症,证候导致脉象,脉沉细无力,不孕症名医验案解析,不孕症名医验案解析_病例1,现代临床
月经不调性不孕,症状伴随症状,月经先期,不孕症名医验案解析,不孕症名医验案解析_病例1,现代临床
月经不调性不孕,症状伴随症状,月经后期,不孕症名医验案解析,不孕症名医验案解析_病例1,现代临床
月经不调性不孕,症状伴随症状,月经先后不定期,不孕症名医验案解析,不孕症名医验案解析_病例1,现代临床
月经不调性不孕,症状伴随症状,月经过多,不孕症名医验案解析,不孕症名医验案解析_病例1,现代临床
月经不调性不孕,症状伴随症状,月经过少,不孕症名医验案解析,不孕症名医验案解析_病例1,现代临床
月经不调性不孕,症状伴随症状,经期延长,不孕症名医验案解析,不孕症名医验案解析_病例1,现代临床
月经不调性不孕,症状伴随症状,经间期出血,不孕症名医验案解析,不孕症名医验案解析_病例1,现代临床
月经不调性不孕,症状伴随症状,崩漏,不孕症名医验案解析,不孕症名医验案解析_病例1,现代临床
月经不调性不孕,症状伴随症状,闭经,不孕症名医验案解析,不孕症名医验案解析_病例1,现代临床
月经不调性不孕,症状伴随症状,经行作痛,不孕症名医验案解析,不孕症名医验案解析_病例1,现代临床
月经不调性不孕,症状伴随症状,经色异常,不孕症名医验案解析,不孕症名医验案解析_病例1,现代临床
月经不调性不孕,症状伴随症状,经质异常,不孕症名医验案解析,不孕症名医验案解析_病例1,现代临床
月经后期,症状伴随症状,体胖,不孕症名医验案解析,不孕症名医验案解析_病例1,现代临床
月经后期,症状伴随症状,痰湿壅盛,不孕症名医验案解析,不孕症名医验案解析_病例1,现代临床
月经后期,症状伴随症状,素体脾肾俱虚,不孕症名医验案解析,不孕症名医验案解析_病例1,现代临床
月经后期,症状伴随症状,气血化生不足,不孕症名医验案解析,不孕症名医验案解析_病例1,现代临床
月经后期,症状伴随症状,冲任精血亏虚,不孕症名医验案解析,不孕症名医验案解析_病例1,现代临床
月经后期,症状伴随症状,血海不盈,不孕症名医验案解析,不孕症名医验案解析_病例1,现代临床
月经后期,证候采用方剂,补肾化湿汤,不孕症名医验案解析,不孕症名医验案解析_病例1,现代临床
补肾化湿汤,方剂组成药材,茯苓,不孕症名医验案解析,不孕症名医验案解析_病例1,现代临床
肾阴虚,导致舌象,舌红润少苔,不孕症名医验案解析,不孕症名医验案解析_病例1,现代临床
肾阴虚,导致脉象,脉略数,不孕症名医验案解析,不孕症名医验案解析_病例1,现代临床
痛经,导致舌象,舌质淡红，边有瘀点，苔薄白,不孕症名医验案解析,不孕症名医验案解析_病例1,现代临床
痛经,导致脉象,脉弦细,不孕症名医验案解析,不孕症名医验案解析_病例1,现代临床
寒凝胞宫，气滞血瘀,导致舌象,舌质淡红，边有瘀点，苔薄白,不孕症名医验案解析,不孕症名医验案解析_病例1,现代临床
寒凝胞宫，气滞血瘀,导致脉象,脉弦细,不孕症名医验案解析,不孕症名医验案解析_病例1,现代临床
寒凝胞宫，气滞血瘀,采用方剂,温经止痛汤加减,不孕症名医验案解析,不孕症名医验案解析_病例1,现代临床
温经止痛汤加减,组成药材,吴茱萸、桃仁、川芎、延胡索、川楝子、柴胡、白芍、香附、当归、阿胶、肉桂、甘草、艾叶,不孕症名医验案解析,不孕症名医验案解析_病例1,现代临床
吴茱萸,具有功效,温经散寒，行气止痛,不孕症名医验案解析,不孕症名医验案解析_病例1,现代临床
肉桂,具有功效,温通血脉,不孕症名医验案解析,不孕症名医验案解析_病例1,现代临床
当归,具有功效,补中有动，行中有补，为血中之气药,不孕症名医验案解析,不孕症名医验案解析_病例1,现代临床
川芎,具有功效,活血祛瘀，养血调经,不孕症名医验案解析,不孕症名医验案解析_病例1,现代临床
川楝子、延胡索,具有功效,疏肝理气、泄热止痛,不孕症名医验案解析,不孕症名医验案解析_病例1,现代临床
香附、延胡索,具有功效,理气开郁，活血调经,不孕症名医验案解析,不孕症名医验案解析_病例1,现代临床
白芍、甘草,具有功效,酸甘化阴，缓肝和脾、益血养阴、缓急止痛,不孕症名医验案解析,不孕症名医验案解析_病例1,现代临床
党参、肉桂,具有功效,温经散寒补阴,不孕症名医验案解析,不孕症名医验案解析_病例1,现代临床
阿胶、白芍,具有功效,益血养阴，补血通络,不孕症名医验案解析,不孕症名医验案解析_病例1,现代临床
牡丹皮,具有功效,助肉桂、川芎祛瘀并能清血分虚热,不孕症名医验案解析,不孕症名医验案解析_病例1,现代临床
党参、甘草,具有功效,益气和脾，以资生气之源，阳生阴长、血源可充,不孕症名医验案解析,不孕症名医验案解析_病例1,现代临床
膜样痛经,导致症状,小腹剧痛，伴腰骶部酸痛，经量少色暗红有块,不孕症名医验案解析,不孕症名医验案解析_病例1,现代临床
膜样痛经,导致症状,经前乳房胀痛,不孕症名医验案解析,不孕症名医验案解析_病例1,现代临床
膜样痛经,导致舌象,舌苔薄,不孕症名医验案解析,不孕症名医验案解析_病例1,现代临床
膜样痛经,导致脉象,脉细弦,不孕症名医验案解析,不孕症名医验案解析_病例1,现代临床
膜样痛经,采用方剂,理气活血调经方,不孕症名医验案解析,不孕症名医验案解析_病例1,现代临床
理气活血调经方,组成药材,丹参、当归、赤芍、泽兰、三棱、桃仁、红花、牛膝、延胡索、制香附、益母草、川芎、木香、柴胡、菟丝子、川续断、橘叶,不孕症名医验案解析,不孕症名医验案解析_病例1,现代临床
下丘脑中枢神经性闭经,导致症状,情志忧郁，面色晦黯，肌肤甲错，畏寒肢冷，厌食乏力,不孕症名医验案解析,不孕症名医验案解析_病例1,现代临床
下丘脑中枢神经性闭经,导致舌象,舌质淡有瘀点、苔少,不孕症名医验案解析,不孕症名医验案解析_病例1,现代临床
下丘脑中枢神经性闭经,导致脉象,脉沉细,不孕症名医验案解析,不孕症名医验案解析_病例1,现代临床
下丘脑中枢神经性闭经,采用方剂,生水蛭、生黄芪、生莪术、生三棱、当归、知母、生桃仁、紫河车粉、醋香附,不孕症名医验案解析,不孕症名医验案解析_病例1,现代临床
下丘脑中枢神经性闭经,归属于经典,素问 评热病论篇,不孕症名医验案解析,不孕症名医验案解析_病例1,现代临床
肾虚肝郁型闭经,采用方剂,理冲丸,不孕症名医验案解析,不孕症名医验案解析_病例1,现代临床
理冲丸,组成药材,紫河车粉、醋香附、瓜蒌、生山楂,不孕症名医验案解析,不孕症名医验案解析_病例1,现代临床
闭经,疾病表现症状,月经后期,不孕症名医验案解析,不孕症名医验案解析_病例1,现代临床
闭经,疾病表现症状,小腹胸胁胀满,不孕症名医验案解析,不孕症名医验案解析_病例1,现代临床
闭经,疾病表现症状,烦躁易怒,不孕症名医验案解析,不孕症名医验案解析_病例1,现代临床
闭经,疾病表现症状,失眠腰痛,不孕症名医验案解析,不孕症名医验案解析_病例1,现代临床
闭经,疾病表现症状,带下色白量少,不孕症名医验案解析,不孕症名医验案解析_病例1,现代临床
闭经,疾病导致舌象,舌质淡红,不孕症名医验案解析,不孕症名医验案解析_病例1,现代临床
闭经,疾病导致舌象,苔薄白,不孕症名医验案解析,不孕症名医验案解析_病例1,现代临床
闭经,疾病导致脉象,脉细弦,不孕症名医验案解析,不孕症名医验案解析_病例1,现代临床
继发性闭经,疾病导致舌象,舌质淡红,不孕症名医验案解析,不孕症名医验案解析_病例1,现代临床
继发性闭经,疾病导致舌象,苔薄白,不孕症名医验案解析,不孕症名医验案解析_病例1,现代临床
继发性闭经,疾病导致脉象,脉细弦,不孕症名医验案解析,不孕症名医验案解析_病例1,现代临床
痛经,疾病表现症状,月经不调,不孕症名医验案解析,不孕症名医验案解析_病例1,现代临床
痛经,疾病表现症状,临经小腹胀痛,不孕症名医验案解析,不孕症名医验案解析_病例1,现代临床
痛经,疾病表现症状,经期剧痛拒按,不孕症名医验案解析,不孕症名医验案解析_病例1,现代临床
痛经,疾病表现症状,腰臀部酸胀痛,不孕症名医验案解析,不孕症名医验案解析_病例1,现代临床
痛经,疾病表现症状,经血色紫有凝血块,不孕症名医验案解析,不孕症名医验案解析_病例1,现代临床
痛经,疾病表现症状,经前胸胁乳房胀痛,不孕症名医验案解析,不孕症名医验案解析_病例1,现代临床
痛经,疾病导致舌象,舌质暗,不孕症名医验案解析,不孕症名医验案解析_病例1,现代临床
痛经,疾病导致舌象,苔薄白,不孕症名医验案解析,不孕症名医验案解析_病例1,现代临床
痛经,疾病导致脉象,脉弦,不孕症名医验案解析,不孕症名医验案解析_病例1,现代临床
气滞血瘀型痛经,证候导致舌象,舌质暗,不孕症名医验案解析,不孕症名医验案解析_病例1,现代临床
气滞血瘀型痛经,证候导致舌象,苔薄白,不孕症名医验案解析,不孕症名医验案解析_病例1,现代临床
气滞血瘀型痛经,证候导致脉象,脉弦,不孕症名医验案解析,不孕症名医验案解析_病例1,现代临床
寒凝血瘀型痛经,证候导致舌象,舌红,不孕症名医验案解析,不孕症名医验案解析_病例1,现代临床
寒凝血瘀型痛经,证候导致舌象,苔薄白,不孕症名医验案解析,不孕症名医验案解析_病例1,现代临床
寒凝血瘀型痛经,证候导致脉象,脉沉缓,不孕症名医验案解析,不孕症名医验案解析_病例1,现代临床
膈下逐瘀汤,方剂组成药材,当归,不孕症名医验案解析,不孕症名医验案解析_病例1,现代临床
膈下逐瘀汤,方剂组成药材,赤芍,不孕症名医验案解析,不孕症名医验案解析_病例1,现代临床
膈下逐瘀汤,方剂组成药材,川芎,不孕症名医验案解析,不孕症名医验案解析_病例1,现代临床
膈下逐瘀汤,方剂组成药材,桃仁,不孕症名医验案解析,不孕症名医验案解析_病例1,现代临床
膈下逐瘀汤,方剂组成药材,红花,不孕症名医验案解析,不孕症名医验案解析_病例1,现代临床
膈下逐瘀汤,方剂组成药材,五灵脂,不孕症名医验案解析,不孕症名医验案解析_病例1,现代临床
膈下逐瘀汤,方剂组成药材,延胡索,不孕症名医验案解析,不孕症名医验案解析_病例1,现代临床
膈下逐瘀汤,方剂组成药材,牡丹皮,不孕症名医验案解析,不孕症名医验案解析_病例1,现代临床
膈下逐瘀汤,方剂组成药材,香附,不孕症名医验案解析,不孕症名医验案解析_病例1,现代临床
膈下逐瘀汤,方剂组成药材,乌药,不孕症名医验案解析,不孕症名医验案解析_病例1,现代临床
膈下逐瘀汤,方剂组成药材,枳壳,不孕症名医验案解析,不孕症名医验案解析_病例1,现代临床
膈下逐瘀汤,方剂组成药材,柴胡,不孕症名医验案解析,不孕症名医验案解析_病例1,现代临床
膈下逐瘀汤,方剂组成药材,甘草,不孕症名医验案解析,不孕症名医验案解析_病例1,现代临床
当归,药材具有功效,活血行瘀,不孕症名医验案解析,不孕症名医验案解析_病例1,现代临床
赤芍,药材具有功效,活血行瘀,不孕症名医验案解析,不孕症名医验案解析_病例1,现代临床
川芎,药材具有功效,活血行瘀,不孕症名医验案解析,不孕症名医验案解析_病例1,现代临床
桃仁,药材具有功效,活血行瘀,不孕症名医验案解析,不孕症名医验案解析_病例1,现代临床
红花,药材具有功效,活血行瘀,不孕症名医验案解析,不孕症名医验案解析_病例1,现代临床
延胡索,药材具有功效,活血化瘀止痛,不孕症名医验案解析,不孕症名医验案解析_病例1,现代临床
五灵脂,药材具有功效,活血化瘀止痛,不孕症名医验案解析,不孕症名医验案解析_病例1,现代临床
牡丹皮,药材具有功效,活血凉血,不孕症名医验案解析,不孕症名医验案解析_病例1,现代临床
香附,药材具有功效,疏肝解郁,不孕症名医验案解析,不孕症名医验案解析_病例1,现代临床
乌药,药材具有功效,疏肝解郁,不孕症名医验案解析,不孕症名医验案解析_病例1,现代临床
枳壳,药材具有功效,疏肝解郁,不孕症名医验案解析,不孕症名医验案解析_病例1,现代临床
甘草,药材具有功效,调和诸药缓和疼痛,不孕症名医验案解析,不孕症名医验案解析_病例1,现代临床
一贯煎,方剂组成药材,沙参,不孕症名医验案解析,不孕症名医验案解析_病例1,现代临床
一贯煎,方剂组成药材,枸杞子,不孕症名医验案解析,不孕症名医验案解析_病例1,现代临床
一贯煎,方剂组成药材,生地黄,不孕症名医验案解析,不孕症名医验案解析_病例1,现代临床
一贯煎,方剂组成药材,麦冬,不孕症名医验案解析,不孕症名医验案解析_病例1,现代临床
一贯煎,方剂组成药材,白扁豆,不孕症名医验案解析,不孕症名医验案解析_病例1,现代临床
一贯煎,方剂组成药材,当归,不孕症名医验案解析,不孕症名医验案解析_病例1,现代临床
一贯煎,方剂组成药材,川楝子,不孕症名医验案解析,不孕症名医验案解析_病例1,现代临床
一贯煎,方剂组成药材,枇杷叶,不孕症名医验案解析,不孕症名医验案解析_病例1,现代临床
一贯煎,方剂组成药材,桑叶,不孕症名医验案解析,不孕症名医验案解析_病例1,现代临床
一贯煎,方剂组成药材,地骨皮,不孕症名医验案解析,不孕症名医验案解析_病例1,现代临床
沙参,药材具有功效,清肺养阴,不孕症名医验案解析,不孕症名医验案解析_病例1,现代临床
麦冬,药材具有功效,清肺养阴,不孕症名医验案解析,不孕症名医验案解析_病例1,现代临床
生地黄,药材具有功效,滋阴养血,不孕症名医验案解析,不孕症名医验案解析_病例1,现代临床
枸杞子,药材具有功效,滋阴养血,不孕症名医验案解析,不孕症名医验案解析_病例1,现代临床
川楝子,药材具有功效,和肝气止痛,不孕症名医验案解析,不孕症名医验案解析_病例1,现代临床
桑叶,药材具有功效,清肺下气,不孕症名医验案解析,不孕症名医验案解析_病例1,现代临床
枇杷叶,药材具有功效,清肺下气,不孕症名医验案解析,不孕症名医验案解析_病例1,现代临床
地骨皮,药材具有功效,清肺肾伏火,不孕症名医验案解析,不孕症名医验案解析_病例1,现代临床
白扁豆,药材具有功效,养胃阴,不孕症名医验案解析,不孕症名医验案解析_病例1,现代临床
调经通窍煎,方剂组成药材,柴胡,不孕症名医验案解析,不孕症名医验案解析_病例1,现代临床
调经通窍煎,方剂组成药材,香附,不孕症名医验案解析,不孕症名医验案解析_病例1,现代临床
调经通窍煎,方剂组成药材,合欢皮,不孕症名医验案解析,不孕症名医验案解析_病例1,现代临床
调经通窍煎,方剂组成药材,菟丝子,不孕症名医验案解析,不孕症名医验案解析_病例1,现代临床
调经通窍煎,方剂组成药材,山茱萸,不孕症名医验案解析,不孕症名医验案解析_病例1,现代临床
调经通窍煎,方剂组成药材,淫羊藿,不孕症名医验案解析,不孕症名医验案解析_病例1,现代临床
调经通窍煎,方剂组成药材,紫石英,不孕症名医验案解析,不孕症名医验案解析_病例1,现代临床
调经通窍煎,方剂组成药材,生地黄,不孕症名医验案解析,不孕症名医验案解析_病例1,现代临床
调经通窍煎,方剂组成药材,川芎,不孕症名医验案解析,不孕症名医验案解析_病例1,现代临床
调经通窍煎,方剂组成药材,赤芍,不孕症名医验案解析,不孕症名医验案解析_病例1,现代临床
调经通窍煎,方剂组成药材,苏木,不孕症名医验案解析,不孕症名医验案解析_病例1,现代临床
调经通窍煎,方剂组成药材,山栀子,不孕症名医验案解析,不孕症名医验案解析_病例1,现代临床
调经通窍煎,方剂组成药材,紫石英,不孕症名医验案解析,不孕症名医验案解析_病例1,现代临床
调经通窍煎,方剂组成药材,合欢皮,不孕症名医验案解析,不孕症名医验案解析_病例1,现代临床
调经通窍煎,方剂组成药材,川牛膝,不孕症名医验案解析,不孕症名医验案解析_病例1,现代临床
调经通窍煎,方剂组成药材,红花,不孕症名医验案解析,不孕症名医验案解析_病例1,现代临床
调经通窍煎,证候采用方剂,气滞血瘀型闭经,不孕症名医验案解析,不孕症名医验案解析_病例1,现代临床
理冲丸,证候采用方剂,下丘脑中枢神经性闭经,不孕症名医验案解析,不孕症名医验案解析_病例1,现代临床
温经化瘀汤,方剂组成药材,当归,不孕症名医验案解析,不孕症名医验案解析_病例1,现代临床
温经化瘀汤,方剂组成药材,赤芍,不孕症名医验案解析,不孕症名医验案解析_病例1,现代临床
温经化瘀汤,方剂组成药材,乌药,不孕症名医验案解析,不孕症名医验案解析_病例1,现代临床
温经化瘀汤,方剂组成药材,小茴香,不孕症名医验案解析,不孕症名医验案解析_病例1,现代临床
温经化瘀汤,方剂组成药材,川芎,不孕症名医验案解析,不孕症名医验案解析_病例1,现代临床
温经化瘀汤,方剂组成药材,桃仁,不孕症名医验案解析,不孕症名医验案解析_病例1,现代临床
温经化瘀汤,方剂组成药材,红花,不孕症名医验案解析,不孕症名医验案解析_病例1,现代临床
温经化瘀汤,方剂组成药材,香附,不孕症名医验案解析,不孕症名医验案解析_病例1,现代临床
温经化瘀汤,方剂组成药材,延胡索,不孕症名医验案解析,不孕症名医验案解析_病例1,现代临床
温经化瘀汤,方剂组成药材,炮姜,不孕症名医验案解析,不孕症名医验案解析_病例1,现代临床
温经化瘀汤,方剂组成药材,炙甘草,不孕症名医验案解析,不孕症名医验案解析_病例1,现代临床
温经化瘀汤,证候采用方剂,寒凝血瘀型痛经,不孕症名医验案解析,不孕症名医验案解析_病例1,现代临床
温经化瘀汤,方剂组成药材,肉桂,不孕症名医验案解析,不孕症名医验案解析_病例1,现代临床
调经通窍煎,方剂组成药材,仙茅,不孕症名医验案解析,不孕症名医验案解析_病例1,现代临床
调经通窍煎,方剂组成药材,淫羊藿,不孕症名医验案解析,不孕症名医验案解析_病例1,现代临床
调经通窍煎,方剂组成药材,山栀子,不孕症名医验案解析,不孕症名医验案解析_病例1,现代临床
调经通窍煎,方剂组成药材,紫石英,不孕症名医验案解析,不孕症名医验案解析_病例1,现代临床
调经通窍煎,方剂组成药材,川牛膝,不孕症名医验案解析,不孕症名医验案解析_病例1,现代临床
调经通窍煎,方剂组成药材,红花,不孕症名医验案解析,不孕症名医验案解析_病例1,现代临床
调经通窍煎,证候采用方剂,肾虚肝郁型闭经,不孕症名医验案解析,不孕症名医验案解析_病例1,现代临床
一贯煎方,归属于经典,柳州医话,不孕症名医验案解析,不孕症名医验案解析_病例1,现代临床
一贯煎方,药材具有功效,沙参、麦冬清肺养阴以制肝之用,不孕症名医验案解析,不孕症名医验案解析_病例1,现代临床
一贯煎方,药材具有功效,生地黄、当归、枸杞子滋阴养血以柔肝之体,不孕症名医验案解析,不孕症名医验案解析_病例1,现代临床
一贯煎方,药材具有功效,川楝子和肝气以止痛,不孕症名医验案解析,不孕症名医验案解析_病例1,现代临床
一贯煎方,药材具有功效,桑叶、枇杷叶清肺下气,不孕症名医验案解析,不孕症名医验案解析_病例1,现代临床
一贯煎方,药材具有功效,地骨皮清肺肾伏火,不孕症名医验案解析,不孕症名医验案解析_病例1,现代临床
一贯煎方,药材具有功效,白扁豆养胃阴,不孕症名医验案解析,不孕症名医验案解析_病例1,现代临床
阴虚火旺,舌象表现特征,舌体瘦小、舌质偏红、无苔或有薄苔、舌面干燥少津,不孕症名医验案解析,不孕症名医验案解析_病例1,现代临床
阴虚火旺,脉象表现特征,脉细数或细弦,不孕症名医验案解析,不孕症名医验案解析_病例1,现代临床
痛经,症状伴随症状,血色紫黯有凝血块,不孕症名医验案解析,不孕症名医验案解析_病例1,现代临床
痛经,症状伴随症状,月经量少,不孕症名医验案解析,不孕症名医验案解析_病例1,现代临床
痛经,症状伴随症状,淋漓不畅,不孕症名医验案解析,不孕症名医验案解析_病例1,现代临床
痛经,症状伴随症状,不能坚持正常工作,不孕症名医验案解析,不孕症名医验案解析_病例1,现代临床
痛经,舌象表现特征,舌暗红,不孕症名医验案解析,不孕症名医验案解析_病例1,现代临床
痛经,舌象表现特征,苔薄白,不孕症名医验案解析,不孕症名医验案解析_病例1,现代临床
痛经,脉象表现特征,脉弦紧,不孕症名医验案解析,不孕症名医验案解析_病例1,现代临床
子宫内膜异位症,症状伴随症状,左侧附件增厚,不孕症名医验案解析,不孕症名医验案解析_病例1,现代临床
子宫内膜异位症,症状伴随症状,B超提示子宫腺肌瘤,不孕症名医验案解析,不孕症名医验案解析_病例1,现代临床
气滞血瘀,证候导致舌象,舌暗红,不孕症名医验案解析,不孕症名医验案解析_病例1,现代临床
气滞血瘀,证候导致舌象,苔薄白,不孕症名医验案解析,不孕症名医验案解析_病例1,现代临床
气滞血瘀,证候导致脉象,脉弦紧,不孕症名医验案解析,不孕症名医验案解析_病例1,现代临床
肝肾不足，肝郁血瘀,证候导致舌象,舌质淡红,不孕症名医验案解析,不孕症名医验案解析_病例1,现代临床
肝肾不足，肝郁血瘀,证候导致舌象,苔薄白,不孕症名医验案解析,不孕症名医验案解析_病例1,现代临床
肝肾不足，肝郁血瘀,证候导致脉象,脉沉细,不孕症名医验案解析,不孕症名医验案解析_病例1,现代临床
促孕调经汤,方剂组成药材,菟丝子、五味子、覆盆子、枸杞子、当归、赤芍、白芍、牛膝、泽兰、益母草、香附、路路通、紫石英、鸡血藤、丹参、延胡索、乌药、败酱草,不孕症名医验案解析,不孕症名医验案解析_病例1,现代临床
肾阳不足，宫冷不孕,证候导致舌象,舌淡苔白,不孕症名医验案解析,不孕症名医验案解析_病例1,现代临床
肾阳不足，宫冷不孕,证候导致脉象,脉沉细,不孕症名医验案解析,不孕症名医验案解析_病例1,现代临床
紫石英汤加减,方剂组成药材,紫石英、荆芥、当归、羌活、菟丝子、杜仲、川芎、巴戟天、枳壳、淫羊藿、狗脊、甘草,不孕症名医验案解析,不孕症名医验案解析_病例1,现代临床
肝郁肾虚，冲脉亏损,证候导致舌象,舌淡苔白,不孕症名医验案解析,不孕症名医验案解析_病例1,现代临床
肝郁肾虚，冲脉亏损,证候导致脉象,脉沉细,不孕症名医验案解析,不孕症名医验案解析_病例1,现代临床
不孕症,疾病表现症状,腰膝酸楚,不孕症名医验案解析,不孕症名医验案解析_病例1,现代临床
不孕症,疾病表现症状,白带量多、色白、清稀、无气味,不孕症名医验案解析,不孕症名医验案解析_病例1,现代临床
不孕症,疾病表现症状,月经不规律,不孕症名医验案解析,不孕症名医验案解析_病例1,现代临床
不孕症,疾病表现症状,经后腰痛,不孕症名医验案解析,不孕症名医验案解析_病例1,现代临床
不孕症,疾病表现症状,面色晦暗,不孕症名医验案解析,不孕症名医验案解析_病例1,现代临床
不孕症,疾病表现症状,腰酸膝软,不孕症名医验案解析,不孕症名医验案解析_病例1,现代临床
不孕症,疾病导致舌象,舌淡苔白,不孕症名医验案解析,不孕症名医验案解析_病例1,现代临床
不孕症,疾病导致脉象,脉沉细,不孕症名医验案解析,不孕症名医验案解析_病例1,现代临床
助孕汤,证候采用方剂,肝郁肾虚所致之不孕症,不孕症名医验案解析,不孕症名医验案解析_病例1,现代临床
柴胡,药材具有功效,疏肝解郁，升举阳气,不孕症名医验案解析,不孕症名医验案解析_病例1,现代临床
当归,药材具有功效,补血活血，调经止痛,不孕症名医验案解析,不孕症名医验案解析_病例1,现代临床
白芍,药材具有功效,补血益肝肾真阴而收敛脾气之散乱、肝气之横逆，柔肝止痛,不孕症名医验案解析,不孕症名医验案解析_病例1,现代临床
香附,药材具有功效,理三焦之气，疏理肝气郁滞，调经止痛,不孕症名医验案解析,不孕症名医验案解析_病例1,现代临床
木香,药材具有功效,升降诸气,不孕症名医验案解析,不孕症名医验案解析_病例1,现代临床
益母草,药材具有功效,行血祛瘀，调经补肾利湿,不孕症名医验案解析,不孕症名医验案解析_病例1,现代临床
紫河车,药材具有功效,温肾补精，益气养血,不孕症名医验案解析,不孕症名医验案解析_病例1,现代临床
不孕症,证候导致舌象,舌红、苔薄白,不孕症名医验案解析,不孕症名医验案解析_病例1,现代临床
不孕症,证候导致脉象,脉弦细,不孕症名医验案解析,不孕症名医验案解析_病例1,现代临床
原发性不孕症,症状伴随症状,月经不规律,不孕症名医验案解析,不孕症名医验案解析_病例1,现代临床
原发性不孕症,症状伴随症状,下腹轻微疼痛,不孕症名医验案解析,不孕症名医验案解析_病例1,现代临床
原发性不孕症,症状伴随症状,腰酸,不孕症名医验案解析,不孕症名医验案解析_病例1,现代临床
原发性不孕症,症状伴随症状,性欲淡漠,不孕症名医验案解析,不孕症名医验案解析_病例1,现代临床
原发性不孕症,症状伴随症状,眠、食尚可,不孕症名医验案解析,不孕症名医验案解析_病例1,现代临床
原发性不孕症,症状伴随症状,二便调,不孕症名医验案解析,不孕症名医验案解析_病例1,现代临床
原发性不孕症,症状伴随症状,子宫后位，大小正常，双侧附件增厚、压痛,不孕症名医验案解析,不孕症名医验案解析_病例1,现代临床
原发性不孕症,症状伴随症状,输卵管通液显示通畅,不孕症名医验案解析,不孕症名医验案解析_病例1,现代临床
原发性不孕症,症状伴随症状,B超检查提示双侧附件包块,不孕症名医验案解析,不孕症名医验案解析_病例1,现代临床
原发性不孕症,症状伴随症状,基础体温为单相曲线,不孕症名医验案解析,不孕症名医验案解析_病例1,现代临床
原发性不孕症,证候导致舌象,舌红、苔薄白,不孕症名医验案解析,不孕症名医验案解析_病例1,现代临床
原发性不孕症,证候导致脉象,脉弦细,不孕症名医验案解析,不孕症名医验案解析_病例1,现代临床
原发性不孕症,综合辨证证候,脾肾不足，冲任失调,不孕症名医验案解析,不孕症名医验案解析_病例1,现代临床
原发性不孕症,证候采用方剂,"党参、白术、茯苓、当归、白芍、杜仲、续断、菟丝子、鹿角霜各12g,紫石英18g,甘草3g",不孕症名医验案解析,不孕症名医验案解析_病例1,现代临床
原发性不孕症,证候采用方剂,排前汤,不孕症名医验案解析,不孕症名医验案解析_病例1,现代临床
原发性不孕症,证候采用方剂,定坤丹,不孕症名医验案解析,不孕症名医验案解析_病例1,现代临床
原发性不孕症,证候采用方剂,排后汤,不孕症名医验案解析,不孕症名医验案解析_病例1,现代临床
原发性不孕症,症状伴随症状,阴道干涩,不孕症名医验案解析,不孕症名医验案解析_病例1,现代临床
原发性不孕症,症状伴随症状,高泌乳素血症,不孕症名医验案解析,不孕症名医验案解析_病例1,现代临床
原发性不孕症,症状伴随症状,性激素分泌失衡,不孕症名医验案解析,不孕症名医验案解析_病例1,现代临床
原发性不孕症,症状伴随症状,性冷淡,不孕症名医验案解析,不孕症名医验案解析_病例1,现代临床
原发性不孕症,症状伴随症状,失眠,不孕症名医验案解析,不孕症名医验案解析_病例1,现代临床
原发性不孕症,症状伴随症状,便秘,不孕症名医验案解析,不孕症名医验案解析_病例1,现代临床
原发性不孕症,症状伴随症状,精神欠佳,不孕症名医验案解析,不孕症名医验案解析_病例1,现代临床
原发性不孕症,证候导致舌象,舌红、苔薄白,不孕症名医验案解析,不孕症名医验案解析_病例1,现代临床
原发性不孕症,证候导致脉象,脉弦细,不孕症名医验案解析,不孕症名医验案解析_病例1,现代临床
原发性不孕症,综合辨证证候,火毒内蕴、毒燔气营,不孕症名医验案解析,不孕症名医验案解析_病例1,现代临床
原发性不孕症,证候采用方剂,"金银花15g,连翘10g,板蓝根15g,生地黄15g,玄参15g,茯苓15g,白术10g,山药10g,黄芪20g,厚朴15g,半夏10g,陈皮10g,炒三仙各10g,甘草10g",不孕症名医验案解析,不孕症名医验案解析_病例1,现代临床
原发性不孕症,证候采用方剂,排毒扶正汤,不孕症名医验案解析,不孕症名医验案解析_病例1,现代临床
原发性不孕症,症状伴随症状,经期延后,不孕症名医验案解析,不孕症名医验案解析_病例1,现代临床
原发性不孕症,症状伴随症状,形体肥胖,不孕症名医验案解析,不孕症名医验案解析_病例1,现代临床
原发性不孕症,症状伴随症状,多毛,不孕症名医验案解析,不孕症名医验案解析_病例1,现代临床
原发性不孕症,症状伴随症状,B超提示双侧卵巢均增大,不孕症名医验案解析,不孕症名医验案解析_病例1,现代临床
原发性不孕症,综合辨证证候,痰湿内胜，滞于冲任，气血运行不畅,不孕症名医验案解析,不孕症名医验案解析_病例1,现代临床
原发性不孕症,证候采用方剂,芎归苍附六君汤加味,不孕症名医验案解析,不孕症名医验案解析_病例1,现代临床
原发性不孕症,证候采用方剂,二丹四物汤加益母草20g,不孕症名医验案解析,不孕症名医验案解析_病例1,现代临床
多囊卵巢综合征,疾病表现症状,经期延后,不孕症名医验案解析,不孕症名医验案解析_病例1,现代临床
多囊卵巢综合征,疾病表现症状,月经量逐渐减少,不孕症名医验案解析,不孕症名医验案解析_病例1,现代临床
多囊卵巢综合征,疾病表现症状,色淡,不孕症名医验案解析,不孕症名医验案解析_病例1,现代临床
多囊卵巢综合征,疾病表现症状,形体肥胖,不孕症名医验案解析,不孕症名医验案解析_病例1,现代临床
多囊卵巢综合征,疾病表现症状,多毛,不孕症名医验案解析,不孕症名医验案解析_病例1,现代临床
多囊卵巢综合征,疾病导致舌象,舌淡少苔,不孕症名医验案解析,不孕症名医验案解析_病例1,现代临床
多囊卵巢综合征,疾病导致脉象,脉细尺弱,不孕症名医验案解析,不孕症名医验案解析_病例1,现代临床
痰湿内阻，血运不畅,证候导致舌象,舌淡少苔,不孕症名医验案解析,不孕症名医验案解析_病例1,现代临床
痰湿内阻，血运不畅,证候导致脉象,脉细尺弱,不孕症名医验案解析,不孕症名医验案解析_病例1,现代临床
芎归苍附六君汤,证候采用方剂,痰湿内阻，血运不畅,不孕症名医验案解析,不孕症名医验案解析_病例1,现代临床
芎归苍附六君汤,方剂组成药材,川芎,不孕症名医验案解析,不孕症名医验案解析_病例1,现代临床
芎归苍附六君汤,方剂组成药材,当归,不孕症名医验案解析,不孕症名医验案解析_病例1,现代临床
芎归苍附六君汤,方剂组成药材,炒苍术,不孕症名医验案解析,不孕症名医验案解析_病例1,现代临床
芎归苍附六君汤,方剂组成药材,香附,不孕症名医验案解析,不孕症名医验案解析_病例1,现代临床
芎归苍附六君汤,方剂组成药材,党参,不孕症名医验案解析,不孕症名医验案解析_病例1,现代临床
芎归苍附六君汤,方剂组成药材,白术,不孕症名医验案解析,不孕症名医验案解析_病例1,现代临床
芎归苍附六君汤,方剂组成药材,茯苓,不孕症名医验案解析,不孕症名医验案解析_病例1,现代临床
芎归苍附六君汤,方剂组成药材,制半夏,不孕症名医验案解析,不孕症名医验案解析_病例1,现代临床
芎归苍附六君汤,方剂组成药材,陈皮,不孕症名医验案解析,不孕症名医验案解析_病例1,现代临床
芎归苍附六君汤,方剂组成药材,炙甘草,不孕症名医验案解析,不孕症名医验案解析_病例1,现代临床
芎归苍附六君汤,方剂组成药材,皂角刺,不孕症名医验案解析,不孕症名医验案解析_病例1,现代临床
芎归苍附六君汤,方剂组成药材,莪术,不孕症名医验案解析,不孕症名医验案解析_病例1,现代临床
川芎,药材具有功效,活血调经,不孕症名医验案解析,不孕症名医验案解析_病例1,现代临床
当归,药材具有功效,养血和血,不孕症名医验案解析,不孕症名医验案解析_病例1,现代临床
肾虚血亏型月经先后无定期,症状伴随症状,腰骶酸痛,不孕症名医验案解析,不孕症名医验案解析_病例1,现代临床
肾虚血亏型月经先后无定期,疾病导致舌象,舌淡少苔,不孕症名医验案解析,不孕症名医验案解析_病例1,现代临床
肾虚血亏型月经先后无定期,疾病导致脉象,脉细尺弱,不孕症名医验案解析,不孕症名医验案解析_病例1,现代临床
补肾八珍汤,证候采用方剂,肾虚血亏型月经先后无定期,不孕症名医验案解析,不孕症名医验案解析_病例1,现代临床
补肾八珍汤,方剂组成药材,关沙苑子,不孕症名医验案解析,不孕症名医验案解析_病例1,现代临床
补肾八珍汤,方剂组成药材,淮山药,不孕症名医验案解析,不孕症名医验案解析_病例1,现代临床
补肾八珍汤,方剂组成药材,菟丝子,不孕症名医验案解析,不孕症名医验案解析_病例1,现代临床
补肾八珍汤,方剂组成药材,枸杞子,不孕症名医验案解析,不孕症名医验案解析_病例1,现代临床
补肾八珍汤,方剂组成药材,党参,不孕症名医验案解析,不孕症名医验案解析_病例1,现代临床
补肾八珍汤,方剂组成药材,白术,不孕症名医验案解析,不孕症名医验案解析_病例1,现代临床
补肾八珍汤,方剂组成药材,茯苓,不孕症名医验案解析,不孕症名医验案解析_病例1,现代临床
补肾八珍汤,方剂组成药材,当归,不孕症名医验案解析,不孕症名医验案解析_病例1,现代临床
补肾八珍汤,方剂组成药材,白芍,不孕症名医验案解析,不孕症名医验案解析_病例1,现代临床
补肾八珍汤,方剂组成药材,川芎,不孕症名医验案解析,不孕症名医验案解析_病例1,现代临床
补肾八珍汤,方剂组成药材,熟地黄,不孕症名医验案解析,不孕症名医验案解析_病例1,现代临床
补肾八珍汤,方剂组成药材,甘草,不孕症名医验案解析,不孕症名医验案解析_病例1,现代临床
气滞血结，胞脉瘀阻，运行不畅,症状伴随症状,下腹隐痛,不孕症名医验案解析,不孕症名医验案解析_病例1,现代临床
气滞血结，胞脉瘀阻，运行不畅,症状伴随症状,腰膝酸楚,不孕症名医验案解析,不孕症名医验案解析_病例1,现代临床
气滞血结，胞脉瘀阻，运行不畅,疾病导致舌象,舌质淡红，尖有瘀点,不孕症名医验案解析,不孕症名医验案解析_病例1,现代临床
气滞血结，胞脉瘀阻，运行不畅,疾病导致脉象,脉弦数,不孕症名医验案解析,不孕症名医验案解析_病例1,现代临床
通经散,证候采用方剂,气滞血结，胞脉瘀阻，运行不畅,不孕症名医验案解析,不孕症名医验案解析_病例1,现代临床
通经散,方剂组成药材,当归,不孕症名医验案解析,不孕症名医验案解析_病例1,现代临床
通经散,方剂组成药材,赤芍,不孕症名医验案解析,不孕症名医验案解析_病例1,现代临床
通经散,方剂组成药材,川芎,不孕症名医验案解析,不孕症名医验案解析_病例1,现代临床
通经散,方剂组成药材,红花,不孕症名医验案解析,不孕症名医验案解析_病例1,现代临床
通经散,方剂组成药材,桃仁,不孕症名医验案解析,不孕症名医验案解析_病例1,现代临床
通经散,方剂组成药材,炮穿山甲,不孕症名医验案解析,不孕症名医验案解析_病例1,现代临床
通经散,方剂组成药材,乌药,不孕症名医验案解析,不孕症名医验案解析_病例1,现代临床
通经散,方剂组成药材,刘寄奴,不孕症名医验案解析,不孕症名医验案解析_病例1,现代临床
通经散,方剂组成药材,川牛膝,不孕症名医验案解析,不孕症名医验案解析_病例1,现代临床
通经散,方剂组成药材,肉桂,不孕症名医验案解析,不孕症名医验案解析_病例1,现代临床
通经散,方剂组成药材,三棱,不孕症名医验案解析,不孕症名医验案解析_病例1,现代临床
通经散,方剂组成药材,莪术,不孕症名医验案解析,不孕症名医验案解析_病例1,现代临床
通经散,方剂组成药材,丹参,不孕症名医验案解析,不孕症名医验案解析_病例1,现代临床
气虚阳弱血滞证,症状伴随症状,头晕心慌,不孕症名医验案解析,不孕症名医验案解析_病例1,现代临床
气虚阳弱血滞证,症状伴随症状,腰酸腿软,不孕症名医验案解析,不孕症名医验案解析_病例1,现代临床
气虚阳弱血滞证,症状伴随症状,畏寒肢冷,不孕症名医验案解析,不孕症名医验案解析_病例1,现代临床
气虚阳弱血滞证,疾病导致舌象,舌淡,不孕症名医验案解析,不孕症名医验案解析_病例1,现代临床
气虚阳弱血滞证,疾病导致舌象,苔薄白,不孕症名医验案解析,不孕症名医验案解析_病例1,现代临床
气虚阳弱血滞证,疾病导致脉象,脉细弱,不孕症名医验案解析,不孕症名医验案解析_病例1,现代临床
固经汤加减,证候采用方剂,气虚阳弱血滞证,不孕症名医验案解析,不孕症名医验案解析_病例1,现代临床
固经汤加减,方剂组成药材,炙黄芪,不孕症名医验案解析,不孕症名医验案解析_病例1,现代临床
固经汤加减,方剂组成药材,党参,不孕症名医验案解析,不孕症名医验案解析_病例1,现代临床
固经汤加减,方剂组成药材,当归,不孕症名医验案解析,不孕症名医验案解析_病例1,现代临床
固经汤加减,方剂组成药材,炒白芍,不孕症名医验案解析,不孕症名医验案解析_病例1,现代临床
固经汤加减,方剂组成药材,熟地黄,不孕症名医验案解析,不孕症名医验案解析_病例1,现代临床
固经汤加减,方剂组成药材,白术,不孕症名医验案解析,不孕症名医验案解析_病例1,现代临床
固经汤加减,方剂组成药材,川续断,不孕症名医验案解析,不孕症名医验案解析_病例1,现代临床
固经汤加减,方剂组成药材,炮姜炭,不孕症名医验案解析,不孕症名医验案解析_病例1,现代临床
固经汤加减,方剂组成药材,炙甘草,不孕症名医验案解析,不孕症名医验案解析_病例1,现代临床
固经汤加减,方剂组成药材,茜草,不孕症名医验案解析,不孕症名医验案解析_病例1,现代临床
固经汤加减,方剂组成药材,海螵蛸,不孕症名医验案解析,不孕症名医验案解析_病例1,现代临床
固经汤加减,方剂组成药材,柴胡,不孕症名医验案解析,不孕症名医验案解析_病例1,现代临床
固经汤加减,方剂组成药材,炒荆芥,不孕症名医验案解析,不孕症名医验案解析_病例1,现代临床
脾虚夹滞之证,舌象表现特征,舌暗红,不孕症名医验案解析,不孕症名医验案解析_病例1,现代临床
脾虚夹滞之证,舌象表现特征,边齿印,不孕症名医验案解析,不孕症名医验案解析_病例1,现代临床
脾虚夹滞之证,舌象表现特征,苔薄,不孕症名医验案解析,不孕症名医验案解析_病例1,现代临床
脾虚夹滞之证,脉象表现特征,脉濡细,不孕症名医验案解析,不孕症名医验案解析_病例1,现代临床
月经过多,症状伴随症状,经期延长,不孕症名医验案解析,不孕症名医验案解析_病例1,现代临床
月经过多,症状伴随症状,色暗红,不孕症名医验案解析,不孕症名医验案解析_病例1,现代临床
月经过多,症状伴随症状,夹大量紫色血块,不孕症名医验案解析,不孕症名医验案解析_病例1,现代临床
月经过多,症状伴随症状,同时伴头晕心慌,不孕症名医验案解析,不孕症名医验案解析_病例1,现代临床
月经过多,症状伴随症状,腰酸腿软,不孕症名医验案解析,不孕症名医验案解析_病例1,现代临床
月经过多,症状伴随症状,畏寒肢冷,不孕症名医验案解析,不孕症名医验案解析_病例1,现代临床
月经过多,疾病导致舌象,舌淡,不孕症名医验案解析,不孕症名医验案解析_病例1,现代临床
月经过多,疾病导致舌象,苔薄白,不孕症名医验案解析,不孕症名医验案解析_病例1,现代临床
月经过多,疾病导致脉象,脉细弱,不孕症名医验案解析,不孕症名医验案解析_病例1,现代临床
月经过多,归属于经典,中医学,不孕症名医验案解析,不孕症名医验案解析_病例1,现代临床
气虚阳弱血滞证,症状伴随症状,月经过多,不孕症名医验案解析,不孕症名医验案解析_病例1,现代临床
气虚阳弱血滞证,症状伴随症状,经期延长,不孕症名医验案解析,不孕症名医验案解析_病例1,现代临床
气虚阳弱血滞证,舌象表现特征,舌淡,不孕症名医验案解析,不孕症名医验案解析_病例1,现代临床
气虚阳弱血滞证,舌象表现特征,苔薄白,不孕症名医验案解析,不孕症名医验案解析_病例1,现代临床
气虚阳弱血滞证,脉象表现特征,脉细弱,不孕症名医验案解析,不孕症名医验案解析_病例1,现代临床
脾虚夹滞之证,舌象表现特征,舌暗红,不孕症名医验案解析,不孕症名医验案解析_病例1,现代临床
脾虚夹滞之证,舌象表现特征,边齿印,不孕症名医验案解析,不孕症名医验案解析_病例1,现代临床
脾虚夹滞之证,舌象表现特征,苔薄,不孕症名医验案解析,不孕症名医验案解析_病例1,现代临床
脾虚夹滞之证,脉象表现特征,脉濡细,不孕症名医验案解析,不孕症名医验案解析_病例1,现代临床
阴虚内热、血亏火旺,症状伴随症状,头眩目花,不孕症名医验案解析,不孕症名医验案解析_病例1,现代临床
阴虚内热、血亏火旺,症状伴随症状,耳鸣心慌,不孕症名医验案解析,不孕症名医验案解析_病例1,现代临床
阴虚内热、血亏火旺,症状伴随症状,精神不振,不孕症名医验案解析,不孕症名医验案解析_病例1,现代临床
阴虚内热、血亏火旺,症状伴随症状,经量涩少,不孕症名医验案解析,不孕症名医验案解析_病例1,现代临床
阴虚内热、血亏火旺,症状伴随症状,色淡,不孕症名医验案解析,不孕症名医验案解析_病例1,现代临床
阴虚内热、血亏火旺,症状伴随症状,午后潮热,不孕症名医验案解析,不孕症名医验案解析_病例1,现代临床
阴虚内热、血亏火旺,脉象表现特征,脉象虚细而数,不孕症名医验案解析,不孕症名医验案解析_病例1,现代临床
阴虚内热、血亏火旺,舌象表现特征,舌质红,不孕症名医验案解析,不孕症名医验案解析_病例1,现代临床
阴虚内热、血亏火旺,舌象表现特征,苔薄黄,不孕症名医验案解析,不孕症名医验案解析_病例1,现代临床
冲任虚弱，阴虚内热,症状伴随症状,腰酸心烦,不孕症名医验案解析,不孕症名医验案解析_病例1,现代临床
冲任虚弱，阴虚内热,脉象表现特征,脉细数,不孕症名医验案解析,不孕症名医验案解析_病例1,现代临床
冲任虚弱，阴虚内热,舌象表现特征,舌苔薄黄,不孕症名医验案解析,不孕症名医验案解析_病例1,现代临床
气血两亏，心脾不足,症状伴随症状,经前头晕,不孕症名医验案解析,不孕症名医验案解析_病例1,现代临床
气血两亏，心脾不足,症状伴随症状,恶心呕吐,不孕症名医验案解析,不孕症名医验案解析_病例1,现代临床
气血两亏，心脾不足,症状伴随症状,经期腰腹痛,不孕症名医验案解析,不孕症名医验案解析_病例1,现代临床
气血两亏，心脾不足,症状伴随症状,心慌,不孕症名医验案解析,不孕症名医验案解析_病例1,现代临床
气血两亏，心脾不足,症状伴随症状,气短,不孕症名医验案解析,不孕症名医验案解析_病例1,现代临床
气血两亏，心脾不足,症状伴随症状,乏力,不孕症名医验案解析,不孕症名医验案解析_病例1,现代临床
气血两亏，心脾不足,症状伴随症状,睡眠多梦,不孕症名医验案解析,不孕症名医验案解析_病例1,现代临床
气血两亏，心脾不足,舌象表现特征,舌质暗淡,不孕症名医验案解析,不孕症名医验案解析_病例1,现代临床
气血两亏，心脾不足,舌象表现特征,苔薄白,不孕症名医验案解析,不孕症名医验案解析_病例1,现代临床
气血两亏，心脾不足,脉象表现特征,脉细缓,不孕症名医验案解析,不孕症名医验案解析_病例1,现代临床
脾虚夹滞之证,证候采用方剂,"党参15g,白术10g,茯苓10g,陈皮6g,制半夏8g,黄芪15g,柴胡6g,狗脊10g,泽泻10g,炙甘草5g,白芍10g,当归10g",不孕症名医验案解析,不孕症名医验案解析_病例1,现代临床
气虚阳弱血滞证,证候采用方剂,黄芪、党参益气摄血；续断、海螵蛸、炮姜炭温肾暖冲，调经止血；白芍、熟地黄填精敛阴，以阴中求阳；茯苓、甘草醒脾宽中，以助生化；柴胡开郁；当归、茜草、炒荆芥和血化瘀止血,不孕症名医验案解析,不孕症名医验案解析_病例1,现代临床
阴虚内热、血亏火旺,证候采用方剂,"臭椿皮12g,当归、白芍、熟地黄、丹参、巴戟天、青蒿、海螵蛸各9g,白术、陈皮、香附各6g",不孕症名医验案解析,不孕症名医验案解析_病例1,现代临床
冲任虚弱，阴虚内热,证候采用方剂,"熟地黄(砂仁2.4g拌)、白芍、黄芪、当归、杜仲、续断、巴戟天、狗脊、茯苓各9g,白术、青蒿各6g,柴胡3g",不孕症名医验案解析,不孕症名医验案解析_病例1,现代临床
气血两亏，心脾不足,证候采用方剂,"当归10g,白芍15g,川芎5g,益母草10g,党参12g,黄芪15g,茯苓12g,甘草8g,炒白术12g,龙眼肉10g,山药10g,酸枣仁12g",不孕症名医验案解析,不孕症名医验案解析_病例1,现代临床
党参,药材具有功效,健脾补气,不孕症名医验案解析,不孕症名医验案解析_病例1,现代临床
黄芪,药材具有功效,补气,不孕症名医验案解析,不孕症名医验案解析_病例1,现代临床
茯苓,药材具有功效,健脾,不孕症名医验案解析,不孕症名医验案解析_病例1,现代临床
白芍,药材具有功效,养血,不孕症名医验案解析,不孕症名医验案解析_病例1,现代临床
当归,药材具有功效,养血,不孕症名医验案解析,不孕症名医验案解析_病例1,现代临床
川芎,药材具有功效,活血调经,不孕症名医验案解析,不孕症名医验案解析_病例1,现代临床
益母草,药材具有功效,活血调经,不孕症名医验案解析,不孕症名医验案解析_病例1,现代临床
龙眼肉,药材具有功效,宁心安神,不孕症名医验案解析,不孕症名医验案解析_病例1,现代临床
酸枣仁,药材具有功效,宁心安神,不孕症名医验案解析,不孕症名医验案解析_病例1,现代临床
李伟利.徐志华妇科临证精华,理论指导实践,月经过多,不孕症名医验案解析,不孕症名医验案解析_病例1,现代临床
赵国栋.妇科病药方大全,理论指导实践,经量少而经期超早,不孕症名医验案解析,不孕症名医验案解析_病例1,现代临床
高新彦.古今名医妇科医案赏析,理论指导实践,不孕症,不孕症名医验案解析,不孕症名医验案解析_病例1,现代临床
功能失调性子宫出血,疾病表现症状,月经量多,不孕症名医验案解析,不孕症名医验案解析_病例1,现代临床
功能失调性子宫出血,症状伴随症状,阴道出血,不孕症名医验案解析,不孕症名医验案解析_病例1,现代临床
原发性血小板减少症,疾病导致舌象,舌淡苔薄白,不孕症名医验案解析,不孕症名医验案解析_病例1,现代临床
气血亏虚,证候导致舌象,舌淡苔薄白,不孕症名医验案解析,不孕症名医验案解析_病例1,现代临床
舌象,舌象表现特征,舌淡苔薄白,不孕症名医验案解析,不孕症名医验案解析_病例1,现代临床
气血亏虚,证候导致脉象,脉细数无力,不孕症名医验案解析,不孕症名医验案解析_病例1,现代临床
脉象,脉象表现特征,脉细数无力,不孕症名医验案解析,不孕症名医验案解析_病例1,现代临床
月经过多,症状辨证证候,气血亏虚,不孕症名医验案解析,不孕症名医验案解析_病例1,现代临床
舌淡苔薄白,舌象辨证证候,气血亏虚,不孕症名医验案解析,不孕症名医验案解析_病例1,现代临床
脉细数无力,脉象辨证证候,气血亏虚,不孕症名医验案解析,不孕症名医验案解析_病例1,现代临床
气血亏虚型不孕,综合辨证证候,气阴亏虚,不孕症名医验案解析,不孕症名医验案解析_病例1,现代临床
气血亏虚型不孕,证候采用方剂,固冲汤加减,不孕症名医验案解析,不孕症名医验案解析_病例1,现代临床
固冲汤加减,方剂组成药材,炙黄芪、生龙骨、生牡蛎、白术、山药、阿胶珠、鹿角霜、墨旱莲、仙鹤草、血余炭、陈棕榈炭、海螵蛸、熟地黄、益母草、茜草,不孕症名医验案解析,不孕症名医验案解析_病例1,现代临床
炙黄芪,药材具有功效,补气摄血固冲,不孕症名医验案解析,不孕症名医验案解析_病例1,现代临床
生龙骨,药材具有功效,收敛固涩止血,不孕症名医验案解析,不孕症名医验案解析_病例1,现代临床
经水过多,归属于经典,证治准绳妇科调经门,不孕症名医验案解析,不孕症名医验案解析_病例1,现代临床
罗元恺,名医经验总结,调经培元治不孕症,不孕症名医验案解析,不孕症名医验案解析_病例1,现代临床
月经过少,疾病表现症状,经量减少,不孕症名医验案解析,不孕症名医验案解析_病例1,现代临床
月经过少,疾病表现症状,色暗,不孕症名医验案解析,不孕症名医验案解析_病例1,现代临床
经间期出血,疾病表现症状,阴道少许下血,不孕症名医验案解析,不孕症名医验案解析_病例1,现代临床
经间期出血,疾病表现症状,色鲜红,不孕症名医验案解析,不孕症名医验案解析_病例1,现代临床
经间期出血,症状伴随症状,1-2天自止,不孕症名医验案解析,不孕症名医验案解析_病例1,现代临床
不孕症,疾病表现症状,带下少,不孕症名医验案解析,不孕症名医验案解析_病例1,现代临床
不孕症,疾病表现症状,阴道干涩,不孕症名医验案解析,不孕症名医验案解析_病例1,现代临床
不孕症,疾病表现症状,少腹胀痛,不孕症名医验案解析,不孕症名医验案解析_病例1,现代临床
不孕症,疾病表现症状,性欲差,不孕症名医验案解析,不孕症名医验案解析_病例1,现代临床
不孕症,疾病导致舌象,舌淡红,不孕症名医验案解析,不孕症名医验案解析_病例1,现代临床
不孕症,疾病导致舌象,苔白,不孕症名医验案解析,不孕症名医验案解析_病例1,现代临床
不孕症,疾病导致脉象,脉弦滑,不孕症名医验案解析,不孕症名医验案解析_病例1,现代临床
月经过少；经间期出血；不孕症,综合辨证证候,肝肾阴虚,不孕症名医验案解析,不孕症名医验案解析_病例1,现代临床
肝肾阴虚,证候导致舌象,舌淡红,不孕症名医验案解析,不孕症名医验案解析_病例1,现代临床
肝肾阴虚,证候导致舌象,苔白,不孕症名医验案解析,不孕症名医验案解析_病例1,现代临床
肝肾阴虚,证候导致脉象,脉弦滑,不孕症名医验案解析,不孕症名医验案解析_病例1,现代临床
经间期出血,症状辨证证候,肝肾阴虚,不孕症名医验案解析,不孕症名医验案解析_病例1,现代临床
痛经,疾病表现症状,经行腹痛,不孕症名医验案解析,不孕症名医验案解析_病例1,现代临床
痛经,症状伴随症状,婚后不孕,不孕症名医验案解析,不孕症名医验案解析_病例1,现代临床
痛经,疾病表现症状,经量多,不孕症名医验案解析,不孕症名医验案解析_病例1,现代临床
痛经,疾病表现症状,色紫暗夹块,不孕症名医验案解析,不孕症名医验案解析_病例1,现代临床
痛经,症状伴随症状,疼痛时需用止痛药始能缓解,不孕症名医验案解析,不孕症名医验案解析_病例1,现代临床
痛经,疾病表现症状,痛时呕吐痰涎,不孕症名医验案解析,不孕症名医验案解析_病例1,现代临床
痛经,症状伴随症状,甚至晕厥,不孕症名医验案解析,不孕症名医验案解析_病例1,现代临床
痛经,疾病表现症状,腹痛拒按,不孕症名医验案解析,不孕症名医验案解析_病例1,现代临床
痛经,症状伴随症状,血块排出疼痛减轻,不孕症名医验案解析,不孕症名医验案解析_病例1,现代临床
痛经,疾病导致舌象,舌边有瘀点,不孕症名医验案解析,不孕症名医验案解析_病例1,现代临床
痛经,疾病导致舌象,苔白微腻,不孕症名医验案解析,不孕症名医验案解析_病例1,现代临床
痛经,疾病导致脉象,脉滑,不孕症名医验案解析,不孕症名医验案解析_病例1,现代临床
痛经合并不孕,综合辨证证候,气滞血瘀，痰湿郁阻,不孕症名医验案解析,不孕症名医验案解析_病例1,现代临床
气滞血瘀，痰湿郁阻,证候导致舌象,舌边有瘀点,不孕症名医验案解析,不孕症名医验案解析_病例1,现代临床
气滞血瘀，痰湿郁阻,证候导致舌象,苔白微腻,不孕症名医验案解析,不孕症名医验案解析_病例1,现代临床
气滞血瘀，痰湿郁阻,证候导致脉象,脉滑,不孕症名医验案解析,不孕症名医验案解析_病例1,现代临床
月经不调,疾病表现症状,月经先期而至,不孕症名医验案解析,不孕症名医验案解析_病例1,现代临床
月经不调,症状伴随症状,血量较多,不孕症名医验案解析,不孕症名医验案解析_病例1,现代临床
月经不调,症状伴随症状,色紫黑有大血块,不孕症名医验案解析,不孕症名医验案解析_病例1,现代临床
月经不调,症状伴随症状,行经不畅,不孕症名医验案解析,不孕症名医验案解析_病例1,现代临床
月经不调,症状伴随症状,经前、经期腰酸,不孕症名医验案解析,不孕症名医验案解析_病例1,现代临床
月经不调,症状伴随症状,头晕耳鸣,不孕症名医验案解析,不孕症名医验案解析_病例1,现代临床
月经不调,症状伴随症状,心慌气短,不孕症名医验案解析,不孕症名医验案解析_病例1,现代临床
月经不调,症状伴随症状,周身乏力,不孕症名医验案解析,不孕症名医验案解析_病例1,现代临床
月经不调,疾病导致舌象,舌质淡,不孕症名医验案解析,不孕症名医验案解析_病例1,现代临床
月经不调,疾病导致舌象,苔薄白,不孕症名医验案解析,不孕症名医验案解析_病例1,现代临床
月经不调,疾病导致脉象,脉沉弱,不孕症名医验案解析,不孕症名医验案解析_病例1,现代临床
脾肾不足，冲任不固,证候导致舌象,舌质淡,不孕症名医验案解析,不孕症名医验案解析_病例1,现代临床
脾肾不足，冲任不固,证候导致舌象,苔薄白,不孕症名医验案解析,不孕症名医验案解析_病例1,现代临床
脾肾不足，冲任不固,证候导致脉象,脉沉弱,不孕症名医验案解析,不孕症名医验案解析_病例1,现代临床
急性胃炎,疾病表现症状,恶心呕吐,不孕症名医验案解析,不孕症名医验案解析_病例1,现代临床
急性胃炎,症状伴随症状,身热面赤,不孕症名医验案解析,不孕症名医验案解析_病例1,现代临床
急性胃炎,症状伴随症状,胸胁满闷,不孕症名医验案解析,不孕症名医验案解析_病例1,现代临床
急性胃炎,症状伴随症状,胃脘灼痛,不孕症名医验案解析,不孕症名医验案解析_病例1,现代临床
急性胃炎,疾病导致舌象,苔薄腻,不孕症名医验案解析,不孕症名医验案解析_病例1,现代临床
急性胃炎,疾病导致舌象,舌质红,不孕症名医验案解析,不孕症名医验案解析_病例1,现代临床
急性胃炎,疾病导致脉象,脉弦滑数,不孕症名医验案解析,不孕症名医验案解析_病例1,现代临床
急性泌尿系感染,疾病表现症状,发热,不孕症名医验案解析,不孕症名医验案解析_病例1,现代临床
急性泌尿系感染,症状伴随症状,小便频数,不孕症名医验案解析,不孕症名医验案解析_病例1,现代临床
急性泌尿系感染,症状伴随症状,短涩不利,不孕症名医验案解析,不孕症名医验案解析_病例1,现代临床
急性泌尿系感染,症状伴随症状,尿道灼痛,不孕症名医验案解析,不孕症名医验案解析_病例1,现代临床
急性泌尿系感染,症状伴随症状,腰痛,不孕症名医验案解析,不孕症名医验案解析_病例1,现代临床
急性泌尿系感染,症状伴随症状,面部潮红,不孕症名医验案解析,不孕症名医验案解析_病例1,现代临床
急性泌尿系感染,症状伴随症状,呼吸急促,不孕症名医验案解析,不孕症名医验案解析_病例1,现代临床
急性泌尿系感染,疾病导致舌象,舌红无苔,不孕症名医验案解析,不孕症名医验案解析_病例1,现代临床
急性泌尿系感染,疾病导致脉象,脉滑数,不孕症名医验案解析,不孕症名医验案解析_病例1,现代临床
不孕症,证候采用方剂,六味地黄丸合二至丸加减,不孕症名医验案解析,不孕症名医验案解析_病例1,现代临床
六味地黄丸合二至丸加减,方剂组成药材,生地黄,不孕症名医验案解析,不孕症名医验案解析_病例1,现代临床
六味地黄丸合二至丸加减,方剂组成药材,山茱萸,不孕症名医验案解析,不孕症名医验案解析_病例1,现代临床
六味地黄丸合二至丸加减,方剂组成药材,牡丹皮,不孕症名医验案解析,不孕症名医验案解析_病例1,现代临床
六味地黄丸合二至丸加减,方剂组成药材,墨旱莲,不孕症名医验案解析,不孕症名医验案解析_病例1,现代临床
六味地黄丸合二至丸加减,方剂组成药材,女贞子,不孕症名医验案解析,不孕症名医验案解析_病例1,现代临床
六味地黄丸合二至丸加减,方剂组成药材,白芍,不孕症名医验案解析,不孕症名医验案解析_病例1,现代临床
六味地黄丸合二至丸加减,方剂组成药材,怀山药,不孕症名医验案解析,不孕症名医验案解析_病例1,现代临床
六味地黄丸合二至丸加减,方剂组成药材,丹参,不孕症名医验案解析,不孕症名医验案解析_病例1,现代临床
六味地黄丸合二至丸加减,方剂组成药材,太子参,不孕症名医验案解析,不孕症名医验案解析_病例1,现代临床
六味地黄丸合二至丸加减,方剂组成药材,桑寄生,不孕症名医验案解析,不孕症名医验案解析_病例1,现代临床
六味地黄丸合二至丸加减,方剂组成药材,牛膝,不孕症名医验案解析,不孕症名医验案解析_病例1,现代临床
六味地黄丸合二至丸加减,方剂组成药材,泽泻,不孕症名医验案解析,不孕症名医验案解析_病例1,现代临床
生地黄,药材具有功效,养阴益精,不孕症名医验案解析,不孕症名医验案解析_病例1,现代临床
痛经合并不孕,证候采用方剂,四物汤合金铃子散加味,不孕症名医验案解析,不孕症名医验案解析_病例1,现代临床
四物汤合金铃子散加味,方剂组成药材,白芍,不孕症名医验案解析,不孕症名医验案解析_病例1,现代临床
四物汤合金铃子散加味,方剂组成药材,当归,不孕症名医验案解析,不孕症名医验案解析_病例1,现代临床
四物汤合金铃子散加味,方剂组成药材,生地黄,不孕症名医验案解析,不孕症名医验案解析_病例1,现代临床
四物汤合金铃子散加味,方剂组成药材,香附,不孕症名医验案解析,不孕症名医验案解析_病例1,现代临床
四物汤合金铃子散加味,方剂组成药材,川芎,不孕症名医验案解析,不孕症名医验案解析_病例1,现代临床
四物汤合金铃子散加味,方剂组成药材,青皮,不孕症名医验案解析,不孕症名医验案解析_病例1,现代临床
四物汤合金铃子散加味,方剂组成药材,延胡索,不孕症名医验案解析,不孕症名医验案解析_病例1,现代临床
四物汤合金铃子散加味,方剂组成药材,炒川楝子,不孕症名医验案解析,不孕症名医验案解析_病例1,现代临床
四物汤合金铃子散加味,方剂组成药材,甘草,不孕症名医验案解析,不孕症名医验案解析_病例1,现代临床
归芎温胆汤加味,方剂组成药材,菟丝子,不孕症名医验案解析,不孕症名医验案解析_病例1,现代临床
归芎温胆汤加味,方剂组成药材,葛根,不孕症名医验案解析,不孕症名医验案解析_病例1,现代临床
归芎温胆汤加味,方剂组成药材,云茯苓,不孕症名医验案解析,不孕症名医验案解析_病例1,现代临床
归芎温胆汤加味,方剂组成药材,枳壳,不孕症名医验案解析,不孕症名医验案解析_病例1,现代临床
归芎温胆汤加味,方剂组成药材,竹茹,不孕症名医验案解析,不孕症名医验案解析_病例1,现代临床
归芎温胆汤加味,方剂组成药材,法半夏,不孕症名医验案解析,不孕症名医验案解析_病例1,现代临床
归芎温胆汤加味,方剂组成药材,陈皮,不孕症名医验案解析,不孕症名医验案解析_病例1,现代临床
归芎温胆汤加味,方剂组成药材,车前子,不孕症名医验案解析,不孕症名医验案解析_病例1,现代临床
归芎温胆汤加味,方剂组成药材,香附,不孕症名医验案解析,不孕症名医验案解析_病例1,现代临床
归芎温胆汤加味,方剂组成药材,甘草,不孕症名医验案解析,不孕症名医验案解析_病例1,现代临床
脾虚中气不足,证候采用方剂,健脾补肾，固冲调经,不孕症名医验案解析,不孕症名医验案解析_病例1,现代临床
健脾补肾，固冲调经,方剂组成药材,生山药,不孕症名医验案解析,不孕症名医验案解析_病例1,现代临床
健脾补肾，固冲调经,方剂组成药材,生龙骨,不孕症名医验案解析,不孕症名医验案解析_病例1,现代临床
健脾补肾，固冲调经,方剂组成药材,生牡蛎,不孕症名医验案解析,不孕症名医验案解析_病例1,现代临床
健脾补肾，固冲调经,方剂组成药材,阿胶珠,不孕症名医验案解析,不孕症名医验案解析_病例1,现代临床
健脾补肾，固冲调经,方剂组成药材,海螵蛸,不孕症名医验案解析,不孕症名医验案解析_病例1,现代临床
健脾补肾，固冲调经,方剂组成药材,侧柏炭,不孕症名医验案解析,不孕症名医验案解析_病例1,现代临床
健脾补肾，固冲调经,方剂组成药材,地榆炭,不孕症名医验案解析,不孕症名医验案解析_病例1,现代临床
健脾补肾，固冲调经,方剂组成药材,川续断,不孕症名医验案解析,不孕症名医验案解析_病例1,现代临床
健脾补肾，固冲调经,方剂组成药材,生黄芪,不孕症名医验案解析,不孕症名医验案解析_病例1,现代临床
健脾补肾，固冲调经,方剂组成药材,石莲,不孕症名医验案解析,不孕症名医验案解析_病例1,现代临床
健脾补肾，固冲调经,方剂组成药材,白术,不孕症名医验案解析,不孕症名医验案解析_病例1,现代临床
健脾补肾，固冲调经,方剂组成药材,甘草,不孕症名医验案解析,不孕症名医验案解析_病例1,现代临床
急性胃炎,证候采用方剂,清热和胃，降逆止呕,不孕症名医验案解析,不孕症名医验案解析_病例1,现代临床
清热和胃，降逆止呕,方剂组成药材,黄芩,不孕症名医验案解析,不孕症名医验案解析_病例1,现代临床
清热和胃，降逆止呕,方剂组成药材,竹茹,不孕症名医验案解析,不孕症名医验案解析_病例1,现代临床
清热和胃，降逆止呕,方剂组成药材,枇杷叶,不孕症名医验案解析,不孕症名医验案解析_病例1,现代临床
清热和胃，降逆止呕,方剂组成药材,天花粉,不孕症名医验案解析,不孕症名医验案解析_病例1,现代临床
清热和胃，降逆止呕,方剂组成药材,清半夏,不孕症名医验案解析,不孕症名医验案解析_病例1,现代临床
清热和胃，降逆止呕,方剂组成药材,石斛,不孕症名医验案解析,不孕症名医验案解析_病例1,现代临床
清热和胃，降逆止呕,方剂组成药材,黄连,不孕症名医验案解析,不孕症名医验案解析_病例1,现代临床
清热和胃，降逆止呕,方剂组成药材,陈皮,不孕症名医验案解析,不孕症名医验案解析_病例1,现代临床
清热和胃，降逆止呕,方剂组成药材,枳壳,不孕症名医验案解析,不孕症名医验案解析_病例1,现代临床
清热和胃，降逆止呕,方剂组成药材,金银花,不孕症名医验案解析,不孕症名医验案解析_病例1,现代临床
清热和胃，降逆止呕,方剂组成药材,菊花,不孕症名医验案解析,不孕症名医验案解析_病例1,现代临床
急性泌尿系感染,证候采用方剂,清热解毒利湿,不孕症名医验案解析,不孕症名医验案解析_病例1,现代临床
清热解毒利湿,方剂组成药材,白茅根,不孕症名医验案解析,不孕症名医验案解析_病例1,现代临床
清热解毒利湿,方剂组成药材,草薛,不孕症名医验案解析,不孕症名医验案解析_病例1,现代临床
清热解毒利湿,方剂组成药材,瞿麦,不孕症名医验案解析,不孕症名医验案解析_病例1,现代临床
清热解毒利湿,方剂组成药材,滑石,不孕症名医验案解析,不孕症名医验案解析_病例1,现代临床
清热解毒利湿,方剂组成药材,金银花,不孕症名医验案解析,不孕症名医验案解析_病例1,现代临床
清热解毒利湿,方剂组成药材,连翘,不孕症名医验案解析,不孕症名医验案解析_病例1,现代临床
清热解毒利湿,方剂组成药材,车前子,不孕症名医验案解析,不孕症名医验案解析_病例1,现代临床
清热解毒利湿,方剂组成药材,篇蓄,不孕症名医验案解析,不孕症名医验案解析_病例1,现代临床
清热解毒利湿,方剂组成药材,栀子,不孕症名医验案解析,不孕症名医验案解析_病例1,现代临床
清热解毒利湿,方剂组成药材,延胡索,不孕症名医验案解析,不孕症名医验案解析_病例1,现代临床
清热解毒利湿,方剂组成药材,川贝母,不孕症名医验案解析,不孕症名医验案解析_病例1,现代临床
清热解毒利湿,方剂组成药材,木通,不孕症名医验案解析,不孕症名医验案解析_病例1,现代临床
清热解毒利湿,方剂组成药材,大黄,不孕症名医验案解析,不孕症名医验案解析_病例1,现代临床
清热解毒利湿,方剂组成药材,玄明粉,不孕症名医验案解析,不孕症名医验案解析_病例1,现代临床
清热解毒利湿,方剂组成药材,淡竹叶,不孕症名医验案解析,不孕症名医验案解析_病例1,现代临床
清热解毒利湿,方剂组成药材,犀角粉(代),不孕症名医验案解析,不孕症名医验案解析_病例1,现代临床
尿系感染,疾病表现症状,尿常规不正常,不孕症名医验案解析,不孕症名医验案解析_病例1,现代临床
月经先期量多,症状伴随症状,行经日长,不孕症名医验案解析,不孕症名医验案解析_病例1,现代临床
月经先期量多,症状伴随症状,月经淋漓不断,不孕症名医验案解析,不孕症名医验案解析_病例1,现代临床
脾肾两虚,证候导致症状,心慌,不孕症名医验案解析,不孕症名医验案解析_病例1,现代临床
脾肾两虚,证候导致症状,气短,不孕症名医验案解析,不孕症名医验案解析_病例1,现代临床
脾肾两虚,证候导致症状,乏力,不孕症名医验案解析,不孕症名医验案解析_病例1,现代临床
脾肾两虚,证候导致症状,腰酸耳鸣,不孕症名医验案解析,不孕症名医验案解析_病例1,现代临床
脾虚,证候导致舌象,舌淡,不孕症名医验案解析,不孕症名医验案解析_病例1,现代临床
脾虚,证候导致舌象,苔薄白,不孕症名医验案解析,不孕症名医验案解析_病例1,现代临床
脾虚,证候导致舌象,舌中有裂纹,不孕症名医验案解析,不孕症名医验案解析_病例1,现代临床
胃热停滞,证候导致症状,胸膈痞闷,不孕症名医验案解析,不孕症名医验案解析_病例1,现代临床
胃热停滞,证候导致症状,心腹胀痛,不孕症名医验案解析,不孕症名医验案解析_病例1,现代临床
胃热停滞,证候导致症状,呕吐,不孕症名医验案解析,不孕症名医验案解析_病例1,现代临床
胃热停滞,证候导致症状,身热烦躁,不孕症名医验案解析,不孕症名医验案解析_病例1,现代临床
湿热下注膀胱,证候导致症状,小溲淋涩,不孕症名医验案解析,不孕症名医验案解析_病例1,现代临床
湿热下注膀胱,证候导致症状,尿道灼热,不孕症名医验案解析,不孕症名医验案解析_病例1,现代临床
心肾不交,证候导致舌象,舌上有裂纹,不孕症名医验案解析,不孕症名医验案解析_病例1,现代临床
心肾不交,证候导致舌象,苔薄白,不孕症名医验案解析,不孕症名医验案解析_病例1,现代临床
心肾不交,证候导致脉象,脉有间歇,不孕症名医验案解析,不孕症名医验案解析_病例1,现代临床
胞宫虚寒,证候导致症状,经行腹痛,不孕症名医验案解析,不孕症名医验案解析_病例1,现代临床
胞宫虚寒,证候导致舌象,舌苔薄白,不孕症名医验案解析,不孕症名医验案解析_病例1,现代临床
胞宫虚寒,证候导致脉象,脉象沉细而带弦,不孕症名医验案解析,不孕症名医验案解析_病例1,现代临床
痛经性不孕,疾病导致症状,经水惯后,不孕症名医验案解析,不孕症名医验案解析_病例1,现代临床
痛经性不孕,疾病导致症状,经来量少不畅,不孕症名医验案解析,不孕症名医验案解析_病例1,现代临床
痛经性不孕,疾病导致症状,夹有紫红血块,不孕症名医验案解析,不孕症名医验案解析_病例1,现代临床
滋肾水兼降心火,证候采用方剂,"生地黄、熟地黄各30g,柏子仁10g,麦冬15g,五味子6g,墨旱莲30g,阿胶10g,莲子心6g,桑葚15g,白芍15g,甘草6g,沙参15g",不孕症名医验案解析,不孕症名医验案解析_病例1,现代临床
温经理气,证候采用方剂,"陈艾叶6g,制香附9g,当归6g,续断9g,白芍6g,熟地黄9g,煨木香4.5g,台乌药6g,川楝子9g,黄芪9g,肉桂2.4g",不孕症名医验案解析,不孕症名医验案解析_病例1,现代临床
清热化滞解毒利湿,证候采用方剂,黄芩、黄连、石斛、天花粉,不孕症名医验案解析,不孕症名医验案解析_病例1,现代临床
清热化滞解毒利湿,方剂组成药材,黄芩,不孕症名医验案解析,不孕症名医验案解析_病例1,现代临床
清热化滞解毒利湿,方剂组成药材,黄连,不孕症名医验案解析,不孕症名医验案解析_病例1,现代临床
清热化滞解毒利湿,方剂组成药材,石斛,不孕症名医验案解析,不孕症名医验案解析_病例1,现代临床
清热化滞解毒利湿,方剂组成药材,天花粉,不孕症名医验案解析,不孕症名医验案解析_病例1,现代临床
黄芩,药材具有功效,清心胃之热,不孕症名医验案解析,不孕症名医验案解析_病例1,现代临床
黄连,药材具有功效,清心胃之火,不孕症名医验案解析,不孕症名医验案解析_病例1,现代临床
石斛,药材具有功效,清心胃之热,不孕症名医验案解析,不孕症名医验案解析_病例1,现代临床
天花粉,药材具有功效,清心胃之热,不孕症名医验案解析,不孕症名医验案解析_病例1,现代临床
治病必求其本,归属于经典,素问阴阳应象大论,不孕症名医验案解析,不孕症名医验案解析_病例1,现代临床
虚寒气滞型痛经,疾病表现症状,小腹冷痛,不孕症名医验案解析,不孕症名医验案解析_病例1,现代临床
虚寒气滞型痛经,疾病表现症状,经来不畅,不孕症名医验案解析,不孕症名医验案解析_病例1,现代临床
血瘀型痛经,疾病表现症状,经水涩滞,不孕症名医验案解析,不孕症名医验案解析_病例1,现代临床
血瘀型痛经,疾病表现症状,腹痛剧烈,不孕症名医验案解析,不孕症名医验案解析_病例1,现代临床
血瘀型痛经,症状伴随症状,夹有瘀块,不孕症名医验案解析,不孕症名医验案解析_病例1,现代临床
虚性痛经,疾病导致舌象,舌暗红,不孕症名医验案解析,不孕症名医验案解析_病例1,现代临床
虚性痛经,疾病导致舌象,苔薄,不孕症名医验案解析,不孕症名医验案解析_病例1,现代临床
虚性痛经,疾病导致脉象,脉细弦,不孕症名医验案解析,不孕症名医验案解析_病例1,现代临床
痛经性不孕,症状辨证证候,瘀阻气滞,不孕症名医验案解析,不孕症名医验案解析_病例1,现代临床
痛经性不孕,症状辨证证候,冲任不畅,不孕症名医验案解析,不孕症名医验案解析_病例1,现代临床
痛经性不孕,证候采用方剂,化膜汤,不孕症名医验案解析,不孕症名医验案解析_病例1,现代临床
化膜汤,方剂组成药材,血竭,不孕症名医验案解析,不孕症名医验案解析_病例1,现代临床
化膜汤,方剂组成药材,没药,不孕症名医验案解析,不孕症名医验案解析_病例1,现代临床
化膜汤,方剂组成药材,蒲黄,不孕症名医验案解析,不孕症名医验案解析_病例1,现代临床
化膜汤,方剂组成药材,五灵脂,不孕症名医验案解析,不孕症名医验案解析_病例1,现代临床
血竭,药材具有功效,散瘀化膜,不孕症名医验案解析,不孕症名医验案解析_病例1,现代临床
血竭,药材具有功效,消积定痛,不孕症名医验案解析,不孕症名医验案解析_病例1,现代临床
蒲黄,药材具有功效,活血散瘀止痛,不孕症名医验案解析,不孕症名医验案解析_病例1,现代临床
经间期出血,症状辨证证候,肝郁血热,不孕症名医验案解析,不孕症名医验案解析_病例1,现代临床
经间期出血,症状辨证证候,血海不宁,不孕症名医验案解析,不孕症名医验案解析_病例1,现代临床
经间期出血,证候导致舌象,舌暗红,不孕症名医验案解析,不孕症名医验案解析_病例1,现代临床
经间期出血,证候导致舌象,苔黄,不孕症名医验案解析,不孕症名医验案解析_病例1,现代临床
经间期出血,证候导致脉象,脉弦软,不孕症名医验案解析,不孕症名医验案解析_病例1,现代临床
经间期出血,证候采用方剂,清经汤,不孕症名医验案解析,不孕症名医验案解析_病例1,现代临床
清经汤,方剂组成药材,青蒿,不孕症名医验案解析,不孕症名医验案解析_病例1,现代临床
清经汤,方剂组成药材,黄檗,不孕症名医验案解析,不孕症名医验案解析_病例1,现代临床
清经汤,方剂组成药材,生地黄,不孕症名医验案解析,不孕症名医验案解析_病例1,现代临床
清经汤,方剂组成药材,牡丹皮,不孕症名医验案解析,不孕症名医验案解析_病例1,现代临床
清经汤,方剂组成药材,地骨皮,不孕症名医验案解析,不孕症名医验案解析_病例1,现代临床
清经汤,方剂组成药材,白芍,不孕症名医验案解析,不孕症名医验案解析_病例1,现代临床
清经汤,方剂组成药材,茯苓,不孕症名医验案解析,不孕症名医验案解析_病例1,现代临床
痛经；月经后期；经量过少；继发不孕,症状辨证证候,寒凝胞宫,不孕症名医验案解析,不孕症名医验案解析_病例1,现代临床
痛经；月经后期；经量过少；继发不孕,症状辨证证候,瘀血阻络,不孕症名医验案解析,不孕症名医验案解析_病例1,现代临床
痛经；月经后期；经量过少；继发不孕,证候导致舌象,舌暗红,不孕症名医验案解析,不孕症名医验案解析_病例1,现代临床
痛经；月经后期；经量过少；继发不孕,证候导致舌象,苔灰,不孕症名医验案解析,不孕症名医验案解析_病例1,现代临床
痛经；月经后期；经量过少；继发不孕,证候导致脉象,脉沉软,不孕症名医验案解析,不孕症名医验案解析_病例1,现代临床
痛经；月经后期；经量过少；继发不孕,证候采用方剂,少腹逐瘀汤,不孕症名医验案解析,不孕症名医验案解析_病例1,现代临床
少腹逐瘀汤,方剂组成药材,干姜,不孕症名医验案解析,不孕症名医验案解析_病例1,现代临床
少腹逐瘀汤,方剂组成药材,川芎,不孕症名医验案解析,不孕症名医验案解析_病例1,现代临床
少腹逐瘀汤,方剂组成药材,当归,不孕症名医验案解析,不孕症名医验案解析_病例1,现代临床
少腹逐瘀汤,方剂组成药材,益母草,不孕症名医验案解析,不孕症名医验案解析_病例1,现代临床
少腹逐瘀汤,方剂组成药材,延胡索,不孕症名医验案解析,不孕症名医验案解析_病例1,现代临床
少腹逐瘀汤,方剂组成药材,没药,不孕症名医验案解析,不孕症名医验案解析_病例1,现代临床
少腹逐瘀汤,方剂组成药材,小茴香,不孕症名医验案解析,不孕症名医验案解析_病例1,现代临床
少腹逐瘀汤,方剂组成药材,蒲黄,不孕症名医验案解析,不孕症名医验案解析_病例1,现代临床
少腹逐瘀汤,方剂组成药材,赤芍,不孕症名医验案解析,不孕症名医验案解析_病例1,现代临床
少腹逐瘀汤,方剂组成药材,肉桂,不孕症名医验案解析,不孕症名医验案解析_病例1,现代临床
少腹逐瘀汤,方剂组成药材,制附片,不孕症名医验案解析,不孕症名医验案解析_病例1,现代临床
少腹逐瘀汤,方剂组成药材,香附,不孕症名医验案解析,不孕症名医验案解析_病例1,现代临床
少腹逐瘀汤,方剂组成药材,五灵脂,不孕症名医验案解析,不孕症名医验案解析_病例1,现代临床
痛经不孕,症状辨证证候,阳气虚弱,不孕症名医验案解析,不孕症名医验案解析_病例1,现代临床
痛经不孕,症状辨证证候,化源不足,不孕症名医验案解析,不孕症名医验案解析_病例1,现代临床
痛经不孕,症状辨证证候,冲任虚寒,不孕症名医验案解析,不孕症名医验案解析_病例1,现代临床
不孕症,临床表现症状,小腹疼痛不适,不孕症名医验案解析,不孕症名医验案解析_病例1,现代临床
不孕症,临床表现症状,月经推迟,不孕症名医验案解析,不孕症名医验案解析_病例1,现代临床
不孕症,临床表现症状,畏寒肢冷,不孕症名医验案解析,不孕症名医验案解析_病例1,现代临床
不孕症,临床表现症状,小腹冷痛,不孕症名医验案解析,不孕症名医验案解析_病例1,现代临床
痛经,临床表现症状,经行腹痛,不孕症名医验案解析,不孕症名医验案解析_病例1,现代临床
痛经,临床表现症状,恶冷喜热敷,不孕症名医验案解析,不孕症名医验案解析_病例1,现代临床
痛经,临床表现症状,呕恶,不孕症名医验案解析,不孕症名医验案解析_病例1,现代临床
痛经,临床表现症状,出冷汗,不孕症名医验案解析,不孕症名医验案解析_病例1,现代临床
月经后期,临床表现症状,性欲低,不孕症名医验案解析,不孕症名医验案解析_病例1,现代临床
月经后期,临床表现症状,白带少,不孕症名医验案解析,不孕症名医验案解析_病例1,现代临床
月经后期,临床表现症状,腰痛,不孕症名医验案解析,不孕症名医验案解析_病例1,现代临床
月经后期,临床表现症状,腿软,不孕症名医验案解析,不孕症名医验案解析_病例1,现代临床
月经后期,临床表现症状,冬天怕冷,不孕症名医验案解析,不孕症名医验案解析_病例1,现代临床
月经过少,临床表现症状,经前乳胀,不孕症名医验案解析,不孕症名医验案解析_病例1,现代临床
月经过少,临床表现症状,月经量减少,不孕症名医验案解析,不孕症名医验案解析_病例1,现代临床
月经过少,临床表现症状,经前便结,不孕症名医验案解析,不孕症名医验案解析_病例1,现代临床
月经过少,临床表现症状,两乳胀痛,不孕症名医验案解析,不孕症名医验案解析_病例1,现代临床
湿热下注,导致,带下色绿,不孕症名医验案解析,不孕症名医验案解析_病例1,现代临床
湿热下注,导致,阴痒,不孕症名医验案解析,不孕症名医验案解析_病例1,现代临床
湿热下注,导致,腰腹胀,不孕症名医验案解析,不孕症名医验案解析_病例1,现代临床
湿热下注,导致,胞宫困阻,不孕症名医验案解析,不孕症名医验案解析_病例1,现代临床
湿热下注,导致,气血不和,不孕症名医验案解析,不孕症名医验案解析_病例1,现代临床
湿热下注,导致,胞脉不利,不孕症名医验案解析,不孕症名医验案解析_病例1,现代临床
湿热下注,证候采用方剂,止带汤加蒲公英,不孕症名医验案解析,不孕症名医验案解析_病例1,现代临床
湿热下注,证候采用方剂,止带汤加黄芪,不孕症名医验案解析,不孕症名医验案解析_病例1,现代临床
湿热下注,证候采用方剂,当归芍药散,不孕症名医验案解析,不孕症名医验案解析_病例1,现代临床
湿热下注,证候导致舌象,舌红苔黄,不孕症名医验案解析,不孕症名医验案解析_病例1,现代临床
湿热下注,证候导致脉象,脉弦有力,不孕症名医验案解析,不孕症名医验案解析_病例1,现代临床
湿热下注,症状伴随症状,带下色绿、带多时外阴略痒、小腹时胀痛、月经提前、量适中、色暗红、无块、5天净、经行腰腹略痛,不孕症名医验案解析,不孕症名医验案解析_病例1,现代临床
湿热下注,症状辨证证候,湿热下注,不孕症名医验案解析,不孕症名医验案解析_病例1,现代临床
湿热下注,综合辨证证候,湿热下注，气血不和,不孕症名医验案解析,不孕症名医验案解析_病例1,现代临床
瘀血证,导致,月经不调,不孕症名医验案解析,不孕症名医验案解析_病例1,现代临床
瘀血证,导致,量少色黑,不孕症名医验案解析,不孕症名医验案解析_病例1,现代临床
瘀血证,导致,口唇紫暗,不孕症名医验案解析,不孕症名医验案解析_病例1,现代临床
瘀血证,导致,毛发焦脆,不孕症名医验案解析,不孕症名医验案解析_病例1,现代临床
瘀血证,导致,皮肤干燥粗糙,不孕症名医验案解析,不孕症名医验案解析_病例1,现代临床
瘀血证,导致,舌青两侧有瘀斑,不孕症名医验案解析,不孕症名医验案解析_病例1,现代临床
瘀血证,导致,尖部多瘀点,不孕症名医验案解析,不孕症名医验案解析_病例1,现代临床
瘀血证,导致,脉弦细而涩,不孕症名医验案解析,不孕症名医验案解析_病例1,现代临床
瘀血证,证候采用方剂,当归丹参红花桃仁茜草卷黄檗怀牛膝清半夏制香附,不孕症名医验案解析,不孕症名医验案解析_病例1,现代临床
瘀血证,证候导致舌象,舌青两侧有瘀斑,不孕症名医验案解析,不孕症名医验案解析_病例1,现代临床
瘀血证,证候导致舌象,尖部多瘀点,不孕症名医验案解析,不孕症名医验案解析_病例1,现代临床
瘀血证,证候导致脉象,脉弦细而涩,不孕症名医验案解析,不孕症名医验案解析_病例1,现代临床
瘀血证,症状伴随症状,月经不调、量少色黑、口唇紫暗、毛发焦脆、皮肤干燥粗糙,不孕症名医验案解析,不孕症名医验案解析_病例1,现代临床
瘀血证,症状辨证证候,瘀血证,不孕症名医验案解析,不孕症名医验案解析_病例1,现代临床
脾肾不足，冲任虚寒，痰瘀互阻,导致,月经不调,不孕症名医验案解析,不孕症名医验案解析_病例1,现代临床
脾肾不足，冲任虚寒，痰瘀互阻,导致,形体丰腴,不孕症名医验案解析,不孕症名医验案解析_病例1,现代临床
脾肾不足，冲任虚寒，痰瘀互阻,导致,面颊部色素沉着,不孕症名医验案解析,不孕症名医验案解析_病例1,现代临床
脾肾不足，冲任虚寒，痰瘀互阻,导致,腰酸溲少,不孕症名医验案解析,不孕症名医验案解析_病例1,现代临床
脾肾不足，冲任虚寒，痰瘀互阻,导致,足跗浮肿,不孕症名医验案解析,不孕症名医验案解析_病例1,现代临床
脾肾不足，冲任虚寒，痰瘀互阻,导致,白带淋漓,不孕症名医验案解析,不孕症名医验案解析_病例1,现代临床
脾肾不足，冲任虚寒，痰瘀互阻,导致,舌胖淡,不孕症名医验案解析,不孕症名医验案解析_病例1,现代临床
脾肾不足，冲任虚寒，痰瘀互阻,导致,苔白根腻,不孕症名医验案解析,不孕症名医验案解析_病例1,现代临床
脾肾不足，冲任虚寒，痰瘀互阻,导致,脉细弦,不孕症名医验案解析,不孕症名医验案解析_病例1,现代临床
脾肾不足，冲任虚寒，痰瘀互阻,证候采用方剂,生黄芪防已怀牛膝茯苓桃仁红花制香附淫羊藿廣虫清半夏化橘红炒枳实,不孕症名医验案解析,不孕症名医验案解析_病例1,现代临床
脾肾不足，冲任虚寒，痰瘀互阻,证候导致舌象,舌胖淡,不孕症名医验案解析,不孕症名医验案解析_病例1,现代临床
脾肾不足，冲任虚寒，痰瘀互阻,证候导致舌象,苔白根腻,不孕症名医验案解析,不孕症名医验案解析_病例1,现代临床
脾肾不足，冲任虚寒，痰瘀互阻,证候导致脉象,脉细弦,不孕症名医验案解析,不孕症名医验案解析_病例1,现代临床
脾肾不足，冲任虚寒，痰瘀互阻,症状伴随症状,月经不调、形体丰腴、面颊部色素沉着、腰酸溲少、足跗浮肿、白带淋漓,不孕症名医验案解析,不孕症名医验案解析_病例1,现代临床
脾肾不足，冲任虚寒，痰瘀互阻,症状辨证证候,脾肾不足，冲任虚寒，痰瘀互阻,不孕症名医验案解析,不孕症名医验案解析_病例1,现代临床
湿热下注,归属于经典,名老中医妇科绝技良方,不孕症名医验案解析,不孕症名医验案解析_病例1,现代临床
瘀血证,归属于经典,中国医药学报,不孕症名医验案解析,不孕症名医验案解析_病例1,现代临床
脾肾不足，冲任虚寒，痰瘀互阻,归属于经典,中国医药学报,不孕症名医验案解析,不孕症名医验案解析_病例1,现代临床
吴大真,名医经验总结,湿热下注,不孕症名医验案解析,不孕症名医验案解析_病例1,现代临床
刘淑清,名医经验总结,瘀血证,不孕症名医验案解析,不孕症名医验案解析_病例1,现代临床
王绵之,名医经验总结,脾肾不足，冲任虚寒，痰瘀互阻,不孕症名医验案解析,不孕症名医验案解析_病例1,现代临床
湿蕴化热,疾病表现症状,低热,不孕症名医验案解析,不孕症名医验案解析_病例1,现代临床
湿蕴化热,疾病表现症状,带下黄臭,不孕症名医验案解析,不孕症名医验案解析_病例1,现代临床
湿蕴化热,疾病导致舌象,舌红,不孕症名医验案解析,不孕症名医验案解析_病例1,现代临床
湿蕴化热,疾病导致舌象,苔薄黄,不孕症名医验案解析,不孕症名医验案解析_病例1,现代临床
湿蕴化热,疾病导致脉象,脉弦细,不孕症名医验案解析,不孕症名医验案解析_病例1,现代临床
原发性不孕,症状伴随症状,月经愆期,不孕症名医验案解析,不孕症名医验案解析_病例1,现代临床
原发性不孕,症状伴随症状,经常腰痛,不孕症名医验案解析,不孕症名医验案解析_病例1,现代临床
原发性不孕,症状伴随症状,腹中疼痛,不孕症名医验案解析,不孕症名医验案解析_病例1,现代临床
原发性不孕,症状伴随症状,白带量多,不孕症名医验案解析,不孕症名医验案解析_病例1,现代临床
原发性不孕,症状伴随症状,质清稀,不孕症名医验案解析,不孕症名医验案解析_病例1,现代临床
原发性不孕,症状伴随症状,受凉后加重,不孕症名医验案解析,不孕症名医验案解析_病例1,现代临床
原发性不孕,症状伴随症状,量少色黑,不孕症名医验案解析,不孕症名医验案解析_病例1,现代临床
原发性不孕,症状伴随症状,1天即净,不孕症名医验案解析,不孕症名医验案解析_病例1,现代临床
原发性不孕,证候辨证,肝肾两亏,不孕症名医验案解析,不孕症名医验案解析_病例1,现代临床
原发性不孕,证候辨证,瘀阻胞宫,不孕症名医验案解析,不孕症名医验案解析_病例1,现代临床
原发性不孕,证候辨证,冲任不调,不孕症名医验案解析,不孕症名医验案解析_病例1,现代临床
原发性不孕,证候导致舌象,舌红,不孕症名医验案解析,不孕症名医验案解析_病例1,现代临床
原发性不孕,证候导致舌象,苔薄黄,不孕症名医验案解析,不孕症名医验案解析_病例1,现代临床
原发性不孕,证候导致脉象,脉弦细,不孕症名医验案解析,不孕症名医验案解析_病例1,现代临床
原发性不孕,证候采用方剂,促孕基本方,不孕症名医验案解析,不孕症名医验案解析_病例1,现代临床
促孕基本方,方剂组成药材,广木香,不孕症名医验案解析,不孕症名医验案解析_病例1,现代临床
促孕基本方,方剂组成药材,当归,不孕症名医验案解析,不孕症名医验案解析_病例1,现代临床
促孕基本方,方剂组成药材,益母草,不孕症名医验案解析,不孕症名医验案解析_病例1,现代临床
促孕基本方,方剂组成药材,赤芍,不孕症名医验案解析,不孕症名医验案解析_病例1,现代临床
促孕基本方,方剂组成药材,白芍,不孕症名医验案解析,不孕症名医验案解析_病例1,现代临床
促孕基本方,方剂组成药材,川芎,不孕症名医验案解析,不孕症名医验案解析_病例1,现代临床
促孕基本方,方剂组成药材,菟丝子,不孕症名医验案解析,不孕症名医验案解析_病例1,现代临床
促孕基本方,方剂组成药材,覆盆子,不孕症名医验案解析,不孕症名医验案解析_病例1,现代临床
促孕基本方,方剂组成药材,五味子,不孕症名医验案解析,不孕症名医验案解析_病例1,现代临床
促孕基本方,方剂组成药材,枸杞子,不孕症名医验案解析,不孕症名医验案解析_病例1,现代临床
促孕基本方,方剂组成药材,车前子,不孕症名医验案解析,不孕症名医验案解析_病例1,现代临床
促孕基本方,方剂组成药材,蛇床子,不孕症名医验案解析,不孕症名医验案解析_病例1,现代临床
促孕基本方,方剂组成药材,韭菜子,不孕症名医验案解析,不孕症名医验案解析_病例1,现代临床
促孕基本方,方剂组成药材,女贞子,不孕症名医验案解析,不孕症名医验案解析_病例1,现代临床
促孕基本方,方剂组成药材,川续断,不孕症名医验案解析,不孕症名医验案解析_病例1,现代临床
促孕基本方,方剂组成药材,紫河车,不孕症名医验案解析,不孕症名医验案解析_病例1,现代临床
促孕基本方,方剂组成药材,鸡血藤,不孕症名医验案解析,不孕症名医验案解析_病例1,现代临床
早孕,症状伴随症状,自觉恶心,不孕症名医验案解析,不孕症名医验案解析_病例1,现代临床
早孕,症状伴随症状,进食呕吐,不孕症名医验案解析,不孕症名医验案解析_病例1,现代临床
早孕,症状伴随症状,纳差,不孕症名医验案解析,不孕症名医验案解析_病例1,现代临床
早孕,症状伴随症状,乏力,不孕症名医验案解析,不孕症名医验案解析_病例1,现代临床
早孕,证候辨证,胎热内扰,不孕症名医验案解析,不孕症名医验案解析_病例1,现代临床
早孕,证候辨证,脾胃不和,不孕症名医验案解析,不孕症名医验案解析_病例1,现代临床
早孕,证候导致舌象,舌淡红,不孕症名医验案解析,不孕症名医验案解析_病例1,现代临床
早孕,证候导致脉象,脉滑,不孕症名医验案解析,不孕症名医验案解析_病例1,现代临床
早孕,证候采用方剂,自拟保胎八味方加味,不孕症名医验案解析,不孕症名医验案解析_病例1,现代临床
自拟保胎八味方加味,方剂组成药材,黄芩,不孕症名医验案解析,不孕症名医验案解析_病例1,现代临床
自拟保胎八味方加味,方剂组成药材,白术,不孕症名医验案解析,不孕症名医验案解析_病例1,现代临床
自拟保胎八味方加味,方剂组成药材,砂仁,不孕症名医验案解析,不孕症名医验案解析_病例1,现代临床
自拟保胎八味方加味,方剂组成药材,紫苏叶,不孕症名医验案解析,不孕症名医验案解析_病例1,现代临床
自拟保胎八味方加味,方剂组成药材,白扁豆,不孕症名医验案解析,不孕症名医验案解析_病例1,现代临床
自拟保胎八味方加味,方剂组成药材,川续断,不孕症名医验案解析,不孕症名医验案解析_病例1,现代临床
自拟保胎八味方加味,方剂组成药材,桑寄生,不孕症名医验案解析,不孕症名医验案解析_病例1,现代临床
自拟保胎八味方加味,方剂组成药材,菟丝子,不孕症名医验案解析,不孕症名医验案解析_病例1,现代临床
自拟保胎八味方加味,方剂组成药材,竹茹,不孕症名医验案解析,不孕症名医验案解析_病例1,现代临床
自拟保胎八味方加味,方剂组成药材,陈皮,不孕症名医验案解析,不孕症名医验案解析_病例1,现代临床
自拟保胎八味方加味,方剂组成药材,生姜,不孕症名医验案解析,不孕症名医验案解析_病例1,现代临床
不孕症,理论指导实践,月经的产生、胎孕的形成，皆是肾气、天癸、冲任二脉和胞宫共同发挥作用的结果,不孕症名医验案解析,不孕症名医验案解析_病例1,现代临床
不孕症,名医经验总结,祝老认为：妇女不孕症之病因病机虽有数种，但受孕的关键在于肾气的盛衰和精血的充沛,不孕症名医验案解析,不孕症名医验案解析_病例1,现代临床
不孕症,名医经验总结,祝老治疗，每从补益肝肾，填精益髓，调气养血着手,不孕症名医验案解析,不孕症名医验案解析_病例1,现代临床
不孕症,证候辨证,肝郁肾虚,不孕症名医验案解析,不孕症名医验案解析_病例1,现代临床
不孕症,证候辨证,寒气凝滞,不孕症名医验案解析,不孕症名医验案解析_病例1,现代临床
不孕症,症状伴随症状,月经后期,不孕症名医验案解析,不孕症名医验案解析_病例1,现代临床
不孕症,症状伴随症状,腰腹寒痛,不孕症名医验案解析,不孕症名医验案解析_病例1,现代临床
不孕症,症状伴随症状,经前乳房作胀,不孕症名医验案解析,不孕症名医验案解析_病例1,现代临床
不孕症,证候导致舌象,舌苔淡黄腻中剥,不孕症名医验案解析,不孕症名医验案解析_病例1,现代临床
不孕症,证候导致脉象,脉象沉细,不孕症名医验案解析,不孕症名医验案解析_病例1,现代临床
不孕症,证候导致脉象,脉沉细滑,不孕症名医验案解析,不孕症名医验案解析_病例1,现代临床
不孕症,证候导致舌象,舌苔淡黄腻尖刺,不孕症名医验案解析,不孕症名医验案解析_病例1,现代临床
不孕症,证候导致舌象,舌苔薄黄尖红,不孕症名医验案解析,不孕症名医验案解析_病例1,现代临床
不孕症,证候导致脉象,脉象细滑,不孕症名医验案解析,不孕症名医验案解析_病例1,现代临床
不孕症,证候导致舌象,舌苔薄黄,不孕症名医验案解析,不孕症名医验案解析_病例1,现代临床
不孕症,证候导致脉象,脉滑,不孕症名医验案解析,不孕症名医验案解析_病例1,现代临床
不孕症,证候辨证,肾虚肝旺,不孕症名医验案解析,不孕症名医验案解析_病例1,现代临床
不孕症,证候辨证,脾胃不和,不孕症名医验案解析,不孕症名医验案解析_病例1,现代临床
不孕症,证候辨证,肝胃不和,不孕症名医验案解析,不孕症名医验案解析_病例1,现代临床
不孕症,证候辨证,肾阴又虚,不孕症名医验案解析,不孕症名医验案解析_病例1,现代临床
不孕症,证候采用方剂,艾附暖宫丸,不孕症名医验案解析,不孕症名医验案解析_病例1,现代临床
不孕症,证候采用方剂,益红片,不孕症名医验案解析,不孕症名医验案解析_病例1,现代临床
不孕症,证候采用方剂,少腹逐瘀汤加减,不孕症名医验案解析,不孕症名医验案解析_病例1,现代临床
少腹逐瘀汤加减,方剂组成药材,当归,不孕症名医验案解析,不孕症名医验案解析_病例1,现代临床
少腹逐瘀汤加减,方剂组成药材,川芎,不孕症名医验案解析,不孕症名医验案解析_病例1,现代临床
少腹逐瘀汤加减,方剂组成药材,赤芍,不孕症名医验案解析,不孕症名医验案解析_病例1,现代临床
少腹逐瘀汤加减,方剂组成药材,五灵脂,不孕症名医验案解析,不孕症名医验案解析_病例1,现代临床
少腹逐瘀汤加减,方剂组成药材,蒲黄,不孕症名医验案解析,不孕症名医验案解析_病例1,现代临床
少腹逐瘀汤加减,方剂组成药材,肉桂,不孕症名医验案解析,不孕症名医验案解析_病例1,现代临床
少腹逐瘀汤加减,方剂组成药材,小茴香,不孕症名医验案解析,不孕症名医验案解析_病例1,现代临床
少腹逐瘀汤加减,方剂组成药材,干姜,不孕症名医验案解析,不孕症名医验案解析_病例1,现代临床
少腹逐瘀汤加减,方剂组成药材,延胡索,不孕症名医验案解析,不孕症名医验案解析_病例1,现代临床
不孕症,证候采用方剂,生化汤加减,不孕症名医验案解析,不孕症名医验案解析_病例1,现代临床
不孕症,证候采用方剂,加味四物汤加减,不孕症名医验案解析,不孕症名医验案解析_病例1,现代临床
不孕症,证候采用方剂,四物汤加减,不孕症名医验案解析,不孕症名医验案解析_病例1,现代临床
少腹逐瘀汤加减,方剂组成药材,"当归25g,川芎15g,赤芍15g,五灵脂15g,蒲黄10g,肉桂12g,小茴香6g,干姜6g,延胡索30g,丹参30g,柴胡15g,枳壳15g,三棱、莪术各15g",不孕症名医验案解析,不孕症名医验案解析_病例1,现代临床
四物汤加减,方剂组成药材,"当归25g,川芎15g,赤芍、白芍各15g,熟地黄25g,大黄15g,川牛膝15g,金银花20g,丹参25g,枳壳15g,乌药15g,菟丝子25g",不孕症名医验案解析,不孕症名医验案解析_病例1,现代临床
生化汤加减,方剂组成药材,"当归25g,川芎15g,桃仁15g,炮姜6g,炙甘草6g,川牛膝15g,丹参30g,益母草30g,柴胡15g,延胡索15g,肉桂15g,枳壳15g,川续断25g",不孕症名医验案解析,不孕症名医验案解析_病例1,现代临床
加味四物汤加减,方剂组成药材,"当归25g,川芎15g,赤芍、白芍各15g,熟地黄25g,大黄15g,川牛膝15g,金银花25g,丹参25g,杜仲15g,枸杞子15g,枳壳15g,菟丝子25g",不孕症名医验案解析,不孕症名医验案解析_病例1,现代临床
寿胎丸加减,方剂组成药材,"桑寄生25g,川续断25g,菟丝子30g,黄芩15g,白术15g,知母15g,太子参25g,杜仲15g,枸杞子15g,麦冬25g,陈皮15g",不孕症名医验案解析,不孕症名医验案解析_病例1,现代临床
健脾补肾汤加减,方剂组成药材,"炙黄芪30g,人参10g,炒白术20g,茯苓、当归、陈皮、山茱萸、枸杞子各10g,熟地黄30g,炒山药20g,肉苁蓉10g,肉桂8g",不孕症名医验案解析,不孕症名医验案解析_病例1,现代临床
补肾种玉汤,方剂组成药材,"山茱萸12g,山药20g,熟地黄20g",不孕症名医验案解析,不孕症名医验案解析_病例1,现代临床
子宫内膜异位症,归属于经典,沈氏女科辑要,不孕症名医验案解析,不孕症名医验案解析_病例1,现代临床
不孕症,症状伴随症状,月经延期,不孕症名医验案解析,不孕症名医验案解析_病例1,现代临床
原发性不孕,症状伴随症状,排卵功能异常,不孕症名医验案解析,不孕症名医验案解析_病例1,现代临床
原发性不孕,症状伴随症状,月经错后,不孕症名医验案解析,不孕症名医验案解析_病例1,现代临床
原发性不孕,症状伴随症状,腰腿疲软,不孕症名医验案解析,不孕症名医验案解析_病例1,现代临床
原发性不孕,症状伴随症状,头晕耳鸣,不孕症名医验案解析,不孕症名医验案解析_病例1,现代临床
原发性不孕,症状伴随症状,精神不振,不孕症名医验案解析,不孕症名医验案解析_病例1,现代临床
原发性不孕,症状伴随症状,面以萎黄,不孕症名医验案解析,不孕症名医验案解析_病例1,现代临床
原发性不孕,症状伴随症状,肌肉消瘦,不孕症名医验案解析,不孕症名医验案解析_病例1,现代临床
原发性不孕,症状伴随症状,饮食欠佳,不孕症名医验案解析,不孕症名医验案解析_病例1,现代临床
子宫内膜异位症,症状伴随症状,经期常伴头晕乏力,不孕症名医验案解析,不孕症名医验案解析_病例1,现代临床
子宫内膜异位症,症状伴随症状,腰酸腿软,不孕症名医验案解析,不孕症名医验案解析_病例1,现代临床
子宫内膜异位症,症状伴随症状,少腹不暖,不孕症名医验案解析,不孕症名医验案解析_病例1,现代临床
子宫内膜异位症,症状伴随症状,食欲尚可,不孕症名医验案解析,不孕症名医验案解析_病例1,现代临床
子宫内膜异位症,症状伴随症状,量少,不孕症名医验案解析,不孕症名医验案解析_病例1,现代临床
子宫内膜异位症,症状伴随症状,色淡,不孕症名医验案解析,不孕症名医验案解析_病例1,现代临床
子宫内膜异位症,症状伴随症状,常延后10天左右,不孕症名医验案解析,不孕症名医验案解析_病例1,现代临床
子宫内膜异位症,证候导致舌象,舌质淡,不孕症名医验案解析,不孕症名医验案解析_病例1,现代临床
子宫内膜异位症,证候导致舌象,苔薄白,不孕症名医验案解析,不孕症名医验案解析_病例1,现代临床
子宫内膜异位症,证候导致脉象,脉沉细,不孕症名医验案解析,不孕症名医验案解析_病例1,现代临床
原发性不孕,证候导致舌象,舌质淡红,不孕症名医验案解析,不孕症名医验案解析_病例1,现代临床
原发性不孕,证候导致舌象,苔薄白,不孕症名医验案解析,不孕症名医验案解析_病例1,现代临床
原发性不孕,证候导致脉象,脉细弱,不孕症名医验案解析,不孕症名医验案解析_病例1,现代临床
子宫内膜异位症,证候采用方剂,补肾种玉汤,不孕症名医验案解析,不孕症名医验案解析_病例1,现代临床
原发性不孕,证候采用方剂,健脾补肾汤加减,不孕症名医验案解析,不孕症名医验案解析_病例1,现代临床
子宫内膜异位症,理论指导实践,妇人以血为主，经水乃血所化，血的化生源于脏腑安和，脏腑气血通调则经行正常而孕自成,不孕症名医验案解析,不孕症名医验案解析_病例1,现代临床
不孕症,名医经验总结,王付,不孕症名医验案解析,不孕症名医验案解析_病例1,现代临床
不孕症,名医经验总结,张秀芹，袁义居,不孕症名医验案解析,不孕症名医验案解析_病例1,现代临床
不孕症,疾病表现症状,月经延期,不孕症名医验案解析,不孕症名医验案解析_病例1,现代临床
不孕症,疾病表现症状,原发性不孕,不孕症名医验案解析,不孕症名医验案解析_病例1,现代临床
肾虚型不孕,证候导致舌象,舌质淡,不孕症名医验案解析,不孕症名医验案解析_病例1,现代临床
肾虚型不孕,证候导致舌象,苔薄白,不孕症名医验案解析,不孕症名医验案解析_病例1,现代临床
肾虚型不孕,证候导致脉象,脉沉细,不孕症名医验案解析,不孕症名医验案解析_病例1,现代临床
脾肾阳虚型不孕,证候导致舌象,舌质淡,不孕症名医验案解析,不孕症名医验案解析_病例1,现代临床
脾肾阳虚型不孕,证候导致舌象,苔白腻,不孕症名医验案解析,不孕症名医验案解析_病例1,现代临床
脾肾阳虚型不孕,证候导致脉象,脉沉而濡滑,不孕症名医验案解析,不孕症名医验案解析_病例1,现代临床
气血两虚型不孕,证候导致舌象,舌质淡,不孕症名医验案解析,不孕症名医验案解析_病例1,现代临床
气血两虚型不孕,证候导致舌象,苔薄白,不孕症名医验案解析,不孕症名医验案解析_病例1,现代临床
气血两虚型不孕,证候导致脉象,脉迟缓,不孕症名医验案解析,不孕症名医验案解析_病例1,现代临床
补肾种玉汤,方剂组成药材,山茱萸,不孕症名医验案解析,不孕症名医验案解析_病例1,现代临床
补肾种玉汤,方剂组成药材,山药,不孕症名医验案解析,不孕症名医验案解析_病例1,现代临床
补肾种玉汤,方剂组成药材,熟地黄,不孕症名医验案解析,不孕症名医验案解析_病例1,现代临床
补肾种玉汤,方剂组成药材,党参,不孕症名医验案解析,不孕症名医验案解析_病例1,现代临床
补肾种玉汤,方剂组成药材,当归,不孕症名医验案解析,不孕症名医验案解析_病例1,现代临床
补肾种玉汤,方剂组成药材,白芍,不孕症名医验案解析,不孕症名医验案解析_病例1,现代临床
补肾种玉汤,方剂组成药材,枸杞子,不孕症名医验案解析,不孕症名医验案解析_病例1,现代临床
补肾种玉汤,方剂组成药材,肉苁蓉,不孕症名医验案解析,不孕症名医验案解析_病例1,现代临床
补肾种玉汤,方剂组成药材,鸡血藤,不孕症名医验案解析,不孕症名医验案解析_病例1,现代临床
补肾种玉汤,方剂组成药材,菟丝子,不孕症名医验案解析,不孕症名医验案解析_病例1,现代临床
补肾种玉汤,方剂组成药材,鹿角霜,不孕症名医验案解析,不孕症名医验案解析_病例1,现代临床
补肾种玉汤,方剂组成药材,蛇床子,不孕症名医验案解析,不孕症名医验案解析_病例1,现代临床
熟地黄,药材具有功效,补肾益阴,不孕症名医验案解析,不孕症名医验案解析_病例1,现代临床
山药,药材具有功效,补肾益阴,不孕症名医验案解析,不孕症名医验案解析_病例1,现代临床
山茱萸,药材具有功效,补肾益阴,不孕症名医验案解析,不孕症名医验案解析_病例1,现代临床
四物汤合党参,药材具有功效,补气养血、益冲任,不孕症名医验案解析,不孕症名医验案解析_病例1,现代临床
肉苁蓉、菟丝子、鹿角霜,药材具有功效,温养肝肾、调补冲任、补阴益精,不孕症名医验案解析,不孕症名医验案解析_病例1,现代临床
鸡血藤、川芎,药材具有功效,养血通络，促进排卵,不孕症名医验案解析,不孕症名医验案解析_病例1,现代临床
蛇床子,药材具有功效,促进卵泡发育,不孕症名医验案解析,不孕症名医验案解析_病例1,现代临床
补肾种玉汤,归属于经典,景岳全书毓麟珠,不孕症名医验案解析,不孕症名医验案解析_病例1,现代临床
补肾种玉汤,归属于经典,傅青主女科养精种玉汤,不孕症名医验案解析,不孕症名医验案解析_病例1,现代临床
补肾种玉汤,归属于经典,经验方育麟珠,不孕症名医验案解析,不孕症名医验案解析_病例1,现代临床
脾肾阳虚型不孕,证候采用方剂,潞党参、白术、桑寄生、菟丝子、杭巴戟天、淮山药、淫羊藿、仙茅、杜仲、枸杞子、当归、黄芪、仙鹤草、地榆炭,不孕症名医验案解析,不孕症名医验案解析_病例1,现代临床
气血两虚型不孕,证候采用方剂,参芪菟鹿饮,不孕症名医验案解析,不孕症名医验案解析_病例1,现代临床
气血两虚型不孕症,证候导致舌象,舌质红,不孕症名医验案解析,不孕症名医验案解析_病例1,现代临床
气血两虚型不孕症,证候导致脉象,脉细弦,不孕症名医验案解析,不孕症名医验案解析_病例1,现代临床
继发性不孕症,症状伴随症状,月经延期,不孕症名医验案解析,不孕症名医验案解析_病例1,现代临床
继发性不孕症,症状伴随症状,量少,不孕症名医验案解析,不孕症名医验案解析_病例1,现代临床
继发性不孕症,症状伴随症状,腰膝酸痛,不孕症名医验案解析,不孕症名医验案解析_病例1,现代临床
继发性不孕症,症状伴随症状,心烦,不孕症名医验案解析,不孕症名医验案解析_病例1,现代临床
继发性不孕症,症状伴随症状,手足心热,不孕症名医验案解析,不孕症名医验案解析_病例1,现代临床
继发性不孕症,证候导致舌象,舌质红,不孕症名医验案解析,不孕症名医验案解析_病例1,现代临床
继发性不孕症,证候导致脉象,脉细数,不孕症名医验案解析,不孕症名医验案解析_病例1,现代临床
原发性不孕,症状伴随症状,经行周期基本正常,不孕症名医验案解析,不孕症名医验案解析_病例1,现代临床
原发性不孕,症状伴随症状,量少,不孕症名医验案解析,不孕症名医验案解析_病例1,现代临床
原发性不孕,症状伴随症状,色暗红,不孕症名医验案解析,不孕症名医验案解析_病例1,现代临床
原发性不孕,症状伴随症状,持续3天干净,不孕症名医验案解析,不孕症名医验案解析_病例1,现代临床
原发性不孕,症状伴随症状,经将行乳头痒感,不孕症名医验案解析,不孕症名医验案解析_病例1,现代临床
原发性不孕,症状伴随症状,平时少量带下,不孕症名医验案解析,不孕症名医验案解析_病例1,现代临床
原发性不孕,症状伴随症状,色白质稀,不孕症名医验案解析,不孕症名医验案解析_病例1,现代临床
原发性不孕,症状伴随症状,夜寐欠佳,不孕症名医验案解析,不孕症名医验案解析_病例1,现代临床
原发性不孕,症状伴随症状,寐则多梦,不孕症名医验案解析,不孕症名医验案解析_病例1,现代临床
原发性不孕,症状伴随症状,甚或梦交,不孕症名医验案解析,不孕症名医验案解析_病例1,现代临床
原发性不孕,症状伴随症状,胃纳一般,不孕症名医验案解析,不孕症名医验案解析_病例1,现代临床
原发性不孕,症状伴随症状,大便正常,不孕症名医验案解析,不孕症名医验案解析_病例1,现代临床
原发性不孕,症状伴随症状,小便淡黄,不孕症名医验案解析,不孕症名医验案解析_病例1,现代临床
原发性不孕,证候导致舌象,舌质红,不孕症名医验案解析,不孕症名医验案解析_病例1,现代临床
原发性不孕,证候导致舌象,舌中有裂纹,不孕症名医验案解析,不孕症名医验案解析_病例1,现代临床
原发性不孕,证候导致脉象,脉细弦,不孕症名医验案解析,不孕症名医验案解析_病例1,现代临床
原发性不孕,证候导致舌象,苔薄白,不孕症名医验案解析,不孕症名医验案解析_病例1,现代临床
热灼胞宫症,症状伴随症状,月经先期,不孕症名医验案解析,不孕症名医验案解析_病例1,现代临床
热灼胞宫症,症状伴随症状,血量偏多,不孕症名医验案解析,不孕症名医验案解析_病例1,现代临床
热灼胞宫症,症状伴随症状,经前面红潮热,不孕症名医验案解析,不孕症名医验案解析_病例1,现代临床
热灼胞宫症,症状伴随症状,近3年来月经一月两行,不孕症名医验案解析,不孕症名医验案解析_病例1,现代临床
热灼胞宫症,症状伴随症状,血量益多,不孕症名医验案解析,不孕症名医验案解析_病例1,现代临床
热灼胞宫症,证候导致舌象,舌赤乏津,不孕症名医验案解析,不孕症名医验案解析_病例1,现代临床
热灼胞宫症,证候导致舌象,苔白中黄,不孕症名医验案解析,不孕症名医验案解析_病例1,现代临床
热灼胞宫症,证候导致脉象,脉弦滑稍数,不孕症名医验案解析,不孕症名医验案解析_病例1,现代临床
不孕症,证候采用方剂,王老参芪菟鹿饮,不孕症名医验案解析,不孕症名医验案解析_病例1,现代临床
继发性不孕症,证候采用方剂,一贯煎合调肝汤加减,不孕症名医验案解析,不孕症名医验案解析_病例1,现代临床
原发性不孕,证候采用方剂,菟丝子、当归身、白芍等方剂,不孕症名医验案解析,不孕症名医验案解析_病例1,现代临床
热灼胞宫症,证候采用方剂,生地黄、藕节等方剂,不孕症名医验案解析,不孕症名医验案解析_病例1,现代临床
王老参芪菟鹿饮,方剂组成药材,杭巴戟天,不孕症名医验案解析,不孕症名医验案解析_病例1,现代临床
王老参芪菟鹿饮,方剂组成药材,益母草,不孕症名医验案解析,不孕症名医验案解析_病例1,现代临床
王老参芪菟鹿饮,方剂组成药材,鸡内金,不孕症名医验案解析,不孕症名医验案解析_病例1,现代临床
王老参芪菟鹿饮,方剂组成药材,生龟甲,不孕症名医验案解析,不孕症名医验案解析_病例1,现代临床
一贯煎合调肝汤加减,方剂组成药材,北沙参,不孕症名医验案解析,不孕症名医验案解析_病例1,现代临床
一贯煎合调肝汤加减,方剂组成药材,生地黄,不孕症名医验案解析,不孕症名医验案解析_病例1,现代临床
菟丝子、当归身、白芍等方剂,方剂组成药材,菟丝子,不孕症名医验案解析,不孕症名医验案解析_病例1,现代临床
菟丝子、当归身、白芍等方剂,方剂组成药材,覆盆子,不孕症名医验案解析,不孕症名医验案解析_病例1,现代临床
菟丝子、当归身、白芍等方剂,方剂组成药材,党参,不孕症名医验案解析,不孕症名医验案解析_病例1,现代临床
生地黄、藕节等方剂,方剂组成药材,白芍,不孕症名医验案解析,不孕症名医验案解析_病例1,现代临床
生地黄、藕节等方剂,方剂组成药材,麦冬,不孕症名医验案解析,不孕症名医验案解析_病例1,现代临床
杭巴戟天,药材具有功效,补气血,不孕症名医验案解析,不孕症名医验案解析_病例1,现代临床
益母草,药材具有功效,调经化瘀,不孕症名医验案解析,不孕症名医验案解析_病例1,现代临床
北沙参,药材具有功效,滋养肝肾,不孕症名医验案解析,不孕症名医验案解析_病例1,现代临床
菟丝子,药材具有功效,温养肝肾,不孕症名医验案解析,不孕症名医验案解析_病例1,现代临床
生地黄,药材具有功效,清热养血,不孕症名医验案解析,不孕症名医验案解析_病例1,现代临床
医学纲目,归属于经典,调经种子,不孕症名医验案解析,不孕症名医验案解析_病例1,现代临床
古今名医妇科医案赏析,归属于经典,气血两虚型不孕症,不孕症名医验案解析,不孕症名医验案解析_病例1,现代临床
不孕不育症名家医案导读,归属于经典,继发性不孕症,不孕症名医验案解析,不孕症名医验案解析_病例1,现代临床
不孕症中医特色疗法,归属于经典,原发性不孕,不孕症名医验案解析,不孕症名医验案解析_病例1,现代临床
妇科病药方大全,归属于经典,热灼胞宫症,不孕症名医验案解析,不孕症名医验案解析_病例1,现代临床
血分热盛不孕,症状伴随症状,月经先期,不孕症名医验案解析,不孕症名医验案解析_病例1,现代临床
血分热盛不孕,症状伴随症状,血来量多,不孕症名医验案解析,不孕症名医验案解析_病例1,现代临床
血分热盛不孕,症状伴随症状,面红潮热,不孕症名医验案解析,不孕症名医验案解析_病例1,现代临床
血分热盛不孕,疾病导致舌象,苔黄乏津,不孕症名医验案解析,不孕症名医验案解析_病例1,现代临床
血分热盛不孕,疾病导致脉象,脉略数,不孕症名医验案解析,不孕症名医验案解析_病例1,现代临床
清内热养阴血方,方剂组成药材,生地黄,不孕症名医验案解析,不孕症名医验案解析_病例1,现代临床
清内热养阴血方,方剂组成药材,墨旱莲,不孕症名医验案解析,不孕症名医验案解析_病例1,现代临床
清内热养阴血方,方剂组成药材,麦冬,不孕症名医验案解析,不孕症名医验案解析_病例1,现代临床
清内热养阴血方,方剂组成药材,白芍,不孕症名医验案解析,不孕症名医验案解析_病例1,现代临床
清内热养阴血方,方剂组成药材,牡丹皮,不孕症名医验案解析,不孕症名医验案解析_病例1,现代临床
清内热养阴血方,方剂组成药材,地骨皮,不孕症名医验案解析,不孕症名医验案解析_病例1,现代临床
清内热养阴血方,方剂组成药材,黄芩,不孕症名医验案解析,不孕症名医验案解析_病例1,现代临床
清内热养阴血方,方剂组成药材,胡黄连,不孕症名医验案解析,不孕症名医验案解析_病例1,现代临床
清内热养阴血方,方剂组成药材,阿胶,不孕症名医验案解析,不孕症名医验案解析_病例1,现代临床
子宫肌瘤性不孕,症状伴随症状,月经周期紊乱,不孕症名医验案解析,不孕症名医验案解析_病例1,现代临床
子宫肌瘤性不孕,症状伴随症状,经量多色红,不孕症名医验案解析,不孕症名医验案解析_病例1,现代临床
子宫肌瘤性不孕,症状伴随症状,有小血块,不孕症名医验案解析,不孕症名医验案解析_病例1,现代临床
子宫肌瘤性不孕,症状伴随症状,腰脊酸楚,不孕症名医验案解析,不孕症名医验案解析_病例1,现代临床
子宫肌瘤性不孕,症状伴随症状,腹闷痛,不孕症名医验案解析,不孕症名医验案解析_病例1,现代临床
子宫肌瘤性不孕,症状伴随症状,神疲乏力,不孕症名医验案解析,不孕症名医验案解析_病例1,现代临床
子宫肌瘤性不孕,症状伴随症状,情志抑郁,不孕症名医验案解析,不孕症名医验案解析_病例1,现代临床
子宫肌瘤性不孕,症状伴随症状,夜寐欠佳,不孕症名医验案解析,不孕症名医验案解析_病例1,现代临床
子宫肌瘤性不孕,症状伴随症状,白带量多,不孕症名医验案解析,不孕症名医验案解析_病例1,现代临床
子宫肌瘤性不孕,疾病导致舌象,舌淡红,不孕症名医验案解析,不孕症名医验案解析_病例1,现代临床
子宫肌瘤性不孕,疾病导致舌象,苔薄微黄,不孕症名医验案解析,不孕症名医验案解析_病例1,现代临床
子宫肌瘤性不孕,疾病导致脉象,脉细弦,不孕症名医验案解析,不孕症名医验案解析_病例1,现代临床
海藻消癥汤加减,方剂组成药材,丹参,不孕症名医验案解析,不孕症名医验案解析_病例1,现代临床
海藻消癥汤加减,方剂组成药材,黄芪,不孕症名医验案解析,不孕症名医验案解析_病例1,现代临床
海藻消癥汤加减,方剂组成药材,桂枝,不孕症名医验案解析,不孕症名医验案解析_病例1,现代临床
海藻消癥汤加减,方剂组成药材,牡丹皮,不孕症名医验案解析,不孕症名医验案解析_病例1,现代临床
海藻消癥汤加减,方剂组成药材,赤芍,不孕症名医验案解析,不孕症名医验案解析_病例1,现代临床
海藻消癥汤加减,方剂组成药材,当归,不孕症名医验案解析,不孕症名医验案解析_病例1,现代临床
海藻消癥汤加减,方剂组成药材,香附,不孕症名医验案解析,不孕症名医验案解析_病例1,现代临床
海藻消癥汤加减,方剂组成药材,夏枯草,不孕症名医验案解析,不孕症名医验案解析_病例1,现代临床
海藻消癥汤加减,方剂组成药材,海藻,不孕症名医验案解析,不孕症名医验案解析_病例1,现代临床
海藻消癥汤加减,方剂组成药材,浙贝母,不孕症名医验案解析,不孕症名医验案解析_病例1,现代临床
海藻消癥汤加减,方剂组成药材,山慈菇,不孕症名医验案解析,不孕症名医验案解析_病例1,现代临床
海藻消癥汤加减,方剂组成药材,甘草,不孕症名医验案解析,不孕症名医验案解析_病例1,现代临床
黄芪消癥丸,方剂组成药材,黄芪,不孕症名医验案解析,不孕症名医验案解析_病例1,现代临床
黄芪消癥丸,方剂组成药材,丹参,不孕症名医验案解析,不孕症名医验案解析_病例1,现代临床
黄芪消癥丸,方剂组成药材,半枝莲,不孕症名医验案解析,不孕症名医验案解析_病例1,现代临床
黄芪消癥丸,方剂组成药材,益母草,不孕症名医验案解析,不孕症名医验案解析_病例1,现代临床
黄芪消癥丸,方剂组成药材,夏枯草,不孕症名医验案解析,不孕症名医验案解析_病例1,现代临床
黄芪消癥丸,方剂组成药材,黄药子,不孕症名医验案解析,不孕症名医验案解析_病例1,现代临床
黄芪消癥丸,方剂组成药材,生牡蛎,不孕症名医验案解析,不孕症名医验案解析_病例1,现代临床
黄芪消癥丸,方剂组成药材,三棱,不孕症名医验案解析,不孕症名医验案解析_病例1,现代临床
黄芪消癥丸,方剂组成药材,莪术,不孕症名医验案解析,不孕症名医验案解析_病例1,现代临床
黄芪消癥丸,方剂组成药材,赤芍,不孕症名医验案解析,不孕症名医验案解析_病例1,现代临床
黄芪消癥丸,方剂组成药材,延胡索,不孕症名医验案解析,不孕症名医验案解析_病例1,现代临床
黄芪消癥丸,方剂组成药材,炒蒲黄,不孕症名医验案解析,不孕症名医验案解析_病例1,现代临床
黄芪消癥丸,方剂组成药材,香附,不孕症名医验案解析,不孕症名医验案解析_病例1,现代临床
黄芪消癥丸,方剂组成药材,山楂,不孕症名医验案解析,不孕症名医验案解析_病例1,现代临床
消囊肿合剂,方剂组成药材,熟地黄,不孕症名医验案解析,不孕症名医验案解析_病例1,现代临床
消囊肿合剂,方剂组成药材,当归,不孕症名医验案解析,不孕症名医验案解析_病例1,现代临床
消囊肿合剂,方剂组成药材,鹿角胶,不孕症名医验案解析,不孕症名医验案解析_病例1,现代临床
消囊肿合剂,方剂组成药材,肉桂,不孕症名医验案解析,不孕症名医验案解析_病例1,现代临床
消囊肿合剂,方剂组成药材,白芥子,不孕症名医验案解析,不孕症名医验案解析_病例1,现代临床
消囊肿合剂,方剂组成药材,麻黄,不孕症名医验案解析,不孕症名医验案解析_病例1,现代临床
消囊肿合剂,方剂组成药材,炒桃仁,不孕症名医验案解析,不孕症名医验案解析_病例1,现代临床
消囊肿合剂,方剂组成药材,三棱,不孕症名医验案解析,不孕症名医验案解析_病例1,现代临床
消囊肿合剂,方剂组成药材,海藻,不孕症名医验案解析,不孕症名医验案解析_病例1,现代临床
消囊肿合剂,方剂组成药材,陈皮,不孕症名医验案解析,不孕症名医验案解析_病例1,现代临床
消囊肿合剂,方剂组成药材,菟丝子,不孕症名医验案解析,不孕症名医验案解析_病例1,现代临床
消囊肿合剂,方剂组成药材,夏枯草,不孕症名医验案解析,不孕症名医验案解析_病例1,现代临床
消囊肿合剂,方剂组成药材,乳香,不孕症名医验案解析,不孕症名医验案解析_病例1,现代临床
消囊肿合剂,方剂组成药材,没药,不孕症名医验案解析,不孕症名医验案解析_病例1,现代临床
子宫性不孕,症状伴随症状,劳累后腰痛腿酸,不孕症名医验案解析,不孕症名医验案解析_病例1,现代临床
子宫性不孕,症状伴随症状,月经后期,不孕症名医验案解析,不孕症名医验案解析_病例1,现代临床
子宫性不孕,症状伴随症状,量少,不孕症名医验案解析,不孕症名医验案解析_病例1,现代临床
子宫性不孕,症状伴随症状,经色暗红,不孕症名医验案解析,不孕症名医验案解析_病例1,现代临床
子宫性不孕,症状伴随症状,夹有少量血块,不孕症名医验案解析,不孕症名医验案解析_病例1,现代临床
子宫性不孕,症状伴随症状,经期小腹有凉感,不孕症名医验案解析,不孕症名医验案解析_病例1,现代临床
子宫性不孕,症状伴随症状,月经来潮第1天小腹隐痛,不孕症名医验案解析,不孕症名医验案解析_病例1,现代临床
子宫性不孕,疾病导致舌象,舌质淡红,不孕症名医验案解析,不孕症名医验案解析_病例1,现代临床
子宫性不孕,疾病导致舌象,有瘀点,不孕症名医验案解析,不孕症名医验案解析_病例1,现代临床
子宫性不孕,疾病导致舌象,苔薄白,不孕症名医验案解析,不孕症名医验案解析_病例1,现代临床
子宫性不孕,疾病导致脉象,脉细弱,不孕症名医验案解析,不孕症名医验案解析_病例1,现代临床
育宫汤加减,方剂组成药材,紫河车粉,不孕症名医验案解析,不孕症名医验案解析_病例1,现代临床
育宫汤加减,方剂组成药材,淫羊藿,不孕症名医验案解析,不孕症名医验案解析_病例1,现代临床
育宫汤加减,方剂组成药材,菟丝子,不孕症名医验案解析,不孕症名医验案解析_病例1,现代临床
育宫汤加减,方剂组成药材,枸杞子,不孕症名医验案解析,不孕症名医验案解析_病例1,现代临床
育宫汤加减,方剂组成药材,桑葚,不孕症名医验案解析,不孕症名医验案解析_病例1,现代临床
育宫汤加减,方剂组成药材,山药,不孕症名医验案解析,不孕症名医验案解析_病例1,现代临床
育宫汤加减,方剂组成药材,酒白芍,不孕症名医验案解析,不孕症名医验案解析_病例1,现代临床
育宫汤加减,方剂组成药材,巴戟天,不孕症名医验案解析,不孕症名医验案解析_病例1,现代临床
育宫汤加减,方剂组成药材,当归,不孕症名医验案解析,不孕症名医验案解析_病例1,现代临床
育宫汤加减,方剂组成药材,炒艾叶,不孕症名医验案解析,不孕症名医验案解析_病例1,现代临床
育宫汤加减,方剂组成药材,小茴香,不孕症名医验案解析,不孕症名医验案解析_病例1,现代临床
育宫汤加减,方剂组成药材,肉桂,不孕症名医验案解析,不孕症名医验案解析_病例1,现代临床
育宫汤加减,方剂组成药材,红花,不孕症名医验案解析,不孕症名医验案解析_病例1,现代临床
育宫汤加减,方剂组成药材,甘草,不孕症名医验案解析,不孕症名医验案解析_病例1,现代临床
子宫性不孕,疾病导致舌象,舌质稍淡，有瘀斑，苔薄白,不孕症名医验案解析,不孕症名医验案解析_病例1,现代临床
子宫性不孕,疾病导致脉象,脉沉弦,不孕症名医验案解析,不孕症名医验案解析_病例1,现代临床
子宫性不孕,症状伴随症状,腰痛腿酸,不孕症名医验案解析,不孕症名医验案解析_病例1,现代临床
子宫性不孕,症状伴随症状,月经稀少,不孕症名医验案解析,不孕症名医验案解析_病例1,现代临床
子宫性不孕,症状伴随症状,闭经,不孕症名医验案解析,不孕症名医验案解析_病例1,现代临床
子宫性不孕,证候导致舌象,舌质稍淡，有瘀斑，苔薄白,不孕症名医验案解析,不孕症名医验案解析_病例1,现代临床
子宫性不孕,证候导致脉象,脉沉弦,不孕症名医验案解析,不孕症名医验案解析_病例1,现代临床
子宫性不孕,综合辨证证候,肾虚兼寒凝血瘀,不孕症名医验案解析,不孕症名医验案解析_病例1,现代临床
子宫性不孕,证候采用方剂,育宫汤加减,不孕症名医验案解析,不孕症名医验案解析_病例1,现代临床
育宫汤加减,方剂组成药材,紫河车粉(冲)6g,不孕症名医验案解析,不孕症名医验案解析_病例1,现代临床
育宫汤加减,方剂组成药材,淫羊藿、菟丝子、枸杞子、桑葚、山药、酒白芍各15g,不孕症名医验案解析,不孕症名医验案解析_病例1,现代临床
育宫汤加减,方剂组成药材,巴戟天、当归、炒艾叶各10g,不孕症名医验案解析,不孕症名医验案解析_病例1,现代临床
育宫汤加减,方剂组成药材,小茴香、肉桂、红花各8g,不孕症名医验案解析,不孕症名医验案解析_病例1,现代临床
育宫汤加减,方剂组成药材,甘草9g,不孕症名医验案解析,不孕症名医验案解析_病例1,现代临床
紫河车,药材具有功效,补肾益精，养血益气,不孕症名医验案解析,不孕症名医验案解析_病例1,现代临床
淫羊藿,药材具有功效,补肾壮阳,不孕症名医验案解析,不孕症名医验案解析_病例1,现代临床
枸杞子、桑葚,药材具有功效,滋肾阴而生精血,不孕症名医验案解析,不孕症名医验案解析_病例1,现代临床
当归、白芍,药材具有功效,补血养阴,不孕症名医验案解析,不孕症名医验案解析_病例1,现代临床
山药,药材具有功效,益肾健脾,不孕症名医验案解析,不孕症名医验案解析_病例1,现代临床
艾叶,药材具有功效,暖气血而温经脉,不孕症名医验案解析,不孕症名医验案解析_病例1,现代临床
菟丝子,药材具有功效,补肾阳，益肾阴,不孕症名医验案解析,不孕症名医验案解析_病例1,现代临床
子宫内膜异位症,疾病导致舌象,舌质淡暗，边尖暗红，苔黄厚腻,不孕症名医验案解析,不孕症名医验案解析_病例1,现代临床
子宫内膜异位症,疾病导致脉象,脉细软,不孕症名医验案解析,不孕症名医验案解析_病例1,现代临床
子宫内膜异位症,症状伴随症状,小腹隐痛,不孕症名医验案解析,不孕症名医验案解析_病例1,现代临床
子宫内膜异位症,症状伴随症状,行经时腰酸腿软,不孕症名医验案解析,不孕症名医验案解析_病例1,现代临床
子宫内膜异位症,证候导致舌象,舌质淡暗，边尖暗红，苔黄厚腻,不孕症名医验案解析,不孕症名医验案解析_病例1,现代临床
子宫内膜异位症,证候导致脉象,脉细软,不孕症名医验案解析,不孕症名医验案解析_病例1,现代临床
子宫内膜异位症,综合辨证证候,肝肾不足，湿热蕴积，冲任气滞,不孕症名医验案解析,不孕症名医验案解析_病例1,现代临床
子宫内膜异位症,证候采用方剂,"全当归15g,丹参20g,赤芍12g,柴胡9g,延胡索9g,川楝子12g,红藤12g,刘寄奴12g,制香附12g,川续断12g,桑枝、桑寄生各12g,丝瓜络12g,石菖蒲9g",不孕症名医验案解析,不孕症名医验案解析_病例1,现代临床
子宫内膜异位症,症状辨证证候,肝肾耗损，邪伤冲任，湿热内蕴，冲任气滞,不孕症名医验案解析,不孕症名医验案解析_病例1,现代临床
继发性不孕症,疾病导致舌象,舌淡,不孕症名医验案解析,不孕症名医验案解析_病例1,现代临床
继发性不孕症,疾病导致舌象,苔少薄白,不孕症名医验案解析,不孕症名医验案解析_病例1,现代临床
继发性不孕症,疾病导致脉象,脉弦滑较大无力,不孕症名医验案解析,不孕症名医验案解析_病例1,现代临床
脾肾气虚，湿毒内蕴,证候导致舌象,舌淡,不孕症名医验案解析,不孕症名医验案解析_病例1,现代临床
脾肾气虚，湿毒内蕴,证候导致舌象,苔少薄白,不孕症名医验案解析,不孕症名医验案解析_病例1,现代临床
脾肾气虚，湿毒内蕴,证候导致脉象,脉弦滑较大无力,不孕症名医验案解析,不孕症名医验案解析_病例1,现代临床
脾肾气虚，湿毒内蕴,症状辨证证候,脾肾气虚,不孕症名医验案解析,不孕症名医验案解析_病例1,现代临床
脾肾气虚，湿毒内蕴,症状辨证证候,湿毒内蕴,不孕症名医验案解析,不孕症名医验案解析_病例1,现代临床
理冲汤加减,证候采用方剂,脾肾气虚，湿毒内蕴,不孕症名医验案解析,不孕症名医验案解析_病例1,现代临床
理冲汤加减,方剂组成药材,党参,不孕症名医验案解析,不孕症名医验案解析_病例1,现代临床
理冲汤加减,方剂组成药材,白术,不孕症名医验案解析,不孕症名医验案解析_病例1,现代临床
理冲汤加减,方剂组成药材,茯苓,不孕症名医验案解析,不孕症名医验案解析_病例1,现代临床
理冲汤加减,方剂组成药材,黄芪,不孕症名医验案解析,不孕症名医验案解析_病例1,现代临床
理冲汤加减,方剂组成药材,山药,不孕症名医验案解析,不孕症名医验案解析_病例1,现代临床
理冲汤加减,方剂组成药材,三棱,不孕症名医验案解析,不孕症名医验案解析_病例1,现代临床
理冲汤加减,方剂组成药材,莪术,不孕症名医验案解析,不孕症名医验案解析_病例1,现代临床
理冲汤加减,方剂组成药材,败酱草,不孕症名医验案解析,不孕症名医验案解析_病例1,现代临床
理冲汤加减,方剂组成药材,薏苡仁,不孕症名医验案解析,不孕症名医验案解析_病例1,现代临床
理冲汤加减,方剂组成药材,川牛膝,不孕症名医验案解析,不孕症名医验案解析_病例1,现代临床
理冲汤加减,方剂组成药材,车前子,不孕症名医验案解析,不孕症名医验案解析_病例1,现代临床
理冲汤加减,方剂组成药材,桂枝,不孕症名医验案解析,不孕症名医验案解析_病例1,现代临床
理冲汤加减,方剂组成药材,蜈蚣,不孕症名医验案解析,不孕症名医验案解析_病例1,现代临床
理冲汤加减,方剂组成药材,土鳖虫,不孕症名医验案解析,不孕症名医验案解析_病例1,现代临床
理冲汤加减,方剂组成药材,鸡血藤,不孕症名医验案解析,不孕症名医验案解析_病例1,现代临床
理冲汤加减,方剂组成药材,穿山甲,不孕症名医验案解析,不孕症名医验案解析_病例1,现代临床
理冲汤加减,方剂组成药材,皂角刺,不孕症名医验案解析,不孕症名医验案解析_病例1,现代临床
理冲汤加减,方剂组成药材,细辛,不孕症名医验案解析,不孕症名医验案解析_病例1,现代临床
理冲汤加减,方剂组成药材,通草,不孕症名医验案解析,不孕症名医验案解析_病例1,现代临床
党参,药材具有功效,益气健脾,不孕症名医验案解析,不孕症名医验案解析_病例1,现代临床
白术,药材具有功效,益气健脾,不孕症名医验案解析,不孕症名医验案解析_病例1,现代临床
黄芪,药材具有功效,益气健脾,不孕症名医验案解析,不孕症名医验案解析_病例1,现代临床
山药,药材具有功效,益气健脾,不孕症名医验案解析,不孕症名医验案解析_病例1,现代临床
茯苓,药材具有功效,益气健脾,不孕症名医验案解析,不孕症名医验案解析_病例1,现代临床
三棱,药材具有功效,破瘀消瘕,不孕症名医验案解析,不孕症名医验案解析_病例1,现代临床
莪术,药材具有功效,破瘀消瘕,不孕症名医验案解析,不孕症名医验案解析_病例1,现代临床
败酱草,药材具有功效,解毒散结,不孕症名医验案解析,不孕症名医验案解析_病例1,现代临床
薏苡仁,药材具有功效,清热解毒,不孕症名医验案解析,不孕症名医验案解析_病例1,现代临床
车前子,药材具有功效,利湿散结,不孕症名医验案解析,不孕症名医验案解析_病例1,现代临床
川牛膝,药材具有功效,补肾调冲,不孕症名医验案解析,不孕症名医验案解析_病例1,现代临床
桂枝,药材具有功效,温通经脉,不孕症名医验案解析,不孕症名医验案解析_病例1,现代临床
蜈蚣,药材具有功效,搜剔畅通胞脉,不孕症名医验案解析,不孕症名医验案解析_病例1,现代临床
土鳖虫,药材具有功效,搜剔畅通胞脉,不孕症名医验案解析,不孕症名医验案解析_病例1,现代临床
鸡血藤,药材具有功效,养血活血,不孕症名医验案解析,不孕症名医验案解析_病例1,现代临床
穿山甲,药材具有功效,疏通胞络,不孕症名医验案解析,不孕症名医验案解析_病例1,现代临床
皂角刺,药材具有功效,疏通胞络,不孕症名医验案解析,不孕症名医验案解析_病例1,现代临床
通草,药材具有功效,疏通胞络,不孕症名医验案解析,不孕症名医验案解析_病例1,现代临床
细辛,药材具有功效,温通经脉,不孕症名医验案解析,不孕症名医验案解析_病例1,现代临床
继发性不孕症,疾病导致舌象,舌质淡红,不孕症名医验案解析,不孕症名医验案解析_病例1,现代临床
继发性不孕症,疾病导致舌象,苔薄白,不孕症名医验案解析,不孕症名医验案解析_病例1,现代临床
继发性不孕症,疾病导致脉象,脉沉弦细略滑无力,不孕症名医验案解析,不孕症名医验案解析_病例1,现代临床
脾肾气虚,证候导致舌象,舌质淡红,不孕症名医验案解析,不孕症名医验案解析_病例1,现代临床
脾肾气虚,证候导致舌象,苔薄白,不孕症名医验案解析,不孕症名医验案解析_病例1,现代临床
脾肾气虚,证候导致脉象,脉沉弦细略滑无力,不孕症名医验案解析,不孕症名医验案解析_病例1,现代临床
脾肾气虚，邪毒内蕴,症状辨证证候,脾肾气虚,不孕症名医验案解析,不孕症名医验案解析_病例1,现代临床
脾肾气虚，邪毒内蕴,症状辨证证候,邪毒内蕴,不孕症名医验案解析,不孕症名医验案解析_病例1,现代临床
理冲汤加减,证候采用方剂,脾肾气虚，邪毒内蕴,不孕症名医验案解析,不孕症名医验案解析_病例1,现代临床
柏子仁丸加减,证候采用方剂,肝肾阴虚，邪毒内蕴,不孕症名医验案解析,不孕症名医验案解析_病例1,现代临床
柏子仁丸加减,方剂组成药材,丹参,不孕症名医验案解析,不孕症名医验案解析_病例1,现代临床
柏子仁丸加减,方剂组成药材,赤芍,不孕症名医验案解析,不孕症名医验案解析_病例1,现代临床
柏子仁丸加减,方剂组成药材,牡丹皮,不孕症名医验案解析,不孕症名医验案解析_病例1,现代临床
柏子仁丸加减,方剂组成药材,生地黄,不孕症名医验案解析,不孕症名医验案解析_病例1,现代临床
柏子仁丸加减,方剂组成药材,熟地黄,不孕症名医验案解析,不孕症名医验案解析_病例1,现代临床
柏子仁丸加减,方剂组成药材,怀牛膝,不孕症名医验案解析,不孕症名医验案解析_病例1,现代临床
柏子仁丸加减,方剂组成药材,车前子,不孕症名医验案解析,不孕症名医验案解析_病例1,现代临床
柏子仁丸加减,方剂组成药材,枸杞子,不孕症名医验案解析,不孕症名医验案解析_病例1,现代临床
柏子仁丸加减,方剂组成药材,当归,不孕症名医验案解析,不孕症名医验案解析_病例1,现代临床
柏子仁丸加减,方剂组成药材,白芍,不孕症名医验案解析,不孕症名医验案解析_病例1,现代临床
柏子仁丸加减,方剂组成药材,菟丝子,不孕症名医验案解析,不孕症名医验案解析_病例1,现代临床
柏子仁丸加减,方剂组成药材,覆盆子,不孕症名医验案解析,不孕症名医验案解析_病例1,现代临床
柏子仁丸加减,方剂组成药材,柏子仁,不孕症名医验案解析,不孕症名医验案解析_病例1,现代临床
柏子仁丸加减,方剂组成药材,甘草,不孕症名医验案解析,不孕症名医验案解析_病例1,现代临床
丹参,药材具有功效,活血通络,不孕症名医验案解析,不孕症名医验案解析_病例1,现代临床
当归,药材具有功效,养血和营,不孕症名医验案解析,不孕症名医验案解析_病例1,现代临床
赤芍,药材具有功效,活血通络,不孕症名医验案解析,不孕症名医验案解析_病例1,现代临床
牡丹皮,药材具有功效,清热利湿,不孕症名医验案解析,不孕症名医验案解析_病例1,现代临床
车前子,药材具有功效,清热利湿,不孕症名医验案解析,不孕症名医验案解析_病例1,现代临床
怀牛膝,药材具有功效,补益肾精,不孕症名医验案解析,不孕症名医验案解析_病例1,现代临床
枸杞子,药材具有功效,补益肾精,不孕症名医验案解析,不孕症名医验案解析_病例1,现代临床
菟丝子,药材具有功效,补益肾精,不孕症名医验案解析,不孕症名医验案解析_病例1,现代临床
覆盆子,药材具有功效,补益肾精,不孕症名医验案解析,不孕症名医验案解析_病例1,现代临床
柏子仁,药材具有功效,养心安神,不孕症名医验案解析,不孕症名医验案解析_病例1,现代临床
甘草,药材具有功效,调和诸药,不孕症名医验案解析,不孕症名医验案解析_病例1,现代临床
继发性不孕症合并无排卵型月经,证候导致舌象,舌嫩,不孕症名医验案解析,不孕症名医验案解析_病例1,现代临床
继发性不孕症合并无排卵型月经,证候导致脉象,脉缓,不孕症名医验案解析,不孕症名医验案解析_病例1,现代临床
肝肾阴虚,证候导致舌象,舌嫩,不孕症名医验案解析,不孕症名医验案解析_病例1,现代临床
肝肾阴虚,证候导致脉象,脉缓,不孕症名医验案解析,不孕症名医验案解析_病例1,现代临床
继发性不孕症,证候采用方剂,保阴煎加减,不孕症名医验案解析,不孕症名医验案解析_病例1,现代临床
保阴煎加减,方剂组成药材,当归,不孕症名医验案解析,不孕症名医验案解析_病例1,现代临床
保阴煎加减,方剂组成药材,白芍,不孕症名医验案解析,不孕症名医验案解析_病例1,现代临床
保阴煎加减,方剂组成药材,熟地黄,不孕症名医验案解析,不孕症名医验案解析_病例1,现代临床
保阴煎加减,方剂组成药材,生地黄,不孕症名医验案解析,不孕症名医验案解析_病例1,现代临床
保阴煎加减,方剂组成药材,山药,不孕症名医验案解析,不孕症名医验案解析_病例1,现代临床
保阴煎加减,方剂组成药材,山茱萸,不孕症名医验案解析,不孕症名医验案解析_病例1,现代临床
保阴煎加减,方剂组成药材,白术,不孕症名医验案解析,不孕症名医验案解析_病例1,现代临床
保阴煎加减,方剂组成药材,黄芩,不孕症名医验案解析,不孕症名医验案解析_病例1,现代临床
保阴煎加减,方剂组成药材,黄檗,不孕症名医验案解析,不孕症名医验案解析_病例1,现代临床
保阴煎加减,方剂组成药材,菟丝子,不孕症名医验案解析,不孕症名医验案解析_病例1,现代临床
保阴煎加减,方剂组成药材,桑寄生,不孕症名医验案解析,不孕症名医验案解析_病例1,现代临床
保阴煎加减,方剂组成药材,川续断,不孕症名医验案解析,不孕症名医验案解析_病例1,现代临床
保阴煎加减,方剂组成药材,阿胶,不孕症名医验案解析,不孕症名医验案解析_病例1,现代临床
保阴煎加减,方剂组成药材,甘草,不孕症名医验案解析,不孕症名医验案解析_病例1,现代临床
当归,药材具有功效,养血和营,不孕症名医验案解析,不孕症名医验案解析_病例1,现代临床
白芍,药材具有功效,养血和营,不孕症名医验案解析,不孕症名医验案解析_病例1,现代临床
熟地黄,药材具有功效,养血和营,不孕症名医验案解析,不孕症名医验案解析_病例1,现代临床
生地黄,药材具有功效,养血和营,不孕症名医验案解析,不孕症名医验案解析_病例1,现代临床
山药,药材具有功效,健脾益气,不孕症名医验案解析,不孕症名医验案解析_病例1,现代临床
山茱萸,药材具有功效,补肾安胎,不孕症名医验案解析,不孕症名医验案解析_病例1,现代临床
菟丝子,药材具有功效,补肾安胎,不孕症名医验案解析,不孕症名医验案解析_病例1,现代临床
桑寄生,药材具有功效,补肾安胎,不孕症名医验案解析,不孕症名医验案解析_病例1,现代临床
川续断,药材具有功效,补肾安胎,不孕症名医验案解析,不孕症名医验案解析_病例1,现代临床
黄芩,药材具有功效,坚阴安胎,不孕症名医验案解析,不孕症名医验案解析_病例1,现代临床
黄檗,药材具有功效,坚阴安胎,不孕症名医验案解析,不孕症名医验案解析_病例1,现代临床
阿胶,药材具有功效,滋阴养血,不孕症名医验案解析,不孕症名医验案解析_病例1,现代临床
甘草,药材具有功效,调和诸药,不孕症名医验案解析,不孕症名医验案解析_病例1,现代临床
继发性不孕症,证候采用方剂,柏子仁丸加减,不孕症名医验案解析,不孕症名医验案解析_病例1,现代临床
柏子仁丸加减,方剂组成药材,丹参,不孕症名医验案解析,不孕症名医验案解析_病例1,现代临床
柏子仁丸加减,方剂组成药材,牡丹皮,不孕症名医验案解析,不孕症名医验案解析_病例1,现代临床
柏子仁丸加减,方剂组成药材,车前子,不孕症名医验案解析,不孕症名医验案解析_病例1,现代临床
柏子仁丸加减,方剂组成药材,怀牛膝,不孕症名医验案解析,不孕症名医验案解析_病例1,现代临床
柏子仁丸加减,方剂组成药材,枸杞子,不孕症名医验案解析,不孕症名医验案解析_病例1,现代临床
柏子仁丸加减,方剂组成药材,覆盆子,不孕症名医验案解析,不孕症名医验案解析_病例1,现代临床
柏子仁丸加减,方剂组成药材,柏子仁,不孕症名医验案解析,不孕症名医验案解析_病例1,现代临床
柏子仁丸加减,方剂组成药材,甘草,不孕症名医验案解析,不孕症名医验案解析_病例1,现代临床
继发性不孕症,证候采用方剂,嗣宗汤加减,不孕症名医验案解析,不孕症名医验案解析_病例1,现代临床
嗣宗汤加减,方剂组成药材,柴胡,不孕症名医验案解析,不孕症名医验案解析_病例1,现代临床
嗣宗汤加减,方剂组成药材,板蓝根,不孕症名医验案解析,不孕症名医验案解析_病例1,现代临床
嗣宗汤加减,方剂组成药材,大青叶,不孕症名医验案解析,不孕症名医验案解析_病例1,现代临床
嗣宗汤加减,方剂组成药材,川芎,不孕症名医验案解析,不孕症名医验案解析_病例1,现代临床
嗣宗汤加减,方剂组成药材,当归,不孕症名医验案解析,不孕症名医验案解析_病例1,现代临床
嗣宗汤加减,方剂组成药材,白芍,不孕症名医验案解析,不孕症名医验案解析_病例1,现代临床
嗣宗汤加减,方剂组成药材,熟地黄,不孕症名医验案解析,不孕症名医验案解析_病例1,现代临床
嗣宗汤加减,方剂组成药材,淫羊藿,不孕症名医验案解析,不孕症名医验案解析_病例1,现代临床
嗣宗汤加减,方剂组成药材,金银花,不孕症名医验案解析,不孕症名医验案解析_病例1,现代临床
嗣宗汤加减,方剂组成药材,连翘,不孕症名医验案解析,不孕症名医验案解析_病例1,现代临床
嗣宗汤加减,方剂组成药材,益智仁,不孕症名医验案解析,不孕症名医验案解析_病例1,现代临床
嗣宗汤加减,方剂组成药材,肉苁蓉,不孕症名医验案解析,不孕症名医验案解析_病例1,现代临床
嗣宗汤加减,方剂组成药材,巴戟天,不孕症名医验案解析,不孕症名医验案解析_病例1,现代临床
嗣宗汤加减,方剂组成药材,黄芩,不孕症名医验案解析,不孕症名医验案解析_病例1,现代临床
嗣宗汤加减,方剂组成药材,生甘草,不孕症名医验案解析,不孕症名医验案解析_病例1,现代临床
嗣宗汤加减,方剂组成药材,女贞子,不孕症名医验案解析,不孕症名医验案解析_病例1,现代临床
嗣宗汤加减,方剂组成药材,桑葚,不孕症名医验案解析,不孕症名医验案解析_病例1,现代临床
嗣宗汤加减,方剂组成药材,制黄精,不孕症名医验案解析,不孕症名医验案解析_病例1,现代临床
嗣宗汤加减,方剂组成药材,太子参,不孕症名医验案解析,不孕症名医验案解析_病例1,现代临床
嗣宗汤加减,方剂组成药材,生黄芪,不孕症名医验案解析,不孕症名医验案解析_病例1,现代临床
嗣宗汤加减,方剂组成药材,大枣,不孕症名医验案解析,不孕症名医验案解析_病例1,现代临床
脉络瘀阻，气血不畅,证候采用方剂,桃红四物汤加减,不孕症名医验案解析,不孕症名医验案解析_病例1,现代临床
桃红四物汤加减,方剂组成药材,当归尾,不孕症名医验案解析,不孕症名医验案解析_病例1,现代临床
桃红四物汤加减,方剂组成药材,川芎,不孕症名医验案解析,不孕症名医验案解析_病例1,现代临床
桃红四物汤加减,方剂组成药材,赤芍,不孕症名医验案解析,不孕症名医验案解析_病例1,现代临床
桃红四物汤加减,方剂组成药材,白芍,不孕症名医验案解析,不孕症名医验案解析_病例1,现代临床
桃红四物汤加减,方剂组成药材,熟地黄,不孕症名医验案解析,不孕症名医验案解析_病例1,现代临床
桃红四物汤加减,方剂组成药材,川楝子,不孕症名医验案解析,不孕症名医验案解析_病例1,现代临床
桃红四物汤加减,方剂组成药材,延胡索,不孕症名医验案解析,不孕症名医验案解析_病例1,现代临床
桃红四物汤加减,方剂组成药材,桃仁,不孕症名医验案解析,不孕症名医验案解析_病例1,现代临床
桃红四物汤加减,方剂组成药材,丹参,不孕症名医验案解析,不孕症名医验案解析_病例1,现代临床
桃红四物汤加减,方剂组成药材,大青叶,不孕症名医验案解析,不孕症名医验案解析_病例1,现代临床
桃红四物汤加减,方剂组成药材,板蓝根,不孕症名医验案解析,不孕症名医验案解析_病例1,现代临床
桃红四物汤加减,方剂组成药材,金银花,不孕症名医验案解析,不孕症名医验案解析_病例1,现代临床
桃红四物汤加减,方剂组成药材,连翘,不孕症名医验案解析,不孕症名医验案解析_病例1,现代临床
桃红四物汤加减,方剂组成药材,槟榔,不孕症名医验案解析,不孕症名医验案解析_病例1,现代临床
月经潮而欠畅,证候采用方剂,四物通络汤加减,不孕症名医验案解析,不孕症名医验案解析_病例1,现代临床
四物通络汤加减,方剂组成药材,当归尾,不孕症名医验案解析,不孕症名医验案解析_病例1,现代临床
四物通络汤加减,方剂组成药材,川芎,不孕症名医验案解析,不孕症名医验案解析_病例1,现代临床
四物通络汤加减,方剂组成药材,赤芍,不孕症名医验案解析,不孕症名医验案解析_病例1,现代临床
四物通络汤加减,方剂组成药材,白芍,不孕症名医验案解析,不孕症名医验案解析_病例1,现代临床
四物通络汤加减,方剂组成药材,熟地黄,不孕症名医验案解析,不孕症名医验案解析_病例1,现代临床
四物通络汤加减,方剂组成药材,川楝子,不孕症名医验案解析,不孕症名医验案解析_病例1,现代临床
四物通络汤加减,方剂组成药材,延胡索,不孕症名医验案解析,不孕症名医验案解析_病例1,现代临床
四物通络汤加减,方剂组成药材,桃仁,不孕症名医验案解析,不孕症名医验案解析_病例1,现代临床
四物通络汤加减,方剂组成药材,丹参,不孕症名医验案解析,不孕症名医验案解析_病例1,现代临床
四物通络汤加减,方剂组成药材,大青叶,不孕症名医验案解析,不孕症名医验案解析_病例1,现代临床
四物通络汤加减,方剂组成药材,板蓝根,不孕症名医验案解析,不孕症名医验案解析_病例1,现代临床
四物通络汤加减,方剂组成药材,金银花,不孕症名医验案解析,不孕症名医验案解析_病例1,现代临床
四物通络汤加减,方剂组成药材,连翘,不孕症名医验案解析,不孕症名医验案解析_病例1,现代临床
四物通络汤加减,方剂组成药材,槟榔,不孕症名医验案解析,不孕症名医验案解析_病例1,现代临床
月经已净，气血不足，肾脏亏虚,证候采用方剂,嗣宗汤加减,不孕症名医验案解析,不孕症名医验案解析_病例1,现代临床
宫腔粘连、双侧输卵管不通、月经量少,证候采用方剂,消癥液灌肠,不孕症名医验案解析,不孕症名医验案解析_病例1,现代临床
消癥液灌肠,药材具有功效,活血化瘀,不孕症名医验案解析,不孕症名医验案解析_病例1,现代临床
消癥液灌肠,药材具有功效,软坚散结,不孕症名医验案解析,不孕症名医验案解析_病例1,现代临床
宫腔粘连、双侧输卵管不通、月经量少,证候采用方剂,清宫合剂,不孕症名医验案解析,不孕症名医验案解析_病例1,现代临床
清宫合剂,药材具有功效,促进子宫排泄,不孕症名医验案解析,不孕症名医验案解析_病例1,现代临床
宫腔粘连、双侧输卵管不通、月经量少,证候采用方剂,安胎饮加味,不孕症名医验案解析,不孕症名医验案解析_病例1,现代临床
安胎饮加味,方剂组成药材,党参,不孕症名医验案解析,不孕症名医验案解析_病例1,现代临床
安胎饮加味,方剂组成药材,白术,不孕症名医验案解析,不孕症名医验案解析_病例1,现代临床
安胎饮加味,方剂组成药材,茯苓,不孕症名医验案解析,不孕症名医验案解析_病例1,现代临床
安胎饮加味,方剂组成药材,当归,不孕症名医验案解析,不孕症名医验案解析_病例1,现代临床
安胎饮加味,方剂组成药材,川芎,不孕症名医验案解析,不孕症名医验案解析_病例1,现代临床
安胎饮加味,方剂组成药材,熟地黄,不孕症名医验案解析,不孕症名医验案解析_病例1,现代临床
安胎饮加味,方剂组成药材,赤芍,不孕症名医验案解析,不孕症名医验案解析_病例1,现代临床
安胎饮加味,方剂组成药材,巴戟天,不孕症名医验案解析,不孕症名医验案解析_病例1,现代临床
安胎饮加味,方剂组成药材,仙茅,不孕症名医验案解析,不孕症名医验案解析_病例1,现代临床
安胎饮加味,方剂组成药材,淫羊藿,不孕症名医验案解析,不孕症名医验案解析_病例1,现代临床
安胎饮加味,方剂组成药材,菟丝子,不孕症名医验案解析,不孕症名医验案解析_病例1,现代临床
安胎饮加味,方剂组成药材,艾叶,不孕症名医验案解析,不孕症名医验案解析_病例1,现代临床
安胎饮加味,方剂组成药材,香附,不孕症名医验案解析,不孕症名医验案解析_病例1,现代临床
安胎饮加味,方剂组成药材,紫石英,不孕症名医验案解析,不孕症名医验案解析_病例1,现代临床
安胎饮加味,方剂组成药材,川牛膝,不孕症名医验案解析,不孕症名医验案解析_病例1,现代临床
不孕症,归属于经典,当代名老中医典型医案集妇科分册,不孕症名医验案解析,不孕症名医验案解析_病例1,现代临床
辨证治则不孕症，气血不足，肾亏证，治以益气养血、益肾通络,理论指导实践,临床验证理论,不孕症名医验案解析,不孕症名医验案解析_病例1,现代临床
贺兴东，翁维良，姚乃礼,名医经验总结,当代名老中医典型医案集妇科分册,不孕症名医验案解析,不孕症名医验案解析_病例1,现代临床
子宫内膜异位症,症状伴随症状,原发性不孕症,不孕症名医验案解析,不孕症名医验案解析_病例1,现代临床
子宫内膜异位症,症状伴随症状,痛经,不孕症名医验案解析,不孕症名医验案解析_病例1,现代临床
子宫内膜异位症,导致舌象,舌体胖大，苔黄厚,不孕症名医验案解析,不孕症名医验案解析_病例1,现代临床
痰瘀阻滞胞宫,舌象表现特征,舌淡紫、脉涩,不孕症名医验案解析,不孕症名医验案解析_病例1,现代临床
子宫内膜异位症,导致脉象,脉微涩,不孕症名医验案解析,不孕症名医验案解析_病例1,现代临床
子宫内膜异位症,症状辨证证候,痰瘀阻滞胞宫,不孕症名医验案解析,不孕症名医验案解析_病例1,现代临床
痰瘀阻滞胞宫,证候导致舌象,舌淡紫,不孕症名医验案解析,不孕症名医验案解析_病例1,现代临床
痰瘀阻滞胞宫,证候导致脉象,脉涩,不孕症名医验案解析,不孕症名医验案解析_病例1,现代临床
痰瘀阻滞胞宫,证候采用方剂,周期疗法,不孕症名医验案解析,不孕症名医验案解析_病例1,现代临床
周期疗法,方剂组成药材,夏枯草、茯苓、半夏、橘红、薏苡仁、浙贝母、赤芍、茜草、益母草、桃仁、川芎、川牛膝,不孕症名医验案解析,不孕症名医验案解析_病例1,现代临床
周期疗法,方剂组成药材,大黄、炒五灵脂、炒蒲黄、白芥子、莱菔子、姜黄、茯苓、藏红花、川牛膝、木瓜、丝瓜络,不孕症名医验案解析,不孕症名医验案解析_病例1,现代临床
周期疗法,方剂组成药材,当归、川芎、赤芍、炒五灵脂、炒蒲黄、红花、桃仁、茯苓、木瓜、皂角刺、路路通、川牛膝、白僵蚕,不孕症名医验案解析,不孕症名医验案解析_病例1,现代临床
周期疗法,方剂组成药材,浙贝母、茯苓、莱菔子、郁金、鸡内金、皂角刺、路路通、丝瓜络、炒蒲黄、炒五灵脂、益母草、桃仁、川牛膝,不孕症名医验案解析,不孕症名医验案解析_病例1,现代临床
夏枯草,药材具有功效,活血化瘀,不孕症名医验案解析,不孕症名医验案解析_病例1,现代临床
茯苓,药材具有功效,利湿,不孕症名医验案解析,不孕症名医验案解析_病例1,现代临床
子宫内膜异位症,归属于经典,秦氏妇科经验辑要,不孕症名医验案解析,不孕症名医验案解析_病例1,现代临床
周期疗法,理论指导实践,活血化瘀，理气止痛；祛痰利湿，化痰通络，健脾利湿，行气散结,不孕症名医验案解析,不孕症名医验案解析_病例1,现代临床
王婷,名医经验总结,秦氏妇科经验辑要,不孕症名医验案解析,不孕症名医验案解析_病例1,现代临床
子宫内膜异位症,疾病表现症状,渐进性痛经,不孕症名医验案解析,不孕症名医验案解析_病例1,现代临床
子宫内膜异位症,疾病表现症状,腰腹及肛门坠痛,不孕症名医验案解析,不孕症名医验案解析_病例1,现代临床
子宫内膜异位症,疾病表现症状,剧痛时呕吐,不孕症名医验案解析,不孕症名医验案解析_病例1,现代临床
子宫内膜异位症,疾病表现症状,出冷汗,不孕症名医验案解析,不孕症名医验案解析_病例1,现代临床
子宫内膜异位症,疾病表现症状,经量增多,不孕症名医验案解析,不孕症名医验案解析_病例1,现代临床
子宫内膜异位症,疾病表现症状,经期延长,不孕症名医验案解析,不孕症名医验案解析_病例1,现代临床
子宫内膜异位症,疾病表现症状,血块多,不孕症名医验案解析,不孕症名医验案解析_病例1,现代临床
子宫内膜异位症,疾病表现症状,大便溏,不孕症名医验案解析,不孕症名医验案解析_病例1,现代临床
子宫内膜异位症,疾病导致舌象,舌淡暗,不孕症名医验案解析,不孕症名医验案解析_病例1,现代临床
子宫内膜异位症,疾病导致舌象,边有小瘀点,不孕症名医验案解析,不孕症名医验案解析_病例1,现代临床
子宫内膜异位症,疾病导致舌象,苔薄白,不孕症名医验案解析,不孕症名医验案解析_病例1,现代临床
子宫内膜异位症,疾病导致脉象,脉象弦细数,不孕症名医验案解析,不孕症名医验案解析_病例1,现代临床
痛经,证候导致舌象,舌淡暗,不孕症名医验案解析,不孕症名医验案解析_病例1,现代临床
痛经,证候导致舌象,边有小瘀点,不孕症名医验案解析,不孕症名医验案解析_病例1,现代临床
痛经,证候导致舌象,苔薄白,不孕症名医验案解析,不孕症名医验案解析_病例1,现代临床
痛经,证候导致脉象,脉象弦细数,不孕症名医验案解析,不孕症名医验案解析_病例1,现代临床
痛经,证候采用方剂,失笑散加味,不孕症名医验案解析,不孕症名医验案解析_病例1,现代临床
失笑散加味,方剂组成药材,五灵脂,不孕症名医验案解析,不孕症名医验案解析_病例1,现代临床
失笑散加味,方剂组成药材,蒲黄,不孕症名医验案解析,不孕症名医验案解析_病例1,现代临床
失笑散加味,方剂组成药材,大蓟,不孕症名医验案解析,不孕症名医验案解析_病例1,现代临床
失笑散加味,方剂组成药材,茜根,不孕症名医验案解析,不孕症名医验案解析_病例1,现代临床
失笑散加味,方剂组成药材,九香虫,不孕症名医验案解析,不孕症名医验案解析_病例1,现代临床
失笑散加味,方剂组成药材,乌药,不孕症名医验案解析,不孕症名医验案解析_病例1,现代临床
失笑散加味,方剂组成药材,广木香,不孕症名医验案解析,不孕症名医验案解析_病例1,现代临床
失笑散加味,方剂组成药材,益母草,不孕症名医验案解析,不孕症名医验案解析_病例1,现代临床
失笑散加味,方剂组成药材,岗稔根,不孕症名医验案解析,不孕症名医验案解析_病例1,现代临床
五灵脂,药材具有功效,活血化瘀,不孕症名医验案解析,不孕症名医验案解析_病例1,现代临床
蒲黄,药材具有功效,活血化瘀,不孕症名医验案解析,不孕症名医验案解析_病例1,现代临床
九香虫,药材具有功效,行气止痛,不孕症名医验案解析,不孕症名医验案解析_病例1,现代临床
乌药,药材具有功效,行气止痛,不孕症名医验案解析,不孕症名医验案解析_病例1,现代临床
广木香,药材具有功效,行气止痛,不孕症名医验案解析,不孕症名医验案解析_病例1,现代临床
不孕症,疾病表现症状,月经先后不定,不孕症名医验案解析,不孕症名医验案解析_病例1,现代临床
不孕症,疾病表现症状,经期腹痛,不孕症名医验案解析,不孕症名医验案解析_病例1,现代临床
不孕症,疾病表现症状,头晕腰酸,不孕症名医验案解析,不孕症名医验案解析_病例1,现代临床
不孕症,疾病表现症状,性欲较差,不孕症名医验案解析,不孕症名医验案解析_病例1,现代临床
不孕症,疾病表现症状,睡眠多梦易醒,不孕症名医验案解析,不孕症名医验案解析_病例1,现代临床
不孕症,疾病导致舌象,舌淡红,不孕症名医验案解析,不孕症名医验案解析_病例1,现代临床
不孕症,疾病导致舌象,苔质正常,不孕症名医验案解析,不孕症名医验案解析_病例1,现代临床
不孕症,疾病导致脉象,脉沉细尺弱,不孕症名医验案解析,不孕症名医验案解析_病例1,现代临床
不孕症,证候采用方剂,菟丝子方,不孕症名医验案解析,不孕症名医验案解析_病例1,现代临床
菟丝子方,方剂组成药材,菟丝子,不孕症名医验案解析,不孕症名医验案解析_病例1,现代临床
菟丝子方,方剂组成药材,金樱子,不孕症名医验案解析,不孕症名医验案解析_病例1,现代临床
菟丝子方,方剂组成药材,桑寄生,不孕症名医验案解析,不孕症名医验案解析_病例1,现代临床
菟丝子方,方剂组成药材,党参,不孕症名医验案解析,不孕症名医验案解析_病例1,现代临床
菟丝子方,方剂组成药材,白术,不孕症名医验案解析,不孕症名医验案解析_病例1,现代临床
菟丝子方,方剂组成药材,炙甘草,不孕症名医验案解析,不孕症名医验案解析_病例1,现代临床
菟丝子方,方剂组成药材,当归,不孕症名医验案解析,不孕症名医验案解析_病例1,现代临床
菟丝子,药材具有功效,补肾,不孕症名医验案解析,不孕症名医验案解析_病例1,现代临床
金樱子,药材具有功效,固精,不孕症名医验案解析,不孕症名医验案解析_病例1,现代临床
桑寄生,药材具有功效,强筋骨,不孕症名医验案解析,不孕症名医验案解析_病例1,现代临床
党参,药材具有功效,补中益气,不孕症名医验案解析,不孕症名医验案解析_病例1,现代临床
白术,药材具有功效,健脾,不孕症名医验案解析,不孕症名医验案解析_病例1,现代临床
炙甘草,药材具有功效,和中,不孕症名医验案解析,不孕症名医验案解析_病例1,现代临床
当归,药材具有功效,调经,不孕症名医验案解析,不孕症名医验案解析_病例1,现代临床
先天肾虚,疾病导致舌象,舌淡红，少苔,不孕症名医验案解析,不孕症名医验案解析_病例1,现代临床
先天肾虚,疾病导致脉象,脉弦细滑尺弱,不孕症名医验案解析,不孕症名医验案解析_病例1,现代临床
先天肾虚,证候导致舌象,舌淡红，少苔,不孕症名医验案解析,不孕症名医验案解析_病例1,现代临床
先天肾虚,证候导致脉象,脉弦细滑尺弱,不孕症名医验案解析,不孕症名医验案解析_病例1,现代临床
寿胎丸加味,证候采用方剂,补肾健脾、止血安胎,不孕症名医验案解析,不孕症名医验案解析_病例1,现代临床
寿胎丸加味,方剂组成药材,菟丝子、续断、桑寄生、阿胶、金樱子、党参、白术、陈皮,不孕症名医验案解析,不孕症名医验案解析_病例1,现代临床
菟丝子,药材具有功效,促进子宫发育,不孕症名医验案解析,不孕症名医验案解析_病例1,现代临床
党参,药材具有功效,补气,不孕症名医验案解析,不孕症名医验案解析_病例1,现代临床
当归,药材具有功效,补血,不孕症名医验案解析,不孕症名医验案解析_病例1,现代临床
人工流产术后伤及气血、冲任,疾病导致舌象,舌质红，苔薄黄,不孕症名医验案解析,不孕症名医验案解析_病例1,现代临床
人工流产术后伤及气血、冲任,疾病导致脉象,脉细,不孕症名医验案解析,不孕症名医验案解析_病例1,现代临床
活血理气、散结通络,证候采用方剂,止痛调血方加减,不孕症名医验案解析,不孕症名医验案解析_病例1,现代临床
止痛调血方加减,方剂组成药材,益母草、血竭粉、生牡蛎、炙鳖甲、海藻、夏枯草、连翘、香附、延胡索、生蒲黄、炒五灵脂、菟丝子、杜仲、续断、酒大黄,不孕症名医验案解析,不孕症名医验案解析_病例1,现代临床
子宫内膜异位症,症状伴随症状,经行腹痛,不孕症名医验案解析,不孕症名医验案解析_病例1,现代临床
子宫内膜异位症,症状伴随症状,恶心、汗出,不孕症名医验案解析,不孕症名医验案解析_病例1,现代临床
子宫内膜异位症,症状伴随症状,肛门下坠感,不孕症名医验案解析,不孕症名医验案解析_病例1,现代临床
子宫内膜异位症,症状伴随症状,腰酸,不孕症名医验案解析,不孕症名医验案解析_病例1,现代临床
子宫内膜异位症,症状伴随症状,大便干,不孕症名医验案解析,不孕症名医验案解析_病例1,现代临床
继发性痛经；继发性不孕症,症状辨证证候,瘀热阻滞,不孕症名医验案解析,不孕症名医验案解析_病例1,现代临床
血凝胞宫，冲任虚损,综合辨证证候,活血化瘀，理气生新,不孕症名医验案解析,不孕症名医验案解析_病例1,现代临床
血府逐瘀汤,证候采用方剂,化瘀行滞,不孕症名医验案解析,不孕症名医验案解析_病例1,现代临床
血府逐瘀汤,方剂组成药材,赤芍、白芍、当归、桃仁、红花、生地黄、川芎片、川牛膝、益母草、制何首乌、枸杞子、紫石英、炒枳壳、炙黄芪、炙甘草、金银花、山慈菇、黄芩,不孕症名医验案解析,不孕症名医验案解析_病例1,现代临床
肾气不足，精血亏虚,综合辨证证候,益气养血、填精补肾,不孕症名医验案解析,不孕症名医验案解析_病例1,现代临床
栾某,临床验证理论,肾气不足，精血亏虚,不孕症名医验案解析,不孕症名医验案解析_病例1,现代临床
栾某,症状伴随症状,月经推后,不孕症名医验案解析,不孕症名医验案解析_病例1,现代临床
栾某,症状伴随症状,量少,不孕症名医验案解析,不孕症名医验案解析_病例1,现代临床
栾某,症状伴随症状,有小血块,不孕症名医验案解析,不孕症名医验案解析_病例1,现代临床
栾某,症状伴随症状,无腹痛,不孕症名医验案解析,不孕症名医验案解析_病例1,现代临床
栾某,症状伴随症状,头面水肿,不孕症名医验案解析,不孕症名医验案解析_病例1,现代临床
栾某,症状伴随症状,头晕,不孕症名医验案解析,不孕症名医验案解析_病例1,现代临床
栾某,症状伴随症状,纳差,不孕症名医验案解析,不孕症名医验案解析_病例1,现代临床
栾某,症状伴随症状,怕冷,不孕症名医验案解析,不孕症名医验案解析_病例1,现代临床
栾某,疾病导致舌象,舌质淡，苔薄白,不孕症名医验案解析,不孕症名医验案解析_病例1,现代临床
栾某,疾病导致脉象,脉沉细两尺弱,不孕症名医验案解析,不孕症名医验案解析_病例1,现代临床
不孕症,疾病表现症状,结婚近3年未孕,不孕症名医验案解析,不孕症名医验案解析_病例1,现代临床
不孕症,疾病表现症状,月经周期推后,不孕症名医验案解析,不孕症名医验案解析_病例1,现代临床
不孕症,疾病表现症状,月经量少,不孕症名医验案解析,不孕症名医验案解析_病例1,现代临床
不孕症,疾病表现症状,头面水肿,不孕症名医验案解析,不孕症名医验案解析_病例1,现代临床
不孕症,疾病表现症状,头晕,不孕症名医验案解析,不孕症名医验案解析_病例1,现代临床
不孕症,疾病表现症状,纳差,不孕症名医验案解析,不孕症名医验案解析_病例1,现代临床
不孕症,疾病表现症状,怕冷,不孕症名医验案解析,不孕症名医验案解析_病例1,现代临床
不孕症,导致舌象,舌质淡,不孕症名医验案解析,不孕症名医验案解析_病例1,现代临床
不孕症,导致舌象,苔薄白,不孕症名医验案解析,不孕症名医验案解析_病例1,现代临床
不孕症,导致脉象,脉沉细,不孕症名医验案解析,不孕症名医验案解析_病例1,现代临床
不孕症,证候导致舌象,舌质淡红,不孕症名医验案解析,不孕症名医验案解析_病例1,现代临床
不孕症,证候导致脉象,脉细,不孕症名医验案解析,不孕症名医验案解析_病例1,现代临床
不孕症,证候采用方剂,"党参12g,白术15g,当归10g,熟地黄20g,枸杞子15g,菟丝子15g,鹿角霜15g,龟甲20g,淫羊藿10g,花椒4.5g,香附10g,白芍12g",不孕症名医验案解析,不孕症名医验案解析_病例1,现代临床
不孕症,证候采用方剂,仙通求嗣汤,不孕症名医验案解析,不孕症名医验案解析_病例1,现代临床
子宫内膜异位症,疾病表现症状,痛经,不孕症名医验案解析,不孕症名医验案解析_病例1,现代临床
子宫内膜异位症,疾病表现症状,房事痛,不孕症名医验案解析,不孕症名医验案解析_病例1,现代临床
子宫内膜异位症,疾病表现症状,月经不调,不孕症名医验案解析,不孕症名医验案解析_病例1,现代临床
子宫内膜异位症,疾病表现症状,烦躁,不孕症名医验案解析,不孕症名医验案解析_病例1,现代临床
子宫内膜异位症,疾病表现症状,腰痛,不孕症名医验案解析,不孕症名医验案解析_病例1,现代临床
子宫内膜异位症,导致舌象,舌苔干,不孕症名医验案解析,不孕症名医验案解析_病例1,现代临床
子宫内膜异位症,导致脉象,脉涩缓,不孕症名医验案解析,不孕症名医验案解析_病例1,现代临床
子宫内膜异位症,证候采用方剂,生化汤、丹栀逍遥散加桃红四物汤,不孕症名医验案解析,不孕症名医验案解析_病例1,现代临床
子宫内膜异位症,证候采用方剂,二仙散、知柏地黄汤合丹栀四物五子汤,不孕症名医验案解析,不孕症名医验案解析_病例1,现代临床
子宫内膜异位症,证候采用方剂,丹栀逍遥散、生化汤合桃红四物汤,不孕症名医验案解析,不孕症名医验案解析_病例1,现代临床
卵巢囊肿,导致,不孕症,不孕症名医验案解析,不孕症名医验案解析_病例1,现代临床
子宫内膜异位症,导致,不孕症,不孕症名医验案解析,不孕症名医验案解析_病例1,现代临床
月经量少色淡,伴随症状,腰酸头晕,不孕症名医验案解析,不孕症名医验案解析_病例1,现代临床
肾虚血瘀证,导致舌象,舌淡红,不孕症名医验案解析,不孕症名医验案解析_病例1,现代临床
肾虚血瘀证,导致舌象,苔薄白,不孕症名医验案解析,不孕症名医验案解析_病例1,现代临床
肾虚血瘀证,导致脉象,脉沉细,不孕症名医验案解析,不孕症名医验案解析_病例1,现代临床
痛经,伴随症状,腰酸乏力,不孕症名医验案解析,不孕症名医验案解析_病例1,现代临床
痛经,伴随症状,头晕失眠,不孕症名医验案解析,不孕症名医验案解析_病例1,现代临床
子宫内膜异位症,导致,卵巢储备功能下降,不孕症名医验案解析,不孕症名医验案解析_病例1,现代临床
子宫内膜异位症,导致,卵泡发育不良,不孕症名医验案解析,不孕症名医验案解析_病例1,现代临床
子宫内膜异位症,导致,优势卵泡不能形成,不孕症名医验案解析,不孕症名医验案解析_病例1,现代临床
寒凝血瘀型不孕,证候导致舌象,舌暗红,不孕症名医验案解析,不孕症名医验案解析_病例1,现代临床
寒凝血瘀型不孕,证候导致舌象,苔薄白,不孕症名医验案解析,不孕症名医验案解析_病例1,现代临床
寒凝血瘀型不孕,证候导致脉象,脉细,不孕症名医验案解析,不孕症名医验案解析_病例1,现代临床
瘀血阻滞,症状辨证证候,气机不畅,不孕症名医验案解析,不孕症名医验案解析_病例1,现代临床
瘀血阻滞,症状辨证证候,不通则痛,不孕症名医验案解析,不孕症名医验案解析_病例1,现代临床
子宫内膜异位症,归属于经典,蔡小荪论治不孕症,不孕症名医验案解析,不孕症名医验案解析_病例1,现代临床
黄海龙治不孕,归属于经典,黄海龙治不孕,不孕症名医验案解析,不孕症名医验案解析_病例1,现代临床
蔡小荪,名医经验总结,子宫内膜异位症常因各种原因导致卵巢储备功能下降，卵泡发育不良，优势卵泡不能形成而不孕,不孕症名医验案解析,不孕症名医验案解析_病例1,现代临床
蔡小荪,名医经验总结,子宫内膜异位症具有复发转移的特点，虽行手术，亦难根除,不孕症名医验案解析,不孕症名医验案解析_病例1,现代临床
蔡小荪,名医经验总结,患者瘀血阻滞，气机不畅，不通则痛,不孕症名医验案解析,不孕症名医验案解析_病例1,现代临床
不孕症,症状伴随症状,经行腹痛剧烈,不孕症名医验案解析,不孕症名医验案解析_病例1,现代临床
不孕症,症状伴随症状,痛引腰骶,不孕症名医验案解析,不孕症名医验案解析_病例1,现代临床
不孕症,症状伴随症状,经前乳房胀痛,不孕症名医验案解析,不孕症名医验案解析_病例1,现代临床
不孕症,症状伴随症状,胸闷不舒,不孕症名医验案解析,不孕症名医验案解析_病例1,现代临床
不孕症,症状伴随症状,经期肛门坠胀感,不孕症名医验案解析,不孕症名医验案解析_病例1,现代临床
不孕症,症状伴随症状,小腹两侧刺痛,不孕症名医验案解析,不孕症名医验案解析_病例1,现代临床
不孕症,疾病导致舌象,舌质暗,不孕症名医验案解析,不孕症名医验案解析_病例1,现代临床
不孕症,疾病导致舌象,苔薄白,不孕症名医验案解析,不孕症名医验案解析_病例1,现代临床
不孕症,疾病导致脉象,脉弦,不孕症名医验案解析,不孕症名医验案解析_病例1,现代临床
气滞血瘀,症状辨证证候,经行腹痛剧烈,不孕症名医验案解析,不孕症名医验案解析_病例1,现代临床
气滞血瘀,症状辨证证候,痛引腰骶,不孕症名医验案解析,不孕症名医验案解析_病例1,现代临床
气滞血瘀,症状辨证证候,经前乳房胀痛,不孕症名医验案解析,不孕症名医验案解析_病例1,现代临床
气滞血瘀,症状辨证证候,胸闷不舒,不孕症名医验案解析,不孕症名医验案解析_病例1,现代临床
气滞血瘀,症状辨证证候,经期肛门坠胀感,不孕症名医验案解析,不孕症名医验案解析_病例1,现代临床
气滞血瘀,症状辨证证候,小腹两侧刺痛,不孕症名医验案解析,不孕症名医验案解析_病例1,现代临床
气滞血瘀,舌象辨证证候,舌质暗,不孕症名医验案解析,不孕症名医验案解析_病例1,现代临床
气滞血瘀,舌象辨证证候,苔薄白,不孕症名医验案解析,不孕症名医验案解析_病例1,现代临床
气滞血瘀,脉象辨证证候,脉弦,不孕症名医验案解析,不孕症名医验案解析_病例1,现代临床
气滞血瘀,证候采用方剂,内异方合孕I方,不孕症名医验案解析,不孕症名医验案解析_病例1,现代临床
内异方合孕I方,方剂组成药材,桂枝茯苓方,不孕症名医验案解析,不孕症名医验案解析_病例1,现代临床
内异方合孕I方,方剂组成药材,皂角刺,不孕症名医验案解析,不孕症名医验案解析_病例1,现代临床
内异方合孕I方,方剂组成药材,盛虫,不孕症名医验案解析,不孕症名医验案解析_病例1,现代临床
内异方合孕I方,方剂组成药材,莪术,不孕症名医验案解析,不孕症名医验案解析_病例1,现代临床
内异方合孕I方,方剂组成药材,水蛭,不孕症名医验案解析,不孕症名医验案解析_病例1,现代临床
内异方合孕I方,方剂组成药材,生地黄,不孕症名医验案解析,不孕症名医验案解析_病例1,现代临床
内异方合孕I方,方剂组成药材,麦冬,不孕症名医验案解析,不孕症名医验案解析_病例1,现代临床
内异方合孕I方,方剂组成药材,制黄精,不孕症名医验案解析,不孕症名医验案解析_病例1,现代临床
内异方合孕I方,方剂组成药材,淫羊藿,不孕症名医验案解析,不孕症名医验案解析_病例1,现代临床
内异方合孕I方,方剂组成药材,石楠叶,不孕症名医验案解析,不孕症名医验案解析_病例1,现代临床
内异方合孕I方,方剂组成药材,公丁香,不孕症名医验案解析,不孕症名医验案解析_病例1,现代临床
内异方合孕I方,方剂组成药材,路路通,不孕症名医验案解析,不孕症名医验案解析_病例1,现代临床
内异方合孕I方,方剂组成药材,降香片,不孕症名医验案解析,不孕症名医验案解析_病例1,现代临床
内异方合孕I方,方剂组成药材,怀牛膝,不孕症名医验案解析,不孕症名医验案解析_病例1,现代临床
木香,药材具有功效,温中散寒,不孕症名医验案解析,不孕症名医验案解析_病例1,现代临床
木香,药材具有功效,行气止痛,不孕症名医验案解析,不孕症名医验案解析_病例1,现代临床
白术,药材具有功效,健脾益气,不孕症名医验案解析,不孕症名医验案解析_病例1,现代临床
不孕症名医验案解析_病例1,归属于经典,付金荣.蔡小荪论治不孕症.上海：上海科学技术出版社，2013.,不孕症名医验案解析,不孕症名医验案解析_病例1,现代临床
不孕症名医验案解析_病例1,理论指导实践,辨证治则患者瘀血阻滞，气机不畅，不通则痛。先拟活血化瘀，然后再拟益气通络。,不孕症名医验案解析,不孕症名医验案解析_病例1,现代临床
不孕症名医验案解析_病例1,名医经验总结,蔡小荪,不孕症名医验案解析,不孕症名医验案解析_病例1,现代临床
子宫肌瘤,导致,不孕,不孕症名医验案解析,不孕症名医验案解析_病例1,现代临床
不孕症,症状伴随症状,月经失调,不孕症名医验案解析,不孕症名医验案解析_病例1,现代临床
不孕症,症状伴随症状,带稠质黄,不孕症名医验案解析,不孕症名医验案解析_病例1,现代临床
不孕症,症状伴随症状,皮肤粗糙无光泽,不孕症名医验案解析,不孕症名医验案解析_病例1,现代临床
不孕症,症状伴随症状,子宫颈中度糜烂,不孕症名医验案解析,不孕症名医验案解析_病例1,现代临床
不孕症,症状伴随症状,子宫体如妊娠2个月大小,不孕症名医验案解析,不孕症名医验案解析_病例1,现代临床
不孕症,症状伴随症状,宫腔后位有一包块,不孕症名医验案解析,不孕症名医验案解析_病例1,现代临床
不孕症,舌象表现特征,舌淡红有瘀点,不孕症名医验案解析,不孕症名医验案解析_病例1,现代临床
不孕症,脉象表现特征,脉弦细,不孕症名医验案解析,不孕症名医验案解析_病例1,现代临床
不孕症,证候导致舌象,舌红有瘀点,不孕症名医验案解析,不孕症名医验案解析_病例1,现代临床
不孕症,证候导致脉象,脉沉弦,不孕症名医验案解析,不孕症名医验案解析_病例1,现代临床
不孕症,证候辨证证候,痰血互结，瘀滞胞宫,不孕症名医验案解析,不孕症名医验案解析_病例1,现代临床
不孕症,证候辨证证候,气滞血瘀型不孕,不孕症名医验案解析,不孕症名医验案解析_病例1,现代临床
不孕症,证候辨证证候,肝郁气滞，瘀阻胞宫,不孕症名医验案解析,不孕症名医验案解析_病例1,现代临床
不孕症,综合辨证证候,湿热下注所致的慢性盆腔炎,不孕症名医验案解析,不孕症名医验案解析_病例1,现代临床
桂枝茯苓丸加味,证候采用方剂,子宫肌瘤所致不孕,不孕症名医验案解析,不孕症名医验案解析_病例1,现代临床
桂枝茯苓丸加味,方剂组成药材,桂枝,不孕症名医验案解析,不孕症名医验案解析_病例1,现代临床
桂枝茯苓丸加味,方剂组成药材,茯苓,不孕症名医验案解析,不孕症名医验案解析_病例1,现代临床
桂枝茯苓丸加味,方剂组成药材,桃仁,不孕症名医验案解析,不孕症名医验案解析_病例1,现代临床
桂枝茯苓丸加味,方剂组成药材,赤芍,不孕症名医验案解析,不孕症名医验案解析_病例1,现代临床
桂枝茯苓丸加味,方剂组成药材,牡丹皮,不孕症名医验案解析,不孕症名医验案解析_病例1,现代临床
桂枝茯苓丸加味,方剂组成药材,炮穿山甲,不孕症名医验案解析,不孕症名医验案解析_病例1,现代临床
桂枝茯苓丸加味,方剂组成药材,炙鳖甲,不孕症名医验案解析,不孕症名医验案解析_病例1,现代临床
桂枝茯苓丸加味,方剂组成药材,海藻,不孕症名医验案解析,不孕症名医验案解析_病例1,现代临床
桂枝茯苓丸加味,方剂组成药材,昆布,不孕症名医验案解析,不孕症名医验案解析_病例1,现代临床
逍遥散加减,证候采用方剂,气滞血瘀型不孕,不孕症名医验案解析,不孕症名医验案解析_病例1,现代临床
逍遥散加减,方剂组成药材,栀子,不孕症名医验案解析,不孕症名医验案解析_病例1,现代临床
逍遥散加减,方剂组成药材,牡丹皮,不孕症名医验案解析,不孕症名医验案解析_病例1,现代临床
逍遥散加减,方剂组成药材,当归,不孕症名医验案解析,不孕症名医验案解析_病例1,现代临床
逍遥散加减,方剂组成药材,白芍,不孕症名医验案解析,不孕症名医验案解析_病例1,现代临床
逍遥散加减,方剂组成药材,柴胡,不孕症名医验案解析,不孕症名医验案解析_病例1,现代临床
逍遥散加减,方剂组成药材,云茯苓,不孕症名医验案解析,不孕症名医验案解析_病例1,现代临床
逍遥散加减,方剂组成药材,白术,不孕症名医验案解析,不孕症名医验案解析_病例1,现代临床
逍遥散加减,方剂组成药材,香附,不孕症名医验案解析,不孕症名医验案解析_病例1,现代临床
逍遥散加减,方剂组成药材,天花粉,不孕症名医验案解析,不孕症名医验案解析_病例1,现代临床
逍遥散加减,方剂组成药材,路路通,不孕症名医验案解析,不孕症名医验案解析_病例1,现代临床
逍遥散加减,方剂组成药材,丹参,不孕症名医验案解析,不孕症名医验案解析_病例1,现代临床
逍遥散加减,方剂组成药材,延胡索,不孕症名医验案解析,不孕症名医验案解析_病例1,现代临床
雷虫化瘤汤,证候采用方剂,肝郁气滞，瘀阻胞宫所致不孕,不孕症名医验案解析,不孕症名医验案解析_病例1,现代临床
雷虫化瘤汤,方剂组成药材,柴胡,不孕症名医验案解析,不孕症名医验案解析_病例1,现代临床
雷虫化瘤汤,方剂组成药材,赤芍,不孕症名医验案解析,不孕症名医验案解析_病例1,现代临床
雷虫化瘤汤,方剂组成药材,白芍,不孕症名医验案解析,不孕症名医验案解析_病例1,现代临床
雷虫化瘤汤,方剂组成药材,香附,不孕症名医验案解析,不孕症名医验案解析_病例1,现代临床
雷虫化瘤汤,方剂组成药材,当归,不孕症名医验案解析,不孕症名医验案解析_病例1,现代临床
雷虫化瘤汤,方剂组成药材,雷公藤,不孕症名医验案解析,不孕症名医验案解析_病例1,现代临床
雷虫化瘤汤,方剂组成药材,桃仁,不孕症名医验案解析,不孕症名医验案解析_病例1,现代临床
雷虫化瘤汤,方剂组成药材,红花,不孕症名医验案解析,不孕症名医验案解析_病例1,现代临床
雷虫化瘤汤,方剂组成药材,土鳖虫,不孕症名医验案解析,不孕症名医验案解析_病例1,现代临床
雷虫化瘤汤,方剂组成药材,水蛭,不孕症名医验案解析,不孕症名医验案解析_病例1,现代临床
雷虫化瘤汤,方剂组成药材,丹参,不孕症名医验案解析,不孕症名医验案解析_病例1,现代临床
雷虫化瘤汤,方剂组成药材,鹿衔草,不孕症名医验案解析,不孕症名医验案解析_病例1,现代临床
雷虫化瘤汤,方剂组成药材,甘草,不孕症名医验案解析,不孕症名医验案解析_病例1,现代临床
菟丝子,药材具有功效,增强LH受体的功能,不孕症名医验案解析,不孕症名医验案解析_病例1,现代临床
菟丝子,药材具有功效,提高卵巢对LH的反应,不孕症名医验案解析,不孕症名医验案解析_病例1,现代临床
菟丝子,药材具有功效,增强垂体对LH、RH的反应,不孕症名医验案解析,不孕症名医验案解析_病例1,现代临床
菟丝子,药材具有功效,改善下丘脑垂体卵巢轴的促黄体功能,不孕症名医验案解析,不孕症名医验案解析_病例1,现代临床
淫羊藿,药材具有功效,增强LH受体的功能,不孕症名医验案解析,不孕症名医验案解析_病例1,现代临床
淫羊藿,药材具有功效,提高卵巢对LH的反应,不孕症名医验案解析,不孕症名医验案解析_病例1,现代临床
淫羊藿,药材具有功效,增强垂体对LH、RH的反应,不孕症名医验案解析,不孕症名医验案解析_病例1,现代临床
淫羊藿,药材具有功效,改善下丘脑垂体卵巢轴的促黄体功能,不孕症名医验案解析,不孕症名医验案解析_病例1,现代临床
桃红四物汤,证候采用方剂,月经期顺应经水满溢而泻,不孕症名医验案解析,不孕症名医验案解析_病例1,现代临床
桂枝,药材具有功效,补火助阳,不孕症名医验案解析,不孕症名医验案解析_病例1,现代临床
桂枝,药材具有功效,散寒止痛,不孕症名医验案解析,不孕症名医验案解析_病例1,现代临床
不孕症,归属于经典,针灸甲乙经,不孕症名医验案解析,不孕症名医验案解析_病例1,现代临床
不孕症,归属于经典,备急千金要方,不孕症名医验案解析,不孕症名医验案解析_病例1,现代临床
不孕症,归属于经典,张氏医通,不孕症名医验案解析,不孕症名医验案解析_病例1,现代临床
不孕症,归属于经典,诸病源候论,不孕症名医验案解析,不孕症名医验案解析_病例1,现代临床
不孕症,归属于经典,女科经纶,不孕症名医验案解析,不孕症名医验案解析_病例1,现代临床
李祥云,名医经验总结,补肾祛瘀育在治疗子宫性不孕上的经验介绍,不孕症名医验案解析,不孕症名医验案解析_病例1,现代临床
王云铭,名医经验总结,应用桂枝茯苓丸加味治疗子宫性不孕临床经验,不孕症名医验案解析,不孕症名医验案解析_病例1,现代临床
王云铭,名医经验总结,利用逍遥散治疗子宫性不孕临床5例,不孕症名医验案解析,不孕症名医验案解析_病例1,现代临床
胥京生,名医经验总结,雷虫化瘤汤治疗子宫性不孕临床36例,不孕症名医验案解析,不孕症名医验案解析_病例1,现代临床
盆腔炎,归属于经典,针灸甲乙经,不孕症名医验案解析,不孕症名医验案解析_病例1,现代临床
瘀血内停,症状伴随症状,恶血内漏,不孕症名医验案解析,不孕症名医验案解析_病例1,现代临床
瘀血内停,症状伴随症状,无子,不孕症名医验案解析,不孕症名医验案解析_病例1,现代临床
瘀积胞门,症状伴随症状,子宫不净,不孕症名医验案解析,不孕症名医验案解析_病例1,现代临床
瘀积胞门,症状伴随症状,不孕,不孕症名医验案解析,不孕症名医验案解析_病例1,现代临床
月水未绝,症状伴随症状,合阴阳,不孕症名医验案解析,不孕症名医验案解析_病例1,现代临床
月水未绝,症状伴随症状,精气入内,不孕症名医验案解析,不孕症名医验案解析_病例1,现代临床
月水未绝,症状伴随症状,月水不节,不孕症名医验案解析,不孕症名医验案解析_病例1,现代临床
月水未绝,症状伴随症状,内生积聚,不孕症名医验案解析,不孕症名医验案解析_病例1,现代临床
月水未绝,症状伴随症状,绝子,不孕症名医验案解析,不孕症名医验案解析_病例1,现代临床
盆腔炎,归属于经典,中医妇科学,不孕症名医验案解析,不孕症名医验案解析_病例1,现代临床
盆腔炎,归属于经典,备急千金要方,不孕症名医验案解析,不孕症名医验案解析_病例1,现代临床
盆腔炎,归属于经典,张氏医通,不孕症名医验案解析,不孕症名医验案解析_病例1,现代临床
盆腔炎,归属于经典,诸病源候论,不孕症名医验案解析,不孕症名医验案解析_病例1,现代临床
盆腔炎,归属于经典,女科经纶,不孕症名医验案解析,不孕症名医验案解析_病例1,现代临床
湿热下注,证候导致舌象,舌偏红,不孕症名医验案解析,不孕症名医验案解析_病例1,现代临床
湿热下注,证候导致舌象,苔薄微白,不孕症名医验案解析,不孕症名医验案解析_病例1,现代临床
湿热下注,证候导致脉象,脉略细,不孕症名医验案解析,不孕症名医验案解析_病例1,现代临床
湿热瘀阻,证候导致舌象,舌偏红,不孕症名医验案解析,不孕症名医验案解析_病例1,现代临床
湿热瘀阻,证候导致舌象,苔薄微白,不孕症名医验案解析,不孕症名医验案解析_病例1,现代临床
湿热瘀阻,证候导致脉象,脉略细,不孕症名医验案解析,不孕症名医验案解析_病例1,现代临床
气滞血瘀,证候导致舌象,舌质淡红边有瘀点,不孕症名医验案解析,不孕症名医验案解析_病例1,现代临床
气滞血瘀,证候导致舌象,苔薄黄,不孕症名医验案解析,不孕症名医验案解析_病例1,现代临床
气滞血瘀,证候导致脉象,脉沉细弦,不孕症名医验案解析,不孕症名医验案解析_病例1,现代临床
湿热瘀阻,证候采用方剂,生黄芪、茯苓、炒白术、败酱草、赤芍、椿根皮、桂枝、青皮、陈皮、路路通、延胡索、生地黄,不孕症名医验案解析,不孕症名医验案解析_病例1,现代临床
湿热瘀阻,证候采用方剂,云茯苓、生地黄、熟地黄、仙茅、淫羊藿、炙龟甲、鹿角霜、延胡索、蛇床子、败酱草、椿根皮,不孕症名医验案解析,不孕症名医验案解析_病例1,现代临床
气滞血瘀,证候采用方剂,牡丹皮、丹参、败酱草、红藤、当归、赤芍、三棱、莪术、延胡索、黄芩、薏苡仁、甘草、山楂,不孕症名医验案解析,不孕症名医验案解析_病例1,现代临床
生黄芪,药材具有功效,补气利水,不孕症名医验案解析,不孕症名医验案解析_病例1,现代临床
败酱草,药材具有功效,清利湿热,不孕症名医验案解析,不孕症名医验案解析_病例1,现代临床
赤芍,药材具有功效,清利湿热,不孕症名医验案解析,不孕症名医验案解析_病例1,现代临床
湿热瘀阻,理论指导实践,清热活血，化瘀通络,不孕症名医验案解析,不孕症名医验案解析_病例1,现代临床
气滞血瘀,理论指导实践,活血消瘀，清热解毒,不孕症名医验案解析,不孕症名医验案解析_病例1,现代临床
盆腔炎,疾病导致舌象,舌偏红,不孕症名医验案解析,不孕症名医验案解析_病例1,现代临床
盆腔炎,疾病导致舌象,苔薄微白,不孕症名医验案解析,不孕症名医验案解析_病例1,现代临床
盆腔炎,疾病导致脉象,脉略细,不孕症名医验案解析,不孕症名医验案解析_病例1,现代临床
不孕症,症状伴随症状,盆腔炎反复发作,不孕症名医验案解析,不孕症名医验案解析_病例1,现代临床
不孕症,症状伴随症状,慢性盆腔痛,不孕症名医验案解析,不孕症名医验案解析_病例1,现代临床
不孕症,症状伴随症状,异位妊娠,不孕症名医验案解析,不孕症名医验案解析_病例1,现代临床
湿热瘀阻,症状辨证证候,湿热瘀阻,不孕症名医验案解析,不孕症名医验案解析_病例1,现代临床
气滞血瘀,症状辨证证候,气滞血瘀,不孕症名医验案解析,不孕症名医验案解析_病例1,现代临床
湿热瘀阻,综合辨证证候,湿热瘀阻,不孕症名医验案解析,不孕症名医验案解析_病例1,现代临床
气滞血瘀,综合辨证证候,气滞血瘀,不孕症名医验案解析,不孕症名医验案解析_病例1,现代临床
湿热瘀阻,导致,盆腔炎,不孕症名医验案解析,不孕症名医验案解析_病例1,现代临床
盆腔炎,导致,瘀久成积,不孕症名医验案解析,不孕症名医验案解析_病例1,现代临床
瘀久成积,导致,癥瘕,不孕症名医验案解析,不孕症名医验案解析_病例1,现代临床
盆腔炎,导致,下腹坠痛,不孕症名医验案解析,不孕症名医验案解析_病例1,现代临床
盆腔炎,导致,月经前后不定期,不孕症名医验案解析,不孕症名医验案解析_病例1,现代临床
盆腔炎,导致,色暗红,不孕症名医验案解析,不孕症名医验案解析_病例1,现代临床
盆腔炎,导致,间有血块,不孕症名医验案解析,不孕症名医验案解析_病例1,现代临床
盆腔炎,导致,带下量多,不孕症名医验案解析,不孕症名医验案解析_病例1,现代临床
盆腔炎,导致,头晕乏力,不孕症名医验案解析,不孕症名医验案解析_病例1,现代临床
盆腔炎,导致,纳呆,不孕症名医验案解析,不孕症名医验案解析_病例1,现代临床
盆腔炎,导致,失眠多梦,不孕症名医验案解析,不孕症名医验案解析_病例1,现代临床
盆腔炎,导致,腰骶酸痛,不孕症名医验案解析,不孕症名医验案解析_病例1,现代临床
盆腔炎,导致,身体消瘦,不孕症名医验案解析,不孕症名医验案解析_病例1,现代临床
盆腔炎,导致,面色无华,不孕症名医验案解析,不孕症名医验案解析_病例1,现代临床
盆腔炎,导致,舌质淡红边有瘀点,不孕症名医验案解析,不孕症名医验案解析_病例1,现代临床
盆腔炎,导致,苔薄黄,不孕症名医验案解析,不孕症名医验案解析_病例1,现代临床
盆腔炎,导致,脉沉细弦,不孕症名医验案解析,不孕症名医验案解析_病例1,现代临床
盆腔炎,导致,子宫左侧可触及一鸡蛋样大小的包块,不孕症名医验案解析,不孕症名医验案解析_病例1,现代临床
盆腔炎,导致,B超检查：子宫左侧可见一4.1cm 3.2cm混合性包块,不孕症名医验案解析,不孕症名医验案解析_病例1,现代临床
盆腔炎,导致,左侧卵巢囊肿,不孕症名医验案解析,不孕症名医验案解析_病例1,现代临床
盆腔炎,辨证,气滞血瘀,不孕症名医验案解析,不孕症名医验案解析_病例1,现代临床
盆腔炎,辨证,恶血内积,不孕症名医验案解析,不孕症名医验案解析_病例1,现代临床
盆腔炎,采用方剂,二丹红藤败酱汤,不孕症名医验案解析,不孕症名医验案解析_病例1,现代临床
二丹红藤败酱汤,组成药材,红藤,不孕症名医验案解析,不孕症名医验案解析_病例1,现代临床
二丹红藤败酱汤,组成药材,败酱草,不孕症名医验案解析,不孕症名医验案解析_病例1,现代临床
二丹红藤败酱汤,组成药材,牡丹皮,不孕症名医验案解析,不孕症名医验案解析_病例1,现代临床
二丹红藤败酱汤,组成药材,黄芩,不孕症名医验案解析,不孕症名医验案解析_病例1,现代临床
二丹红藤败酱汤,组成药材,当归,不孕症名医验案解析,不孕症名医验案解析_病例1,现代临床
二丹红藤败酱汤,组成药材,赤芍,不孕症名医验案解析,不孕症名医验案解析_病例1,现代临床
二丹红藤败酱汤,组成药材,丹参,不孕症名医验案解析,不孕症名医验案解析_病例1,现代临床
二丹红藤败酱汤,组成药材,三棱,不孕症名医验案解析,不孕症名医验案解析_病例1,现代临床
二丹红藤败酱汤,组成药材,莪术,不孕症名医验案解析,不孕症名医验案解析_病例1,现代临床
二丹红藤败酱汤,组成药材,延胡索,不孕症名医验案解析,不孕症名医验案解析_病例1,现代临床
二丹红藤败酱汤,组成药材,薏苡仁,不孕症名医验案解析,不孕症名医验案解析_病例1,现代临床
红藤,具有功效,清热解毒,不孕症名医验案解析,不孕症名医验案解析_病例1,现代临床
红藤,具有功效,化瘀止痛,不孕症名医验案解析,不孕症名医验案解析_病例1,现代临床
败酱草,具有功效,清热解毒,不孕症名医验案解析,不孕症名医验案解析_病例1,现代临床
败酱草,具有功效,化瘀止痛,不孕症名医验案解析,不孕症名医验案解析_病例1,现代临床
牡丹皮,具有功效,清热凉血,不孕症名医验案解析,不孕症名医验案解析_病例1,现代临床
黄芩,具有功效,清热凉血,不孕症名医验案解析,不孕症名医验案解析_病例1,现代临床
当归,具有功效,养血活血,不孕症名医验案解析,不孕症名医验案解析_病例1,现代临床
赤芍,具有功效,养血活血,不孕症名医验案解析,不孕症名医验案解析_病例1,现代临床
丹参,具有功效,养血活血,不孕症名医验案解析,不孕症名医验案解析_病例1,现代临床
三棱,具有功效,化瘀消癥,不孕症名医验案解析,不孕症名医验案解析_病例1,现代临床
莪术,具有功效,化瘀消癥,不孕症名医验案解析,不孕症名医验案解析_病例1,现代临床
延胡索,具有功效,理气化瘀止痛,不孕症名医验案解析,不孕症名医验案解析_病例1,现代临床
薏苡仁,具有功效,健脾利湿,不孕症名医验案解析,不孕症名医验案解析_病例1,现代临床
原发性不孕症,导致,月经赶前错后,不孕症名医验案解析,不孕症名医验案解析_病例1,现代临床
原发性不孕症,导致,经前气逆,不孕症名医验案解析,不孕症名医验案解析_病例1,现代临床
原发性不孕症,导致,恶心,不孕症名医验案解析,不孕症名医验案解析_病例1,现代临床
原发性不孕症,导致,白带较多,不孕症名医验案解析,不孕症名医验案解析_病例1,现代临床
原发性不孕症,导致,经期恶寒,不孕症名医验案解析,不孕症名医验案解析_病例1,现代临床
原发性不孕症,导致,腰腹坠痛,不孕症名医验案解析,不孕症名医验案解析_病例1,现代临床
原发性不孕症,导致,血红有块,不孕症名医验案解析,不孕症名医验案解析_病例1,现代临床
原发性不孕症,导致,二便坠胀,不孕症名医验案解析,不孕症名医验案解析_病例1,现代临床
原发性不孕症,导致,食欲不振,不孕症名医验案解析,不孕症名医验案解析_病例1,现代临床
原发性不孕症,导致,面色淡黄,不孕症名医验案解析,不孕症名医验案解析_病例1,现代临床
原发性不孕症,导致,舌苔薄白,不孕症名医验案解析,不孕症名医验案解析_病例1,现代临床
原发性不孕症,导致,脉沉细弱,不孕症名医验案解析,不孕症名医验案解析_病例1,现代临床
原发性不孕症,辨证,气盛血虚,不孕症名医验案解析,不孕症名医验案解析_病例1,现代临床
原发性不孕症,采用方剂,抑气汤,不孕症名医验案解析,不孕症名医验案解析_病例1,现代临床
原发性不孕症,采用方剂,调经种玉汤,不孕症名医验案解析,不孕症名医验案解析_病例1,现代临床
调经种玉汤,组成药材,当归,不孕症名医验案解析,不孕症名医验案解析_病例1,现代临床
调经种玉汤,组成药材,生地黄,不孕症名医验案解析,不孕症名医验案解析_病例1,现代临床
调经种玉汤,组成药材,白芍,不孕症名医验案解析,不孕症名医验案解析_病例1,现代临床
调经种玉汤,组成药材,川芎,不孕症名医验案解析,不孕症名医验案解析_病例1,现代临床
调经种玉汤,组成药材,茯神,不孕症名医验案解析,不孕症名医验案解析_病例1,现代临床
调经种玉汤,组成药材,香附,不孕症名医验案解析,不孕症名医验案解析_病例1,现代临床
调经种玉汤,组成药材,青皮,不孕症名医验案解析,不孕症名医验案解析_病例1,现代临床
调经种玉汤,组成药材,延胡索,不孕症名医验案解析,不孕症名医验案解析_病例1,现代临床
调经种玉汤,组成药材,川楝子,不孕症名医验案解析,不孕症名医验案解析_病例1,现代临床
调经种玉汤,组成药材,泽兰,不孕症名医验案解析,不孕症名医验案解析_病例1,现代临床
调经种玉汤,组成药材,益母草,不孕症名医验案解析,不孕症名医验案解析_病例1,现代临床
调经种玉汤,组成药材,菟丝子,不孕症名医验案解析,不孕症名医验案解析_病例1,现代临床
原发性不孕症,导致,经前气逆,不孕症名医验案解析,不孕症名医验案解析_病例1,现代临床
原发性不孕症,导致,恶心,不孕症名医验案解析,不孕症名医验案解析_病例1,现代临床
原发性不孕症,导致,白带较多,不孕症名医验案解析,不孕症名医验案解析_病例1,现代临床
原发性不孕症,导致,经期恶寒,不孕症名医验案解析,不孕症名医验案解析_病例1,现代临床
原发性不孕症,导致,腰腹坠痛,不孕症名医验案解析,不孕症名医验案解析_病例1,现代临床
原发性不孕症,导致,血红有块,不孕症名医验案解析,不孕症名医验案解析_病例1,现代临床
原发性不孕症,导致,二便坠胀,不孕症名医验案解析,不孕症名医验案解析_病例1,现代临床
原发性不孕症,导致,食欲不振,不孕症名医验案解析,不孕症名医验案解析_病例1,现代临床
原发性不孕症,导致,面色淡黄,不孕症名医验案解析,不孕症名医验案解析_病例1,现代临床
原发性不孕症,导致,舌苔薄白,不孕症名医验案解析,不孕症名医验案解析_病例1,现代临床
原发性不孕症,导致,脉沉细弱,不孕症名医验案解析,不孕症名医验案解析_病例1,现代临床
原发性不孕症,辨证,气盛血虚,不孕症名医验案解析,不孕症名医验案解析_病例1,现代临床
原发性不孕症,采用方剂,抑气汤,不孕症名医验案解析,不孕症名医验案解析_病例1,现代临床
原发性不孕症,采用方剂,调经种玉汤,不孕症名医验案解析,不孕症名医验案解析_病例1,现代临床
调经种玉汤,组成药材,当归,不孕症名医验案解析,不孕症名医验案解析_病例1,现代临床
调经种玉汤,组成药材,生地黄,不孕症名医验案解析,不孕症名医验案解析_病例1,现代临床
调经种玉汤,组成药材,白芍,不孕症名医验案解析,不孕症名医验案解析_病例1,现代临床
调经种玉汤,组成药材,川芎,不孕症名医验案解析,不孕症名医验案解析_病例1,现代临床
调经种玉汤,组成药材,茯神,不孕症名医验案解析,不孕症名医验案解析_病例1,现代临床
调经种玉汤,组成药材,香附,不孕症名医验案解析,不孕症名医验案解析_病例1,现代临床
调经种玉汤,组成药材,青皮,不孕症名医验案解析,不孕症名医验案解析_病例1,现代临床
调经种玉汤,组成药材,延胡索,不孕症名医验案解析,不孕症名医验案解析_病例1,现代临床
调经种玉汤,组成药材,川楝子,不孕症名医验案解析,不孕症名医验案解析_病例1,现代临床
调经种玉汤,组成药材,泽兰,不孕症名医验案解析,不孕症名医验案解析_病例1,现代临床
调经种玉汤,组成药材,益母草,不孕症名医验案解析,不孕症名医验案解析_病例1,现代临床
调经种玉汤,组成药材,菟丝子,不孕症名医验案解析,不孕症名医验案解析_病例1,现代临床
不孕症,归属于经典,内经,不孕症名医验案解析,不孕症名医验案解析_病例1,现代临床
缪仲淳,名医经验总结,主风冷乘袭子宫,不孕症名医验案解析,不孕症名医验案解析_病例1,现代临床
朱丹溪,名医经验总结,主冲任伏热,不孕症名医验案解析,不孕症名医验案解析_病例1,现代临床
张子和,名医经验总结,主胞中实痰,不孕症名医验案解析,不孕症名医验案解析_病例1,现代临床
陈良甫,名医经验总结,谓二三十年全不产育者，胞中必有积血,不孕症名医验案解析,不孕症名医验案解析_病例1,现代临床
张景岳,名医经验总结,种子之本，本无定轨，因人而施，各有所宜,不孕症名医验案解析,不孕症名医验案解析_病例1,现代临床
张景岳,名医经验总结,主张辨证施治,不孕症名医验案解析,不孕症名医验案解析_病例1,现代临床
邹老,名医经验总结,凡妇人或男子少腹经常隐痛不已者，多为房事不慎，肾虚阴寒乘袭，蕴于下元所致,不孕症名医验案解析,不孕症名医验案解析_病例1,现代临床
邹老,名医经验总结,治以细辛、防风、桂枝和黄芪等温养少阴、太阳，可祛除阴寒之邪,不孕症名医验案解析,不孕症名医验案解析_病例1,现代临床
盆腔炎,疾病表现症状,右下腹痛腰酸,不孕症名医验案解析,不孕症名医验案解析_病例1,现代临床
盆腔炎,疾病表现症状,饮食生冷后胃胀,不孕症名医验案解析,不孕症名医验案解析_病例1,现代临床
盆腔炎,疾病表现症状,白带多,不孕症名医验案解析,不孕症名医验案解析_病例1,现代临床
盆腔炎,疾病表现症状,最近经潮腹痛,不孕症名医验案解析,不孕症名医验案解析_病例1,现代临床
盆腔炎,疾病表现症状,面有痤疮,不孕症名医验案解析,不孕症名医验案解析_病例1,现代临床
盆腔炎,疾病表现症状,褐斑,不孕症名医验案解析,不孕症名医验案解析_病例1,现代临床
盆腔炎,疾病表现症状,乳房小叶增生胀痛,不孕症名医验案解析,不孕症名医验案解析_病例1,现代临床
盆腔炎,疾病导致舌象,舌质偏红,不孕症名医验案解析,不孕症名医验案解析_病例1,现代临床
盆腔炎,疾病导致舌象,苔黄,不孕症名医验案解析,不孕症名医验案解析_病例1,现代临床
盆腔炎,疾病导致脉象,脉细,不孕症名医验案解析,不孕症名医验案解析_病例1,现代临床
湿热蕴结,证候导致舌象,舌质偏红,不孕症名医验案解析,不孕症名医验案解析_病例1,现代临床
湿热蕴结,证候导致舌象,苔黄,不孕症名医验案解析,不孕症名医验案解析_病例1,现代临床
湿热蕴结,证候导致脉象,脉细,不孕症名医验案解析,不孕症名医验案解析_病例1,现代临床
湿热蕴结,证候采用方剂,四逆散加减,不孕症名医验案解析,不孕症名医验案解析_病例1,现代临床
四逆散加减,方剂组成药材,醋柴胡,不孕症名医验案解析,不孕症名医验案解析_病例1,现代临床
四逆散加减,方剂组成药材,炒白芍,不孕症名医验案解析,不孕症名医验案解析_病例1,现代临床
四逆散加减,方剂组成药材,香附,不孕症名医验案解析,不孕症名医验案解析_病例1,现代临床
四逆散加减,方剂组成药材,夏枯草,不孕症名医验案解析,不孕症名医验案解析_病例1,现代临床
四逆散加减,方剂组成药材,蒲公英,不孕症名医验案解析,不孕症名医验案解析_病例1,现代临床
四逆散加减,方剂组成药材,沙苑子,不孕症名医验案解析,不孕症名医验案解析_病例1,现代临床
四逆散加减,方剂组成药材,炒枳壳,不孕症名医验案解析,不孕症名医验案解析_病例1,现代临床
四逆散加减,方剂组成药材,炙甘草,不孕症名医验案解析,不孕症名医验案解析_病例1,现代临床
四逆散加减,方剂组成药材,制海螵蛸,不孕症名医验案解析,不孕症名医验案解析_病例1,现代临床
四逆散加减,方剂组成药材,生薏苡仁,不孕症名医验案解析,不孕症名医验案解析_病例1,现代临床
四逆散加减,方剂组成药材,败酱草,不孕症名医验案解析,不孕症名医验案解析_病例1,现代临床
四逆散加减,方剂组成药材,乌药,不孕症名医验案解析,不孕症名医验案解析_病例1,现代临床
四逆散加减,方剂组成药材,茜草根,不孕症名医验案解析,不孕症名医验案解析_病例1,现代临床
四逆散加减,方剂组成药材,桑寄生,不孕症名医验案解析,不孕症名医验案解析_病例1,现代临床
四逆散加减,方剂组成药材,地肤子,不孕症名医验案解析,不孕症名医验案解析_病例1,现代临床
醋柴胡,药材具有功效,疏肝理气,不孕症名医验案解析,不孕症名医验案解析_病例1,现代临床
炒枳壳,药材具有功效,疏肝理气,不孕症名医验案解析,不孕症名医验案解析_病例1,现代临床
香附,药材具有功效,疏肝理气,不孕症名医验案解析,不孕症名医验案解析_病例1,现代临床
乌药,药材具有功效,疏肝理气,不孕症名医验案解析,不孕症名医验案解析_病例1,现代临床
白芍,药材具有功效,平肝柔肝,不孕症名医验案解析,不孕症名医验案解析_病例1,现代临床
夏枯草,药材具有功效,平肝柔肝,不孕症名医验案解析,不孕症名医验案解析_病例1,现代临床
沙苑子,药材具有功效,平肝柔肝,不孕症名医验案解析,不孕症名医验案解析_病例1,现代临床
蒲公英,药材具有功效,清热化湿,不孕症名医验案解析,不孕症名医验案解析_病例1,现代临床
生薏苡仁,药材具有功效,清热化湿,不孕症名医验案解析,不孕症名医验案解析_病例1,现代临床
败酱草,药材具有功效,清热化湿,不孕症名医验案解析,不孕症名医验案解析_病例1,现代临床
地肤子,药材具有功效,清热化湿,不孕症名医验案解析,不孕症名医验案解析_病例1,现代临床
制海螵蛸,药材具有功效,养血止带,不孕症名医验案解析,不孕症名医验案解析_病例1,现代临床
茜草根,药材具有功效,养血止带,不孕症名医验案解析,不孕症名医验案解析_病例1,现代临床
桑寄生,药材具有功效,补益肝肾,不孕症名医验案解析,不孕症名医验案解析_病例1,现代临床
慢性盆腔炎,疾病导致舌象,舌质淡苔薄黄,不孕症名医验案解析,不孕症名医验案解析_病例1,现代临床
脾虚肾亏，湿淫内蕴型之白崩,证候导致舌象,舌质淡苔薄黄,不孕症名医验案解析,不孕症名医验案解析_病例1,现代临床
慢性盆腔炎白崩征象,症状伴随症状,头晕目眩,不孕症名医验案解析,不孕症名医验案解析_病例1,现代临床
慢性盆腔炎白崩征象,症状伴随症状,腰酸肢软,不孕症名医验案解析,不孕症名医验案解析_病例1,现代临床
慢性盆腔炎白崩征象,症状伴随症状,食欲不振,不孕症名医验案解析,不孕症名医验案解析_病例1,现代临床
肝郁血瘀型不孕,证候导致舌象,舌暗红有瘀点,不孕症名医验案解析,不孕症名医验案解析_病例1,现代临床
肝郁血瘀型不孕,证候导致脉象,脉细弦,不孕症名医验案解析,不孕症名医验案解析_病例1,现代临床
素体阳气不足，寒邪内生，寒湿凝滞，脾肾亏虚所导致,证候导致舌象,舌淡红苔薄白,不孕症名医验案解析,不孕症名医验案解析_病例1,现代临床
素体阳气不足，寒邪内生，寒湿凝滞，脾肾亏虚所导致,证候导致脉象,脉细,不孕症名医验案解析,不孕症名医验案解析_病例1,现代临床
慢性盆腔炎,症状辨证证候,湿热瘀阻,不孕症名医验案解析,不孕症名医验案解析_病例1,现代临床
慢性盆腔炎,症状辨证证候,寒湿瘀滞,不孕症名医验案解析,不孕症名医验案解析_病例1,现代临床
慢性盆腔炎,症状辨证证候,气滞血瘀,不孕症名医验案解析,不孕症名医验案解析_病例1,现代临床
慢性盆腔炎,症状辨证证候,气虚血瘀,不孕症名医验案解析,不孕症名医验案解析_病例1,现代临床
脾虚肾亏，湿淫内蕴型之白崩,证候采用方剂,"狗脊9g,巴戟天9g,杜仲9g,续断9g,山茱萸9g,白石脂(包)9g,焦白术9g,金樱子9g,菟丝饼9g,柴胡3g,盐水炒川黄檗9g",不孕症名医验案解析,不孕症名医验案解析_病例1,现代临床
肝郁血瘀型不孕,证候采用方剂,"当归12g,赤芍12g,牡丹皮9g,山栀子9g,桃仁12g,红花12g,川芎6g,郁金13g,生蒲黄12g,五灵脂12g,延胡索12g,小茴香9g",不孕症名医验案解析,不孕症名医验案解析_病例1,现代临床
素体阳气不足，寒邪内生，寒湿凝滞，脾肾亏虚所导致,证候采用方剂,"熟薏苡仁40g,红藤30g,败酱草20g,熟附子15g,葫芦巴、露蜂房各12g,鹿角片、煨木香各10g,甘草、干姜各8g,石榴皮、小茴香各2g",不孕症名医验案解析,不孕症名医验案解析_病例1,现代临床
红藤,药材具有功效,清热解毒,不孕症名医验案解析,不孕症名医验案解析_病例1,现代临床
败酱草,药材具有功效,清热解毒,不孕症名医验案解析,不孕症名医验案解析_病例1,现代临床
白石脂,药材具有功效,固脱重镇,不孕症名医验案解析,不孕症名医验案解析_病例1,现代临床
吴忠廉.不孕不育效验方,归属于经典,人民军医出版社,不孕症名医验案解析,不孕症名医验案解析_病例1,现代临床
高新彦.古今名医妇科医案赏析,归属于经典,人民军医出版社,不孕症名医验案解析,不孕症名医验案解析_病例1,现代临床
王哲，孙振高.不孕不育症名家医案导读,归属于经典,人民军医出版社,不孕症名医验案解析,不孕症名医验案解析_病例1,现代临床
不孕症,症状伴随症状,腰腹胀坠隐痛,不孕症名医验案解析,不孕症名医验案解析_病例1,现代临床
不孕症,症状伴随症状,白带增多,不孕症名医验案解析,不孕症名医验案解析_病例1,现代临床
不孕症,症状伴随症状,经期及劳累后疼痛加重,不孕症名医验案解析,不孕症名医验案解析_病例1,现代临床
不孕症,症状伴随症状,经色黯有块,不孕症名医验案解析,不孕症名医验案解析_病例1,现代临床
不孕症,导致舌象,舌质黯红边有瘀点,不孕症名医验案解析,不孕症名医验案解析_病例1,现代临床
不孕症,导致舌象,苔薄黄腻,不孕症名医验案解析,不孕症名医验案解析_病例1,现代临床
不孕症,导致脉象,脉滑略数,不孕症名医验案解析,不孕症名医验案解析_病例1,现代临床
慢性盆腔炎,症状伴随症状,腰腹胀坠隐痛,不孕症名医验案解析,不孕症名医验案解析_病例1,现代临床
慢性盆腔炎,症状伴随症状,白带增多,不孕症名医验案解析,不孕症名医验案解析_病例1,现代临床
慢性盆腔炎,症状伴随症状,经期及劳累后疼痛加重,不孕症名医验案解析,不孕症名医验案解析_病例1,现代临床
慢性盆腔炎,症状伴随症状,经色黯有块,不孕症名医验案解析,不孕症名医验案解析_病例1,现代临床
慢性盆腔炎,导致舌象,舌质黯红边有瘀点,不孕症名医验案解析,不孕症名医验案解析_病例1,现代临床
慢性盆腔炎,导致舌象,苔薄黄腻,不孕症名医验案解析,不孕症名医验案解析_病例1,现代临床
慢性盆腔炎,导致脉象,脉滑略数,不孕症名医验案解析,不孕症名医验案解析_病例1,现代临床
慢性盆腔炎,证候导致舌象,舌质暗红,不孕症名医验案解析,不孕症名医验案解析_病例1,现代临床
慢性盆腔炎,证候导致舌象,苔薄黄,不孕症名医验案解析,不孕症名医验案解析_病例1,现代临床
慢性盆腔炎,证候导致脉象,脉弦,不孕症名医验案解析,不孕症名医验案解析_病例1,现代临床
慢性盆腔炎,证候辨证证候,瘀血内阻,不孕症名医验案解析,不孕症名医验案解析_病例1,现代临床
慢性盆腔炎,证候辨证证候,气滞血瘀,不孕症名医验案解析,不孕症名医验案解析_病例1,现代临床
瘀血内阻,证候采用方剂,化瘀解毒汤加减,不孕症名医验案解析,不孕症名医验案解析_病例1,现代临床
化瘀解毒汤加减,方剂组成药材,丹参,不孕症名医验案解析,不孕症名医验案解析_病例1,现代临床
化瘀解毒汤加减,方剂组成药材,桃仁,不孕症名医验案解析,不孕症名医验案解析_病例1,现代临床
化瘀解毒汤加减,方剂组成药材,红花,不孕症名医验案解析,不孕症名医验案解析_病例1,现代临床
化瘀解毒汤加减,方剂组成药材,生黄芪,不孕症名医验案解析,不孕症名医验案解析_病例1,现代临床
化瘀解毒汤加减,方剂组成药材,紫花地丁,不孕症名医验案解析,不孕症名医验案解析_病例1,现代临床
化瘀解毒汤加减,方剂组成药材,金银花,不孕症名医验案解析,不孕症名医验案解析_病例1,现代临床
化瘀解毒汤加减,方剂组成药材,土茯苓,不孕症名医验案解析,不孕症名医验案解析_病例1,现代临床
化瘀解毒汤加减,方剂组成药材,蒲公英,不孕症名医验案解析,不孕症名医验案解析_病例1,现代临床
化瘀解毒汤加减,方剂组成药材,皂角刺,不孕症名医验案解析,不孕症名医验案解析_病例1,现代临床
化瘀解毒汤加减,方剂组成药材,石见穿,不孕症名医验案解析,不孕症名医验案解析_病例1,现代临床
化瘀解毒汤加减,方剂组成药材,枳实,不孕症名医验案解析,不孕症名医验案解析_病例1,现代临床
丹参,药材具有功效,行气活血散结,不孕症名医验案解析,不孕症名医验案解析_病例1,现代临床
桃仁,药材具有功效,行气活血散结,不孕症名医验案解析,不孕症名医验案解析_病例1,现代临床
红花,药材具有功效,行气活血散结,不孕症名医验案解析,不孕症名医验案解析_病例1,现代临床
枳实,药材具有功效,行气活血散结,不孕症名医验案解析,不孕症名医验案解析_病例1,现代临床
石见穿,药材具有功效,行气活血散结,不孕症名医验案解析,不孕症名医验案解析_病例1,现代临床
紫花地丁,药材具有功效,清热解毒,不孕症名医验案解析,不孕症名医验案解析_病例1,现代临床
金银花,药材具有功效,清热解毒,不孕症名医验案解析,不孕症名医验案解析_病例1,现代临床
皂角刺,药材具有功效,清热解毒,不孕症名医验案解析,不孕症名医验案解析_病例1,现代临床
土茯苓,药材具有功效,清热利湿,不孕症名医验案解析,不孕症名医验案解析_病例1,现代临床
蒲公英,药材具有功效,清热利湿,不孕症名医验案解析,不孕症名医验案解析_病例1,现代临床
生黄芪,药材具有功效,扶正祛邪,不孕症名医验案解析,不孕症名医验案解析_病例1,现代临床
气滞血瘀,证候采用方剂,醋柴胡、甘草、川芎、赤芍、丹参、牡丹皮、当归、青皮、陈皮、山栀子、皂角刺、路路通、败酱草、白花蛇舌草,不孕症名医验案解析,不孕症名医验案解析_病例1,现代临床
小儿感冒,疾病表现症状,发热,儿科病名医验案解析,儿科病名医验案解析_病例1,现代临床
小儿感冒,疾病表现症状,恶寒,儿科病名医验案解析,儿科病名医验案解析_病例1,现代临床
小儿感冒,疾病表现症状,鼻塞流涕,儿科病名医验案解析,儿科病名医验案解析_病例1,现代临床
小儿感冒,疾病表现症状,咳嗽,儿科病名医验案解析,儿科病名医验案解析_病例1,现代临床
感冒,症状伴随症状,夹惊,儿科病名医验案解析,儿科病名医验案解析_病例1,现代临床
感冒,症状伴随症状,夹滞,儿科病名医验案解析,儿科病名医验案解析_病例1,现代临床
感冒,症状伴随症状,夹痰,儿科病名医验案解析,儿科病名医验案解析_病例1,现代临床
感冒,疾病导致舌象,舌质淡,儿科病名医验案解析,儿科病名医验案解析_病例1,现代临床
感冒,疾病导致舌象,苔白腻,儿科病名医验案解析,儿科病名医验案解析_病例1,现代临床
感冒,疾病导致脉象,脉滑数,儿科病名医验案解析,儿科病名医验案解析_病例1,现代临床
感冒,证候导致舌象,舌边红,儿科病名医验案解析,儿科病名医验案解析_病例1,现代临床
感冒,证候导致舌象,苔白腻而干,儿科病名医验案解析,儿科病名医验案解析_病例1,现代临床
感冒,证候导致脉象,脉濡滑数,儿科病名医验案解析,儿科病名医验案解析_病例1,现代临床
感冒,症状辨证证候,伏暑夹湿,儿科病名医验案解析,儿科病名医验案解析_病例1,现代临床
感冒,症状辨证证候,时邪夹湿,儿科病名医验案解析,儿科病名医验案解析_病例1,现代临床
感冒,症状辨证证候,表邪郁闭,儿科病名医验案解析,儿科病名医验案解析_病例1,现代临床
感冒,症状辨证证候,外感风邪,儿科病名医验案解析,儿科病名医验案解析_病例1,现代临床
感冒,症状辨证证候,风温袭表,儿科病名医验案解析,儿科病名医验案解析_病例1,现代临床
伏暑夹湿,证候采用方剂,银翘散汤剂,儿科病名医验案解析,儿科病名医验案解析_病例1,现代临床
时邪夹湿,证候采用方剂,甘露消毒丹,儿科病名医验案解析,儿科病名医验案解析_病例1,现代临床
表邪郁闭,证候采用方剂,小柴胡汤加减,儿科病名医验案解析,儿科病名医验案解析_病例1,现代临床
外感风邪,证候采用方剂,保和丸,儿科病名医验案解析,儿科病名医验案解析_病例1,现代临床
风温袭表,证候采用方剂,荆芥穗方,儿科病名医验案解析,儿科病名医验案解析_病例1,现代临床
银翘散汤剂,方剂组成药材,茯苓皮,儿科病名医验案解析,儿科病名医验案解析_病例1,现代临床
银翘散汤剂,方剂组成药材,杏仁,儿科病名医验案解析,儿科病名医验案解析_病例1,现代临床
银翘散汤剂,方剂组成药材,薏苡仁,儿科病名医验案解析,儿科病名医验案解析_病例1,现代临床
银翘散汤剂,方剂组成药材,佩兰,儿科病名医验案解析,儿科病名医验案解析_病例1,现代临床
银翘散汤剂,方剂组成药材,滑石,儿科病名医验案解析,儿科病名医验案解析_病例1,现代临床
银翘散汤剂,方剂组成药材,黄芩,儿科病名医验案解析,儿科病名医验案解析_病例1,现代临床
银翘散汤剂,方剂组成药材,茵陈,儿科病名医验案解析,儿科病名医验案解析_病例1,现代临床
银翘散汤剂,方剂组成药材,淡竹叶,儿科病名医验案解析,儿科病名医验案解析_病例1,现代临床
银翘散汤剂,方剂组成药材,苇根,儿科病名医验案解析,儿科病名医验案解析_病例1,现代临床
银翘散汤剂,方剂组成药材,神曲,儿科病名医验案解析,儿科病名医验案解析_病例1,现代临床
银翘散汤剂,方剂组成药材,通草,儿科病名医验案解析,儿科病名医验案解析_病例1,现代临床
茯苓皮,药材具有功效,通阳利湿,儿科病名医验案解析,儿科病名医验案解析_病例1,现代临床
杏仁,药材具有功效,宣肺平喘,儿科病名医验案解析,儿科病名医验案解析_病例1,现代临床
薏苡仁,药材具有功效,健脾利湿,儿科病名医验案解析,儿科病名医验案解析_病例1,现代临床
佩兰,药材具有功效,化湿解暑,儿科病名医验案解析,儿科病名医验案解析_病例1,现代临床
滑石,药材具有功效,清热利湿,儿科病名医验案解析,儿科病名医验案解析_病例1,现代临床
黄芩,药材具有功效,清热燥湿,儿科病名医验案解析,儿科病名医验案解析_病例1,现代临床
蒲辅周医案,归属于经典,中国中医研究院,儿科病名医验案解析,儿科病名医验案解析_病例1,现代临床
流行性感冒,疾病表现症状,高热,儿科病名医验案解析,儿科病名医验案解析_病例1,现代临床
流行性感冒,疾病表现症状,咳嗽声浊,儿科病名医验案解析,儿科病名医验案解析_病例1,现代临床
流行性感冒,疾病导致舌象,舌质红,儿科病名医验案解析,儿科病名医验案解析_病例1,现代临床
流行性感冒,疾病导致脉象,脉浮数,儿科病名医验案解析,儿科病名医验案解析_病例1,现代临床
风温袭表,证候导致舌象,舌质红,儿科病名医验案解析,儿科病名医验案解析_病例1,现代临床
风温袭表,证候导致脉象,脉浮数,儿科病名医验案解析,儿科病名医验案解析_病例1,现代临床
风温袭表,证候采用方剂,"荆芥穗6g,薄荷2.4g,金银花10g,紫苏叶5g,蔓荆子6g,连翘10g,炒杏仁5g,瓜蒌10g,芦根12g,浮萍2.4g,紫雪丹1.2g",儿科病名医验案解析,儿科病名医验案解析_病例1,现代临床
风寒闭肺,证候导致舌象,舌红,儿科病名医验案解析,儿科病名医验案解析_病例1,现代临床
风寒闭肺,证候导致舌象,苔薄白,儿科病名医验案解析,儿科病名医验案解析_病例1,现代临床
风寒闭肺,证候导致脉象,脉数,儿科病名医验案解析,儿科病名医验案解析_病例1,现代临床
风寒闭肺,证候采用方剂,"麻绒3g,淡豆豉6g,防风6g,枳实3g,麦芽10g,法半夏6g,陈皮3g,茯苓3g,赤芍6g,生姜2片",儿科病名医验案解析,儿科病名医验案解析_病例1,现代临床
外感风寒,证候导致舌象,舌红,儿科病名医验案解析,儿科病名医验案解析_病例1,现代临床
外感风寒,证候导致舌象,苔薄白,儿科病名医验案解析,儿科病名医验案解析_病例1,现代临床
外感风寒,证候导致脉象,脉浮紧,儿科病名医验案解析,儿科病名医验案解析_病例1,现代临床
外感风寒,证候采用方剂,小柴胡汤加减,儿科病名医验案解析,儿科病名医验案解析_病例1,现代临床
内伤食滞,证候导致舌象,舌苔厚腻,儿科病名医验案解析,儿科病名医验案解析_病例1,现代临床
内伤食滞,证候导致脉象,脉滑有力,儿科病名医验案解析,儿科病名医验案解析_病例1,现代临床
内伤食滞,证候采用方剂,保和丸加减,儿科病名医验案解析,儿科病名医验案解析_病例1,现代临床
外感暑湿证,证候导致舌象,舌质红,儿科病名医验案解析,儿科病名医验案解析_病例1,现代临床
外感暑湿证,证候导致舌象,苔白腻,儿科病名医验案解析,儿科病名医验案解析_病例1,现代临床
外感暑湿证,证候导致脉象,脉滑数,儿科病名医验案解析,儿科病名医验案解析_病例1,现代临床
外感暑湿证,证候采用方剂,香薷饮加减,儿科病名医验案解析,儿科病名医验案解析_病例1,现代临床
暑湿碍脾伤阴,证候导致舌象,舌质红,儿科病名医验案解析,儿科病名医验案解析_病例1,现代临床
暑湿碍脾伤阴,证候导致舌象,苔薄白少津,儿科病名医验案解析,儿科病名医验案解析_病例1,现代临床
暑湿碍脾伤阴,证候导致脉象,脉细数,儿科病名医验案解析,儿科病名医验案解析_病例1,现代临床
暑湿碍脾伤阴,证候采用方剂,"西瓜翠衣30g,太子参10g,麦冬10g,玄参10g,淡竹叶10g,芦根15g,生谷芽、生麦芽各10g,生山楂10g,天花粉10g,五味子10g,茯苓10g,白扁豆",儿科病名医验案解析,儿科病名医验案解析_病例1,现代临床
外感暑湿证,疾病表现症状,发热,儿科病名医验案解析,儿科病名医验案解析_病例1,现代临床
外感暑湿证,疾病表现症状,周身酸痛不适,儿科病名医验案解析,儿科病名医验案解析_病例1,现代临床
外感暑湿证,疾病表现症状,倦怠纳呆,儿科病名医验案解析,儿科病名医验案解析_病例1,现代临床
外感暑湿证,疾病表现症状,头昏重,儿科病名医验案解析,儿科病名医验案解析_病例1,现代临床
外感暑湿证,疾病表现症状,小便短赤,儿科病名医验案解析,儿科病名医验案解析_病例1,现代临床
外感暑湿证,疾病导致舌象,舌质红,儿科病名医验案解析,儿科病名医验案解析_病例1,现代临床
外感暑湿证,疾病导致舌象,苔白腻,儿科病名医验案解析,儿科病名医验案解析_病例1,现代临床
外感暑湿证,疾病导致脉象,脉滑数,儿科病名医验案解析,儿科病名医验案解析_病例1,现代临床
暑湿碍脾伤阴,证候导致舌象,舌质红,儿科病名医验案解析,儿科病名医验案解析_病例1,现代临床
暑湿碍脾伤阴,证候导致舌象,苔薄白少津,儿科病名医验案解析,儿科病名医验案解析_病例1,现代临床
暑湿碍脾伤阴,证候导致脉象,脉细数,儿科病名医验案解析,儿科病名医验案解析_病例1,现代临床
暑湿碍脾伤阴,症状伴随症状,不思饮食,儿科病名医验案解析,儿科病名医验案解析_病例1,现代临床
暑湿碍脾伤阴,症状伴随症状,口渴喜饮,儿科病名医验案解析,儿科病名医验案解析_病例1,现代临床
暑湿碍脾伤阴,症状伴随症状,小便短赤,儿科病名医验案解析,儿科病名医验案解析_病例1,现代临床
风寒外束，肺卫失宣,疾病表现症状,发热,儿科病名医验案解析,儿科病名医验案解析_病例1,现代临床
风寒外束，肺卫失宣,疾病表现症状,咳嗽流涕,儿科病名医验案解析,儿科病名医验案解析_病例1,现代临床
风寒外束，肺卫失宣,疾病导致舌象,舌质淡,儿科病名医验案解析,儿科病名医验案解析_病例1,现代临床
风寒外束，肺卫失宣,疾病导致舌象,舌尖红,儿科病名医验案解析,儿科病名医验案解析_病例1,现代临床
风寒外束，肺卫失宣,疾病导致舌象,苔白,儿科病名医验案解析,儿科病名医验案解析_病例1,现代临床
风寒外束，肺卫失宣,疾病导致脉象,脉细数,儿科病名医验案解析,儿科病名医验案解析_病例1,现代临床
少阳阳明合病,疾病表现症状,发热,儿科病名医验案解析,儿科病名医验案解析_病例1,现代临床
少阳阳明合病,疾病表现症状,咳嗽,儿科病名医验案解析,儿科病名医验案解析_病例1,现代临床
少阳阳明合病,疾病表现症状,呕吐,儿科病名医验案解析,儿科病名医验案解析_病例1,现代临床
少阳阳明合病,疾病表现症状,腹痛,儿科病名医验案解析,儿科病名医验案解析_病例1,现代临床
少阳阳明合病,疾病表现症状,大便干结,儿科病名医验案解析,儿科病名医验案解析_病例1,现代临床
少阳阳明合病,疾病导致舌象,舌苔黄,儿科病名医验案解析,儿科病名医验案解析_病例1,现代临床
少阳阳明合病,疾病导致脉象,脉浮数,儿科病名医验案解析,儿科病名医验案解析_病例1,现代临床
外感风热，内蕴食积,疾病表现症状,发热,儿科病名医验案解析,儿科病名医验案解析_病例1,现代临床
外感风热，内蕴食积,疾病表现症状,手足心甚热,儿科病名医验案解析,儿科病名医验案解析_病例1,现代临床
外感风热，内蕴食积,疾病表现症状,时有汗出,儿科病名医验案解析,儿科病名医验案解析_病例1,现代临床
外感风热，内蕴食积,疾病表现症状,啼哭烦躁,儿科病名医验案解析,儿科病名医验案解析_病例1,现代临床
外感风热，内蕴食积,疾病表现症状,大便泻绿色沫,儿科病名医验案解析,儿科病名医验案解析_病例1,现代临床
外感风热，内蕴食积,疾病导致舌象,舌苔白,儿科病名医验案解析,儿科病名医验案解析_病例1,现代临床
外感风热，内蕴食积,疾病导致脉象,脉滑数,儿科病名医验案解析,儿科病名医验案解析_病例1,现代临床
邪伏膜原之发热证,疾病表现症状,恶寒发热,儿科病名医验案解析,儿科病名医验案解析_病例1,现代临床
邪伏膜原之发热证,疾病表现症状,心烦不安,儿科病名医验案解析,儿科病名医验案解析_病例1,现代临床
邪伏膜原之发热证,疾病表现症状,持续1小时左右,儿科病名医验案解析,儿科病名医验案解析_病例1,现代临床
邪伏膜原之发热证,疾病表现症状,寒战止,儿科病名医验案解析,儿科病名医验案解析_病例1,现代临床
邪伏膜原之发热证,疾病表现症状,热渐退,儿科病名医验案解析,儿科病名医验案解析_病例1,现代临床
邪伏膜原之发热证,疾病表现症状,大汗出,儿科病名医验案解析,儿科病名医验案解析_病例1,现代临床
邪伏膜原之发热证,疾病导致舌象,舌红,儿科病名医验案解析,儿科病名医验案解析_病例1,现代临床
邪伏膜原之发热证,疾病导致舌象,苔白腻,儿科病名医验案解析,儿科病名医验案解析_病例1,现代临床
邪伏膜原之发热证,疾病导致脉象,脉浮数无力,儿科病名医验案解析,儿科病名医验案解析_病例1,现代临床
外感暑湿证,证候采用方剂,香薷饮加减,儿科病名医验案解析,儿科病名医验案解析_病例1,现代临床
香薷饮加减,方剂组成药材,香薷,儿科病名医验案解析,儿科病名医验案解析_病例1,现代临床
香薷饮加减,方剂组成药材,藿香,儿科病名医验案解析,儿科病名医验案解析_病例1,现代临床
香薷饮加减,方剂组成药材,厚朴,儿科病名医验案解析,儿科病名医验案解析_病例1,现代临床
香薷饮加减,方剂组成药材,白扁豆,儿科病名医验案解析,儿科病名医验案解析_病例1,现代临床
香薷饮加减,方剂组成药材,生石膏,儿科病名医验案解析,儿科病名医验案解析_病例1,现代临床
香薷饮加减,方剂组成药材,山栀子,儿科病名医验案解析,儿科病名医验案解析_病例1,现代临床
香薷饮加减,方剂组成药材,淡豆豉,儿科病名医验案解析,儿科病名医验案解析_病例1,现代临床
香薷饮加减,方剂组成药材,芦根,儿科病名医验案解析,儿科病名医验案解析_病例1,现代临床
香薷饮加减,方剂组成药材,淡竹叶,儿科病名医验案解析,儿科病名医验案解析_病例1,现代临床
香薷饮加减,方剂组成药材,紫苏梗,儿科病名医验案解析,儿科病名医验案解析_病例1,现代临床
暑湿碍脾伤阴,证候采用方剂,西瓜翠衣方,儿科病名医验案解析,儿科病名医验案解析_病例1,现代临床
西瓜翠衣方,方剂组成药材,西瓜翠衣,儿科病名医验案解析,儿科病名医验案解析_病例1,现代临床
西瓜翠衣方,方剂组成药材,太子参,儿科病名医验案解析,儿科病名医验案解析_病例1,现代临床
西瓜翠衣方,方剂组成药材,麦冬,儿科病名医验案解析,儿科病名医验案解析_病例1,现代临床
西瓜翠衣方,方剂组成药材,玄参,儿科病名医验案解析,儿科病名医验案解析_病例1,现代临床
西瓜翠衣方,方剂组成药材,淡竹叶,儿科病名医验案解析,儿科病名医验案解析_病例1,现代临床
西瓜翠衣方,方剂组成药材,芦根,儿科病名医验案解析,儿科病名医验案解析_病例1,现代临床
西瓜翠衣方,方剂组成药材,生谷芽,儿科病名医验案解析,儿科病名医验案解析_病例1,现代临床
西瓜翠衣方,方剂组成药材,生麦芽,儿科病名医验案解析,儿科病名医验案解析_病例1,现代临床
西瓜翠衣方,方剂组成药材,生山楂,儿科病名医验案解析,儿科病名医验案解析_病例1,现代临床
西瓜翠衣方,方剂组成药材,天花粉,儿科病名医验案解析,儿科病名医验案解析_病例1,现代临床
西瓜翠衣方,方剂组成药材,五味子,儿科病名医验案解析,儿科病名医验案解析_病例1,现代临床
西瓜翠衣方,方剂组成药材,茯苓,儿科病名医验案解析,儿科病名医验案解析_病例1,现代临床
西瓜翠衣方,方剂组成药材,白扁豆,儿科病名医验案解析,儿科病名医验案解析_病例1,现代临床
风寒外束，肺卫失宣,证候采用方剂,荆芥方,儿科病名医验案解析,儿科病名医验案解析_病例1,现代临床
荆芥方,方剂组成药材,荆芥,儿科病名医验案解析,儿科病名医验案解析_病例1,现代临床
荆芥方,方剂组成药材,紫苏梗,儿科病名医验案解析,儿科病名医验案解析_病例1,现代临床
荆芥方,方剂组成药材,桔梗,儿科病名医验案解析,儿科病名医验案解析_病例1,现代临床
荆芥方,方剂组成药材,白芷,儿科病名医验案解析,儿科病名医验案解析_病例1,现代临床
荆芥方,方剂组成药材,柴胡,儿科病名医验案解析,儿科病名医验案解析_病例1,现代临床
荆芥方,方剂组成药材,紫菀,儿科病名医验案解析,儿科病名医验案解析_病例1,现代临床
荆芥方,方剂组成药材,白前,儿科病名医验案解析,儿科病名医验案解析_病例1,现代临床
荆芥方,方剂组成药材,苍耳子,儿科病名医验案解析,儿科病名医验案解析_病例1,现代临床
荆芥方,方剂组成药材,生姜,儿科病名医验案解析,儿科病名医验案解析_病例1,现代临床
少阳阳明合病,证候采用方剂,大柴胡汤加减,儿科病名医验案解析,儿科病名医验案解析_病例1,现代临床
大柴胡汤加减,方剂组成药材,柴胡,儿科病名医验案解析,儿科病名医验案解析_病例1,现代临床
大柴胡汤加减,方剂组成药材,黄芩,儿科病名医验案解析,儿科病名医验案解析_病例1,现代临床
大柴胡汤加减,方剂组成药材,半夏,儿科病名医验案解析,儿科病名医验案解析_病例1,现代临床
大柴胡汤加减,方剂组成药材,白芍,儿科病名医验案解析,儿科病名医验案解析_病例1,现代临床
大柴胡汤加减,方剂组成药材,枳实,儿科病名医验案解析,儿科病名医验案解析_病例1,现代临床
大柴胡汤加减,方剂组成药材,茯苓,儿科病名医验案解析,儿科病名医验案解析_病例1,现代临床
大柴胡汤加减,方剂组成药材,陈皮,儿科病名医验案解析,儿科病名医验案解析_病例1,现代临床
大柴胡汤加减,方剂组成药材,炒紫苏子,儿科病名医验案解析,儿科病名医验案解析_病例1,现代临床
大柴胡汤加减,方剂组成药材,炒莱菔子,儿科病名医验案解析,儿科病名医验案解析_病例1,现代临床
大柴胡汤加减,方剂组成药材,炒山楂,儿科病名医验案解析,儿科病名医验案解析_病例1,现代临床
大柴胡汤加减,方剂组成药材,炒麦芽,儿科病名医验案解析,儿科病名医验案解析_病例1,现代临床
大柴胡汤加减,方剂组成药材,炒神曲,儿科病名医验案解析,儿科病名医验案解析_病例1,现代临床
大柴胡汤加减,方剂组成药材,甘草,儿科病名医验案解析,儿科病名医验案解析_病例1,现代临床
邪伏膜原之发热证,证候采用方剂,青蒿鳖甲汤,儿科病名医验案解析,儿科病名医验案解析_病例1,现代临床
青蒿鳖甲汤,方剂组成药材,青蒿,儿科病名医验案解析,儿科病名医验案解析_病例1,现代临床
青蒿鳖甲汤,方剂组成药材,鳖甲,儿科病名医验案解析,儿科病名医验案解析_病例1,现代临床
青蒿鳖甲汤,方剂组成药材,桂枝,儿科病名医验案解析,儿科病名医验案解析_病例1,现代临床
青蒿鳖甲汤,方剂组成药材,升麻,儿科病名医验案解析,儿科病名医验案解析_病例1,现代临床
青蒿鳖甲汤,方剂组成药材,柴胡,儿科病名医验案解析,儿科病名医验案解析_病例1,现代临床
青蒿鳖甲汤,方剂组成药材,白芍,儿科病名医验案解析,儿科病名医验案解析_病例1,现代临床
青蒿鳖甲汤,方剂组成药材,党参,儿科病名医验案解析,儿科病名医验案解析_病例1,现代临床
青蒿鳖甲汤,方剂组成药材,厚朴,儿科病名医验案解析,儿科病名医验案解析_病例1,现代临床
青蒿鳖甲汤,方剂组成药材,草果,儿科病名医验案解析,儿科病名医验案解析_病例1,现代临床
青蒿鳖甲汤,方剂组成药材,炙甘草,儿科病名医验案解析,儿科病名医验案解析_病例1,现代临床
青蒿鳖甲汤,方剂组成药材,黄芩,儿科病名医验案解析,儿科病名医验案解析_病例1,现代临床
青蒿鳖甲汤,方剂组成药材,防风,儿科病名医验案解析,儿科病名医验案解析_病例1,现代临床
小儿夏季热,疾病表现症状,长期发热,儿科病名医验案解析,儿科病名医验案解析_病例1,现代临床
小儿夏季热,疾病表现症状,口渴多饮,儿科病名医验案解析,儿科病名医验案解析_病例1,现代临床
小儿夏季热,疾病表现症状,多尿,儿科病名医验案解析,儿科病名医验案解析_病例1,现代临床
小儿夏季热,疾病表现症状,无汗,儿科病名医验案解析,儿科病名医验案解析_病例1,现代临床
营卫不和,证候导致舌象,舌质淡红,儿科病名医验案解析,儿科病名医验案解析_病例1,现代临床
营卫不和,证候导致舌象,苔薄白,儿科病名医验案解析,儿科病名医验案解析_病例1,现代临床
食积发热证,证候导致舌象,舌红,儿科病名医验案解析,儿科病名医验案解析_病例1,现代临床
食积发热证,证候导致舌象,苔黄厚,儿科病名医验案解析,儿科病名医验案解析_病例1,现代临床
温热病,疾病表现症状,颈淋巴结肿大,儿科病名医验案解析,儿科病名医验案解析_病例1,现代临床
温热病,疾病表现症状,低热,儿科病名医验案解析,儿科病名医验案解析_病例1,现代临床
温热病,疾病表现症状,体温未下降,儿科病名医验案解析,儿科病名医验案解析_病例1,现代临床
温热病,疾病表现症状,伴有寒战,儿科病名医验案解析,儿科病名医验案解析_病例1,现代临床
温热病,疾病表现症状,精神弱,儿科病名医验案解析,儿科病名医验案解析_病例1,现代临床
温热病,疾病表现症状,食欲缺乏,儿科病名医验案解析,儿科病名医验案解析_病例1,现代临床
温热病,疾病表现症状,大便干燥,儿科病名医验案解析,儿科病名医验案解析_病例1,现代临床
邪热内蕴，阴分已伤,证候导致舌象,舌质红,儿科病名医验案解析,儿科病名医验案解析_病例1,现代临床
邪热内蕴，阴分已伤,证候导致舌象,苔白厚,儿科病名医验案解析,儿科病名医验案解析_病例1,现代临床
邪热内蕴，阴分已伤,证候导致舌象,中间褐色,儿科病名医验案解析,儿科病名医验案解析_病例1,现代临床
邪热内蕴，阴分已伤,证候导致脉象,脉细数,儿科病名医验案解析,儿科病名医验案解析_病例1,现代临床
小儿夏季热,证候采用方剂,清热散,儿科病名医验案解析,儿科病名医验案解析_病例1,现代临床
营卫不和，气阴两伤,证候采用方剂,炙桂枝汤,儿科病名医验案解析,儿科病名医验案解析_病例1,现代临床
食积发热证,证候采用方剂,藿连保和汤加减,儿科病名医验案解析,儿科病名医验案解析_病例1,现代临床
邪热内蕴，阴分已伤,证候采用方剂,青蒿鳖甲汤合清骨散加减,儿科病名医验案解析,儿科病名医验案解析_病例1,现代临床
炙桂枝汤,方剂组成药材,炙桂枝,儿科病名医验案解析,儿科病名医验案解析_病例1,现代临床
炙桂枝汤,方剂组成药材,煅龙骨,儿科病名医验案解析,儿科病名医验案解析_病例1,现代临床
炙桂枝汤,方剂组成药材,煅牡蛎,儿科病名医验案解析,儿科病名医验案解析_病例1,现代临床
炙桂枝汤,方剂组成药材,白芍,儿科病名医验案解析,儿科病名医验案解析_病例1,现代临床
炙桂枝汤,方剂组成药材,天冬,儿科病名医验案解析,儿科病名医验案解析_病例1,现代临床
炙桂枝汤,方剂组成药材,麦冬,儿科病名医验案解析,儿科病名医验案解析_病例1,现代临床
炙桂枝汤,方剂组成药材,炙鳖甲,儿科病名医验案解析,儿科病名医验案解析_病例1,现代临床
炙桂枝汤,方剂组成药材,地骨皮,儿科病名医验案解析,儿科病名医验案解析_病例1,现代临床
炙桂枝汤,方剂组成药材,六一散,儿科病名医验案解析,儿科病名医验案解析_病例1,现代临床
炙桂枝汤,方剂组成药材,生姜,儿科病名医验案解析,儿科病名医验案解析_病例1,现代临床
炙桂枝汤,方剂组成药材,大枣,儿科病名医验案解析,儿科病名医验案解析_病例1,现代临床
藿连保和汤加减,方剂组成药材,藿香,儿科病名医验案解析,儿科病名医验案解析_病例1,现代临床
藿连保和汤加减,方剂组成药材,黄连,儿科病名医验案解析,儿科病名医验案解析_病例1,现代临床
藿连保和汤加减,方剂组成药材,厚朴,儿科病名医验案解析,儿科病名医验案解析_病例1,现代临床
藿连保和汤加减,方剂组成药材,清半夏,儿科病名医验案解析,儿科病名医验案解析_病例1,现代临床
藿连保和汤加减,方剂组成药材,焦三仙,儿科病名医验案解析,儿科病名医验案解析_病例1,现代临床
藿连保和汤加减,方剂组成药材,广陈皮,儿科病名医验案解析,儿科病名医验案解析_病例1,现代临床
藿连保和汤加减,方剂组成药材,柴胡,儿科病名医验案解析,儿科病名医验案解析_病例1,现代临床
藿连保和汤加减,方剂组成药材,连翘,儿科病名医验案解析,儿科病名医验案解析_病例1,现代临床
藿连保和汤加减,方剂组成药材,荆芥穗,儿科病名医验案解析,儿科病名医验案解析_病例1,现代临床
藿连保和汤加减,方剂组成药材,云茯苓,儿科病名医验案解析,儿科病名医验案解析_病例1,现代临床
藿连保和汤加减,方剂组成药材,炒枳壳,儿科病名医验案解析,儿科病名医验案解析_病例1,现代临床
藿连保和汤加减,方剂组成药材,甘草,儿科病名医验案解析,儿科病名医验案解析_病例1,现代临床
青蒿鳖甲汤合清骨散加减,方剂组成药材,青蒿,儿科病名医验案解析,儿科病名医验案解析_病例1,现代临床
青蒿鳖甲汤合清骨散加减,方剂组成药材,鳖甲,儿科病名医验案解析,儿科病名医验案解析_病例1,现代临床
青蒿鳖甲汤合清骨散加减,方剂组成药材,地骨皮,儿科病名医验案解析,儿科病名医验案解析_病例1,现代临床
青蒿鳖甲汤合清骨散加减,方剂组成药材,白薇,儿科病名医验案解析,儿科病名医验案解析_病例1,现代临床
青蒿鳖甲汤合清骨散加减,方剂组成药材,银柴胡,儿科病名医验案解析,儿科病名医验案解析_病例1,现代临床
青蒿鳖甲汤合清骨散加减,方剂组成药材,炒常山,儿科病名医验案解析,儿科病名医验案解析_病例1,现代临床
青蒿鳖甲汤合清骨散加减,方剂组成药材,玄参,儿科病名医验案解析,儿科病名医验案解析_病例1,现代临床
青蒿鳖甲汤合清骨散加减,方剂组成药材,生地黄,儿科病名医验案解析,儿科病名医验案解析_病例1,现代临床
青蒿鳖甲汤合清骨散加减,方剂组成药材,鲜芦根,儿科病名医验案解析,儿科病名医验案解析_病例1,现代临床
青蒿鳖甲汤合清骨散加减,方剂组成药材,寒水石,儿科病名医验案解析,儿科病名医验案解析_病例1,现代临床
青蒿,药材具有功效,清热透络,儿科病名医验案解析,儿科病名医验案解析_病例1,现代临床
鳖甲,药材具有功效,滋阴退虚热,儿科病名医验案解析,儿科病名医验案解析_病例1,现代临床
银柴胡,药材具有功效,退虚热,儿科病名医验案解析,儿科病名医验案解析_病例1,现代临床
地骨皮,药材具有功效,降肺中伏火,儿科病名医验案解析,儿科病名医验案解析_病例1,现代临床
紫雪散,药材具有功效,寒凉清热,儿科病名医验案解析,儿科病名医验案解析_病例1,现代临床
反复呼吸道感染,疾病表现症状,反复发热,儿科病名医验案解析,儿科病名医验案解析_病例1,现代临床
反复呼吸道感染,疾病表现症状,咳嗽,儿科病名医验案解析,儿科病名医验案解析_病例1,现代临床
反复呼吸道感染,疾病表现症状,流涕,儿科病名医验案解析,儿科病名医验案解析_病例1,现代临床
反复呼吸道感染,疾病表现症状,咽痛,儿科病名医验案解析,儿科病名医验案解析_病例1,现代临床
反复呼吸道感染,疾病导致舌象,舌质红,儿科病名医验案解析,儿科病名医验案解析_病例1,现代临床
反复呼吸道感染,疾病导致舌象,苔白厚腻,儿科病名医验案解析,儿科病名医验案解析_病例1,现代临床
反复呼吸道感染,疾病导致脉象,脉滑略数,儿科病名医验案解析,儿科病名医验案解析_病例1,现代临床
反复发热,症状伴随症状,纳差,儿科病名医验案解析,儿科病名医验案解析_病例1,现代临床
反复发热,症状伴随症状,消瘦,儿科病名医验案解析,儿科病名医验案解析_病例1,现代临床
反复发热,症状伴随症状,纳食不香,儿科病名医验案解析,儿科病名医验案解析_病例1,现代临床
反复发热,症状伴随症状,二便正常,儿科病名医验案解析,儿科病名医验案解析_病例1,现代临床
反复发热,症状伴随症状,精神弱,儿科病名医验案解析,儿科病名医验案解析_病例1,现代临床
反复发热,症状伴随症状,呼吸平稳,儿科病名医验案解析,儿科病名医验案解析_病例1,现代临床
反复发热,症状伴随症状,面色黄白,儿科病名医验案解析,儿科病名医验案解析_病例1,现代临床
反复发热,症状伴随症状,咽部充血,儿科病名医验案解析,儿科病名医验案解析_病例1,现代临床
反复发热,症状伴随症状,双扁桃体肿大,儿科病名医验案解析,儿科病名医验案解析_病例1,现代临床
反复发热,症状伴随症状,双侧颈部淋巴结肿大,儿科病名医验案解析,儿科病名医验案解析_病例1,现代临床
反复发热,症状伴随症状,心肺腹查体未见异常,儿科病名医验案解析,儿科病名医验案解析_病例1,现代临床
反复发热,症状伴随症状,神经系统检查正常,儿科病名医验案解析,儿科病名医验案解析_病例1,现代临床
反复发热,疾病导致舌象,舌红,儿科病名医验案解析,儿科病名医验案解析_病例1,现代临床
反复发热,疾病导致舌象,苔薄白,儿科病名医验案解析,儿科病名医验案解析_病例1,现代临床
反复发热,疾病导致脉象,脉细数,儿科病名医验案解析,儿科病名医验案解析_病例1,现代临床
反复发热,症状辨证证候,内伤发热,儿科病名医验案解析,儿科病名医验案解析_病例1,现代临床
反复发热,症状辨证证候,阴阳失和,儿科病名医验案解析,儿科病名医验案解析_病例1,现代临床
内伤发热,证候导致舌象,舌红,儿科病名医验案解析,儿科病名医验案解析_病例1,现代临床
内伤发热,证候导致舌象,苔少,儿科病名医验案解析,儿科病名医验案解析_病例1,现代临床
内伤发热,证候导致脉象,脉细,儿科病名医验案解析,儿科病名医验案解析_病例1,现代临床
内伤发热,综合辨证证候,阴液亏损,儿科病名医验案解析,儿科病名医验案解析_病例1,现代临床
内伤发热,证候采用方剂,青蒿鳖甲汤,儿科病名医验案解析,儿科病名医验案解析_病例1,现代临床
青蒿鳖甲汤,方剂组成药材,青蒿,儿科病名医验案解析,儿科病名医验案解析_病例1,现代临床
青蒿鳖甲汤,方剂组成药材,鳖甲,儿科病名医验案解析,儿科病名医验案解析_病例1,现代临床
青蒿,药材具有功效,清热透络,儿科病名医验案解析,儿科病名医验案解析_病例1,现代临床
青蒿,药材具有功效,引邪外出,儿科病名医验案解析,儿科病名医验案解析_病例1,现代临床
鳖甲,药材具有功效,滋阴退虚热,儿科病名医验案解析,儿科病名医验案解析_病例1,现代临床
鳖甲,药材具有功效,入络搜邪,儿科病名医验案解析,儿科病名医验案解析_病例1,现代临床
反复发热,证候采用方剂,竹叶石膏汤,儿科病名医验案解析,儿科病名医验案解析_病例1,现代临床
竹叶石膏汤,方剂组成药材,淡竹叶,儿科病名医验案解析,儿科病名医验案解析_病例1,现代临床
竹叶石膏汤,方剂组成药材,生石膏,儿科病名医验案解析,儿科病名医验案解析_病例1,现代临床
反复发热,证候采用方剂,清骨散,儿科病名医验案解析,儿科病名医验案解析_病例1,现代临床
反复发热,证候采用方剂,紫雪丹,儿科病名医验案解析,儿科病名医验案解析_病例1,现代临床
紫雪丹,药材具有功效,寒凉清热,儿科病名医验案解析,儿科病名医验案解析_病例1,现代临床
紫雪丹,药材具有功效,芳香开窍,儿科病名医验案解析,儿科病名医验案解析_病例1,现代临床
反复发热,证候采用方剂,银柴胡,儿科病名医验案解析,儿科病名医验案解析_病例1,现代临床
银柴胡,药材具有功效,退虚热,儿科病名医验案解析,儿科病名医验案解析_病例1,现代临床
反复发热,证候采用方剂,地骨皮,儿科病名医验案解析,儿科病名医验案解析_病例1,现代临床
地骨皮,药材具有功效,降肺中伏火,儿科病名医验案解析,儿科病名医验案解析_病例1,现代临床
反复发热,证候采用方剂,板蓝根,儿科病名医验案解析,儿科病名医验案解析_病例1,现代临床
板蓝根,药材具有功效,清热解毒,儿科病名医验案解析,儿科病名医验案解析_病例1,现代临床
反复发热,证候采用方剂,青蒿鳖甲汤加减,儿科病名医验案解析,儿科病名医验案解析_病例1,现代临床
青蒿鳖甲汤加减,方剂组成药材,青蒿,儿科病名医验案解析,儿科病名医验案解析_病例1,现代临床
青蒿鳖甲汤加减,方剂组成药材,鳖甲,儿科病名医验案解析,儿科病名医验案解析_病例1,现代临床
青蒿鳖甲汤加减,方剂组成药材,地骨皮,儿科病名医验案解析,儿科病名医验案解析_病例1,现代临床
青蒿鳖甲汤加减,方剂组成药材,炒常山,儿科病名医验案解析,儿科病名医验案解析_病例1,现代临床
青蒿鳖甲汤加减,方剂组成药材,银柴胡,儿科病名医验案解析,儿科病名医验案解析_病例1,现代临床
青蒿鳖甲汤加减,方剂组成药材,白薇,儿科病名医验案解析,儿科病名医验案解析_病例1,现代临床
青蒿鳖甲汤加减,方剂组成药材,寒水石,儿科病名医验案解析,儿科病名医验案解析_病例1,现代临床
青蒿鳖甲汤加减,方剂组成药材,玄参,儿科病名医验案解析,儿科病名医验案解析_病例1,现代临床
青蒿鳖甲汤加减,方剂组成药材,生地黄,儿科病名医验案解析,儿科病名医验案解析_病例1,现代临床
青蒿鳖甲汤加减,方剂组成药材,板蓝根,儿科病名医验案解析,儿科病名医验案解析_病例1,现代临床
反复发热,证候采用方剂,竹叶石膏汤合青蒿鳖甲汤加减,儿科病名医验案解析,儿科病名医验案解析_病例1,现代临床
竹叶石膏汤合青蒿鳖甲汤加减,方剂组成药材,淡竹叶,儿科病名医验案解析,儿科病名医验案解析_病例1,现代临床
竹叶石膏汤合青蒿鳖甲汤加减,方剂组成药材,生石膏,儿科病名医验案解析,儿科病名医验案解析_病例1,现代临床
竹叶石膏汤合青蒿鳖甲汤加减,方剂组成药材,青蒿,儿科病名医验案解析,儿科病名医验案解析_病例1,现代临床
竹叶石膏汤合青蒿鳖甲汤加减,方剂组成药材,鳖甲,儿科病名医验案解析,儿科病名医验案解析_病例1,现代临床
竹叶石膏汤合青蒿鳖甲汤加减,方剂组成药材,地骨皮,儿科病名医验案解析,儿科病名医验案解析_病例1,现代临床
竹叶石膏汤合青蒿鳖甲汤加减,方剂组成药材,鲜芦根,儿科病名医验案解析,儿科病名医验案解析_病例1,现代临床
竹叶石膏汤合青蒿鳖甲汤加减,方剂组成药材,鲜白茅根,儿科病名医验案解析,儿科病名医验案解析_病例1,现代临床
竹叶石膏汤合青蒿鳖甲汤加减,方剂组成药材,玄参,儿科病名医验案解析,儿科病名医验案解析_病例1,现代临床
竹叶石膏汤合青蒿鳖甲汤加减,方剂组成药材,生地黄,儿科病名医验案解析,儿科病名医验案解析_病例1,现代临床
竹叶石膏汤合青蒿鳖甲汤加减,方剂组成药材,瓜蒌,儿科病名医验案解析,儿科病名医验案解析_病例1,现代临床
竹叶石膏汤合青蒿鳖甲汤加减,方剂组成药材,炒常山,儿科病名医验案解析,儿科病名医验案解析_病例1,现代临床
竹叶石膏汤合青蒿鳖甲汤加减,方剂组成药材,白薇,儿科病名医验案解析,儿科病名医验案解析_病例1,现代临床
竹叶石膏汤合青蒿鳖甲汤加减,方剂组成药材,知母,儿科病名医验案解析,儿科病名医验案解析_病例1,现代临床
竹叶石膏汤合青蒿鳖甲汤加减,方剂组成药材,黄檗,儿科病名医验案解析,儿科病名医验案解析_病例1,现代临床
反复发热,证候采用方剂,石斛,儿科病名医验案解析,儿科病名医验案解析_病例1,现代临床
反复发热,证候采用方剂,玄参,儿科病名医验案解析,儿科病名医验案解析_病例1,现代临床
反复发热,证候采用方剂,生地黄,儿科病名医验案解析,儿科病名医验案解析_病例1,现代临床
反复发热,证候采用方剂,青黛,儿科病名医验案解析,儿科病名医验案解析_病例1,现代临床
反复发热,证候采用方剂,紫草,儿科病名医验案解析,儿科病名医验案解析_病例1,现代临床
反复发热,证候采用方剂,天冬,儿科病名医验案解析,儿科病名医验案解析_病例1,现代临床
反复发热,证候采用方剂,麦冬,儿科病名医验案解析,儿科病名医验案解析_病例1,现代临床
反复发热,证候采用方剂,炒栀子,儿科病名医验案解析,儿科病名医验案解析_病例1,现代临床
反复发热,证候采用方剂,竹叶,儿科病名医验案解析,儿科病名医验案解析_病例1,现代临床
反复发热,证候采用方剂,生牡蛎,儿科病名医验案解析,儿科病名医验案解析_病例1,现代临床
反复发热,证候采用方剂,沙参,儿科病名医验案解析,儿科病名医验案解析_病例1,现代临床
反复发热,证候采用方剂,玉竹,儿科病名医验案解析,儿科病名医验案解析_病例1,现代临床
反复发热,证候采用方剂,白扁豆,儿科病名医验案解析,儿科病名医验案解析_病例1,现代临床
反复发热,证候采用方剂,天花粉,儿科病名医验案解析,儿科病名医验案解析_病例1,现代临床
反复发热,证候采用方剂,忍冬藤,儿科病名医验案解析,儿科病名医验案解析_病例1,现代临床
反复发热,证候采用方剂,白茅根,儿科病名医验案解析,儿科病名医验案解析_病例1,现代临床
反复发热,证候采用方剂,知母,儿科病名医验案解析,儿科病名医验案解析_病例1,现代临床
反复发热,证候采用方剂,地骨皮,儿科病名医验案解析,儿科病名医验案解析_病例1,现代临床
反复发热,证候采用方剂,银柴胡,儿科病名医验案解析,儿科病名医验案解析_病例1,现代临床
反复发热,证候采用方剂,牡丹,儿科病名医验案解析,儿科病名医验案解析_病例1,现代临床
发热,疾病表现症状,高热,儿科病名医验案解析,儿科病名医验案解析_病例1,现代临床
发热,疾病表现症状,午前体温上升,儿科病名医验案解析,儿科病名医验案解析_病例1,现代临床
发热,疾病表现症状,无恶寒,儿科病名医验案解析,儿科病名医验案解析_病例1,现代临床
发热,疾病表现症状,流涕,儿科病名医验案解析,儿科病名医验案解析_病例1,现代临床
发热,疾病表现症状,咳嗽,儿科病名医验案解析,儿科病名医验案解析_病例1,现代临床
发热,疾病表现症状,面色苍白,儿科病名医验案解析,儿科病名医验案解析_病例1,现代临床
发热,疾病表现症状,咽微红,儿科病名医验案解析,儿科病名医验案解析_病例1,现代临床
发热,疾病表现症状,纳呆,儿科病名医验案解析,儿科病名医验案解析_病例1,现代临床
发热,疾病表现症状,食少,儿科病名医验案解析,儿科病名医验案解析_病例1,现代临床
发热,疾病表现症状,溲赤,儿科病名医验案解析,儿科病名医验案解析_病例1,现代临床
发热,疾病导致舌象,舌偏红,儿科病名医验案解析,儿科病名医验案解析_病例1,现代临床
发热,疾病导致舌象,苔白,儿科病名医验案解析,儿科病名医验案解析_病例1,现代临床
发热,疾病导致脉象,脉数,儿科病名医验案解析,儿科病名医验案解析_病例1,现代临床
发热,证候导致舌象,舌红,儿科病名医验案解析,儿科病名医验案解析_病例1,现代临床
发热,证候导致舌象,苔薄白,儿科病名医验案解析,儿科病名医验案解析_病例1,现代临床
发热,证候导致脉象,脉细数,儿科病名医验案解析,儿科病名医验案解析_病例1,现代临床
发热,证候导致舌象,舌淡红,儿科病名医验案解析,儿科病名医验案解析_病例1,现代临床
发热,证候导致脉象,脉数,儿科病名医验案解析,儿科病名医验案解析_病例1,现代临床
发热,症状伴随症状,纳呆,儿科病名医验案解析,儿科病名医验案解析_病例1,现代临床
发热,症状伴随症状,食少,儿科病名医验案解析,儿科病名医验案解析_病例1,现代临床
发热,症状伴随症状,溲赤,儿科病名医验案解析,儿科病名医验案解析_病例1,现代临床
发热,症状伴随症状,面色苍白,儿科病名医验案解析,儿科病名医验案解析_病例1,现代临床
发热,症状伴随症状,咽微红,儿科病名医验案解析,儿科病名医验案解析_病例1,现代临床
发热,症状伴随症状,手足心热,儿科病名医验案解析,儿科病名医验案解析_病例1,现代临床
发热,症状伴随症状,舌红,儿科病名医验案解析,儿科病名医验案解析_病例1,现代临床
发热,症状伴随症状,苔白厚,儿科病名医验案解析,儿科病名医验案解析_病例1,现代临床
发热,症状伴随症状,脉滑数有力,儿科病名医验案解析,儿科病名医验案解析_病例1,现代临床
发热,症状伴随症状,纳差,儿科病名医验案解析,儿科病名医验案解析_病例1,现代临床
发热,症状伴随症状,小便黄,儿科病名医验案解析,儿科病名医验案解析_病例1,现代临床
发热,症状伴随症状,大便干,儿科病名医验案解析,儿科病名医验案解析_病例1,现代临床
发热,症状伴随症状,流黄涕,儿科病名医验案解析,儿科病名医验案解析_病例1,现代临床
发热,症状伴随症状,咽痛,儿科病名医验案解析,儿科病名医验案解析_病例1,现代临床
发热,症状伴随症状,口渴,儿科病名医验案解析,儿科病名医验案解析_病例1,现代临床
发热,症状伴随症状,舌红,儿科病名医验案解析,儿科病名医验案解析_病例1,现代临床
发热,症状伴随症状,苔薄黄,儿科病名医验案解析,儿科病名医验案解析_病例1,现代临床
发热,症状伴随症状,脉浮,儿科病名医验案解析,儿科病名医验案解析_病例1,现代临床
发热,症状伴随症状,双肺呼吸音粗,儿科病名医验案解析,儿科病名医验案解析_病例1,现代临床
发热,症状伴随症状,血白细胞、中性粒细胞略高于正常,儿科病名医验案解析,儿科病名医验案解析_病例1,现代临床
发热,症状辨证证候,风热内闭经络,儿科病名医验案解析,儿科病名医验案解析_病例1,现代临床
发热,症状辨证证候,气血两亏,儿科病名医验案解析,儿科病名医验案解析_病例1,现代临床
发热,综合辨证证候,正虚邪恋之象,儿科病名医验案解析,儿科病名医验案解析_病例1,现代临床
发热,证候采用方剂,"忍冬藤20g,丝瓜络8g,佩兰8g,菊花6g,桔梗6g,陈皮10g,银柴胡12g,甘草3g,茯苓6g,山豆根10g",儿科病名医验案解析,儿科病名医验案解析_病例1,现代临床
发热,证候采用方剂,"沙参、玉竹、白扁豆、天花粉、青蒿各8g,忍冬藤、白茅根各15g,知母、地骨皮各10g,银柴胡、牡丹皮、胡黄连、炒麦芽、鸡内金各6g",儿科病名医验案解析,儿科病名医验案解析_病例1,现代临床
发热,证候采用方剂,"白术、茯苓、陈皮、川厚朴、白芍、功劳叶、玄参、连翘各6g,鸡内金、地骨皮各9g,焦三仙(焦山楂、焦麦芽、焦神曲)各15g,甘草3g",儿科病名医验案解析,儿科病名医验案解析_病例1,现代临床
发热,证候采用方剂,"黄连15g,黄芩8g,栀子6g,川厚朴8g,佩兰8g,荷叶6g,青蒿8g,茵陈8g,豆卷8g",儿科病名医验案解析,儿科病名医验案解析_病例1,现代临床
发热,证候采用方剂,桑菊饮加味,儿科病名医验案解析,儿科病名医验案解析_病例1,现代临床
发热,证候采用方剂,"桑叶6g,菊花6g,桔梗5g,连翘10g,芦根10g,薄荷3g,杏仁6g,生甘草3g,防风6g,白术6g,焦三仙(焦山楂、焦麦芽、焦神曲)各6g",儿科病名医验案解析,儿科病名医验案解析_病例1,现代临床
发热,证候采用方剂,鱼蛤石花汤(自拟方)加减,儿科病名医验案解析,儿科病名医验案解析_病例1,现代临床
发热,证候采用方剂,"鱼腥草、金银花、北沙参、海蛤粉各10g,生石膏30g,杏仁、川贝母、前胡各6g,木蝴蝶2g,橘红、胆南星各3g,甘草5g",儿科病名医验案解析,儿科病名医验案解析_病例1,现代临床
发热,证候采用方剂,炙百合10g,儿科病名医验案解析,儿科病名医验案解析_病例1,现代临床
发热,方剂组成药材,忍冬藤,儿科病名医验案解析,儿科病名医验案解析_病例1,现代临床
发热,方剂组成药材,丝瓜络,儿科病名医验案解析,儿科病名医验案解析_病例1,现代临床
发热,方剂组成药材,佩兰,儿科病名医验案解析,儿科病名医验案解析_病例1,现代临床
发热,方剂组成药材,菊花,儿科病名医验案解析,儿科病名医验案解析_病例1,现代临床
发热,方剂组成药材,桔梗,儿科病名医验案解析,儿科病名医验案解析_病例1,现代临床
发热,方剂组成药材,陈皮,儿科病名医验案解析,儿科病名医验案解析_病例1,现代临床
发热,方剂组成药材,银柴胡,儿科病名医验案解析,儿科病名医验案解析_病例1,现代临床
发热,方剂组成药材,甘草,儿科病名医验案解析,儿科病名医验案解析_病例1,现代临床
发热,方剂组成药材,茯苓,儿科病名医验案解析,儿科病名医验案解析_病例1,现代临床
发热,方剂组成药材,山豆根,儿科病名医验案解析,儿科病名医验案解析_病例1,现代临床
发热,方剂组成药材,沙参,儿科病名医验案解析,儿科病名医验案解析_病例1,现代临床
发热,方剂组成药材,玉竹,儿科病名医验案解析,儿科病名医验案解析_病例1,现代临床
发热,方剂组成药材,白扁豆,儿科病名医验案解析,儿科病名医验案解析_病例1,现代临床
发热,方剂组成药材,天花粉,儿科病名医验案解析,儿科病名医验案解析_病例1,现代临床
发热,方剂组成药材,青蒿,儿科病名医验案解析,儿科病名医验案解析_病例1,现代临床
发热,方剂组成药材,白茅根,儿科病名医验案解析,儿科病名医验案解析_病例1,现代临床
发热,方剂组成药材,知母,儿科病名医验案解析,儿科病名医验案解析_病例1,现代临床
发热,方剂组成药材,地骨皮,儿科病名医验案解析,儿科病名医验案解析_病例1,现代临床
发热,方剂组成药材,牡丹皮,儿科病名医验案解析,儿科病名医验案解析_病例1,现代临床
发热,方剂组成药材,胡黄连,儿科病名医验案解析,儿科病名医验案解析_病例1,现代临床
发热,方剂组成药材,炒麦芽,儿科病名医验案解析,儿科病名医验案解析_病例1,现代临床
发热,方剂组成药材,鸡内金,儿科病名医验案解析,儿科病名医验案解析_病例1,现代临床
发热,方剂组成药材,白术,儿科病名医验案解析,儿科病名医验案解析_病例1,现代临床
发热,方剂组成药材,川厚朴,儿科病名医验案解析,儿科病名医验案解析_病例1,现代临床
发热,方剂组成药材,功劳叶,儿科病名医验案解析,儿科病名医验案解析_病例1,现代临床
发热,方剂组成药材,玄参,儿科病名医验案解析,儿科病名医验案解析_病例1,现代临床
发热,方剂组成药材,连翘,儿科病名医验案解析,儿科病名医验案解析_病例1,现代临床
发热,方剂组成药材,焦山楂,儿科病名医验案解析,儿科病名医验案解析_病例1,现代临床
发热,方剂组成药材,焦麦芽,儿科病名医验案解析,儿科病名医验案解析_病例1,现代临床
发热,方剂组成药材,焦神曲,儿科病名医验案解析,儿科病名医验案解析_病例1,现代临床
发热,方剂组成药材,黄连,儿科病名医验案解析,儿科病名医验案解析_病例1,现代临床
发热,方剂组成药材,黄芩,儿科病名医验案解析,儿科病名医验案解析_病例1,现代临床
发热,方剂组成药材,栀子,儿科病名医验案解析,儿科病名医验案解析_病例1,现代临床
发热,方剂组成药材,佩兰,儿科病名医验案解析,儿科病名医验案解析_病例1,现代临床
发热,方剂组成药材,荷叶,儿科病名医验案解析,儿科病名医验案解析_病例1,现代临床
发热,方剂组成药材,茵陈,儿科病名医验案解析,儿科病名医验案解析_病例1,现代临床
发热,方剂组成药材,豆卷,儿科病名医验案解析,儿科病名医验案解析_病例1,现代临床
发热,方剂组成药材,滑石,儿科病名医验案解析,儿科病名医验案解析_病例1,现代临床
发热,方剂组成药材,桑叶,儿科病名医验案解析,儿科病名医验案解析_病例1,现代临床
发热,方剂组成药材,菊花,儿科病名医验案解析,儿科病名医验案解析_病例1,现代临床
发热,方剂组成药材,桔梗,儿科病名医验案解析,儿科病名医验案解析_病例1,现代临床
发热,方剂组成药材,连翘,儿科病名医验案解析,儿科病名医验案解析_病例1,现代临床
发热,方剂组成药材,芦根,儿科病名医验案解析,儿科病名医验案解析_病例1,现代临床
发热,方剂组成药材,薄荷,儿科病名医验案解析,儿科病名医验案解析_病例1,现代临床
发热,方剂组成药材,杏仁,儿科病名医验案解析,儿科病名医验案解析_病例1,现代临床
发热,方剂组成药材,生甘草,儿科病名医验案解析,儿科病名医验案解析_病例1,现代临床
发热,方剂组成药材,防风,儿科病名医验案解析,儿科病名医验案解析_病例1,现代临床
发热,方剂组成药材,白术,儿科病名医验案解析,儿科病名医验案解析_病例1,现代临床
发热,方剂组成药材,牛蒡子,儿科病名医验案解析,儿科病名医验案解析_病例1,现代临床
发热,方剂组成药材,白前,儿科病名医验案解析,儿科病名医验案解析_病例1,现代临床
发热,方剂组成药材,鱼腥草,儿科病名医验案解析,儿科病名医验案解析_病例1,现代临床
发热,方剂组成药材,金银花,儿科病名医验案解析,儿科病名医验案解析_病例1,现代临床
发热,方剂组成药材,北沙参,儿科病名医验案解析,儿科病名医验案解析_病例1,现代临床
发热,方剂组成药材,海蛤粉,儿科病名医验案解析,儿科病名医验案解析_病例1,现代临床
发热,方剂组成药材,生石膏,儿科病名医验案解析,儿科病名医验案解析_病例1,现代临床
发热,方剂组成药材,川贝母,儿科病名医验案解析,儿科病名医验案解析_病例1,现代临床
发热,方剂组成药材,前胡,儿科病名医验案解析,儿科病名医验案解析_病例1,现代临床
发热,方剂组成药材,木蝴蝶,儿科病名医验案解析,儿科病名医验案解析_病例1,现代临床
发热,方剂组成药材,橘红,儿科病名医验案解析,儿科病名医验案解析_病例1,现代临床
发热,方剂组成药材,胆南星,儿科病名医验案解析,儿科病名医验案解析_病例1,现代临床
发热,药材具有功效,清解透络,儿科病名医验案解析,儿科病名医验案解析_病例1,现代临床
发热,药材具有功效,益气养阴,儿科病名医验案解析,儿科病名医验案解析_病例1,现代临床
发热,药材具有功效,清热解毒,儿科病名医验案解析,儿科病名医验案解析_病例1,现代临床
发热,药材具有功效,健脾和胃,儿科病名医验案解析,儿科病名医验案解析_病例1,现代临床
发热,药材具有功效,清热宣肺,儿科病名医验案解析,儿科病名医验案解析_病例1,现代临床
发热,药材具有功效,化痰止咳,儿科病名医验案解析,儿科病名医验案解析_病例1,现代临床
发热,药材具有功效,清热润肺,儿科病名医验案解析,儿科病名医验案解析_病例1,现代临床
发热,药材具有功效,疏风清热,儿科病名医验案解析,儿科病名医验案解析_病例1,现代临床
发热,药材具有功效,宣肺止咳,儿科病名医验案解析,儿科病名医验案解析_病例1,现代临床
发热,归属于经典,黄帝内经,儿科病名医验案解析,儿科病名医验案解析_病例1,现代临床
发热,归属于经典,伤寒论,儿科病名医验案解析,儿科病名医验案解析_病例1,现代临床
发热,归属于经典,金匮要略,儿科病名医验案解析,儿科病名医验案解析_病例1,现代临床
发热,归属于经典,颅囱经,儿科病名医验案解析,儿科病名医验案解析_病例1,现代临床
发热,归属于经典,小儿药证直诀,儿科病名医验案解析,儿科病名医验案解析_病例1,现代临床
发热,归属于经典,活幼口议,儿科病名医验案解析,儿科病名医验案解析_病例1,现代临床
发热,归属于经典,幼幼新书,儿科病名医验案解析,儿科病名医验案解析_病例1,现代临床
发热,归属于经典,科幼发挥,儿科病名医验案解析,儿科病名医验案解析_病例1,现代临床
发热,归属于经典,幼幼集成,儿科病名医验案解析,儿科病名医验案解析_病例1,现代临床
发热,归属于经典,科幼释谜,儿科病名医验案解析,儿科病名医验案解析_病例1,现代临床
发热,归属于经典,中华人民共和国国家标准中医病证分类与代码,儿科病名医验案解析,儿科病名医验案解析_病例1,现代临床
发热,理论指导实践,初为气结，在经；久则血伤，入络,儿科病名医验案解析,儿科病名医验案解析_病例1,现代临床
发热,理论指导实践,邪热久郁不去，耗气伤阴,儿科病名医验案解析,儿科病名医验案解析_病例1,现代临床
发热,理论指导实践,日中为阳气旺盛之时，正气借天阳之助，欲驱邪于外，邪正相争，故而发热；日西阳气渐衰，正不达邪，高热自退,儿科病名医验案解析,儿科病名医验案解析_病例1,现代临床
发热,理论指导实践,急则治其标之原则,儿科病名医验案解析,儿科病名医验案解析_病例1,现代临床
发热,名医经验总结,刘昉,儿科病名医验案解析,儿科病名医验案解析_病例1,现代临床
发热,名医经验总结,万全,儿科病名医验案解析,儿科病名医验案解析_病例1,现代临床
发热,名医经验总结,陈飞霞,儿科病名医验案解析,儿科病名医验案解析_病例1,现代临床
发热,名医经验总结,沈金鳌,儿科病名医验案解析,儿科病名医验案解析_病例1,现代临床
发热,名医经验总结,刘平,儿科病名医验案解析,儿科病名医验案解析_病例1,现代临床
发热,名医经验总结,张婉瑜,儿科病名医验案解析,儿科病名医验案解析_病例1,现代临床
发热,名医经验总结,杨建宇,儿科病名医验案解析,儿科病名医验案解析_病例1,现代临床
风热熏蒸,导致症状,咳嗽少量黏痰,儿科病名医验案解析,儿科病名医验案解析_病例1,现代临床
风热熏蒸,导致症状,肺气失宣,儿科病名医验案解析,儿科病名医验案解析_病例1,现代临床
风热熏蒸,导致症状,鼻窍不利,儿科病名医验案解析,儿科病名医验案解析_病例1,现代临床
风热熏蒸,导致症状,流黄涕,儿科病名医验案解析,儿科病名医验案解析_病例1,现代临床
风热上扰,导致症状,咽喉不利,儿科病名医验案解析,儿科病名医验案解析_病例1,现代临床
风热上扰,导致症状,咽痛,儿科病名医验案解析,儿科病名医验案解析_病例1,现代临床
热伤津液,导致症状,口渴,儿科病名医验案解析,儿科病名医验案解析_病例1,现代临床
热邪下移小肠,导致症状,小便黄,儿科病名医验案解析,儿科病名医验案解析_病例1,现代临床
肺与大肠相表里,导致症状,大便干,儿科病名医验案解析,儿科病名医验案解析_病例1,现代临床
咳嗽,症状伴随症状,痰少色黄,儿科病名医验案解析,儿科病名医验案解析_病例1,现代临床
咳嗽,症状伴随症状,咽痛,儿科病名医验案解析,儿科病名医验案解析_病例1,现代临床
咳嗽,症状伴随症状,鼻塞,儿科病名医验案解析,儿科病名医验案解析_病例1,现代临床
咳嗽,症状伴随症状,流黄涕,儿科病名医验案解析,儿科病名医验案解析_病例1,现代临床
咳嗽,症状伴随症状,口唇干裂,儿科病名医验案解析,儿科病名医验案解析_病例1,现代临床
咳嗽,症状伴随症状,大便2-3天1次,儿科病名医验案解析,儿科病名医验案解析_病例1,现代临床
风燥犯肺证,导致舌象,舌质淡,儿科病名医验案解析,儿科病名医验案解析_病例1,现代临床
风燥犯肺证,导致舌象,苔薄白,儿科病名医验案解析,儿科病名医验案解析_病例1,现代临床
风燥犯肺证,导致脉象,脉细数,儿科病名医验案解析,儿科病名医验案解析_病例1,现代临床
湿热内蕴,导致舌象,舌红,儿科病名医验案解析,儿科病名医验案解析_病例1,现代临床
湿热内蕴,导致舌象,苔黄白,儿科病名医验案解析,儿科病名医验案解析_病例1,现代临床
湿热内蕴,导致脉象,脉浮数,儿科病名医验案解析,儿科病名医验案解析_病例1,现代临床
脾虚咳嗽,导致舌象,舌质淡红,儿科病名医验案解析,儿科病名医验案解析_病例1,现代临床
脾虚咳嗽,导致舌象,苔薄白,儿科病名医验案解析,儿科病名医验案解析_病例1,现代临床
脾虚咳嗽,导致脉象,脉浮弱,儿科病名医验案解析,儿科病名医验案解析_病例1,现代临床
阴虚咳嗽,导致舌象,舌质红,儿科病名医验案解析,儿科病名医验案解析_病例1,现代临床
阴虚咳嗽,导致舌象,苔少,儿科病名医验案解析,儿科病名医验案解析_病例1,现代临床
阴虚咳嗽,导致脉象,脉细数,儿科病名医验案解析,儿科病名医验案解析_病例1,现代临床
咳嗽,症状辨证证候,风燥犯肺证,儿科病名医验案解析,儿科病名医验案解析_病例1,现代临床
咳嗽,症状辨证证候,湿热内蕴,儿科病名医验案解析,儿科病名医验案解析_病例1,现代临床
咳嗽,症状辨证证候,脾虚咳嗽,儿科病名医验案解析,儿科病名医验案解析_病例1,现代临床
咳嗽,症状辨证证候,阴虚咳嗽,儿科病名医验案解析,儿科病名医验案解析_病例1,现代临床
风燥犯肺证,采用方剂,桑杏汤加减,儿科病名医验案解析,儿科病名医验案解析_病例1,现代临床
桑杏汤加减,组成药材,桑叶,儿科病名医验案解析,儿科病名医验案解析_病例1,现代临床
桑杏汤加减,组成药材,杏仁,儿科病名医验案解析,儿科病名医验案解析_病例1,现代临床
桑杏汤加减,组成药材,沙参,儿科病名医验案解析,儿科病名医验案解析_病例1,现代临床
桑杏汤加减,组成药材,麦冬,儿科病名医验案解析,儿科病名医验案解析_病例1,现代临床
桑杏汤加减,组成药材,防风,儿科病名医验案解析,儿科病名医验案解析_病例1,现代临床
桑杏汤加减,组成药材,杭白菊,儿科病名医验案解析,儿科病名医验案解析_病例1,现代临床
桑杏汤加减,组成药材,黄精,儿科病名医验案解析,儿科病名医验案解析_病例1,现代临床
桑杏汤加减,组成药材,枇杷叶,儿科病名医验案解析,儿科病名医验案解析_病例1,现代临床
杏仁,具有功效,宣肺止咳,儿科病名医验案解析,儿科病名医验案解析_病例1,现代临床
桑叶,具有功效,疏风清热,儿科病名医验案解析,儿科病名医验案解析_病例1,现代临床
国医大师验案良方 妇儿卷,归属于经典,刘平，张婉瑜，杨建宇,儿科病名医验案解析,儿科病名医验案解析_病例1,现代临床
现代中医临证经验辑粹 儿科病,归属于经典,于作洋,儿科病名医验案解析,儿科病名医验案解析_病例1,现代临床
当代名老中医典型医案集 儿科分册,归属于经典,贺兴东,儿科病名医验案解析,儿科病名医验案解析_病例1,现代临床
汪受传儿科临证医论医案精选,归属于经典,万力生,儿科病名医验案解析,儿科病名医验案解析_病例1,现代临床
气管炎,疾病表现症状,咳嗽,儿科病名医验案解析,儿科病名医验案解析_病例1,现代临床
气管炎,疾病表现症状,发热,儿科病名医验案解析,儿科病名医验案解析_病例1,现代临床
气管炎,疾病表现症状,流涕,儿科病名医验案解析,儿科病名医验案解析_病例1,现代临床
气管炎,疾病导致舌象,舌质红,儿科病名医验案解析,儿科病名医验案解析_病例1,现代临床
气管炎,疾病导致舌象,苔薄白,儿科病名医验案解析,儿科病名医验案解析_病例1,现代临床
气管炎,疾病导致脉象,脉平,儿科病名医验案解析,儿科病名医验案解析_病例1,现代临床
阴虚咳嗽,证候导致舌象,舌质红,儿科病名医验案解析,儿科病名医验案解析_病例1,现代临床
阴虚咳嗽,证候导致舌象,苔薄白,儿科病名医验案解析,儿科病名医验案解析_病例1,现代临床
阴虚咳嗽,证候导致脉象,脉平,儿科病名医验案解析,儿科病名医验案解析_病例1,现代临床
痰热壅肺,证候导致舌象,舌质红,儿科病名医验案解析,儿科病名医验案解析_病例1,现代临床
痰热壅肺,证候导致舌象,苔白,儿科病名医验案解析,儿科病名医验案解析_病例1,现代临床
痰热壅肺,证候导致脉象,脉浮数略滑,儿科病名医验案解析,儿科病名医验案解析_病例1,现代临床
风热型,证候导致舌象,舌质偏红,儿科病名医验案解析,儿科病名医验案解析_病例1,现代临床
风热型,证候导致舌象,苔白,儿科病名医验案解析,儿科病名医验案解析_病例1,现代临床
风热型,证候导致脉象,脉浮而滑,儿科病名医验案解析,儿科病名医验案解析_病例1,现代临床
湿热壅肺,证候导致舌象,舌质红,儿科病名医验案解析,儿科病名医验案解析_病例1,现代临床
湿热壅肺,证候导致舌象,苔水滑色白,儿科病名医验案解析,儿科病名医验案解析_病例1,现代临床
湿热壅肺,证候导致脉象,脉弦数,儿科病名医验案解析,儿科病名医验案解析_病例1,现代临床
风热咳嗽,证候导致舌象,舌质红,儿科病名医验案解析,儿科病名医验案解析_病例1,现代临床
风热咳嗽,证候导致舌象,苔色淡黄而腻,儿科病名医验案解析,儿科病名医验案解析_病例1,现代临床
风热咳嗽,证候导致脉象,脉沉滑,儿科病名医验案解析,儿科病名医验案解析_病例1,现代临床
阴虚咳嗽,证候采用方剂,天冬麦冬方,儿科病名医验案解析,儿科病名医验案解析_病例1,现代临床
天冬麦冬方,方剂组成药材,天冬,儿科病名医验案解析,儿科病名医验案解析_病例1,现代临床
天冬麦冬方,方剂组成药材,麦冬,儿科病名医验案解析,儿科病名医验案解析_病例1,现代临床
天冬麦冬方,方剂组成药材,紫菀,儿科病名医验案解析,儿科病名医验案解析_病例1,现代临床
痰热壅肺,证候采用方剂,炙麻黄杏仁方,儿科病名医验案解析,儿科病名医验案解析_病例1,现代临床
炙麻黄杏仁方,方剂组成药材,炙麻黄,儿科病名医验案解析,儿科病名医验案解析_病例1,现代临床
炙麻黄杏仁方,方剂组成药材,杏仁,儿科病名医验案解析,儿科病名医验案解析_病例1,现代临床
风热型,证候采用方剂,桑叶杏仁方,儿科病名医验案解析,儿科病名医验案解析_病例1,现代临床
桑叶杏仁方,方剂组成药材,桑叶,儿科病名医验案解析,儿科病名医验案解析_病例1,现代临床
桑叶杏仁方,方剂组成药材,杏仁,儿科病名医验案解析,儿科病名医验案解析_病例1,现代临床
湿热壅肺,证候采用方剂,藿香佩兰方,儿科病名医验案解析,儿科病名医验案解析_病例1,现代临床
藿香佩兰方,方剂组成药材,藿香,儿科病名医验案解析,儿科病名医验案解析_病例1,现代临床
藿香佩兰方,方剂组成药材,佩兰,儿科病名医验案解析,儿科病名医验案解析_病例1,现代临床
风热咳嗽,证候采用方剂,桔梗前胡方,儿科病名医验案解析,儿科病名医验案解析_病例1,现代临床
桔梗前胡方,方剂组成药材,桔梗,儿科病名医验案解析,儿科病名医验案解析_病例1,现代临床
桔梗前胡方,方剂组成药材,前胡,儿科病名医验案解析,儿科病名医验案解析_病例1,现代临床
桔梗,药材具有功效,开宣肺气,儿科病名医验案解析,儿科病名医验案解析_病例1,现代临床
杏仁,药材具有功效,开宣肺气,儿科病名医验案解析,儿科病名医验案解析_病例1,现代临床
前胡,药材具有功效,降气化痰,儿科病名医验案解析,儿科病名医验案解析_病例1,现代临床
紫苏子,药材具有功效,降气化痰,儿科病名医验案解析,儿科病名医验案解析_病例1,现代临床
陈皮,药材具有功效,降气化痰,儿科病名医验案解析,儿科病名医验案解析_病例1,现代临床
桑白皮,药材具有功效,甘寒清热,儿科病名医验案解析,儿科病名医验案解析_病例1,现代临床
竹茹,药材具有功效,甘寒清热,儿科病名医验案解析,儿科病名医验案解析_病例1,现代临床
甘草,药材具有功效,调胃护本,儿科病名医验案解析,儿科病名医验案解析_病例1,现代临床
肺闭、肺热之咳嗽,证候采用方剂,桔梗、杏仁、前胡、紫苏子、陈皮、桑白皮、竹茹、甘草,儿科病名医验案解析,儿科病名医验案解析_病例1,现代临床
感受风寒,症状伴随症状,流清涕,儿科病名医验案解析,儿科病名医验案解析_病例1,现代临床
感冒发热,症状伴随症状,体温在38.5以上,儿科病名医验案解析,儿科病名医验案解析_病例1,现代临床
咳嗽痰稠,症状伴随症状,三仙(山楂、麦芽、神曲)、石斛、枳实、黄芩,儿科病名医验案解析,儿科病名医验案解析_病例1,现代临床
咳嗽日久，痰中带血,症状伴随症状,阿胶、五味子,儿科病名医验案解析,儿科病名医验案解析_病例1,现代临床
大便稀溏,症状伴随症状,茯苓、泽泻、赤芍易白芍,儿科病名医验案解析,儿科病名医验案解析_病例1,现代临床
痰涎上壅,证候导致舌象,舌白,儿科病名医验案解析,儿科病名医验案解析_病例1,现代临床
痰热咳嗽,证候导致舌象,舌质红、苔黄干,儿科病名医验案解析,儿科病名医验案解析_病例1,现代临床
痰热咳嗽,证候导致脉象,脉滑数,儿科病名医验案解析,儿科病名医验案解析_病例1,现代临床
痰热咳嗽,症状辨证证候,壮热、无汗、咳嗽阵作、痰鸣辘辘、面赤唇红、烦躁、便秘、纳呆,儿科病名医验案解析,儿科病名医验案解析_病例1,现代临床
风热犯肺,证候导致舌象,舌红、苔白,儿科病名医验案解析,儿科病名医验案解析_病例1,现代临床
风热犯肺,证候导致脉象,脉数略浮,儿科病名医验案解析,儿科病名医验案解析_病例1,现代临床
脾虚痰阻证,证候导致舌象,舌质淡、苔薄白,儿科病名医验案解析,儿科病名医验案解析_病例1,现代临床
脾虚痰阻证,证候导致脉象,脉细弱,儿科病名医验案解析,儿科病名医验案解析_病例1,现代临床
咳嗽,归属于经典,黄帝内经,儿科病名医验案解析,儿科病名医验案解析_病例1,现代临床
治病必伏其所主而先其所因,理论指导实践,审证求因，临床方能药到病除,儿科病名医验案解析,儿科病名医验案解析_病例1,现代临床
脾虚痰阻证,疾病表现症状,久咳不止,儿科病名医验案解析,儿科病名医验案解析_病例1,现代临床
脾虚痰阻证,疾病导致舌象,舌质淡,儿科病名医验案解析,儿科病名医验案解析_病例1,现代临床
脾虚痰阻证,疾病导致舌象,苔薄白,儿科病名医验案解析,儿科病名医验案解析_病例1,现代临床
脾虚痰阻证,疾病表现症状,纳差,儿科病名医验案解析,儿科病名医验案解析_病例1,现代临床
脾虚痰阻证,疾病表现症状,便溏,儿科病名医验案解析,儿科病名医验案解析_病例1,现代临床
脾虚痰阻证,疾病导致脉象,脉细弱,儿科病名医验案解析,儿科病名医验案解析_病例1,现代临床
脾虚痰阻证,证候采用方剂,参苓白术散加味,儿科病名医验案解析,儿科病名医验案解析_病例1,现代临床
参苓白术散加味,方剂组成药材,党参,儿科病名医验案解析,儿科病名医验案解析_病例1,现代临床
参苓白术散加味,方剂组成药材,云茯苓,儿科病名医验案解析,儿科病名医验案解析_病例1,现代临床
参苓白术散加味,方剂组成药材,炒白术,儿科病名医验案解析,儿科病名医验案解析_病例1,现代临床
参苓白术散加味,方剂组成药材,炒白扁豆,儿科病名医验案解析,儿科病名医验案解析_病例1,现代临床
参苓白术散加味,方剂组成药材,陈皮,儿科病名医验案解析,儿科病名医验案解析_病例1,现代临床
参苓白术散加味,方剂组成药材,白芍,儿科病名医验案解析,儿科病名医验案解析_病例1,现代临床
参苓白术散加味,方剂组成药材,炒莲子肉,儿科病名医验案解析,儿科病名医验案解析_病例1,现代临床
参苓白术散加味,方剂组成药材,砂仁,儿科病名医验案解析,儿科病名医验案解析_病例1,现代临床
参苓白术散加味,方剂组成药材,薏苡仁,儿科病名医验案解析,儿科病名医验案解析_病例1,现代临床
参苓白术散加味,方剂组成药材,桔梗,儿科病名医验案解析,儿科病名医验案解析_病例1,现代临床
参苓白术散加味,方剂组成药材,杏仁,儿科病名医验案解析,儿科病名医验案解析_病例1,现代临床
参苓白术散加味,方剂组成药材,桑白皮,儿科病名医验案解析,儿科病名医验案解析_病例1,现代临床
参苓白术散加味,方剂组成药材,炙甘草,儿科病名医验案解析,儿科病名医验案解析_病例1,现代临床
久咳肺虚证,疾病表现症状,咳嗽痰阻,儿科病名医验案解析,儿科病名医验案解析_病例1,现代临床
久咳肺虚证,疾病表现症状,不易咳出,儿科病名医验案解析,儿科病名医验案解析_病例1,现代临床
久咳肺虚证,疾病表现症状,纳少喜饮,儿科病名医验案解析,儿科病名医验案解析_病例1,现代临床
久咳肺虚证,疾病表现症状,汗多尿少,儿科病名医验案解析,儿科病名医验案解析_病例1,现代临床
久咳肺虚证,疾病导致舌象,舌质红,儿科病名医验案解析,儿科病名医验案解析_病例1,现代临床
久咳肺虚证,疾病导致舌象,苔薄,儿科病名医验案解析,儿科病名医验案解析_病例1,现代临床
久咳肺虚证,证候采用方剂,阿胶汤,儿科病名医验案解析,儿科病名医验案解析_病例1,现代临床
阿胶汤,方剂组成药材,阿胶,儿科病名医验案解析,儿科病名医验案解析_病例1,现代临床
阿胶汤,方剂组成药材,马兜铃,儿科病名医验案解析,儿科病名医验案解析_病例1,现代临床
阿胶汤,方剂组成药材,杏仁,儿科病名医验案解析,儿科病名医验案解析_病例1,现代临床
阿胶汤,方剂组成药材,甘草,儿科病名医验案解析,儿科病名医验案解析_病例1,现代临床
阿胶汤,方剂组成药材,牛蒡子,儿科病名医验案解析,儿科病名医验案解析_病例1,现代临床
阿胶汤,方剂组成药材,糯米,儿科病名医验案解析,儿科病名医验案解析_病例1,现代临床
阿胶汤,方剂组成药材,南沙参,儿科病名医验案解析,儿科病名医验案解析_病例1,现代临床
阿胶汤,方剂组成药材,川贝母,儿科病名医验案解析,儿科病名医验案解析_病例1,现代临床
阿胶汤,方剂组成药材,款冬花,儿科病名医验案解析,儿科病名医验案解析_病例1,现代临床
阿胶汤,方剂组成药材,菟丝子,儿科病名医验案解析,儿科病名医验案解析_病例1,现代临床
卫虚邪恋证,疾病表现症状,感邪以后余热不清,儿科病名医验案解析,儿科病名医验案解析_病例1,现代临床
卫虚邪恋证,疾病表现症状,面红汗多,儿科病名医验案解析,儿科病名医验案解析_病例1,现代临床
卫虚邪恋证,疾病表现症状,咳嗽多痰,儿科病名医验案解析,儿科病名医验案解析_病例1,现代临床
卫虚邪恋证,疾病表现症状,四肢不温,儿科病名医验案解析,儿科病名医验案解析_病例1,现代临床
卫虚邪恋证,疾病表现症状,便下溏薄,儿科病名医验案解析,儿科病名医验案解析_病例1,现代临床
卫虚邪恋证,疾病导致舌象,舌苔淡白,儿科病名医验案解析,儿科病名医验案解析_病例1,现代临床
卫虚邪恋证,证候采用方剂,桂枝汤加葛根,儿科病名医验案解析,儿科病名医验案解析_病例1,现代临床
桂枝汤加葛根,方剂组成药材,桂枝,儿科病名医验案解析,儿科病名医验案解析_病例1,现代临床
桂枝汤加葛根,方剂组成药材,生姜,儿科病名医验案解析,儿科病名医验案解析_病例1,现代临床
桂枝汤加葛根,方剂组成药材,大枣,儿科病名医验案解析,儿科病名医验案解析_病例1,现代临床
桂枝汤加葛根,方剂组成药材,白芍,儿科病名医验案解析,儿科病名医验案解析_病例1,现代临床
桂枝汤加葛根,方剂组成药材,甘草,儿科病名医验案解析,儿科病名医验案解析_病例1,现代临床
桂枝汤加葛根,方剂组成药材,葛根,儿科病名医验案解析,儿科病名医验案解析_病例1,现代临床
桂枝汤加葛根,方剂组成药材,陈皮,儿科病名医验案解析,儿科病名医验案解析_病例1,现代临床
桂枝汤加葛根,方剂组成药材,姜半夏,儿科病名医验案解析,儿科病名医验案解析_病例1,现代临床
桂枝汤加葛根,方剂组成药材,前胡,儿科病名医验案解析,儿科病名医验案解析_病例1,现代临床
桂枝汤加葛根,方剂组成药材,象贝母,儿科病名医验案解析,儿科病名医验案解析_病例1,现代临床
新感风寒证,疾病表现症状,咳嗽,儿科病名医验案解析,儿科病名医验案解析_病例1,现代临床
新感风寒证,疾病表现症状,气逆,儿科病名医验案解析,儿科病名医验案解析_病例1,现代临床
新感风寒证,疾病表现症状,痰阻不爽,儿科病名医验案解析,儿科病名医验案解析_病例1,现代临床
新感风寒证,疾病表现症状,发音稍哑,儿科病名医验案解析,儿科病名医验案解析_病例1,现代临床
新感风寒证,疾病表现症状,胃纳较少,儿科病名医验案解析,儿科病名医验案解析_病例1,现代临床
新感风寒证,疾病导致舌象,舌质稍红,儿科病名医验案解析,儿科病名医验案解析_病例1,现代临床
新感风寒证,疾病导致舌象,苔薄白,儿科病名医验案解析,儿科病名医验案解析_病例1,现代临床
新感风寒证,证候采用方剂,止嗽散加减,儿科病名医验案解析,儿科病名医验案解析_病例1,现代临床
止嗽散加减,方剂组成药材,荆芥,儿科病名医验案解析,儿科病名医验案解析_病例1,现代临床
止嗽散加减,方剂组成药材,桔梗,儿科病名医验案解析,儿科病名医验案解析_病例1,现代临床
止嗽散加减,方剂组成药材,生草,儿科病名医验案解析,儿科病名医验案解析_病例1,现代临床
止嗽散加减,方剂组成药材,橘红,儿科病名医验案解析,儿科病名医验案解析_病例1,现代临床
止嗽散加减,方剂组成药材,白前,儿科病名医验案解析,儿科病名医验案解析_病例1,现代临床
止嗽散加减,方剂组成药材,紫菀,儿科病名医验案解析,儿科病名医验案解析_病例1,现代临床
止嗽散加减,方剂组成药材,紫苏叶,儿科病名医验案解析,儿科病名医验案解析_病例1,现代临床
止嗽散加减,方剂组成药材,紫苏梗,儿科病名医验案解析,儿科病名医验案解析_病例1,现代临床
止嗽散加减,方剂组成药材,炙百部,儿科病名医验案解析,儿科病名医验案解析_病例1,现代临床
止嗽散加减,方剂组成药材,大贝母,儿科病名医验案解析,儿科病名医验案解析_病例1,现代临床
止嗽散加减,方剂组成药材,杏仁,儿科病名医验案解析,儿科病名医验案解析_病例1,现代临床
痰热蕴肺证,疾病表现症状,发热,儿科病名医验案解析,儿科病名医验案解析_病例1,现代临床
痰热蕴肺证,疾病表现症状,咳嗽不爽,儿科病名医验案解析,儿科病名医验案解析_病例1,现代临床
痰热蕴肺证,疾病表现症状,咳痰色黄,儿科病名医验案解析,儿科病名医验案解析_病例1,现代临床
痰热蕴肺证,疾病表现症状,纳少作呕,儿科病名医验案解析,儿科病名医验案解析_病例1,现代临床
痰热蕴肺证,疾病导致舌象,舌质红,儿科病名医验案解析,儿科病名医验案解析_病例1,现代临床
痰热蕴肺证,疾病导致舌象,苔黄,儿科病名医验案解析,儿科病名医验案解析_病例1,现代临床
痰热蕴肺证,证候采用方剂,麻杏石甘汤,儿科病名医验案解析,儿科病名医验案解析_病例1,现代临床
麻杏石甘汤,方剂组成药材,麻黄,儿科病名医验案解析,儿科病名医验案解析_病例1,现代临床
麻杏石甘汤,方剂组成药材,杏仁,儿科病名医验案解析,儿科病名医验案解析_病例1,现代临床
麻杏石甘汤,方剂组成药材,生石膏,儿科病名医验案解析,儿科病名医验案解析_病例1,现代临床
麻杏石甘汤,方剂组成药材,甘草,儿科病名医验案解析,儿科病名医验案解析_病例1,现代临床
麻杏石甘汤,方剂组成药材,竹茹,儿科病名医验案解析,儿科病名医验案解析_病例1,现代临床
麻杏石甘汤,方剂组成药材,前胡,儿科病名医验案解析,儿科病名医验案解析_病例1,现代临床
麻杏石甘汤,方剂组成药材,大贝母,儿科病名医验案解析,儿科病名医验案解析_病例1,现代临床
麻杏石甘汤,方剂组成药材,桑叶,儿科病名医验案解析,儿科病名医验案解析_病例1,现代临床
麻杏石甘汤,方剂组成药材,枇杷叶,儿科病名医验案解析,儿科病名医验案解析_病例1,现代临床
麻杏石甘汤,方剂组成药材,冬瓜子,儿科病名医验案解析,儿科病名医验案解析_病例1,现代临床
肺失宣降证,疾病表现症状,咳嗽哮喘,儿科病名医验案解析,儿科病名医验案解析_病例1,现代临床
肺失宣降证,疾病表现症状,声如拽锯,儿科病名医验案解析,儿科病名医验案解析_病例1,现代临床
肺失宣降证,疾病表现症状,呕黏痰,儿科病名医验案解析,儿科病名医验案解析_病例1,现代临床
肺失宣降证,疾病表现症状,腹胀,儿科病名医验案解析,儿科病名医验案解析_病例1,现代临床
肺失宣降证,疾病导致舌象,舌质红,儿科病名医验案解析,儿科病名医验案解析_病例1,现代临床
肺失宣降证,疾病导致舌象,苔薄黄,儿科病名医验案解析,儿科病名医验案解析_病例1,现代临床
肺失宣降证,证候采用方剂,郁李仁、瓜萎皮、杏仁、制半夏,儿科病名医验案解析,儿科病名医验案解析_病例1,现代临床
哮喘,疾病表现症状,咳嗽哮喘,儿科病名医验案解析,儿科病名医验案解析_病例1,现代临床
哮喘,疾病表现症状,声如拽锯,儿科病名医验案解析,儿科病名医验案解析_病例1,现代临床
哮喘,疾病表现症状,呕黏痰,儿科病名医验案解析,儿科病名医验案解析_病例1,现代临床
哮喘,疾病表现症状,腹胀,儿科病名医验案解析,儿科病名医验案解析_病例1,现代临床
哮喘,疾病导致舌象,舌质红,儿科病名医验案解析,儿科病名医验案解析_病例1,现代临床
哮喘,疾病导致舌象,苔薄黄,儿科病名医验案解析,儿科病名医验案解析_病例1,现代临床
哮喘,疾病导致脉象,指纹晦暗不明,儿科病名医验案解析,儿科病名医验案解析_病例1,现代临床
肺失宣降,证候导致舌象,舌质红,儿科病名医验案解析,儿科病名医验案解析_病例1,现代临床
肺失宣降,证候导致舌象,苔薄黄,儿科病名医验案解析,儿科病名医验案解析_病例1,现代临床
肺失宣降,证候导致脉象,指纹晦暗不明,儿科病名医验案解析,儿科病名医验案解析_病例1,现代临床
哮喘,症状伴随症状,夜间虚汗多,儿科病名医验案解析,儿科病名医验案解析_病例1,现代临床
哮喘,症状伴随症状,正气渐虚,儿科病名医验案解析,儿科病名医验案解析_病例1,现代临床
哮喘,疾病导致舌象,舌质淡,儿科病名医验案解析,儿科病名医验案解析_病例1,现代临床
哮喘,疾病导致舌象,苔白腻,儿科病名医验案解析,儿科病名医验案解析_病例1,现代临床
哮喘,疾病导致脉象,脉滑细,儿科病名医验案解析,儿科病名医验案解析_病例1,现代临床
肺肾俱虚，湿困脾土,证候导致舌象,舌质淡,儿科病名医验案解析,儿科病名医验案解析_病例1,现代临床
肺肾俱虚，湿困脾土,证候导致舌象,苔白腻,儿科病名医验案解析,儿科病名医验案解析_病例1,现代临床
肺肾俱虚，湿困脾土,证候导致脉象,脉滑细,儿科病名医验案解析,儿科病名医验案解析_病例1,现代临床
哮喘,症状伴随症状,夜间加重,儿科病名医验案解析,儿科病名医验案解析_病例1,现代临床
哮喘,症状伴随症状,不得平卧,儿科病名医验案解析,儿科病名医验案解析_病例1,现代临床
哮喘,症状伴随症状,面红颧赤,儿科病名医验案解析,儿科病名医验案解析_病例1,现代临床
哮喘,症状伴随症状,口渴多饮,儿科病名医验案解析,儿科病名医验案解析_病例1,现代临床
哮喘,症状伴随症状,大便干燥,儿科病名医验案解析,儿科病名医验案解析_病例1,现代临床
哮喘,疾病导致舌象,舌质红,儿科病名医验案解析,儿科病名医验案解析_病例1,现代临床
哮喘,疾病导致舌象,舌苔黄,儿科病名医验案解析,儿科病名医验案解析_病例1,现代临床
哮喘,疾病导致脉象,脉滑数,儿科病名医验案解析,儿科病名医验案解析_病例1,现代临床
肺气郁闭，痰浊上逆,证候导致舌象,舌质红,儿科病名医验案解析,儿科病名医验案解析_病例1,现代临床
肺气郁闭，痰浊上逆,证候导致舌象,舌苔黄,儿科病名医验案解析,儿科病名医验案解析_病例1,现代临床
肺气郁闭，痰浊上逆,证候导致脉象,脉滑数,儿科病名医验案解析,儿科病名医验案解析_病例1,现代临床
哮喘,症状伴随症状,面色晦暗,儿科病名医验案解析,儿科病名医验案解析_病例1,现代临床
哮喘,症状伴随症状,精神不振,儿科病名医验案解析,儿科病名医验案解析_病例1,现代临床
哮喘,症状伴随症状,形体瘦弱,儿科病名医验案解析,儿科病名医验案解析_病例1,现代临床
哮喘,疾病导致舌象,舌质淡,儿科病名医验案解析,儿科病名医验案解析_病例1,现代临床
哮喘,疾病导致舌象,苔白腻,儿科病名医验案解析,儿科病名医验案解析_病例1,现代临床
哮喘,疾病导致脉象,脉细数,儿科病名医验案解析,儿科病名医验案解析_病例1,现代临床
肾虚为本，痰热为标,证候导致舌象,舌质淡,儿科病名医验案解析,儿科病名医验案解析_病例1,现代临床
肾虚为本，痰热为标,证候导致舌象,苔白腻,儿科病名医验案解析,儿科病名医验案解析_病例1,现代临床
肾虚为本，痰热为标,证候导致脉象,脉细数,儿科病名医验案解析,儿科病名医验案解析_病例1,现代临床
哮喘,症状伴随症状,胃纳不佳,儿科病名医验案解析,儿科病名医验案解析_病例1,现代临床
哮喘,症状伴随症状,大便难下,儿科病名医验案解析,儿科病名医验案解析_病例1,现代临床
哮喘,疾病导致脉象,脉滑,儿科病名医验案解析,儿科病名医验案解析_病例1,现代临床
哮喘,疾病导致舌象,舌苔白腻,儿科病名医验案解析,儿科病名医验案解析_病例1,现代临床
寒饮射肺，痰壅于上,证候导致舌象,舌苔白腻,儿科病名医验案解析,儿科病名医验案解析_病例1,现代临床
寒饮射肺，痰壅于上,证候导致脉象,脉滑,儿科病名医验案解析,儿科病名医验案解析_病例1,现代临床
宣肺降气，化痰平喘,证候采用方剂,郁李仁、瓜萎皮、杏仁、制半夏,儿科病名医验案解析,儿科病名医验案解析_病例1,现代临床
宣肺降气，化痰平喘,方剂组成药材,郁李仁,儿科病名医验案解析,儿科病名医验案解析_病例1,现代临床
宣肺降气，化痰平喘,方剂组成药材,瓜萎皮,儿科病名医验案解析,儿科病名医验案解析_病例1,现代临床
宣肺降气，化痰平喘,方剂组成药材,杏仁,儿科病名医验案解析,儿科病名医验案解析_病例1,现代临床
宣肺降气，化痰平喘,方剂组成药材,制半夏,儿科病名医验案解析,儿科病名医验案解析_病例1,现代临床
健脾祛湿，补益肺肾,证候采用方剂,党参、法半夏、陈皮、茯苓、麦冬、甘草、杏仁、山茱萸、五味子,儿科病名医验案解析,儿科病名医验案解析_病例1,现代临床
健脾祛湿，补益肺肾,方剂组成药材,党参,儿科病名医验案解析,儿科病名医验案解析_病例1,现代临床
健脾祛湿，补益肺肾,方剂组成药材,法半夏,儿科病名医验案解析,儿科病名医验案解析_病例1,现代临床
健脾祛湿，补益肺肾,方剂组成药材,陈皮,儿科病名医验案解析,儿科病名医验案解析_病例1,现代临床
健脾祛湿，补益肺肾,方剂组成药材,茯苓,儿科病名医验案解析,儿科病名医验案解析_病例1,现代临床
健脾祛湿，补益肺肾,方剂组成药材,麦冬,儿科病名医验案解析,儿科病名医验案解析_病例1,现代临床
健脾祛湿，补益肺肾,方剂组成药材,甘草,儿科病名医验案解析,儿科病名医验案解析_病例1,现代临床
健脾祛湿，补益肺肾,方剂组成药材,杏仁,儿科病名医验案解析,儿科病名医验案解析_病例1,现代临床
健脾祛湿，补益肺肾,方剂组成药材,山茱萸,儿科病名医验案解析,儿科病名医验案解析_病例1,现代临床
健脾祛湿，补益肺肾,方剂组成药材,五味子,儿科病名医验案解析,儿科病名医验案解析_病例1,现代临床
清热泻肺，化痰定喘,证候采用方剂,麻黄、杏仁、生石膏、黄芩、生栀子、紫苏子、葶苈子、薄荷,儿科病名医验案解析,儿科病名医验案解析_病例1,现代临床
清热泻肺，化痰定喘,方剂组成药材,麻黄,儿科病名医验案解析,儿科病名医验案解析_病例1,现代临床
清热泻肺，化痰定喘,方剂组成药材,杏仁,儿科病名医验案解析,儿科病名医验案解析_病例1,现代临床
清热泻肺，化痰定喘,方剂组成药材,生石膏,儿科病名医验案解析,儿科病名医验案解析_病例1,现代临床
清热泻肺，化痰定喘,方剂组成药材,黄芩,儿科病名医验案解析,儿科病名医验案解析_病例1,现代临床
清热泻肺，化痰定喘,方剂组成药材,生栀子,儿科病名医验案解析,儿科病名医验案解析_病例1,现代临床
清热泻肺，化痰定喘,方剂组成药材,紫苏子,儿科病名医验案解析,儿科病名医验案解析_病例1,现代临床
清热泻肺，化痰定喘,方剂组成药材,葶苈子,儿科病名医验案解析,儿科病名医验案解析_病例1,现代临床
清热泻肺，化痰定喘,方剂组成药材,薄荷,儿科病名医验案解析,儿科病名医验案解析_病例1,现代临床
清热祛痰，宣肺降气，止咳平喘,证候采用方剂,定喘汤加味,儿科病名医验案解析,儿科病名医验案解析_病例1,现代临床
清热祛痰，宣肺降气，止咳平喘,方剂组成药材,白果,儿科病名医验案解析,儿科病名医验案解析_病例1,现代临床
清热祛痰，宣肺降气，止咳平喘,方剂组成药材,炙麻黄,儿科病名医验案解析,儿科病名医验案解析_病例1,现代临床
清热祛痰，宣肺降气，止咳平喘,方剂组成药材,款冬花,儿科病名医验案解析,儿科病名医验案解析_病例1,现代临床
清热祛痰，宣肺降气，止咳平喘,方剂组成药材,半夏,儿科病名医验案解析,儿科病名医验案解析_病例1,现代临床
清热祛痰，宣肺降气，止咳平喘,方剂组成药材,桑白皮,儿科病名医验案解析,儿科病名医验案解析_病例1,现代临床
清热祛痰，宣肺降气，止咳平喘,方剂组成药材,杏仁,儿科病名医验案解析,儿科病名医验案解析_病例1,现代临床
清热祛痰，宣肺降气，止咳平喘,方剂组成药材,紫苏子,儿科病名医验案解析,儿科病名医验案解析_病例1,现代临床
清热祛痰，宣肺降气，止咳平喘,方剂组成药材,黄芩,儿科病名医验案解析,儿科病名医验案解析_病例1,现代临床
清热祛痰，宣肺降气，止咳平喘,方剂组成药材,贝母,儿科病名医验案解析,儿科病名医验案解析_病例1,现代临床
清热祛痰，宣肺降气，止咳平喘,方剂组成药材,瓜蒌仁,儿科病名医验案解析,儿科病名医验案解析_病例1,现代临床
清热祛痰，宣肺降气，止咳平喘,方剂组成药材,滑石,儿科病名医验案解析,儿科病名医验案解析_病例1,现代临床
清热祛痰，宣肺降气，止咳平喘,方剂组成药材,海石,儿科病名医验案解析,儿科病名医验案解析_病例1,现代临床
清热祛痰，宣肺降气，止咳平喘,方剂组成药材,甘草,儿科病名医验案解析,儿科病名医验案解析_病例1,现代临床
温化平喘,证候采用方剂,细辛、五味子、茯苓、陈皮、白芥子、紫苏子、莱菔子、半夏、干姜、甘草,儿科病名医验案解析,儿科病名医验案解析_病例1,现代临床
温化平喘,方剂组成药材,细辛,儿科病名医验案解析,儿科病名医验案解析_病例1,现代临床
温化平喘,方剂组成药材,五味子,儿科病名医验案解析,儿科病名医验案解析_病例1,现代临床
温化平喘,方剂组成药材,茯苓,儿科病名医验案解析,儿科病名医验案解析_病例1,现代临床
温化平喘,方剂组成药材,陈皮,儿科病名医验案解析,儿科病名医验案解析_病例1,现代临床
温化平喘,方剂组成药材,白芥子,儿科病名医验案解析,儿科病名医验案解析_病例1,现代临床
温化平喘,方剂组成药材,紫苏子,儿科病名医验案解析,儿科病名医验案解析_病例1,现代临床
温化平喘,方剂组成药材,莱菔子,儿科病名医验案解析,儿科病名医验案解析_病例1,现代临床
温化平喘,方剂组成药材,半夏,儿科病名医验案解析,儿科病名医验案解析_病例1,现代临床
温化平喘,方剂组成药材,干姜,儿科病名医验案解析,儿科病名医验案解析_病例1,现代临床
温化平喘,方剂组成药材,甘草,儿科病名医验案解析,儿科病名医验案解析_病例1,现代临床
支气管哮喘,疾病表现症状,体力已恢复,儿科病名医验案解析,儿科病名医验案解析_病例1,现代临床
支气管哮喘,疾病导致舌象,舌苔白腻,儿科病名医验案解析,儿科病名医验案解析_病例1,现代临床
支气管哮喘,疾病导致脉象,脉滑,儿科病名医验案解析,儿科病名医验案解析_病例1,现代临床
哮喘,症状伴随症状,入夜啼哭咳喘不已,儿科病名医验案解析,儿科病名医验案解析_病例1,现代临床
哮喘,症状伴随症状,喉间痰鸣,儿科病名医验案解析,儿科病名医验案解析_病例1,现代临床
哮喘,症状伴随症状,胃纳不佳,儿科病名医验案解析,儿科病名医验案解析_病例1,现代临床
哮喘,症状伴随症状,大便难下,儿科病名医验案解析,儿科病名医验案解析_病例1,现代临床
哮喘,证候导致舌象,舌苔白腻,儿科病名医验案解析,儿科病名医验案解析_病例1,现代临床
哮喘,证候导致脉象,脉滑,儿科病名医验案解析,儿科病名医验案解析_病例1,现代临床
哮喘,症状辨证证候,寒饮射肺,儿科病名医验案解析,儿科病名医验案解析_病例1,现代临床
哮喘,症状辨证证候,痰壅于上,儿科病名医验案解析,儿科病名医验案解析_病例1,现代临床
哮喘,证候采用方剂,定喘汤,儿科病名医验案解析,儿科病名医验案解析_病例1,现代临床
定喘汤,方剂组成药材,细辛,儿科病名医验案解析,儿科病名医验案解析_病例1,现代临床
定喘汤,方剂组成药材,五味子,儿科病名医验案解析,儿科病名医验案解析_病例1,现代临床
定喘汤,方剂组成药材,茯苓,儿科病名医验案解析,儿科病名医验案解析_病例1,现代临床
定喘汤,方剂组成药材,陈皮,儿科病名医验案解析,儿科病名医验案解析_病例1,现代临床
定喘汤,方剂组成药材,白芥子,儿科病名医验案解析,儿科病名医验案解析_病例1,现代临床
定喘汤,方剂组成药材,紫苏子,儿科病名医验案解析,儿科病名医验案解析_病例1,现代临床
定喘汤,方剂组成药材,莱菔子,儿科病名医验案解析,儿科病名医验案解析_病例1,现代临床
定喘汤,方剂组成药材,半夏,儿科病名医验案解析,儿科病名医验案解析_病例1,现代临床
定喘汤,方剂组成药材,干姜,儿科病名医验案解析,儿科病名医验案解析_病例1,现代临床
定喘汤,方剂组成药材,甘草,儿科病名医验案解析,儿科病名医验案解析_病例1,现代临床
干姜,药材具有功效,温化水饮,儿科病名医验案解析,儿科病名医验案解析_病例1,现代临床
干姜,药材具有功效,辛散风寒,儿科病名医验案解析,儿科病名医验案解析_病例1,现代临床
细辛,药材具有功效,温化水饮,儿科病名医验案解析,儿科病名医验案解析_病例1,现代临床
细辛,药材具有功效,辛散风寒,儿科病名医验案解析,儿科病名医验案解析_病例1,现代临床
五味子,药材具有功效,敛肺止咳,儿科病名医验案解析,儿科病名医验案解析_病例1,现代临床
哮喘,疾病导致舌象,舌质淡,儿科病名医验案解析,儿科病名医验案解析_病例1,现代临床
哮喘,疾病导致舌象,苔白,儿科病名医验案解析,儿科病名医验案解析_病例1,现代临床
哮喘,疾病导致脉象,脉浮缓,儿科病名医验案解析,儿科病名医验案解析_病例1,现代临床
哮喘,症状伴随症状,咳嗽喘促,儿科病名医验案解析,儿科病名医验案解析_病例1,现代临床
哮喘,症状伴随症状,喉中痰鸣,儿科病名医验案解析,儿科病名医验案解析_病例1,现代临床
哮喘,症状伴随症状,时自汗出,儿科病名医验案解析,儿科病名医验案解析_病例1,现代临床
哮喘,症状伴随症状,大便稀,儿科病名医验案解析,儿科病名医验案解析_病例1,现代临床
哮喘,症状伴随症状,小便清,儿科病名医验案解析,儿科病名医验案解析_病例1,现代临床
哮喘,症状伴随症状,体温37.2,儿科病名医验案解析,儿科病名医验案解析_病例1,现代临床
哮喘,症状伴随症状,两肺满布哮鸣音,儿科病名医验案解析,儿科病名医验案解析_病例1,现代临床
哮喘,症状伴随症状,特禀体质,儿科病名医验案解析,儿科病名医验案解析_病例1,现代临床
哮喘,证候采用方剂,桂枝加厚朴杏子汤,儿科病名医验案解析,儿科病名医验案解析_病例1,现代临床
桂枝加厚朴杏子汤,方剂组成药材,桂枝,儿科病名医验案解析,儿科病名医验案解析_病例1,现代临床
桂枝加厚朴杏子汤,方剂组成药材,白芍,儿科病名医验案解析,儿科病名医验案解析_病例1,现代临床
桂枝加厚朴杏子汤,方剂组成药材,厚朴,儿科病名医验案解析,儿科病名医验案解析_病例1,现代临床
桂枝加厚朴杏子汤,方剂组成药材,杏仁,儿科病名医验案解析,儿科病名医验案解析_病例1,现代临床
桂枝加厚朴杏子汤,方剂组成药材,紫苏子,儿科病名医验案解析,儿科病名医验案解析_病例1,现代临床
桂枝加厚朴杏子汤,方剂组成药材,白果仁,儿科病名医验案解析,儿科病名医验案解析_病例1,现代临床
桂枝加厚朴杏子汤,方剂组成药材,炙甘草,儿科病名医验案解析,儿科病名医验案解析_病例1,现代临床
桂枝加厚朴杏子汤,方剂组成药材,生姜,儿科病名医验案解析,儿科病名医验案解析_病例1,现代临床
桂枝加厚朴杏子汤,方剂组成药材,大枣,儿科病名医验案解析,儿科病名医验案解析_病例1,现代临床
哮喘,症状伴随症状,孱弱,儿科病名医验案解析,儿科病名医验案解析_病例1,现代临床
哮喘,症状伴随症状,面灰不泽,儿科病名医验案解析,儿科病名医验案解析_病例1,现代临床
哮喘,症状伴随症状,眼睑轻度浮肿,儿科病名医验案解析,儿科病名医验案解析_病例1,现代临床
哮喘,症状伴随症状,精神萎靡,儿科病名医验案解析,儿科病名医验案解析_病例1,现代临床
哮喘,症状伴随症状,入寐即醒,儿科病名医验案解析,儿科病名医验案解析_病例1,现代临床
哮喘,症状伴随症状,手足欠温,儿科病名医验案解析,儿科病名医验案解析_病例1,现代临床
哮喘,症状伴随症状,纳食不馨,儿科病名医验案解析,儿科病名医验案解析_病例1,现代临床
哮喘,症状伴随症状,大便多溏,儿科病名医验案解析,儿科病名医验案解析_病例1,现代临床
哮喘,疾病导致舌象,舌胖嫩,儿科病名医验案解析,儿科病名医验案解析_病例1,现代临床
哮喘,疾病导致舌象,苔薄白,儿科病名医验案解析,儿科病名医验案解析_病例1,现代临床
哮喘,疾病导致脉象,脉沉细,儿科病名医验案解析,儿科病名医验案解析_病例1,现代临床
哮喘,症状辨证证候,肾虚不纳,儿科病名医验案解析,儿科病名医验案解析_病例1,现代临床
哮喘,证候采用方剂,紫河车方,儿科病名医验案解析,儿科病名医验案解析_病例1,现代临床
紫河车方,方剂组成药材,紫河车,儿科病名医验案解析,儿科病名医验案解析_病例1,现代临床
紫河车方,方剂组成药材,坎脐,儿科病名医验案解析,儿科病名医验案解析_病例1,现代临床
紫河车方,方剂组成药材,煅龙骨,儿科病名医验案解析,儿科病名医验案解析_病例1,现代临床
紫河车方,方剂组成药材,五味子,儿科病名医验案解析,儿科病名医验案解析_病例1,现代临床
紫河车方,方剂组成药材,炙甘草,儿科病名医验案解析,儿科病名医验案解析_病例1,现代临床
紫河车方,方剂组成药材,制黄精,儿科病名医验案解析,儿科病名医验案解析_病例1,现代临床
紫河车方,方剂组成药材,鹿角霜,儿科病名医验案解析,儿科病名医验案解析_病例1,现代临床
紫河车方,方剂组成药材,野山参,儿科病名医验案解析,儿科病名医验案解析_病例1,现代临床
紫河车方,方剂组成药材,制附子,儿科病名医验案解析,儿科病名医验案解析_病例1,现代临床
紫河车方,方剂组成药材,肉桂,儿科病名医验案解析,儿科病名医验案解析_病例1,现代临床
哮喘,症状伴随症状,气喘不能平卧,儿科病名医验案解析,儿科病名医验案解析_病例1,现代临床
哮喘,症状伴随症状,咳嗽阵发,儿科病名医验案解析,儿科病名医验案解析_病例1,现代临床
哮喘,症状伴随症状,喉中痰嘶,儿科病名医验案解析,儿科病名医验案解析_病例1,现代临床
哮喘,症状伴随症状,声达户外,儿科病名医验案解析,儿科病名医验案解析_病例1,现代临床
哮喘,症状伴随症状,吐痰最多,儿科病名医验案解析,儿科病名医验案解析_病例1,现代临床
哮喘,症状伴随症状,色白泡沫,儿科病名医验案解析,儿科病名医验案解析_病例1,现代临床
哮喘,症状伴随症状,面色发青,儿科病名医验案解析,儿科病名医验案解析_病例1,现代临床
哮喘,症状伴随症状,低热无汗,儿科病名医验案解析,儿科病名医验案解析_病例1,现代临床
哮喘,疾病导致舌象,舌苔白腻,儿科病名医验案解析,儿科病名医验案解析_病例1,现代临床
哮喘,疾病导致脉象,脉浮滑,儿科病名医验案解析,儿科病名医验案解析_病例1,现代临床
哮喘,症状辨证证候,寒饮伏肺,儿科病名医验案解析,儿科病名医验案解析_病例1,现代临床
哮喘,证候采用方剂,炙麻黄方,儿科病名医验案解析,儿科病名医验案解析_病例1,现代临床
炙麻黄方,方剂组成药材,炙麻黄,儿科病名医验案解析,儿科病名医验案解析_病例1,现代临床
炙麻黄方,方剂组成药材,桂枝,儿科病名医验案解析,儿科病名医验案解析_病例1,现代临床
炙麻黄方,方剂组成药材,法半夏,儿科病名医验案解析,儿科病名医验案解析_病例1,现代临床
炙麻黄方,方剂组成药材,干姜,儿科病名医验案解析,儿科病名医验案解析_病例1,现代临床
炙麻黄方,方剂组成药材,桑白皮,儿科病名医验案解析,儿科病名医验案解析_病例1,现代临床
炙麻黄方,方剂组成药材,射干,儿科病名医验案解析,儿科病名医验案解析_病例1,现代临床
炙麻黄方,方剂组成药材,杏仁,儿科病名医验案解析,儿科病名医验案解析_病例1,现代临床
炙麻黄方,方剂组成药材,苍耳子,儿科病名医验案解析,儿科病名医验案解析_病例1,现代临床
炙麻黄方,方剂组成药材,葶苈子,儿科病名医验案解析,儿科病名医验案解析_病例1,现代临床
炙麻黄方,方剂组成药材,甘草,儿科病名医验案解析,儿科病名医验案解析_病例1,现代临床
哮喘,症状伴随症状,头额有汗,儿科病名医验案解析,儿科病名医验案解析_病例1,现代临床
哮喘,症状伴随症状,胸闷气喘,儿科病名医验案解析,儿科病名医验案解析_病例1,现代临床
哮喘,症状伴随症状,动则尤甚,儿科病名医验案解析,儿科病名医验案解析_病例1,现代临床
哮喘,症状伴随症状,不能平卧,儿科病名医验案解析,儿科病名医验案解析_病例1,现代临床
哮喘,症状伴随症状,喉中有声,儿科病名医验案解析,儿科病名医验案解析_病例1,现代临床
哮喘,症状伴随症状,痰多色黄,儿科病名医验案解析,儿科病名医验案解析_病例1,现代临床
哮喘,症状伴随症状,质黏难咳,儿科病名医验案解析,儿科病名医验案解析_病例1,现代临床
哮喘,疾病导致舌象,舌质偏红,儿科病名医验案解析,儿科病名医验案解析_病例1,现代临床
哮喘,疾病导致舌象,苔淡黄,儿科病名医验案解析,儿科病名医验案解析_病例1,现代临床
哮喘,疾病导致脉象,脉滑数,儿科病名医验案解析,儿科病名医验案解析_病例1,现代临床
哮喘,症状辨证证候,痰热蕴肺,儿科病名医验案解析,儿科病名医验案解析_病例1,现代临床
哮喘,症状辨证证候,宣降失司,儿科病名医验案解析,儿科病名医验案解析_病例1,现代临床
哮喘,证候采用方剂,炙麻黄方,儿科病名医验案解析,儿科病名医验案解析_病例1,现代临床
炙麻黄方,方剂组成药材,款冬花,儿科病名医验案解析,儿科病名医验案解析_病例1,现代临床
炙麻黄方,方剂组成药材,黄芩,儿科病名医验案解析,儿科病名医验案解析_病例1,现代临床
炙麻黄方,方剂组成药材,地龙,儿科病名医验案解析,儿科病名医验案解析_病例1,现代临床
炙麻黄方,方剂组成药材,赭石,儿科病名医验案解析,儿科病名医验案解析_病例1,现代临床
支气管哮喘,疾病表现症状,喘息,儿科病名医验案解析,儿科病名医验案解析_病例1,现代临床
支气管哮喘,疾病表现症状,饮食难进,儿科病名医验案解析,儿科病名医验案解析_病例1,现代临床
支气管哮喘,疾病表现症状,呕吐上逆,儿科病名医验案解析,儿科病名医验案解析_病例1,现代临床
支气管哮喘,疾病表现症状,精神萎靡,儿科病名医验案解析,儿科病名医验案解析_病例1,现代临床
支气管哮喘,疾病表现症状,坐卧不宁,儿科病名医验案解析,儿科病名医验案解析_病例1,现代临床
支气管哮喘,疾病表现症状,大便2日未行,儿科病名医验案解析,儿科病名医验案解析_病例1,现代临床
支气管哮喘,疾病表现症状,小溲短黄,儿科病名医验案解析,儿科病名医验案解析_病例1,现代临床
支气管哮喘,舌象表现特征,舌苔白薄,儿科病名医验案解析,儿科病名医验案解析_病例1,现代临床
支气管哮喘,脉象表现特征,脉沉缓,儿科病名医验案解析,儿科病名医验案解析_病例1,现代临床
支气管哮喘,症状伴随症状,喘息又作,儿科病名医验案解析,儿科病名医验案解析_病例1,现代临床
支气管哮喘,症状伴随症状,日来加剧,儿科病名医验案解析,儿科病名医验案解析_病例1,现代临床
支气管哮喘,症状伴随症状,抬肩撷肚,儿科病名医验案解析,儿科病名医验案解析_病例1,现代临床
支气管哮喘,症状伴随症状,气短胸闷,儿科病名医验案解析,儿科病名医验案解析_病例1,现代临床
支气管哮喘,症状伴随症状,喉中哮鸣,儿科病名医验案解析,儿科病名医验案解析_病例1,现代临床
支气管哮喘,症状伴随症状,痰液清稀不易咳出,儿科病名医验案解析,儿科病名医验案解析_病例1,现代临床
支气管哮喘,症状伴随症状,形瘦体弱,儿科病名医验案解析,儿科病名医验案解析_病例1,现代临床
支气管哮喘,症状伴随症状,面色苍白,儿科病名医验案解析,儿科病名医验案解析_病例1,现代临床
支气管哮喘,症状伴随症状,精神萎靡,儿科病名医验案解析,儿科病名医验案解析_病例1,现代临床
支气管哮喘,症状伴随症状,纳食大减,儿科病名医验案解析,儿科病名医验案解析_病例1,现代临床
支气管哮喘,症状伴随症状,便溏额汗,儿科病名医验案解析,儿科病名医验案解析_病例1,现代临床
支气管哮喘,症状伴随症状,苔白微腻,儿科病名医验案解析,儿科病名医验案解析_病例1,现代临床
支气管哮喘,症状伴随症状,脉来虚缓,儿科病名医验案解析,儿科病名医验案解析_病例1,现代临床
支气管哮喘,症状伴随症状,喘息不得停歇,儿科病名医验案解析,儿科病名医验案解析_病例1,现代临床
支气管哮喘,症状伴随症状,汗出骤然,儿科病名医验案解析,儿科病名医验案解析_病例1,现代临床
支气管哮喘,症状伴随症状,昼轻夜重,儿科病名医验案解析,儿科病名医验案解析_病例1,现代临床
支气管哮喘,症状伴随症状,舌苔薄白,儿科病名医验案解析,儿科病名医验案解析_病例1,现代临床
支气管哮喘,症状伴随症状,脉浮紧,儿科病名医验案解析,儿科病名医验案解析_病例1,现代临床
支气管哮喘,证候导致舌象,舌质微红、苔根黄,儿科病名医验案解析,儿科病名医验案解析_病例1,现代临床
支气管哮喘,证候导致脉象,两脉数,儿科病名医验案解析,儿科病名医验案解析_病例1,现代临床
支气管哮喘,证候导致舌象,舌根苔部黄厚,儿科病名医验案解析,儿科病名医验案解析_病例1,现代临床
支气管哮喘,证候导致脉象,脉稍数,儿科病名医验案解析,儿科病名医验案解析_病例1,现代临床
支气管哮喘,证候辨证,风寒闭肺,儿科病名医验案解析,儿科病名医验案解析_病例1,现代临床
支气管哮喘,证候辨证,肺阴久伤，感寒作喘,儿科病名医验案解析,儿科病名医验案解析_病例1,现代临床
支气管哮喘,证候辨证,久病脾肺两虚，营卫失调,儿科病名医验案解析,儿科病名医验案解析_病例1,现代临床
支气管哮喘,证候辨证,脾肺两虚,儿科病名医验案解析,儿科病名医验案解析_病例1,现代临床
支气管哮喘,证候辨证,寒邪闭肺证,儿科病名医验案解析,儿科病名医验案解析_病例1,现代临床
支气管哮喘,综合辨证证候,素禀脾虚，痰湿内生，留伏肺俞，酿为哮喘痼疾,儿科病名医验案解析,儿科病名医验案解析_病例1,现代临床
支气管哮喘,综合辨证证候,肺虚不能降气，肾虚不能纳气，肺、脾、肾三脏同病,儿科病名医验案解析,儿科病名医验案解析_病例1,现代临床
支气管哮喘,综合辨证证候,形寒饮冷则伤肺，暴寒外束，痰热内聚，郁阻肺络，清肃失司，喘息因之发作,儿科病名医验案解析,儿科病名医验案解析_病例1,现代临床
支气管哮喘,综合辨证证候,肺阴久伤,儿科病名医验案解析,儿科病名医验案解析_病例1,现代临床
支气管哮喘,综合辨证证候,小儿阳常有余，阴常不足，肺为娇脏，喜润恶燥,儿科病名医验案解析,儿科病名医验案解析_病例1,现代临床
支气管哮喘,综合辨证证候,久喘脾肺两虚，形瘦面苍白，纳少便溏，额汗神萎,儿科病名医验案解析,儿科病名医验案解析_病例1,现代临床
支气管哮喘,证候采用方剂,定喘汤加减,儿科病名医验案解析,儿科病名医验案解析_病例1,现代临床
支气管哮喘,证候采用方剂,南烛丸,儿科病名医验案解析,儿科病名医验案解析_病例1,现代临床
支气管哮喘,证候采用方剂,固本止咳片,儿科病名医验案解析,儿科病名医验案解析_病例1,现代临床
支气管哮喘,证候采用方剂,河车片,儿科病名医验案解析,儿科病名医验案解析_病例1,现代临床
支气管哮喘,证候采用方剂,玉屏风散加味,儿科病名医验案解析,儿科病名医验案解析_病例1,现代临床
定喘汤加减,方剂组成药材,炙麻黄,儿科病名医验案解析,儿科病名医验案解析_病例1,现代临床
定喘汤加减,方剂组成药材,杏仁,儿科病名医验案解析,儿科病名医验案解析_病例1,现代临床
定喘汤加减,方剂组成药材,桑白皮,儿科病名医验案解析,儿科病名医验案解析_病例1,现代临床
定喘汤加减,方剂组成药材,款冬花,儿科病名医验案解析,儿科病名医验案解析_病例1,现代临床
定喘汤加减,方剂组成药材,半夏,儿科病名医验案解析,儿科病名医验案解析_病例1,现代临床
定喘汤加减,方剂组成药材,紫苏子,儿科病名医验案解析,儿科病名医验案解析_病例1,现代临床
定喘汤加减,方剂组成药材,黄芩,儿科病名医验案解析,儿科病名医验案解析_病例1,现代临床
定喘汤加减,方剂组成药材,地龙,儿科病名医验案解析,儿科病名医验案解析_病例1,现代临床
定喘汤加减,方剂组成药材,赭石,儿科病名医验案解析,儿科病名医验案解析_病例1,现代临床
定喘汤加减,方剂组成药材,甘草,儿科病名医验案解析,儿科病名医验案解析_病例1,现代临床
南烛丸,方剂组成药材,南烛,儿科病名医验案解析,儿科病名医验案解析_病例1,现代临床
固本止咳片,方剂组成药材,止咳成分,儿科病名医验案解析,儿科病名医验案解析_病例1,现代临床
河车片,方剂组成药材,河车,儿科病名医验案解析,儿科病名医验案解析_病例1,现代临床
玉屏风散加味,方剂组成药材,生黄芪,儿科病名医验案解析,儿科病名医验案解析_病例1,现代临床
玉屏风散加味,方剂组成药材,生白术,儿科病名医验案解析,儿科病名医验案解析_病例1,现代临床
玉屏风散加味,方剂组成药材,防风,儿科病名医验案解析,儿科病名医验案解析_病例1,现代临床
玉屏风散加味,方剂组成药材,当归,儿科病名医验案解析,儿科病名医验案解析_病例1,现代临床
玉屏风散加味,方剂组成药材,炒白芍,儿科病名医验案解析,儿科病名医验案解析_病例1,现代临床
玉屏风散加味,方剂组成药材,生牡蛎,儿科病名医验案解析,儿科病名医验案解析_病例1,现代临床
玉屏风散加味,方剂组成药材,五味子,儿科病名医验案解析,儿科病名医验案解析_病例1,现代临床
炙麻黄,药材具有功效,宣肺平喘,儿科病名医验案解析,儿科病名医验案解析_病例1,现代临床
炒杏仁,药材具有功效,利气化痰,儿科病名医验案解析,儿科病名医验案解析_病例1,现代临床
炙桑白皮,药材具有功效,宣肺平喘,儿科病名医验案解析,儿科病名医验案解析_病例1,现代临床
紫苏子,药材具有功效,利气化痰,儿科病名医验案解析,儿科病名医验案解析_病例1,现代临床
化橘红,药材具有功效,宣肺平喘,儿科病名医验案解析,儿科病名医验案解析_病例1,现代临床
款冬花,药材具有功效,止咳化痰,儿科病名医验案解析,儿科病名医验案解析_病例1,现代临床
白果,药材具有功效,止咳化痰,儿科病名医验案解析,儿科病名医验案解析_病例1,现代临床
旋覆花,药材具有功效,宣肺平喘,儿科病名医验案解析,儿科病名医验案解析_病例1,现代临床
川贝母,药材具有功效,止咳化痰,儿科病名医验案解析,儿科病名医验案解析_病例1,现代临床
浙贝母,药材具有功效,止咳化痰,儿科病名医验案解析,儿科病名医验案解析_病例1,现代临床
清半夏,药材具有功效,化痰止咳,儿科病名医验案解析,儿科病名医验案解析_病例1,现代临床
炙枇杷叶,药材具有功效,止咳化痰,儿科病名医验案解析,儿科病名医验案解析_病例1,现代临床
北沙参,药材具有功效,滋阴肃肺,儿科病名医验案解析,儿科病名医验案解析_病例1,现代临床
黄芩,药材具有功效,清热燥湿,儿科病名医验案解析,儿科病名医验案解析_病例1,现代临床
生石膏,药材具有功效,清热泻火,儿科病名医验案解析,儿科病名医验案解析_病例1,现代临床
阿胶珠,药材具有功效,滋阴润燥,儿科病名医验案解析,儿科病名医验案解析_病例1,现代临床
麦冬,药材具有功效,滋阴润肺,儿科病名医验案解析,儿科病名医验案解析_病例1,现代临床
白术,药材具有功效,健脾益气,儿科病名医验案解析,儿科病名医验案解析_病例1,现代临床
麻黄,药材具有功效,宣肺平喘,儿科病名医验案解析,儿科病名医验案解析_病例1,现代临床
焦大黄,药材具有功效,泻下攻积,儿科病名医验案解析,儿科病名医验案解析_病例1,现代临床
知母,药材具有功效,清热生津,儿科病名医验案解析,儿科病名医验案解析_病例1,现代临床
黑玄参,药材具有功效,清热凉血,儿科病名医验案解析,儿科病名医验案解析_病例1,现代临床
瓜蒌仁,药材具有功效,润肺化痰,儿科病名医验案解析,儿科病名医验案解析_病例1,现代临床
玉屏风散,药材具有功效,益气固卫,儿科病名医验案解析,儿科病名医验案解析_病例1,现代临床
当归,药材具有功效,和营,儿科病名医验案解析,儿科病名医验案解析_病例1,现代临床
白芍,药材具有功效,和营,儿科病名医验案解析,儿科病名医验案解析_病例1,现代临床
生牡蛎,药材具有功效,纳气敛汗,儿科病名医验案解析,儿科病名医验案解析_病例1,现代临床
五味子,药材具有功效,纳气敛汗,儿科病名医验案解析,儿科病名医验案解析_病例1,现代临床
北沙参,药材具有功效,和脾理肺,儿科病名医验案解析,儿科病名医验案解析_病例1,现代临床
云茯苓,药材具有功效,和脾理肺,儿科病名医验案解析,儿科病名医验案解析_病例1,现代临床
生白术,药材具有功效,和脾理肺,儿科病名医验案解析,儿科病名医验案解析_病例1,现代临床
南杏仁,药材具有功效,止咳定喘,儿科病名医验案解析,儿科病名医验案解析_病例1,现代临床
橘红,药材具有功效,化痰止咳,儿科病名医验案解析,儿科病名医验案解析_病例1,现代临床
白果,药材具有功效,止咳定喘,儿科病名医验案解析,儿科病名医验案解析_病例1,现代临床
葶苈子,药材具有功效,化痰止咳,儿科病名医验案解析,儿科病名医验案解析_病例1,现代临床
五味子,药材具有功效,止咳化痰,儿科病名医验案解析,儿科病名医验案解析_病例1,现代临床
法半夏,药材具有功效,化痰止咳,儿科病名医验案解析,儿科病名医验案解析_病例1,现代临床
怀山药,药材具有功效,补脾益肺,儿科病名医验案解析,儿科病名医验案解析_病例1,现代临床
射干,药材具有功效,化痰止咳,儿科病名医验案解析,儿科病名医验案解析_病例1,现代临床
大枣,药材具有功效,补脾益气,儿科病名医验案解析,儿科病名医验案解析_病例1,现代临床
甘草,药材具有功效,补脾益气,儿科病名医验案解析,儿科病名医验案解析_病例1,现代临床
紫苏子,药材具有功效,止咳化痰,儿科病名医验案解析,儿科病名医验案解析_病例1,现代临床
川厚朴,药材具有功效,化痰止咳,儿科病名医验案解析,儿科病名医验案解析_病例1,现代临床
秋桔梗,药材具有功效,化痰止咳,儿科病名医验案解析,儿科病名医验案解析_病例1,现代临床
炒谷芽,药材具有功效,健脾消食,儿科病名医验案解析,儿科病名医验案解析_病例1,现代临床
炒麦芽,药材具有功效,健脾消食,儿科病名医验案解析,儿科病名医验案解析_病例1,现代临床
紫菀,药材具有功效,化痰止咳,儿科病名医验案解析,儿科病名医验案解析_病例1,现代临床
小青龙汤,方剂组成药材,炙麻黄,儿科病名医验案解析,儿科病名医验案解析_病例1,现代临床
小青龙汤,方剂组成药材,炒桂枝,儿科病名医验案解析,儿科病名医验案解析_病例1,现代临床
小青龙汤,方剂组成药材,南杏仁,儿科病名医验案解析,儿科病名医验案解析_病例1,现代临床
小青龙汤,方剂组成药材,粉甘草,儿科病名医验案解析,儿科病名医验案解析_病例1,现代临床
小青龙汤,方剂组成药材,法半夏,儿科病名医验案解析,儿科病名医验案解析_病例1,现代临床
小青龙汤,方剂组成药材,云茯苓,儿科病名医验案解析,儿科病名医验案解析_病例1,现代临床
小青龙汤,方剂组成药材,橘红,儿科病名医验案解析,儿科病名医验案解析_病例1,现代临床
小青龙汤,方剂组成药材,秋桔梗,儿科病名医验案解析,儿科病名医验案解析_病例1,现代临床
小青龙汤,方剂组成药材,象贝母,儿科病名医验案解析,儿科病名医验案解析_病例1,现代临床
小青龙汤,方剂组成药材,白芥子,儿科病名医验案解析,儿科病名医验案解析_病例1,现代临床
小青龙汤,方剂组成药材,细辛,儿科病名医验案解析,儿科病名医验案解析_病例1,现代临床
小青龙汤,方剂组成药材,生姜,儿科病名医验案解析,儿科病名医验案解析_病例1,现代临床
儿科病名医验案解析,归属于经典,黄帝内经,儿科病名医验案解析,儿科病名医验案解析_病例1,现代临床
儿科病名医验案解析,理论指导实践,急则治标，缓则治本,儿科病名医验案解析,儿科病名医验案解析_病例1,现代临床
刘克丽，王孟清,名医经验总结,儿科病名家医案妙方解析,儿科病名医验案解析,儿科病名医验案解析_病例1,现代临床
肖达民,名医经验总结,专科专病名医验证经验丛书 儿科病,儿科病名医验案解析,儿科病名医验案解析_病例1,现代临床
朱玲玲，陈沛熙,名医经验总结,古今名医临证实录丛书 儿科病,儿科病名医验案解析,儿科病名医验案解析_病例1,现代临床
刘平，张婉瑜，杨建宇,名医经验总结,国医大师验案良方 妇儿卷,儿科病名医验案解析,儿科病名医验案解析_病例1,现代临床
哮喘,疾病表现症状,间断咳喘,儿科病名医验案解析,儿科病名医验案解析_病例1,现代临床
哮喘,疾病表现症状,痰多涎沫,儿科病名医验案解析,儿科病名医验案解析_病例1,现代临床
哮喘,疾病表现症状,面色咣白,儿科病名医验案解析,儿科病名医验案解析_病例1,现代临床
哮喘,疾病表现症状,形体偏胖,儿科病名医验案解析,儿科病名医验案解析_病例1,现代临床
哮喘,疾病导致舌象,舌质淡红,儿科病名医验案解析,儿科病名医验案解析_病例1,现代临床
哮喘,疾病导致舌象,苔薄白湿滑,儿科病名医验案解析,儿科病名医验案解析_病例1,现代临床
哮喘,疾病导致脉象,脉滑,儿科病名医验案解析,儿科病名医验案解析_病例1,现代临床
哮喘,症状伴随症状,夜间咳喘明显,儿科病名医验案解析,儿科病名医验案解析_病例1,现代临床
哮喘,症状伴随症状,纳佳,儿科病名医验案解析,儿科病名医验案解析_病例1,现代临床
哮喘,症状伴随症状,便调,儿科病名医验案解析,儿科病名医验案解析_病例1,现代临床
哮喘,症状伴随症状,易感,儿科病名医验案解析,儿科病名医验案解析_病例1,现代临床
哮喘,证候导致舌象,舌质红,儿科病名医验案解析,儿科病名医验案解析_病例1,现代临床
哮喘,证候导致舌象,苔少,儿科病名医验案解析,儿科病名医验案解析_病例1,现代临床
哮喘,证候导致脉象,脉滑数,儿科病名医验案解析,儿科病名医验案解析_病例1,现代临床
哮喘,症状伴随症状,喘憋,儿科病名医验案解析,儿科病名医验案解析_病例1,现代临床
哮喘,症状伴随症状,气促,儿科病名医验案解析,儿科病名医验案解析_病例1,现代临床
哮喘,症状伴随症状,夜间喘甚时不得平卧,儿科病名医验案解析,儿科病名医验案解析_病例1,现代临床
哮喘,症状伴随症状,胸闷不舒,儿科病名医验案解析,儿科病名医验案解析_病例1,现代临床
哮喘,症状伴随症状,食欲欠佳,儿科病名医验案解析,儿科病名医验案解析_病例1,现代临床
哮喘,症状伴随症状,易出汗,儿科病名医验案解析,儿科病名医验案解析_病例1,现代临床
哮喘,症状伴随症状,大便偏干,儿科病名医验案解析,儿科病名医验案解析_病例1,现代临床
哮喘,症状伴随症状,精神差,儿科病名医验案解析,儿科病名医验案解析_病例1,现代临床
哮喘,症状伴随症状,呼吸喘促,儿科病名医验案解析,儿科病名医验案解析_病例1,现代临床
哮喘,症状伴随症状,喉间可闻及喘鸣音,儿科病名医验案解析,儿科病名医验案解析_病例1,现代临床
哮喘,症状伴随症状,双肺可闻及哮鸣音,儿科病名医验案解析,儿科病名医验案解析_病例1,现代临床
哮喘,症状伴随症状,面色黄,儿科病名医验案解析,儿科病名医验案解析_病例1,现代临床
哮喘,症状伴随症状,轻度喘憋,儿科病名医验案解析,儿科病名医验案解析_病例1,现代临床
哮喘,症状伴随症状,双肺可闻及喘鸣音及痰鸣音,儿科病名医验案解析,儿科病名医验案解析_病例1,现代临床
哮喘,症状伴随症状,精神可,儿科病名医验案解析,儿科病名医验案解析_病例1,现代临床
哮喘,症状伴随症状,形体偏胖,儿科病名医验案解析,儿科病名医验案解析_病例1,现代临床
哮喘,症状伴随症状,呼吸喘促,儿科病名医验案解析,儿科病名医验案解析_病例1,现代临床
哮喘,症状伴随症状,喉中痰鸣,儿科病名医验案解析,儿科病名医验案解析_病例1,现代临床
哮喘,症状伴随症状,双肺呼吸音粗,儿科病名医验案解析,儿科病名医验案解析_病例1,现代临床
哮喘,症状伴随症状,可闻及哮鸣音,儿科病名医验案解析,儿科病名医验案解析_病例1,现代临床
哮喘,症状伴随症状,偏食,儿科病名医验案解析,儿科病名医验案解析_病例1,现代临床
哮喘,证候辨证,寒饮伏肺,儿科病名医验案解析,儿科病名医验案解析_病例1,现代临床
哮喘,证候辨证,脾虚痰盛,儿科病名医验案解析,儿科病名医验案解析_病例1,现代临床
哮喘,证候辨证,肺肾阴亏,儿科病名医验案解析,儿科病名医验案解析_病例1,现代临床
哮喘,证候辨证,痰阻气道,儿科病名医验案解析,儿科病名医验案解析_病例1,现代临床
哮喘,证候辨证,痰热壅肺,儿科病名医验案解析,儿科病名医验案解析_病例1,现代临床
哮喘,证候辨证,肺失宣降,儿科病名医验案解析,儿科病名医验案解析_病例1,现代临床
哮喘,证候辨证,痰湿内蕴,儿科病名医验案解析,儿科病名医验案解析_病例1,现代临床
哮喘,综合辨证证候,素体脾虚失健,儿科病名医验案解析,儿科病名医验案解析_病例1,现代临床
哮喘,综合辨证证候,水谷不能化生气血,儿科病名医验案解析,儿科病名医验案解析_病例1,现代临床
哮喘,综合辨证证候,反酿生痰浊,儿科病名医验案解析,儿科病名医验案解析_病例1,现代临床
哮喘,综合辨证证候,饮伏于肺,儿科病名医验案解析,儿科病名医验案解析_病例1,现代临床
哮喘,综合辨证证候,冬季感寒,儿科病名医验案解析,儿科病名医验案解析_病例1,现代临床
哮喘,综合辨证证候,触动伏痰,儿科病名医验案解析,儿科病名医验案解析_病例1,现代临床
哮喘,综合辨证证候,痰气交阻于气道,儿科病名医验案解析,儿科病名医验案解析_病例1,现代临床
哮喘,综合辨证证候,肺失治节,儿科病名医验案解析,儿科病名医验案解析_病例1,现代临床
哮喘,综合辨证证候,郁闭不宣,儿科病名医验案解析,儿科病名医验案解析_病例1,现代临床
哮喘,综合辨证证候,邪郁日久,儿科病名医验案解析,儿科病名医验案解析_病例1,现代临床
哮喘,综合辨证证候,伤及阴液,儿科病名医验案解析,儿科病名医验案解析_病例1,现代临床
哮喘,综合辨证证候,痰湿内盛体质,儿科病名医验案解析,儿科病名医验案解析_病例1,现代临床
哮喘,综合辨证证候,入冬屡感风寒,儿科病名医验案解析,儿科病名医验案解析_病例1,现代临床
哮喘,综合辨证证候,痰湿偏盛之体,儿科病名医验案解析,儿科病名医验案解析_病例1,现代临床
哮喘,综合辨证证候,每次感受外邪,儿科病名医验案解析,儿科病名医验案解析_病例1,现代临床
哮喘,综合辨证证候,引动宿痰滞饮,儿科病名医验案解析,儿科病名医验案解析_病例1,现代临床
哮喘,综合辨证证候,发作咳喘,儿科病名医验案解析,儿科病名医验案解析_病例1,现代临床
哮喘,证候采用方剂,小青龙汤加减,儿科病名医验案解析,儿科病名医验案解析_病例1,现代临床
哮喘,证候采用方剂,麻杏石甘汤,儿科病名医验案解析,儿科病名医验案解析_病例1,现代临床
哮喘,证候采用方剂,定喘汤,儿科病名医验案解析,儿科病名医验案解析_病例1,现代临床
哮喘,证候采用方剂,四君子汤加减,儿科病名医验案解析,儿科病名医验案解析_病例1,现代临床
小青龙汤加减,方剂组成药材,麻黄,儿科病名医验案解析,儿科病名医验案解析_病例1,现代临床
小青龙汤加减,方剂组成药材,细辛,儿科病名医验案解析,儿科病名医验案解析_病例1,现代临床
小青龙汤加减,方剂组成药材,干姜,儿科病名医验案解析,儿科病名医验案解析_病例1,现代临床
小青龙汤加减,方剂组成药材,炙甘草,儿科病名医验案解析,儿科病名医验案解析_病例1,现代临床
小青龙汤加减,方剂组成药材,杏仁,儿科病名医验案解析,儿科病名医验案解析_病例1,现代临床
小青龙汤加减,方剂组成药材,桃仁,儿科病名医验案解析,儿科病名医验案解析_病例1,现代临床
小青龙汤加减,方剂组成药材,白果,儿科病名医验案解析,儿科病名医验案解析_病例1,现代临床
小青龙汤加减,方剂组成药材,款冬花,儿科病名医验案解析,儿科病名医验案解析_病例1,现代临床
小青龙汤加减,方剂组成药材,葶苈子,儿科病名医验案解析,儿科病名医验案解析_病例1,现代临床
小青龙汤加减,方剂组成药材,半夏,儿科病名医验案解析,儿科病名医验案解析_病例1,现代临床
小青龙汤加减,方剂组成药材,瓜蒌,儿科病名医验案解析,儿科病名医验案解析_病例1,现代临床
小青龙汤加减,方剂组成药材,胆南星,儿科病名医验案解析,儿科病名医验案解析_病例1,现代临床
小青龙汤加减,方剂组成药材,石韦,儿科病名医验案解析,儿科病名医验案解析_病例1,现代临床
小青龙汤加减,方剂组成药材,五味子,儿科病名医验案解析,儿科病名医验案解析_病例1,现代临床
小青龙汤加减,方剂组成药材,射干,儿科病名医验案解析,儿科病名医验案解析_病例1,现代临床
小青龙汤加减,方剂组成药材,辛夷,儿科病名医验案解析,儿科病名医验案解析_病例1,现代临床
小青龙汤加减,方剂组成药材,防风,儿科病名医验案解析,儿科病名医验案解析_病例1,现代临床
麻黄,药材具有功效,宣肺气,儿科病名医验案解析,儿科病名医验案解析_病例1,现代临床
麻黄,药材具有功效,开痰结,儿科病名医验案解析,儿科病名医验案解析_病例1,现代临床
白果,药材具有功效,敛肺气,儿科病名医验案解析,儿科病名医验案解析_病例1,现代临床
白果,药材具有功效,定喘嗽,儿科病名医验案解析,儿科病名医验案解析_病例1,现代临床
川贝母,药材具有功效,清肺热化痰止咳,儿科病名医验案解析,儿科病名医验案解析_病例1,现代临床
川贝母,药材具有功效,增润肺收敛平喘,儿科病名医验案解析,儿科病名医验案解析_病例1,现代临床
生牡蛎,药材具有功效,养肾阴,儿科病名医验案解析,儿科病名医验案解析_病例1,现代临床
生牡蛎,药材具有功效,固护下焦,儿科病名医验案解析,儿科病名医验案解析_病例1,现代临床
浮海石,药材具有功效,清热化痰,儿科病名医验案解析,儿科病名医验案解析_病例1,现代临床
磁石,药材具有功效,清热化痰,儿科病名医验案解析,儿科病名医验案解析_病例1,现代临床
石菖蒲,药材具有功效,化痰开肺郁,儿科病名医验案解析,儿科病名医验案解析_病例1,现代临床
郁金,药材具有功效,化痰开肺郁,儿科病名医验案解析,儿科病名医验案解析_病例1,现代临床
远志,药材具有功效,化痰开肺郁,儿科病名医验案解析,儿科病名医验案解析_病例1,现代临床
哮喘,名医经验总结,裴学义教授根据病史及临床表现考虑既有痰热闭肺、肺气不宣之症，又有肺肾阴亏、摄纳失常、气不归原之象，治疗上裴学义教授标本同治，清肺化痰，滋潜下焦并进,儿科病名医验案解析,儿科病名医验案解析_病例1,现代临床
哮喘,名医经验总结,裴学义教授方中以麻黄宣肺气，开痰结；以白果、川贝母敛肺气，定喘嗽；沙参、麦冬、五味子养肺阴润肺；生牡蛎、浮海石、磁石养肾阴，固护下焦，同时又有清热化痰之功；石菖蒲、郁金、远志可化痰开肺郁,儿科病名医验案解析,儿科病名医验案解析_病例1,现代临床
哮喘,名医经验总结,裴学义教授治本扶正，予补肾、健脾、益肺等,儿科病名医验案解析,儿科病名医验案解析_病例1,现代临床
支气管哮喘,疾病表现症状,反复咳喘,儿科病名医验案解析,儿科病名医验案解析_病例1,现代临床
支气管哮喘,疾病表现症状,咳嗽,儿科病名医验案解析,儿科病名医验案解析_病例1,现代临床
支气管哮喘,疾病表现症状,喘憋,儿科病名医验案解析,儿科病名医验案解析_病例1,现代临床
支气管哮喘,疾病导致舌象,舌质红,儿科病名医验案解析,儿科病名医验案解析_病例1,现代临床
支气管哮喘,疾病导致舌象,苔白厚腻,儿科病名医验案解析,儿科病名医验案解析_病例1,现代临床
支气管哮喘,疾病导致脉象,脉滑数,儿科病名医验案解析,儿科病名医验案解析_病例1,现代临床
痰湿内蕴，肺失肃降,证候导致舌象,舌质红,儿科病名医验案解析,儿科病名医验案解析_病例1,现代临床
痰湿内蕴，肺失肃降,证候导致舌象,苔白厚腻,儿科病名医验案解析,儿科病名医验案解析_病例1,现代临床
痰湿内蕴，肺失肃降,证候导致脉象,脉滑数,儿科病名医验案解析,儿科病名医验案解析_病例1,现代临床
支气管哮喘,证候采用方剂,三仁汤加减,儿科病名医验案解析,儿科病名医验案解析_病例1,现代临床
三仁汤加减,方剂组成药材,鲜芦根,儿科病名医验案解析,儿科病名医验案解析_病例1,现代临床
三仁汤加减,方剂组成药材,滑石,儿科病名医验案解析,儿科病名医验案解析_病例1,现代临床
三仁汤加减,方剂组成药材,云茯苓,儿科病名医验案解析,儿科病名医验案解析_病例1,现代临床
三仁汤加减,方剂组成药材,半夏,儿科病名医验案解析,儿科病名医验案解析_病例1,现代临床
三仁汤加减,方剂组成药材,化橘红,儿科病名医验案解析,儿科病名医验案解析_病例1,现代临床
三仁汤加减,方剂组成药材,厚朴,儿科病名医验案解析,儿科病名医验案解析_病例1,现代临床
三仁汤加减,方剂组成药材,白芥子,儿科病名医验案解析,儿科病名医验案解析_病例1,现代临床
三仁汤加减,方剂组成药材,杏仁,儿科病名医验案解析,儿科病名医验案解析_病例1,现代临床
三仁汤加减,方剂组成药材,豆蔻,儿科病名医验案解析,儿科病名医验案解析_病例1,现代临床
三仁汤加减,方剂组成药材,薏苡仁,儿科病名医验案解析,儿科病名医验案解析_病例1,现代临床
三仁汤加减,方剂组成药材,草豆蔻,儿科病名医验案解析,儿科病名医验案解析_病例1,现代临床
三仁汤加减,方剂组成药材,砂仁,儿科病名医验案解析,儿科病名医验案解析_病例1,现代临床
三仁汤加减,方剂组成药材,前胡,儿科病名医验案解析,儿科病名医验案解析_病例1,现代临床
三仁汤加减,方剂组成药材,枇杷叶,儿科病名医验案解析,儿科病名医验案解析_病例1,现代临床
杏仁,药材具有功效,宣上,儿科病名医验案解析,儿科病名医验案解析_病例1,现代临床
豆蔻,药材具有功效,畅中,儿科病名医验案解析,儿科病名医验案解析_病例1,现代临床
薏苡仁,药材具有功效,渗下,儿科病名医验案解析,儿科病名医验案解析_病例1,现代临床
过敏性哮喘,疾病表现症状,咳喘发作,儿科病名医验案解析,儿科病名医验案解析_病例1,现代临床
过敏性哮喘,疾病表现症状,喘憋气促,儿科病名医验案解析,儿科病名医验案解析_病例1,现代临床
过敏性哮喘,疾病表现症状,多汗,儿科病名医验案解析,儿科病名医验案解析_病例1,现代临床
过敏性哮喘,疾病表现症状,不得平卧,儿科病名医验案解析,儿科病名医验案解析_病例1,现代临床
过敏性哮喘,疾病表现症状,鼻翼煽动,儿科病名医验案解析,儿科病名医验案解析_病例1,现代临床
过敏性哮喘,疾病表现症状,精神烦倦,儿科病名医验案解析,儿科病名医验案解析_病例1,现代临床
过敏性哮喘,疾病表现症状,急躁,儿科病名医验案解析,儿科病名医验案解析_病例1,现代临床
过敏性哮喘,疾病表现症状,动则心悸气短,儿科病名医验案解析,儿科病名医验案解析_病例1,现代临床
过敏性哮喘,疾病表现症状,时有耳鸣,儿科病名医验案解析,儿科病名医验案解析_病例1,现代临床
过敏性哮喘,疾病表现症状,腰酸腿软,儿科病名医验案解析,儿科病名医验案解析_病例1,现代临床
过敏性哮喘,疾病导致舌象,舌质淡红,儿科病名医验案解析,儿科病名医验案解析_病例1,现代临床
过敏性哮喘,疾病导致舌象,苔薄白,儿科病名医验案解析,儿科病名医验案解析_病例1,现代临床
过敏性哮喘,疾病导致脉象,脉略数,儿科病名医验案解析,儿科病名医验案解析_病例1,现代临床
过敏性哮喘,证候采用方剂,麻黄桂枝附子汤加减,儿科病名医验案解析,儿科病名医验案解析_病例1,现代临床
麻黄桂枝附子汤加减,方剂组成药材,麻黄,儿科病名医验案解析,儿科病名医验案解析_病例1,现代临床
麻黄桂枝附子汤加减,方剂组成药材,桂枝,儿科病名医验案解析,儿科病名医验案解析_病例1,现代临床
麻黄桂枝附子汤加减,方剂组成药材,附子,儿科病名医验案解析,儿科病名医验案解析_病例1,现代临床
麻黄桂枝附子汤加减,方剂组成药材,炒栀子,儿科病名医验案解析,儿科病名医验案解析_病例1,现代临床
麻黄桂枝附子汤加减,方剂组成药材,生地黄,儿科病名医验案解析,儿科病名医验案解析_病例1,现代临床
麻黄桂枝附子汤加减,方剂组成药材,山茱萸,儿科病名医验案解析,儿科病名医验案解析_病例1,现代临床
麻黄桂枝附子汤加减,方剂组成药材,山药,儿科病名医验案解析,儿科病名医验案解析_病例1,现代临床
麻黄桂枝附子汤加减,方剂组成药材,牡丹皮,儿科病名医验案解析,儿科病名医验案解析_病例1,现代临床
麻黄桂枝附子汤加减,方剂组成药材,茯苓,儿科病名医验案解析,儿科病名医验案解析_病例1,现代临床
麻黄桂枝附子汤加减,方剂组成药材,泽泻,儿科病名医验案解析,儿科病名医验案解析_病例1,现代临床
麻黄桂枝附子汤加减,方剂组成药材,麦冬,儿科病名医验案解析,儿科病名医验案解析_病例1,现代临床
麻黄桂枝附子汤加减,方剂组成药材,紫菀,儿科病名医验案解析,儿科病名医验案解析_病例1,现代临床
过敏性哮喘,症状伴随症状,便秘,儿科病名医验案解析,儿科病名医验案解析_病例1,现代临床
过敏性哮喘,症状伴随症状,烦躁,儿科病名医验案解析,儿科病名医验案解析_病例1,现代临床
过敏性哮喘,症状伴随症状,喘不得平卧,儿科病名医验案解析,儿科病名医验案解析_病例1,现代临床
过敏性哮喘,症状伴随症状,动则心悸气短,儿科病名医验案解析,儿科病名医验案解析_病例1,现代临床
过敏性哮喘,症状伴随症状,吸气困难,儿科病名医验案解析,儿科病名医验案解析_病例1,现代临床
过敏性哮喘,症状伴随症状,时有耳鸣,儿科病名医验案解析,儿科病名医验案解析_病例1,现代临床
过敏性哮喘,症状伴随症状,腰酸腿软,儿科病名医验案解析,儿科病名医验案解析_病例1,现代临床
过敏性哮喘,症状辨证证候,肾虚肺燥,儿科病名医验案解析,儿科病名医验案解析_病例1,现代临床
过敏性哮喘,证候导致舌象,舌无苔,儿科病名医验案解析,儿科病名医验案解析_病例1,现代临床
过敏性哮喘,证候导致脉象,脉缓,儿科病名医验案解析,儿科病名医验案解析_病例1,现代临床
上呼吸道感染,疾病表现症状,高热,儿科病名医验案解析,儿科病名医验案解析_病例1,现代临床
上呼吸道感染,疾病表现症状,无汗,儿科病名医验案解析,儿科病名医验案解析_病例1,现代临床
上呼吸道感染,疾病表现症状,烦急不眠,儿科病名医验案解析,儿科病名医验案解析_病例1,现代临床
上呼吸道感染,疾病表现症状,啼叫不食,儿科病名医验案解析,儿科病名医验案解析_病例1,现代临床
上呼吸道感染,疾病表现症状,口渴思凉饮,儿科病名医验案解析,儿科病名医验案解析_病例1,现代临床
上呼吸道感染,疾病表现症状,食凉西瓜,儿科病名医验案解析,儿科病名医验案解析_病例1,现代临床
上呼吸道感染,疾病导致舌象,舌质红,儿科病名医验案解析,儿科病名医验案解析_病例1,现代临床
上呼吸道感染,疾病导致舌象,苔白,儿科病名医验案解析,儿科病名医验案解析_病例1,现代临床
上呼吸道感染,疾病导致舌象,中心略厚,儿科病名医验案解析,儿科病名医验案解析_病例1,现代临床
上呼吸道感染,疾病导致脉象,脉浮滑数,儿科病名医验案解析,儿科病名医验案解析_病例1,现代临床
上呼吸道感染,症状辨证证候,肺胃蕴热，兼外邪,儿科病名医验案解析,儿科病名医验案解析_病例1,现代临床
上呼吸道感染,证候采用方剂,清平肺胃方,儿科病名医验案解析,儿科病名医验案解析_病例1,现代临床
清平肺胃方,方剂组成药材,芦根,儿科病名医验案解析,儿科病名医验案解析_病例1,现代临床
清平肺胃方,方剂组成药材,白茅根,儿科病名医验案解析,儿科病名医验案解析_病例1,现代临床
清平肺胃方,方剂组成药材,菊花,儿科病名医验案解析,儿科病名医验案解析_病例1,现代临床
清平肺胃方,方剂组成药材,板蓝根,儿科病名医验案解析,儿科病名医验案解析_病例1,现代临床
清平肺胃方,方剂组成药材,生石膏,儿科病名医验案解析,儿科病名医验案解析_病例1,现代临床
清平肺胃方,方剂组成药材,浙贝母,儿科病名医验案解析,儿科病名医验案解析_病例1,现代临床
清平肺胃方,方剂组成药材,大玄参,儿科病名医验案解析,儿科病名医验案解析_病例1,现代临床
清平肺胃方,方剂组成药材,金银花,儿科病名医验案解析,儿科病名医验案解析_病例1,现代临床
清平肺胃方,方剂组成药材,青连翘,儿科病名医验案解析,儿科病名医验案解析_病例1,现代临床
清平肺胃方,方剂组成药材,佩兰叶,儿科病名医验案解析,儿科病名医验案解析_病例1,现代临床
清平肺胃方,方剂组成药材,地骨皮,儿科病名医验案解析,儿科病名医验案解析_病例1,现代临床
清平肺胃方,方剂组成药材,炒栀子,儿科病名医验案解析,儿科病名医验案解析_病例1,现代临床
肺胃蕴热,疾病表现症状,咳嗽,儿科病名医验案解析,儿科病名医验案解析_病例1,现代临床
肺胃蕴热,疾病表现症状,精神好,儿科病名医验案解析,儿科病名医验案解析_病例1,现代临床
肺胃蕴热,疾病表现症状,喜玩耍,儿科病名医验案解析,儿科病名医验案解析_病例1,现代临床
肺胃蕴热,疾病表现症状,食欲好,儿科病名医验案解析,儿科病名医验案解析_病例1,现代临床
肺胃蕴热,疾病表现症状,二便通畅,儿科病名医验案解析,儿科病名医验案解析_病例1,现代临床
风温感冒,疾病导致舌象,舌尖边红,儿科病名医验案解析,儿科病名医验案解析_病例1,现代临床
风温感冒,疾病导致舌象,苔白而干,儿科病名医验案解析,儿科病名医验案解析_病例1,现代临床
风温感冒,疾病导致脉象,脉数,儿科病名医验案解析,儿科病名医验案解析_病例1,现代临床
风温感冒,症状伴随症状,发热,儿科病名医验案解析,儿科病名医验案解析_病例1,现代临床
风温感冒,症状伴随症状,头痛,儿科病名医验案解析,儿科病名医验案解析_病例1,现代临床
风温感冒,症状伴随症状,咽痛,儿科病名医验案解析,儿科病名医验案解析_病例1,现代临床
风温感冒,症状伴随症状,大便两日未行,儿科病名医验案解析,儿科病名医验案解析_病例1,现代临床
风温感冒,症状伴随症状,咽红,儿科病名医验案解析,儿科病名医验案解析_病例1,现代临床
风温感冒,症状伴随症状,扁桃体I度肿大,儿科病名医验案解析,儿科病名医验案解析_病例1,现代临床
风温感冒,症状伴随症状,充血,儿科病名医验案解析,儿科病名医验案解析_病例1,现代临床
反复呼吸道感染,疾病导致舌象,舌质淡红,儿科病名医验案解析,儿科病名医验案解析_病例1,现代临床
反复呼吸道感染,疾病导致舌象,苔薄白,儿科病名医验案解析,儿科病名医验案解析_病例1,现代临床
反复呼吸道感染,疾病导致脉象,脉濡细,儿科病名医验案解析,儿科病名医验案解析_病例1,现代临床
反复呼吸道感染,症状伴随症状,面色少华,儿科病名医验案解析,儿科病名医验案解析_病例1,现代临床
反复呼吸道感染,症状伴随症状,多汗肢冷,儿科病名医验案解析,儿科病名医验案解析_病例1,现代临床
反复呼吸道感染,症状伴随症状,形体较瘦,儿科病名医验案解析,儿科病名医验案解析_病例1,现代临床
反复呼吸道感染,症状伴随症状,食欲欠佳,儿科病名医验案解析,儿科病名医验案解析_病例1,现代临床
反复呼吸道感染,症状伴随症状,少许鼻塞流涕,儿科病名医验案解析,儿科病名医验案解析_病例1,现代临床
反复呼吸道感染,症状伴随症状,出汗减少,儿科病名医验案解析,儿科病名医验案解析_病例1,现代临床
反复呼吸道感染,症状伴随症状,四肢转温,儿科病名医验案解析,儿科病名医验案解析_病例1,现代临床
反复呼吸道感染,症状伴随症状,食欲稍改善,儿科病名医验案解析,儿科病名医验案解析_病例1,现代临床
反复呼吸道感染,症状伴随症状,鼻塞流涕消失,儿科病名医验案解析,儿科病名医验案解析_病例1,现代临床
反复呼吸道感染,症状伴随症状,面色转华,儿科病名医验案解析,儿科病名医验案解析_病例1,现代临床
反复呼吸道感染,症状伴随症状,食欲转佳,儿科病名医验案解析,儿科病名医验案解析_病例1,现代临床
反复呼吸道感染,症状伴随症状,体重增加3kg,儿科病名医验案解析,儿科病名医验案解析_病例1,现代临床
反复呼吸道感染,症状伴随症状,半年未出现咳嗽,儿科病名医验案解析,儿科病名医验案解析_病例1,现代临床
反复呼吸道感染,症状伴随症状,发热等症,儿科病名医验案解析,儿科病名医验案解析_病例1,现代临床
反复呼吸道感染,症状伴随症状,面色红润,儿科病名医验案解析,儿科病名医验案解析_病例1,现代临床
反复呼吸道感染,症状伴随症状,体重增加,儿科病名医验案解析,儿科病名医验案解析_病例1,现代临床
反复呼吸道感染,症状伴随症状,出汗减少,儿科病名医验案解析,儿科病名医验案解析_病例1,现代临床
反复呼吸道感染,症状伴随症状,食欲增加,儿科病名医验案解析,儿科病名医验案解析_病例1,现代临床
反复呼吸道感染,症状伴随症状,体重增加2kg,儿科病名医验案解析,儿科病名医验案解析_病例1,现代临床
反复呼吸道感染,症状伴随症状,感冒后未见哮喘发作,儿科病名医验案解析,儿科病名医验案解析_病例1,现代临床
反复呼吸道感染,症状伴随症状,可正常返幼儿园上学,儿科病名医验案解析,儿科病名医验案解析_病例1,现代临床
反复呼吸道感染,症状伴随症状,面色咣白,儿科病名医验案解析,儿科病名医验案解析_病例1,现代临床
反复呼吸道感染,症状伴随症状,形体消瘦,儿科病名医验案解析,儿科病名医验案解析_病例1,现代临床
反复呼吸道感染,症状伴随症状,纳差便干,儿科病名医验案解析,儿科病名医验案解析_病例1,现代临床
银翘散合升降散加减,方剂组成药材,牛蒡子,儿科病名医验案解析,儿科病名医验案解析_病例1,现代临床
银翘散合升降散加减,方剂组成药材,薄荷,儿科病名医验案解析,儿科病名医验案解析_病例1,现代临床
银翘散合升降散加减,方剂组成药材,金银花,儿科病名医验案解析,儿科病名医验案解析_病例1,现代临床
银翘散合升降散加减,方剂组成药材,连翘,儿科病名医验案解析,儿科病名医验案解析_病例1,现代临床
银翘散合升降散加减,方剂组成药材,淡豆豉,儿科病名医验案解析,儿科病名医验案解析_病例1,现代临床
银翘散合升降散加减,方剂组成药材,蝉蜕,儿科病名医验案解析,儿科病名医验案解析_病例1,现代临床
银翘散合升降散加减,方剂组成药材,炒僵蚕,儿科病名医验案解析,儿科病名医验案解析_病例1,现代临床
银翘散合升降散加减,方剂组成药材,生大黄,儿科病名医验案解析,儿科病名医验案解析_病例1,现代临床
银翘散合升降散加减,方剂组成药材,生石膏,儿科病名医验案解析,儿科病名医验案解析_病例1,现代临床
银翘散合升降散加减,方剂组成药材,甘草,儿科病名医验案解析,儿科病名医验案解析_病例1,现代临床
"桂枝2g,白芍12g,黄芪15g,甘草3g,生姜1片，大枣10枚",方剂组成药材,桂枝,儿科病名医验案解析,儿科病名医验案解析_病例1,现代临床
"桂枝2g,白芍12g,黄芪15g,甘草3g,生姜1片，大枣10枚",方剂组成药材,白芍,儿科病名医验案解析,儿科病名医验案解析_病例1,现代临床
"桂枝2g,白芍12g,黄芪15g,甘草3g,生姜1片，大枣10枚",方剂组成药材,黄芪,儿科病名医验案解析,儿科病名医验案解析_病例1,现代临床
"桂枝2g,白芍12g,黄芪15g,甘草3g,生姜1片，大枣10枚",方剂组成药材,甘草,儿科病名医验案解析,儿科病名医验案解析_病例1,现代临床
"桂枝2g,白芍12g,黄芪15g,甘草3g,生姜1片，大枣10枚",方剂组成药材,生姜,儿科病名医验案解析,儿科病名医验案解析_病例1,现代临床
"桂枝2g,白芍12g,黄芪15g,甘草3g,生姜1片，大枣10枚",方剂组成药材,大枣,儿科病名医验案解析,儿科病名医验案解析_病例1,现代临床
"黄芩15g,白术10g,防风3g,五味子5g,紫河车3g,补骨脂10g",方剂组成药材,黄芩,儿科病名医验案解析,儿科病名医验案解析_病例1,现代临床
"黄芩15g,白术10g,防风3g,五味子5g,紫河车3g,补骨脂10g",方剂组成药材,白术,儿科病名医验案解析,儿科病名医验案解析_病例1,现代临床
"黄芩15g,白术10g,防风3g,五味子5g,紫河车3g,补骨脂10g",方剂组成药材,防风,儿科病名医验案解析,儿科病名医验案解析_病例1,现代临床
"黄芩15g,白术10g,防风3g,五味子5g,紫河车3g,补骨脂10g",方剂组成药材,五味子,儿科病名医验案解析,儿科病名医验案解析_病例1,现代临床
"黄芩15g,白术10g,防风3g,五味子5g,紫河车3g,补骨脂10g",方剂组成药材,紫河车,儿科病名医验案解析,儿科病名医验案解析_病例1,现代临床
"黄芩15g,白术10g,防风3g,五味子5g,紫河车3g,补骨脂10g",方剂组成药材,补骨脂,儿科病名医验案解析,儿科病名医验案解析_病例1,现代临床
"罂粟壳5g,桔梗10g,紫苏叶10g,紫菀10g,半夏10g,陈皮15g",方剂组成药材,罂粟壳,儿科病名医验案解析,儿科病名医验案解析_病例1,现代临床
"罂粟壳5g,桔梗10g,紫苏叶10g,紫菀10g,半夏10g,陈皮15g",方剂组成药材,桔梗,儿科病名医验案解析,儿科病名医验案解析_病例1,现代临床
"罂粟壳5g,桔梗10g,紫苏叶10g,紫菀10g,半夏10g,陈皮15g",方剂组成药材,紫苏叶,儿科病名医验案解析,儿科病名医验案解析_病例1,现代临床
"罂粟壳5g,桔梗10g,紫苏叶10g,紫菀10g,半夏10g,陈皮15g",方剂组成药材,紫菀,儿科病名医验案解析,儿科病名医验案解析_病例1,现代临床
"罂粟壳5g,桔梗10g,紫苏叶10g,紫菀10g,半夏10g,陈皮15g",方剂组成药材,半夏,儿科病名医验案解析,儿科病名医验案解析_病例1,现代临床
"罂粟壳5g,桔梗10g,紫苏叶10g,紫菀10g,半夏10g,陈皮15g",方剂组成药材,陈皮,儿科病名医验案解析,儿科病名医验案解析_病例1,现代临床
风温感冒,证候采用方剂,银翘散合升降散加减,儿科病名医验案解析,儿科病名医验案解析_病例1,现代临床
反复呼吸道感染,证候采用方剂,"桂枝2g,白芍12g,黄芪15g,甘草3g,生姜1片，大枣10枚",儿科病名医验案解析,儿科病名医验案解析_病例1,现代临床
反复呼吸道感染,证候采用方剂,"黄芩15g,白术10g,防风3g,五味子5g,紫河车3g,补骨脂10g",儿科病名医验案解析,儿科病名医验案解析_病例1,现代临床
肺寒咳嗽,证候采用方剂,"罂粟壳5g,桔梗10g,紫苏叶10g,紫菀10g,半夏10g,陈皮15g",儿科病名医验案解析,儿科病名医验案解析_病例1,现代临床
薄荷,药材具有功效,疏风清热,儿科病名医验案解析,儿科病名医验案解析_病例1,现代临床
金银花,药材具有功效,清热解毒,儿科病名医验案解析,儿科病名医验案解析_病例1,现代临床
连翘,药材具有功效,清热解毒,儿科病名医验案解析,儿科病名医验案解析_病例1,现代临床
桂枝,药材具有功效,温阳解表,儿科病名医验案解析,儿科病名医验案解析_病例1,现代临床
白芍,药材具有功效,敛阴和阳,儿科病名医验案解析,儿科病名医验案解析_病例1,现代临床
黄芪,药材具有功效,益气固表,儿科病名医验案解析,儿科病名医验案解析_病例1,现代临床
生姜,药材具有功效,通阳,儿科病名医验案解析,儿科病名医验案解析_病例1,现代临床
大枣,药材具有功效,益气健脾,儿科病名医验案解析,儿科病名医验案解析_病例1,现代临床
罂粟壳,药材具有功效,敛肺止咳,儿科病名医验案解析,儿科病名医验案解析_病例1,现代临床
桔梗,药材具有功效,消痰,儿科病名医验案解析,儿科病名医验案解析_病例1,现代临床
反复呼吸道感染,归属于经典,幼科释谜 感冒,儿科病名医验案解析,儿科病名医验案解析_病例1,现代临床
小儿咳嗽,理论指导实践,王老在对小儿咳嗽进行治疗探讨时大胆应用罂粟壳止咳之长,儿科病名医验案解析,儿科病名医验案解析_病例1,现代临床
万力生,名医经验总结,升降散治温病表里三焦大热，合银翘散则辛凉宣泄、疏风清热、升清降浊、泄热通腑，乃表里双解,儿科病名医验案解析,儿科病名医验案解析_病例1,现代临床
万力生,名医经验总结,汪老善用以上六味中药配伍，取玉屏风散之意，健脾益肺，加用补骨脂、紫河车温脾补肾，临床验证能提高复感儿免疫功能，有效减少呼吸道感染的复发,儿科病名医验案解析,儿科病名医验案解析_病例1,现代临床
肺寒咳嗽,疾病表现症状,便稀,儿科病名医验案解析,儿科病名医验案解析_病例1,现代临床
肺寒咳嗽,疾病表现症状,神乏,儿科病名医验案解析,儿科病名医验案解析_病例1,现代临床
肺寒咳嗽,疾病表现症状,面咣,儿科病名医验案解析,儿科病名医验案解析_病例1,现代临床
肺寒咳嗽,疾病表现症状,唇淡,儿科病名医验案解析,儿科病名医验案解析_病例1,现代临床
肺寒咳嗽,疾病导致脉象,脉迟,儿科病名医验案解析,儿科病名医验案解析_病例1,现代临床
反复呼吸道感染,疾病表现症状,咳嗽流涕,儿科病名医验案解析,儿科病名医验案解析_病例1,现代临床
反复呼吸道感染,疾病表现症状,晨起夜间为重,儿科病名医验案解析,儿科病名医验案解析_病例1,现代临床
反复呼吸道感染,疾病表现症状,时觉脐周绞痛,儿科病名医验案解析,儿科病名医验案解析_病例1,现代临床
反复呼吸道感染,疾病导致舌象,舌质淡红,儿科病名医验案解析,儿科病名医验案解析_病例1,现代临床
反复呼吸道感染,疾病导致舌象,苔薄黄,儿科病名医验案解析,儿科病名医验案解析_病例1,现代临床
反复呼吸道感染,疾病导致脉象,脉浮而细,儿科病名医验案解析,儿科病名医验案解析_病例1,现代临床
反复呼吸道感染,证候导致舌象,舌质红,儿科病名医验案解析,儿科病名医验案解析_病例1,现代临床
反复呼吸道感染,证候导致舌象,苔白,儿科病名医验案解析,儿科病名医验案解析_病例1,现代临床
反复呼吸道感染,证候导致脉象,脉细,儿科病名医验案解析,儿科病名医验案解析_病例1,现代临床
反复呼吸道感染,症状辨证证候,脾运失健,儿科病名医验案解析,儿科病名医验案解析_病例1,现代临床
反复呼吸道感染,症状辨证证候,复感外邪,儿科病名医验案解析,儿科病名医验案解析_病例1,现代临床
反复呼吸道感染,证候采用方剂,"藿香3g,羌活3g,独活3g,柴胡5g,前胡5g,枳壳6g,半夏6g,川芎3g,陈皮3g,桔梗5g,茯苓5g,厚朴6g,升麻3g,葛根3g,赤芍5g,神曲5g,甘草3g",儿科病名医验案解析,儿科病名医验案解析_病例1,现代临床
反复呼吸道感染,症状伴随症状,面色咣白,儿科病名医验案解析,儿科病名医验案解析_病例1,现代临床
反复呼吸道感染,症状伴随症状,形体消瘦,儿科病名医验案解析,儿科病名医验案解析_病例1,现代临床
反复呼吸道感染,症状伴随症状,纳差便干,儿科病名医验案解析,儿科病名医验案解析_病例1,现代临床
反复呼吸道感染,症状伴随症状,冬春季节尤为频密,儿科病名医验案解析,儿科病名医验案解析_病例1,现代临床
反复呼吸道感染,症状伴随症状,纳食欠佳,儿科病名医验案解析,儿科病名医验案解析_病例1,现代临床
反复呼吸道感染,症状伴随症状,免疫功能检查免疫球蛋白偏低,儿科病名医验案解析,儿科病名医验案解析_病例1,现代临床
反复呼吸道感染,症状伴随症状,平素纳食欠佳,儿科病名医验案解析,儿科病名医验案解析_病例1,现代临床
反复呼吸道感染,症状伴随症状,二便正常,儿科病名医验案解析,儿科病名医验案解析_病例1,现代临床
反复呼吸道感染,症状伴随症状,神志清,儿科病名医验案解析,儿科病名医验案解析_病例1,现代临床
反复呼吸道感染,症状伴随症状,精神弱,儿科病名医验案解析,儿科病名医验案解析_病例1,现代临床
反复呼吸道感染,症状伴随症状,面色黄,儿科病名医验案解析,儿科病名医验案解析_病例1,现代临床
反复呼吸道感染,症状伴随症状,语音低弱,儿科病名医验案解析,儿科病名医验案解析_病例1,现代临床
反复呼吸道感染,症状伴随症状,双肺呼吸音粗,儿科病名医验案解析,儿科病名医验案解析_病例1,现代临床
反复呼吸道感染,症状伴随症状,未闻及啰音,儿科病名医验案解析,儿科病名医验案解析_病例1,现代临床
反复呼吸道感染,症状伴随症状,心腹查体未见异常,儿科病名医验案解析,儿科病名医验案解析_病例1,现代临床
反复呼吸道感染,症状伴随症状,纳食增加,儿科病名医验案解析,儿科病名医验案解析_病例1,现代临床
反复呼吸道感染,症状伴随症状,未再感冒、咳嗽,儿科病名医验案解析,儿科病名医验案解析_病例1,现代临床
反复呼吸道感染,症状伴随症状,颜面浮肿消退,儿科病名医验案解析,儿科病名医验案解析_病例1,现代临床
反复呼吸道感染,症状伴随症状,继续调理肺、脾两脏,儿科病名医验案解析,儿科病名医验案解析_病例1,现代临床
反复呼吸道感染,症状伴随症状,纳食欠佳,儿科病名医验案解析,儿科病名医验案解析_病例1,现代临床
反复呼吸道感染,症状伴随症状,二便正常,儿科病名医验案解析,儿科病名医验案解析_病例1,现代临床
反复呼吸道感染,症状伴随症状,神志清,儿科病名医验案解析,儿科病名医验案解析_病例1,现代临床
反复呼吸道感染,症状伴随症状,精神弱,儿科病名医验案解析,儿科病名医验案解析_病例1,现代临床
反复呼吸道感染,症状伴随症状,面色黄,儿科病名医验案解析,儿科病名医验案解析_病例1,现代临床
反复呼吸道感染,症状伴随症状,语音低弱,儿科病名医验案解析,儿科病名医验案解析_病例1,现代临床
反复呼吸道感染,症状伴随症状,双肺呼吸音粗,儿科病名医验案解析,儿科病名医验案解析_病例1,现代临床
反复呼吸道感染,症状伴随症状,未闻及啰音,儿科病名医验案解析,儿科病名医验案解析_病例1,现代临床
反复呼吸道感染,症状伴随症状,心腹查体未见异常,儿科病名医验案解析,儿科病名医验案解析_病例1,现代临床
反复呼吸道感染,症状伴随症状,纳食增加,儿科病名医验案解析,儿科病名医验案解析_病例1,现代临床
反复呼吸道感染,症状伴随症状,未再感冒、咳嗽,儿科病名医验案解析,儿科病名医验案解析_病例1,现代临床
反复呼吸道感染,症状伴随症状,颜面浮肿消退,儿科病名医验案解析,儿科病名医验案解析_病例1,现代临床
反复呼吸道感染,症状伴随症状,继续调理肺、脾两脏,儿科病名医验案解析,儿科病名医验案解析_病例1,现代临床
反复呼吸道感染,症状伴随症状,面色苍白,儿科病名医验案解析,儿科病名医验案解析_病例1,现代临床
反复呼吸道感染,症状伴随症状,易出虚汗,儿科病名医验案解析,儿科病名医验案解析_病例1,现代临床
反复呼吸道感染,症状伴随症状,食欲欠振,儿科病名医验案解析,儿科病名医验案解析_病例1,现代临床
反复呼吸道感染,症状伴随症状,形体瘦弱,儿科病名医验案解析,儿科病名医验案解析_病例1,现代临床
反复呼吸道感染,症状伴随症状,大便偏干,儿科病名医验案解析,儿科病名医验案解析_病例1,现代临床
反复呼吸道感染,疾病导致舌象,舌质淡红,儿科病名医验案解析,儿科病名医验案解析_病例1,现代临床
反复呼吸道感染,疾病导致舌象,苔薄白,儿科病名医验案解析,儿科病名医验案解析_病例1,现代临床
反复呼吸道感染,证候导致舌象,舌质红,儿科病名医验案解析,儿科病名医验案解析_病例1,现代临床
反复呼吸道感染,证候导致舌象,无苔,儿科病名医验案解析,儿科病名医验案解析_病例1,现代临床
反复呼吸道感染,证候导致脉象,脉象浮紧,儿科病名医验案解析,儿科病名医验案解析_病例1,现代临床
反复呼吸道感染,证候导致脉象,脉象细缓,儿科病名医验案解析,儿科病名医验案解析_病例1,现代临床
反复呼吸道感染,症状辨证证候,肺脾两虚,儿科病名医验案解析,儿科病名医验案解析_病例1,现代临床
反复呼吸道感染,症状辨证证候,痰壅气阻,儿科病名医验案解析,儿科病名医验案解析_病例1,现代临床
反复呼吸道感染,症状辨证证候,肺失宣肃,儿科病名医验案解析,儿科病名医验案解析_病例1,现代临床
反复呼吸道感染,症状辨证证候,痰湿上阻,儿科病名医验案解析,儿科病名医验案解析_病例1,现代临床
反复呼吸道感染,症状辨证证候,营卫失调,儿科病名医验案解析,儿科病名医验案解析_病例1,现代临床
反复呼吸道感染,证候采用方剂,"沙参10g,天冬10g,麦冬10g,五味子10g,白果10g,板蓝根10g,青黛3g,象贝母10g,川贝母6g,桑白皮10g,地骨皮10g,紫菀10g,款冬花10g,神曲10g",儿科病名医验案解析,儿科病名医验案解析_病例1,现代临床
反复呼吸道感染,证候采用方剂,"生地黄15g,炙百合15g,冬虫夏草6g,鱼腥草15g,前胡10g,炒白术10g,北沙参15g,小茴香6g,橘红6g,川牛膝5g,麻黄3g,五味子5g",儿科病名医验案解析,儿科病名医验案解析_病例1,现代临床
反复呼吸道感染,证候采用方剂,"炙黄芪、生白术、浮小麦各10g,炙桂枝3g,生白芍、炙甘草各6g,炒防风8g,煅龙骨、煅牡蛎各15g,生姜2片，大枣5枚",儿科病名医验案解析,儿科病名医验案解析_病例1,现代临床
反复呼吸道感染,疾病表现症状,面色苍白,儿科病名医验案解析,儿科病名医验案解析_病例1,现代临床
反复呼吸道感染,疾病表现症状,易出虚汗,儿科病名医验案解析,儿科病名医验案解析_病例1,现代临床
反复呼吸道感染,疾病表现症状,食欲欠振,儿科病名医验案解析,儿科病名医验案解析_病例1,现代临床
反复呼吸道感染,疾病表现症状,形体瘦弱,儿科病名医验案解析,儿科病名医验案解析_病例1,现代临床
反复呼吸道感染,疾病表现症状,大便偏干,儿科病名医验案解析,儿科病名医验案解析_病例1,现代临床
反复呼吸道感染,疾病导致舌象,舌质淡红,儿科病名医验案解析,儿科病名医验案解析_病例1,现代临床
反复呼吸道感染,疾病导致舌象,苔薄白,儿科病名医验案解析,儿科病名医验案解析_病例1,现代临床
反复呼吸道感染,症状辨证证候,营卫失调,儿科病名医验案解析,儿科病名医验案解析_病例1,现代临床
反复呼吸道感染,证候导致舌象,舌质淡红,儿科病名医验案解析,儿科病名医验案解析_病例1,现代临床
反复呼吸道感染,证候导致舌象,苔薄白,儿科病名医验案解析,儿科病名医验案解析_病例1,现代临床
营卫失调,证候采用方剂,黄芪桂枝五物汤,儿科病名医验案解析,儿科病名医验案解析_病例1,现代临床
黄芪桂枝五物汤,方剂组成药材,炙黄芪,儿科病名医验案解析,儿科病名医验案解析_病例1,现代临床
黄芪桂枝五物汤,方剂组成药材,生白术,儿科病名医验案解析,儿科病名医验案解析_病例1,现代临床
黄芪桂枝五物汤,方剂组成药材,浮小麦,儿科病名医验案解析,儿科病名医验案解析_病例1,现代临床
黄芪桂枝五物汤,方剂组成药材,炙桂枝,儿科病名医验案解析,儿科病名医验案解析_病例1,现代临床
黄芪桂枝五物汤,方剂组成药材,生白芍,儿科病名医验案解析,儿科病名医验案解析_病例1,现代临床
黄芪桂枝五物汤,方剂组成药材,炙甘草,儿科病名医验案解析,儿科病名医验案解析_病例1,现代临床
黄芪桂枝五物汤,方剂组成药材,炒防风,儿科病名医验案解析,儿科病名医验案解析_病例1,现代临床
黄芪桂枝五物汤,方剂组成药材,煅龙骨,儿科病名医验案解析,儿科病名医验案解析_病例1,现代临床
黄芪桂枝五物汤,方剂组成药材,煅牡蛎,儿科病名医验案解析,儿科病名医验案解析_病例1,现代临床
黄芪桂枝五物汤,方剂组成药材,生姜,儿科病名医验案解析,儿科病名医验案解析_病例1,现代临床
黄芪桂枝五物汤,方剂组成药材,大枣,儿科病名医验案解析,儿科病名医验案解析_病例1,现代临床
黄芪,药材具有功效,益气,儿科病名医验案解析,儿科病名医验案解析_病例1,现代临床
桂枝,药材具有功效,调和营卫,儿科病名医验案解析,儿科病名医验案解析_病例1,现代临床
反复呼吸道感染,证候导致脉象,脉濡数,儿科病名医验案解析,儿科病名医验案解析_病例1,现代临床
反复呼吸道感染,症状伴随症状,每月感冒2次以上,儿科病名医验案解析,儿科病名医验案解析_病例1,现代临床
反复呼吸道感染,症状伴随症状,曾因肺炎住院4次,儿科病名医验案解析,儿科病名医验案解析_病例1,现代临床
反复呼吸道感染,症状伴随症状,精神状态有所好转,儿科病名医验案解析,儿科病名医验案解析_病例1,现代临床
反复呼吸道感染,症状伴随症状,食欲较前增加,儿科病名医验案解析,儿科病名医验案解析_病例1,现代临床
反复呼吸道感染,症状伴随症状,患儿体渐胖,儿科病名医验案解析,儿科病名医验案解析_病例1,现代临床
反复呼吸道感染,症状伴随症状,追访3个月未发感冒,儿科病名医验案解析,儿科病名医验案解析_病例1,现代临床
反复呼吸道感染,归属于经典,金匮要略,儿科病名医验案解析,儿科病名医验案解析_病例1,现代临床
桂枝加龙骨牡蛎汤,方剂组成药材,桂枝,儿科病名医验案解析,儿科病名医验案解析_病例1,现代临床
桂枝加龙骨牡蛎汤,方剂组成药材,龙骨,儿科病名医验案解析,儿科病名医验案解析_病例1,现代临床
桂枝加龙骨牡蛎汤,方剂组成药材,牡蛎,儿科病名医验案解析,儿科病名医验案解析_病例1,现代临床
桂枝加龙骨牡蛎汤,证候采用方剂,失精家,儿科病名医验案解析,儿科病名医验案解析_病例1,现代临床
桂枝加龙骨牡蛎汤,证候采用方剂,男子失精,儿科病名医验案解析,儿科病名医验案解析_病例1,现代临床
桂枝加龙骨牡蛎汤,证候采用方剂,女子梦交,儿科病名医验案解析,儿科病名医验案解析_病例1,现代临床
曲某,症状伴随症状,潮热自汗,儿科病名医验案解析,儿科病名医验案解析_病例1,现代临床
曲某,症状伴随症状,精神疲乏,儿科病名医验案解析,儿科病名医验案解析_病例1,现代临床
曲某,症状伴随症状,面黄青暗,儿科病名医验案解析,儿科病名医验案解析_病例1,现代临床
曲某,症状伴随症状,二目无神,儿科病名医验案解析,儿科病名医验案解析_病例1,现代临床
曲某,症状伴随症状,大便稀溏,儿科病名医验案解析,儿科病名医验案解析_病例1,现代临床
曲某,症状伴随症状,食少苔薄,儿科病名医验案解析,儿科病名医验案解析_病例1,现代临床
曲某,症状伴随症状,白天体温38,儿科病名医验案解析,儿科病名医验案解析_病例1,现代临床
曲某,症状伴随症状,夜间高达39-39.5,儿科病名医验案解析,儿科病名医验案解析_病例1,现代临床
曲某,症状伴随症状,皮肤潮润有汗,儿科病名医验案解析,儿科病名医验案解析_病例1,现代临床
曲某,疾病导致脉象,脉濡缓,儿科病名医验案解析,儿科病名医验案解析_病例1,现代临床
曲某,症状辨证证候,表虚气弱,儿科病名医验案解析,儿科病名医验案解析_病例1,现代临床
曲某,症状辨证证候,邪留未去,儿科病名医验案解析,儿科病名医验案解析_病例1,现代临床
表虚气弱,证候导致舌象,苔薄,儿科病名医验案解析,儿科病名医验案解析_病例1,现代临床
表虚气弱,证候导致舌象,脉濡缓,儿科病名医验案解析,儿科病名医验案解析_病例1,现代临床
表虚气弱,证候采用方剂,青蒿鳖甲汤,儿科病名医验案解析,儿科病名医验案解析_病例1,现代临床
青蒿鳖甲汤,方剂组成药材,青蒿,儿科病名医验案解析,儿科病名医验案解析_病例1,现代临床
青蒿鳖甲汤,方剂组成药材,鳖甲,儿科病名医验案解析,儿科病名医验案解析_病例1,现代临床
青蒿鳖甲汤,方剂组成药材,白薇,儿科病名医验案解析,儿科病名医验案解析_病例1,现代临床
青蒿鳖甲汤,方剂组成药材,柴胡,儿科病名医验案解析,儿科病名医验案解析_病例1,现代临床
青蒿鳖甲汤,方剂组成药材,桔梗,儿科病名医验案解析,儿科病名医验案解析_病例1,现代临床
青蒿鳖甲汤,方剂组成药材,黄芩,儿科病名医验案解析,儿科病名医验案解析_病例1,现代临床
青蒿鳖甲汤,方剂组成药材,陈皮,儿科病名医验案解析,儿科病名医验案解析_病例1,现代临床
青蒿鳖甲汤,方剂组成药材,秦艽,儿科病名医验案解析,儿科病名医验案解析_病例1,现代临床
青蒿鳖甲汤,方剂组成药材,甘草,儿科病名医验案解析,儿科病名医验案解析_病例1,现代临床
小儿虚证感冒,症状伴随症状,身热起,儿科病名医验案解析,儿科病名医验案解析_病例1,现代临床
小儿虚证感冒,症状伴随症状,伏不解,儿科病名医验案解析,儿科病名医验案解析_病例1,现代临床
小儿虚证感冒,症状伴随症状,持续在38-39,儿科病名医验案解析,儿科病名医验案解析_病例1,现代临床
小儿虚证感冒,症状伴随症状,汗出热不解,儿科病名医验案解析,儿科病名医验案解析_病例1,现代临床
小儿虚证感冒,症状伴随症状,精神萎靡,儿科病名医验案解析,儿科病名医验案解析_病例1,现代临床
小儿虚证感冒,症状伴随症状,面色苍白,儿科病名医验案解析,儿科病名医验案解析_病例1,现代临床
小儿虚证感冒,症状伴随症状,轻度咳嗽,儿科病名医验案解析,儿科病名医验案解析_病例1,现代临床
小儿虚证感冒,症状伴随症状,不思饮食,儿科病名医验案解析,儿科病名医验案解析_病例1,现代临床
小儿虚证感冒,疾病导致舌象,苔多薄白而润,儿科病名医验案解析,儿科病名医验案解析_病例1,现代临床
小儿虚证感冒,疾病导致舌象,苔根厚腻,儿科病名医验案解析,儿科病名医验案解析_病例1,现代临床
小儿虚证感冒,疾病导致脉象,脉来濡数而细,儿科病名医验案解析,儿科病名医验案解析_病例1,现代临床
小儿虚证感冒,症状辨证证候,正气虚而邪实,儿科病名医验案解析,儿科病名医验案解析_病例1,现代临床
小儿虚证感冒,症状辨证证候,留恋肌腠,儿科病名医验案解析,儿科病名医验案解析_病例1,现代临床
小儿虚证感冒,证候导致舌象,苔多薄白而润,儿科病名医验案解析,儿科病名医验案解析_病例1,现代临床
小儿虚证感冒,证候导致舌象,苔根厚腻,儿科病名医验案解析,儿科病名医验案解析_病例1,现代临床
小儿虚证感冒,证候导致脉象,脉来濡数而细,儿科病名医验案解析,儿科病名医验案解析_病例1,现代临床
小儿虚证感冒,证候采用方剂,清化邪热,儿科病名医验案解析,儿科病名医验案解析_病例1,现代临床
小儿虚证感冒,证候采用方剂,调和肌腠,儿科病名医验案解析,儿科病名医验案解析_病例1,现代临床
营卫虚弱,证候导致舌象,舌苔薄白,儿科病名医验案解析,儿科病名医验案解析_病例1,现代临床
营卫虚弱,证候导致舌象,质润,儿科病名医验案解析,儿科病名医验案解析_病例1,现代临床
营卫虚弱,证候采用方剂,桂枝龙骨牡蛎汤加味,儿科病名医验案解析,儿科病名医验案解析_病例1,现代临床
桂枝龙骨牡蛎汤加味,方剂组成药材,炙桂枝,儿科病名医验案解析,儿科病名医验案解析_病例1,现代临床
桂枝龙骨牡蛎汤加味,方剂组成药材,炒白芍,儿科病名医验案解析,儿科病名医验案解析_病例1,现代临床
桂枝龙骨牡蛎汤加味,方剂组成药材,煅龙骨,儿科病名医验案解析,儿科病名医验案解析_病例1,现代临床
桂枝龙骨牡蛎汤加味,方剂组成药材,煅牡蛎,儿科病名医验案解析,儿科病名医验案解析_病例1,现代临床
桂枝龙骨牡蛎汤加味,方剂组成药材,桔梗,儿科病名医验案解析,儿科病名医验案解析_病例1,现代临床
桂枝龙骨牡蛎汤加味,方剂组成药材,炙甘草,儿科病名医验案解析,儿科病名医验案解析_病例1,现代临床
桂枝龙骨牡蛎汤加味,方剂组成药材,糯稻根,儿科病名医验案解析,儿科病名医验案解析_病例1,现代临床
桂枝龙骨牡蛎汤加味,方剂组成药材,瘪桃干,儿科病名医验案解析,儿科病名医验案解析_病例1,现代临床
桂枝龙骨牡蛎汤加味,方剂组成药材,京玄参,儿科病名医验案解析,儿科病名医验案解析_病例1,现代临床
桂枝龙骨牡蛎汤加味,方剂组成药材,生姜,儿科病名医验案解析,儿科病名医验案解析_病例1,现代临床
桂枝龙骨牡蛎汤加味,方剂组成药材,大枣,儿科病名医验案解析,儿科病名医验案解析_病例1,现代临床
感风寒化热,证候导致舌象,舌绛有刺,儿科病名医验案解析,儿科病名医验案解析_病例1,现代临床
感风寒化热,证候导致舌象,口干唇裂,儿科病名医验案解析,儿科病名医验案解析_病例1,现代临床
感风寒化热,证候导致脉象,两脉数急,儿科病名医验案解析,儿科病名医验案解析_病例1,现代临床
感风寒化热,证候采用方剂,清肺止咳,儿科病名医验案解析,儿科病名医验案解析_病例1,现代临床
感风寒化热,证候采用方剂,佐以生津,儿科病名医验案解析,儿科病名医验案解析_病例1,现代临床
风寒袭表,证候导致舌象,舌苔薄白,儿科病名医验案解析,儿科病名医验案解析_病例1,现代临床
风寒袭表,证候导致舌象,指纹淡紫长过气关,儿科病名医验案解析,儿科病名医验案解析_病例1,现代临床
风寒袭表,证候导致脉象,两脉沉数,儿科病名医验案解析,儿科病名医验案解析_病例1,现代临床
风寒袭表,证候采用方剂,解表宣肺,儿科病名医验案解析,儿科病名医验案解析_病例1,现代临床
风寒袭表,证候采用方剂,佐以导滞,儿科病名医验案解析,儿科病名医验案解析_病例1,现代临床
热烁金,疾病导致舌象,舌苔薄白,儿科病名医验案解析,儿科病名医验案解析_病例1,现代临床
热烁金,疾病导致脉象,两脉沉数,儿科病名医验案解析,儿科病名医验案解析_病例1,现代临床
热烁金,疾病表现症状,高热40以上,儿科病名医验案解析,儿科病名医验案解析_病例1,现代临床
热烁金,症状伴随症状,身热无汗,儿科病名医验案解析,儿科病名医验案解析_病例1,现代临床
热烁金,症状伴随症状,咳嗽多涕,儿科病名医验案解析,儿科病名医验案解析_病例1,现代临床
热烁金,症状伴随症状,痰稠黄,儿科病名医验案解析,儿科病名医验案解析_病例1,现代临床
热烁金,症状伴随症状,咳声不畅,儿科病名医验案解析,儿科病名医验案解析_病例1,现代临床
热烁金,症状伴随症状,昏沉嗜睡,儿科病名医验案解析,儿科病名医验案解析_病例1,现代临床
热烁金,症状伴随症状,喘急面青,儿科病名医验案解析,儿科病名医验案解析_病例1,现代临床
热烁金,症状伴随症状,两目红肿,儿科病名医验案解析,儿科病名医验案解析_病例1,现代临床
热烁金,症状伴随症状,厌食呕吐,儿科病名医验案解析,儿科病名医验案解析_病例1,现代临床
热烁金,症状伴随症状,大便未解,儿科病名医验案解析,儿科病名医验案解析_病例1,现代临床
热烁金,症状伴随症状,小溲短赤,儿科病名医验案解析,儿科病名医验案解析_病例1,现代临床
热烁金,症状伴随症状,指纹淡紫长过气关,儿科病名医验案解析,儿科病名医验案解析_病例1,现代临床
热烁金,证候辨证,风寒袭表，入里化热,儿科病名医验案解析,儿科病名医验案解析_病例1,现代临床
热烁金,证候导致舌象,舌苔薄白,儿科病名医验案解析,儿科病名医验案解析_病例1,现代临床
热烁金,证候导致脉象,两脉沉数,儿科病名医验案解析,儿科病名医验案解析_病例1,现代临床
热烁金,综合辨证证候,解表宣肺，佐以导滞,儿科病名医验案解析,儿科病名医验案解析_病例1,现代临床
热烁金,证候采用方剂,"紫苏叶6g,荆芥穗5g,淡豆豉10g,葱白2寸，山栀子6g,金银花12g,焦大黄6g,生甘草3g,杏仁5g",儿科病名医验案解析,儿科病名医验案解析_病例1,现代临床
热烁金,症状伴随症状,体温持续在40以上,儿科病名医验案解析,儿科病名医验案解析_病例1,现代临床
热烁金,症状伴随症状,3天来大便未解,儿科病名医验案解析,儿科病名医验案解析_病例1,现代临床
热烁金,症状伴随症状,小溲短赤,儿科病名医验案解析,儿科病名医验案解析_病例1,现代临床
热烁金,症状伴随症状,舌苔薄白,儿科病名医验案解析,儿科病名医验案解析_病例1,现代临床
热烁金,症状伴随症状,指纹淡紫长过气关,儿科病名医验案解析,儿科病名医验案解析_病例1,现代临床
热烁金,症状伴随症状,两脉沉数,儿科病名医验案解析,儿科病名医验案解析_病例1,现代临床
热烁金,症状伴随症状,体温稍降至38,儿科病名医验案解析,儿科病名医验案解析_病例1,现代临床
热烁金,症状伴随症状,大便3次多黏滞,儿科病名医验案解析,儿科病名医验案解析_病例1,现代临床
热烁金,症状伴随症状,舌苔中心黄薄,儿科病名医验案解析,儿科病名医验案解析_病例1,现代临床
热烁金,症状伴随症状,指纹紫长过气关,儿科病名医验案解析,儿科病名医验案解析_病例1,现代临床
热烁金,症状伴随症状,脉数有力,儿科病名医验案解析,儿科病名医验案解析_病例1,现代临床
热烁金,症状伴随症状,体温降至正常,儿科病名医验案解析,儿科病名医验案解析_病例1,现代临床
热烁金,症状伴随症状,精神食欲好,儿科病名医验案解析,儿科病名医验案解析_病例1,现代临床
热烁金,症状伴随症状,轻咳有泪,儿科病名医验案解析,儿科病名医验案解析_病例1,现代临床
热烁金,症状伴随症状,舌无苔垢,儿科病名医验案解析,儿科病名医验案解析_病例1,现代临床
热烁金,症状伴随症状,脉缓,儿科病名医验案解析,儿科病名医验案解析_病例1,现代临床
热烁金,症状伴随症状,指纹淡紫,儿科病名医验案解析,儿科病名医验案解析_病例1,现代临床
热烁金,证候导致舌象,舌苔中心黄薄,儿科病名医验案解析,儿科病名医验案解析_病例1,现代临床
热烁金,证候导致舌象,舌无苔垢,儿科病名医验案解析,儿科病名医验案解析_病例1,现代临床
热烁金,证候导致脉象,脉数有力,儿科病名医验案解析,儿科病名医验案解析_病例1,现代临床
热烁金,证候导致脉象,脉缓,儿科病名医验案解析,儿科病名医验案解析_病例1,现代临床
热烁金,证候辨证,表邪未罢，里热灼肺之象,儿科病名医验案解析,儿科病名医验案解析_病例1,现代临床
热烁金,综合辨证证候,表里双解,儿科病名医验案解析,儿科病名医验案解析_病例1,现代临床
热烁金,证候采用方剂,"金银花10g,连翘10g,大青叶6g,荆芥穗5g,薄荷2.4g,天花粉10g,生石膏18g,鲜生地黄12g,黄芩6g,知母5g,鲜芦根10g,生甘草3g",儿科病名医验案解析,儿科病名医验案解析_病例1,现代临床
热烁金,证候采用方剂,"金银花10g,连翘10g,鲜生地黄12g,麦冬10g,川贝母5g,焦麦芽6g,枇杷叶6g,炒杏仁5g,黄芩5g,生甘草3g",儿科病名医验案解析,儿科病名医验案解析_病例1,现代临床
热烁金,证候采用方剂,桑杏汤加减,儿科病名医验案解析,儿科病名医验案解析_病例1,现代临床
热烁金,症状伴随症状,偶有轻咳,儿科病名医验案解析,儿科病名医验案解析_病例1,现代临床
热烁金,症状伴随症状,痰少,儿科病名医验案解析,儿科病名医验案解析_病例1,现代临床
热烁金,症状伴随症状,肺内少许啰音,儿科病名医验案解析,儿科病名医验案解析_病例1,现代临床
热烁金,症状伴随症状,壮热大汗,儿科病名医验案解析,儿科病名医验案解析_病例1,现代临床
热烁金,症状伴随症状,喘促鼻煽,儿科病名医验案解析,儿科病名医验案解析_病例1,现代临床
热烁金,症状伴随症状,阵咳不止,儿科病名医验案解析,儿科病名医验案解析_病例1,现代临床
热烁金,症状伴随症状,痰壅夜卧不宁,儿科病名医验案解析,儿科病名医验案解析_病例1,现代临床
热烁金,症状伴随症状,时有惊惕,儿科病名医验案解析,儿科病名医验案解析_病例1,现代临床
热烁金,症状伴随症状,小溲短,儿科病名医验案解析,儿科病名医验案解析_病例1,现代临床
热烁金,症状伴随症状,体温40.1,儿科病名医验案解析,儿科病名医验案解析_病例1,现代临床
热烁金,症状伴随症状,两颊微赤,儿科病名医验案解析,儿科病名医验案解析_病例1,现代临床
热烁金,症状伴随症状,双肺可闻及啰音,儿科病名医验案解析,儿科病名医验案解析_病例1,现代临床
热烁金,症状伴随症状,舌苔白薄,儿科病名医验案解析,儿科病名医验案解析_病例1,现代临床
热烁金,症状伴随症状,脉浮数,儿科病名医验案解析,儿科病名医验案解析_病例1,现代临床
热烁金,症状伴随症状,指纹赤紫,儿科病名医验案解析,儿科病名医验案解析_病例1,现代临床
热烁金,证候辨证,风寒束表，里热闭肺,儿科病名医验案解析,儿科病名医验案解析_病例1,现代临床
热烁金,综合辨证证候,解表清里，化痰定喘,儿科病名医验案解析,儿科病名医验案解析_病例1,现代临床
热烁金,证候采用方剂,"炙麻黄3g,杏仁3g,生石膏24g,甘草5g,金银花18g,桑白皮10g,牛蒡子10g,川贝母6g,藿香10g,紫苏叶6g,青蒿10g,枇杷叶10g",儿科病名医验案解析,儿科病名医验案解析_病例1,现代临床
热烁金,症状伴随症状,体温降至36.3,儿科病名医验案解析,儿科病名医验案解析_病例1,现代临床
热烁金,症状伴随症状,夜寐安宁,儿科病名医验案解析,儿科病名医验案解析_病例1,现代临床
热烁金,症状伴随症状,呼吸平稳,儿科病名医验案解析,儿科病名医验案解析_病例1,现代临床
热烁金,症状伴随症状,咳轻痰少,儿科病名医验案解析,儿科病名医验案解析_病例1,现代临床
热烁金,症状伴随症状,舌苔薄黄,儿科病名医验案解析,儿科病名医验案解析_病例1,现代临床
热烁金,症状伴随症状,脉略数,儿科病名医验案解析,儿科病名医验案解析_病例1,现代临床
热烁金,证候辨证,表证已罢，里热未净,儿科病名医验案解析,儿科病名医验案解析_病例1,现代临床
热烁金,证候采用方剂,"麻黄30g,炒杏仁60g,生石膏210g,甘草45g,浙贝母90g,陈皮90g,麦冬90g,炒神曲90g,白茅根90g",儿科病名医验案解析,儿科病名医验案解析_病例1,现代临床
热烁金,症状伴随症状,口角起水疱,儿科病名医验案解析,儿科病名医验案解析_病例1,现代临床
热烁金,症状伴随症状,口腔溃烂,儿科病名医验案解析,儿科病名医验案解析_病例1,现代临床
热烁金,症状伴随症状,流口水,儿科病名医验案解析,儿科病名医验案解析_病例1,现代临床
热烁金,症状伴随症状,四肢远侧端起红丘疹,儿科病名医验案解析,儿科病名医验案解析_病例1,现代临床
热烁金,症状伴随症状,伴瘙痒,儿科病名医验案解析,儿科病名医验案解析_病例1,现代临床
热烁金,症状伴随症状,左眼睑缘红肿,儿科病名医验案解析,儿科病名医验案解析_病例1,现代临床
热烁金,症状伴随症状,疱疹溃破有黄脓痂,儿科病名医验案解析,儿科病名医验案解析_病例1,现代临床
热烁金,症状伴随症状,张嘴困难,儿科病名医验案解析,儿科病名医验案解析_病例1,现代临床
热烁金,症状伴随症状,舌尖呈白色糜烂,儿科病名医验案解析,儿科病名医验案解析_病例1,现代临床
热烁金,症状伴随症状,颌下淋巴结肿大,儿科病名医验案解析,儿科病名医验案解析_病例1,现代临床
热烁金,症状伴随症状,有压痛,儿科病名医验案解析,儿科病名医验案解析_病例1,现代临床
热烁金,症状伴随症状,二颧及四肢远端及背部有血疹及水疱,儿科病名医验案解析,儿科病名医验案解析_病例1,现代临床
热烁金,症状伴随症状,边有红晕,儿科病名医验案解析,儿科病名医验案解析_病例1,现代临床
热烁金,症状伴随症状,四肢无水肿,儿科病名医验案解析,儿科病名医验案解析_病例1,现代临床
热烁金,症状伴随症状,上颚红,儿科病名医验案解析,儿科病名医验案解析_病例1,现代临床
热烁金,症状伴随症状,脉沉数,儿科病名医验案解析,儿科病名医验案解析_病例1,现代临床
热烁金,证候辨证,脾胃不和，血热瘀滞,儿科病名医验案解析,儿科病名医验案解析_病例1,现代临床
热烁金,综合辨证证候,平肝和胃，活血解毒,儿科病名医验案解析,儿科病名医验案解析_病例1,现代临床
热烁金,证候采用方剂,"青黛3g,紫草9g,寒水石9g,乳香6g,白芷6g,金果榄9g",儿科病名医验案解析,儿科病名医验案解析_病例1,现代临床
热烁金,症状伴随症状,未再出新皮疹,儿科病名医验案解析,儿科病名医验案解析_病例1,现代临床
热烁金,症状伴随症状,口腔溃疡未发展,儿科病名医验案解析,儿科病名医验案解析_病例1,现代临床
热烁金,证候采用方剂,"青黛3g,紫草9g,白芷6g,乳香6g,白及6g,牙皂6g",儿科病名医验案解析,儿科病名医验案解析_病例1,现代临床
热烁金,症状伴随症状,口腔溃疡减轻,儿科病名医验案解析,儿科病名医验案解析_病例1,现代临床
热烁金,证候采用方剂,"五倍子6g,绿豆30g,甘草9g",儿科病名医验案解析,儿科病名医验案解析_病例1,现代临床
热烁金,症状伴随症状,口疮已1年余,儿科病名医验案解析,儿科病名医验案解析_病例1,现代临床
热烁金,症状伴随症状,时有低热起伏,儿科病名医验案解析,儿科病名医验案解析_病例1,现代临床
热烁金,症状伴随症状,咽痛怕冷,儿科病名医验案解析,儿科病名医验案解析_病例1,现代临床
热烁金,症状伴随症状,面色不华,儿科病名医验案解析,儿科病名医验案解析_病例1,现代临床
热烁金,症状伴随症状,胃纳欠佳,儿科病名医验案解析,儿科病名医验案解析_病例1,现代临床
热烁金,症状伴随症状,大便稀软,儿科病名医验案解析,儿科病名医验案解析_病例1,现代临床
热烁金,症状伴随症状,小溲通长,儿科病名医验案解析,儿科病名医验案解析_病例1,现代临床
热烁金,症状伴随症状,舌淡,儿科病名医验案解析,儿科病名医验案解析_病例1,现代临床
热烁金,症状伴随症状,苔白,儿科病名医验案解析,儿科病名医验案解析_病例1,现代临床
热烁金,症状伴随症状,脉沉细,儿科病名医验案解析,儿科病名医验案解析_病例1,现代临床
热烁金,证候辨证,阴火上腾证,儿科病名医验案解析,儿科病名医验案解析_病例1,现代临床
热烁金,综合辨证证候,温养敛火,儿科病名医验案解析,儿科病名医验案解析_病例1,现代临床
热烁金,证候采用方剂,"细辛1.8g,干姜2.4g,黑附子4.5g,生甘草3g,生地黄、熟地黄各15g,麦冬9g,白芍9g,牡蛎(先入)18g,乌梅4.5g",儿科病名医验案解析,儿科病名医验案解析_病例1,现代临床
热烁金,症状伴随症状,口疮初敛,儿科病名医验案解析,儿科病名医验案解析_病例1,现代临床
热烁金,症状伴随症状,咽痛已止,儿科病名医验案解析,儿科病名医验案解析_病例1,现代临床
热烁金,症状伴随症状,胃纳稍动,儿科病名医验案解析,儿科病名医验案解析_病例1,现代临床
热烁金,症状伴随症状,舌质淡白,儿科病名医验案解析,儿科病名医验案解析_病例1,现代临床
热烁金,证候采用方剂,"细辛1.8g,干姜2.4g,黑附子4.5g,生甘草3g,生地黄、熟地黄各15g,麦冬9g,白芍9g,牡蛎(先入)18g,乌梅4.5g",儿科病名医验案解析,儿科病名医验案解析_病例1,现代临床
热烁金,证候采用方剂,"熟地黄15g,附子4.5g,干姜3g,桂枝3g,党参6g,焦白术9g,乌梅6g,牡蛎(先入)24g,白芍9g,生甘草2.4g",儿科病名医验案解析,儿科病名医验案解析_病例1,现代临床
热烁金,症状伴随症状,口疮已和,儿科病名医验案解析,儿科病名医验案解析_病例1,现代临床
热烁金,症状伴随症状,纳佳便调,儿科病名医验案解析,儿科病名医验案解析_病例1,现代临床
热烁金,症状伴随症状,自感畏冷,儿科病名医验案解析,儿科病名医验案解析_病例1,现代临床
热烁金,症状伴随症状,面色萎黄,儿科病名医验案解析,儿科病名医验案解析_病例1,现代临床
热烁金,证候辨证,禀弱本虚,儿科病名医验案解析,儿科病名医验案解析_病例1,现代临床
热烁金,综合辨证证候,温养脾肾调扶,儿科病名医验案解析,儿科病名医验案解析_病例1,现代临床
热烁金,症状伴随症状,口疮服凉药不效,儿科病名医验案解析,儿科病名医验案解析_病例1,现代临床
热烁金,症状伴随症状,肝脾之气不足,儿科病名医验案解析,儿科病名医验案解析_病例1,现代临床
热烁金,症状伴随症状,虚火泛上而无制,儿科病名医验案解析,儿科病名医验案解析_病例1,现代临床
热烁金,证候采用方剂,理中汤,儿科病名医验案解析,儿科病名医验案解析_病例1,现代临床
口疮,证候导致舌象,舌质淡白,儿科病名医验案解析,儿科病名医验案解析_病例1,现代临床
口疮,证候导致舌象,舌质红,儿科病名医验案解析,儿科病名医验案解析_病例1,现代临床
口疮,证候导致舌象,少苔,儿科病名医验案解析,儿科病名医验案解析_病例1,现代临床
口疮,证候导致舌象,苔黄厚,儿科病名医验案解析,儿科病名医验案解析_病例1,现代临床
口疮,证候导致舌象,苔黄腻,儿科病名医验案解析,儿科病名医验案解析_病例1,现代临床
口疮,证候导致脉象,脉象细微数,儿科病名医验案解析,儿科病名医验案解析_病例1,现代临床
口疮,证候导致脉象,脉滑,儿科病名医验案解析,儿科病名医验案解析_病例1,现代临床
口疮,疾病表现症状,口内疼痛,儿科病名医验案解析,儿科病名医验案解析_病例1,现代临床
口疮,疾病表现症状,身体较弱,儿科病名医验案解析,儿科病名医验案解析_病例1,现代临床
口疮,疾病表现症状,腹泻,儿科病名医验案解析,儿科病名医验案解析_病例1,现代临床
口疮,疾病表现症状,小便短赤,儿科病名医验案解析,儿科病名医验案解析_病例1,现代临床
口疮,疾病表现症状,口腔有散在脓疱疹,儿科病名医验案解析,儿科病名医验案解析_病例1,现代临床
口疮,疾病表现症状,发热,儿科病名医验案解析,儿科病名医验案解析_病例1,现代临床
口疮,疾病表现症状,满口生疮,儿科病名医验案解析,儿科病名医验案解析_病例1,现代临床
口疮,疾病表现症状,哭闹拒食,儿科病名医验案解析,儿科病名医验案解析_病例1,现代临床
口疮,疾病表现症状,流涎不止,儿科病名医验案解析,儿科病名医验案解析_病例1,现代临床
口疮,疾病表现症状,口渴喜冷饮,儿科病名医验案解析,儿科病名医验案解析_病例1,现代临床
口疮,疾病表现症状,口气臭秽,儿科病名医验案解析,儿科病名医验案解析_病例1,现代临床
口疮,疾病表现症状,溲黄便干,儿科病名医验案解析,儿科病名医验案解析_病例1,现代临床
口疮,疾病表现症状,口舌生疮,儿科病名医验案解析,儿科病名医验案解析_病例1,现代临床
口疮,疾病表现症状,高热,儿科病名医验案解析,儿科病名医验案解析_病例1,现代临床
口疮,疾病表现症状,恶寒头痛,儿科病名医验案解析,儿科病名医验案解析_病例1,现代临床
口疮,疾病表现症状,大便3日未行,儿科病名医验案解析,儿科病名医验案解析_病例1,现代临床
口疮,疾病表现症状,吮奶困难,儿科病名医验案解析,儿科病名医验案解析_病例1,现代临床
口疮,疾病表现症状,流涎,儿科病名医验案解析,儿科病名医验案解析_病例1,现代临床
口疮,疾病表现症状,口角糜烂,儿科病名医验案解析,儿科病名医验案解析_病例1,现代临床
口疮,疾病表现症状,疼痛难忍,儿科病名医验案解析,儿科病名医验案解析_病例1,现代临床
口疮,疾病表现症状,时有流涎,儿科病名医验案解析,儿科病名医验案解析_病例1,现代临床
口疮,疾病表现症状,阵发性胃脘痛,儿科病名医验案解析,儿科病名医验案解析_病例1,现代临床
口疮,疾病表现症状,疼痛拒按,儿科病名医验案解析,儿科病名医验案解析_病例1,现代临床
口疮,疾病表现症状,烦躁,儿科病名医验案解析,儿科病名医验案解析_病例1,现代临床
口疮,疾病表现症状,口臭,儿科病名医验案解析,儿科病名医验案解析_病例1,现代临床
口疮,疾病表现症状,涎多,儿科病名医验案解析,儿科病名医验案解析_病例1,现代临床
口疮,疾病表现症状,口中异味,儿科病名医验案解析,儿科病名医验案解析_病例1,现代临床
口疮,疾病表现症状,大便稍干,儿科病名医验案解析,儿科病名医验案解析_病例1,现代临床
口疮,疾病表现症状,小便黄,儿科病名医验案解析,儿科病名医验案解析_病例1,现代临床
口疮,证候采用方剂,理中汤,儿科病名医验案解析,儿科病名医验案解析_病例1,现代临床
口疮,证候采用方剂,甘露消毒丹加减,儿科病名医验案解析,儿科病名医验案解析_病例1,现代临床
口疮,证候采用方剂,煅炉甘石方,儿科病名医验案解析,儿科病名医验案解析_病例1,现代临床
口疮,证候采用方剂,薄荷川黄连方,儿科病名医验案解析,儿科病名医验案解析_病例1,现代临床
理中汤,方剂组成药材,党参,儿科病名医验案解析,儿科病名医验案解析_病例1,现代临床
理中汤,方剂组成药材,干姜,儿科病名医验案解析,儿科病名医验案解析_病例1,现代临床
理中汤,方剂组成药材,白术,儿科病名医验案解析,儿科病名医验案解析_病例1,现代临床
甘露消毒丹加减,方剂组成药材,栀子,儿科病名医验案解析,儿科病名医验案解析_病例1,现代临床
甘露消毒丹加减,方剂组成药材,黄芩,儿科病名医验案解析,儿科病名医验案解析_病例1,现代临床
甘露消毒丹加减,方剂组成药材,黄连,儿科病名医验案解析,儿科病名医验案解析_病例1,现代临床
甘露消毒丹加减,方剂组成药材,金银花,儿科病名医验案解析,儿科病名医验案解析_病例1,现代临床
煅炉甘石方,方剂组成药材,煅炉甘石,儿科病名医验案解析,儿科病名医验案解析_病例1,现代临床
煅炉甘石方,方剂组成药材,人中白,儿科病名医验案解析,儿科病名医验案解析_病例1,现代临床
煅炉甘石方,方剂组成药材,青黛,儿科病名医验案解析,儿科病名医验案解析_病例1,现代临床
煅炉甘石方,方剂组成药材,冰片,儿科病名医验案解析,儿科病名医验案解析_病例1,现代临床
煅炉甘石方,方剂组成药材,枯矾,儿科病名医验案解析,儿科病名医验案解析_病例1,现代临床
薄荷川黄连方,方剂组成药材,薄荷,儿科病名医验案解析,儿科病名医验案解析_病例1,现代临床
薄荷川黄连方,方剂组成药材,川黄连,儿科病名医验案解析,儿科病名医验案解析_病例1,现代临床
薄荷川黄连方,方剂组成药材,连翘,儿科病名医验案解析,儿科病名医验案解析_病例1,现代临床
煅炉甘石,药材具有功效,收敛生肌、燥湿消肿,儿科病名医验案解析,儿科病名医验案解析_病例1,现代临床
青黛,药材具有功效,清热解毒、抑菌,儿科病名医验案解析,儿科病名医验案解析_病例1,现代临床
人中白,药材具有功效,降火、散瘀血,儿科病名医验案解析,儿科病名医验案解析_病例1,现代临床
枯矾,药材具有功效,清热解毒、燥湿杀虫,儿科病名医验案解析,儿科病名医验案解析_病例1,现代临床
冰片,药材具有功效,化湿消风散郁火、清热止痛,儿科病名医验案解析,儿科病名医验案解析_病例1,现代临床
儿科病名医验案解析,归属于经典,贺兴东.当代名医中医典型医案集 儿科分册.北京：人民卫生出版社，2014.,儿科病名医验案解析,儿科病名医验案解析_病例1,现代临床
儿科病名医验案解析,归属于经典,"河世英.清热除湿法治疗小儿口疮6例.河南中医，1970,6 (4):78.",儿科病名医验案解析,儿科病名医验案解析_病例1,现代临床
儿科病名医验案解析,归属于经典,"张志红.傅教授治疗小儿口疮5例.河南中医，1993,18(9):36.",儿科病名医验案解析,儿科病名医验案解析_病例1,现代临床
儿科病名医验案解析,归属于经典,郁晓维.难治性儿科病辨治与验案.北京：科学文献出版社，2011.,儿科病名医验案解析,儿科病名医验案解析_病例1,现代临床
儿科病名医验案解析,归属于经典,刘克丽，王孟清.儿科病名家医案妙方解析.北京：人民军医出版社，2007.,儿科病名医验案解析,儿科病名医验案解析_病例1,现代临床
口腔溃疡,疾病表现症状,疼痛拒按,儿科病名医验案解析,儿科病名医验案解析_病例1,现代临床
口腔溃疡,疾病表现症状,口角糜烂,儿科病名医验案解析,儿科病名医验案解析_病例1,现代临床
口腔溃疡,疾病表现症状,疼痛拒食,儿科病名医验案解析,儿科病名医验案解析_病例1,现代临床
口腔溃疡,疾病表现症状,烦躁,儿科病名医验案解析,儿科病名医验案解析_病例1,现代临床
口腔溃疡,疾病表现症状,口臭,儿科病名医验案解析,儿科病名医验案解析_病例1,现代临床
口腔溃疡,疾病表现症状,涎多,儿科病名医验案解析,儿科病名医验案解析_病例1,现代临床
口腔溃疡,疾病表现症状,口中异味,儿科病名医验案解析,儿科病名医验案解析_病例1,现代临床
口腔溃疡,疾病表现症状,大便稍干,儿科病名医验案解析,儿科病名医验案解析_病例1,现代临床
口腔溃疡,疾病表现症状,小便黄,儿科病名医验案解析,儿科病名医验案解析_病例1,现代临床
脾胃积热,证候导致舌象,舌质红,儿科病名医验案解析,儿科病名医验案解析_病例1,现代临床
脾胃积热,证候导致舌象,苔黄厚腻,儿科病名医验案解析,儿科病名医验案解析_病例1,现代临床
脾胃积热,证候导致脉象,脉滑数,儿科病名医验案解析,儿科病名医验案解析_病例1,现代临床
脾胃积热,证候采用方剂,"薄荷(后下)5g,川黄连1.5g,连翘10g,知母5g,法半夏10g,厚朴10g,莱菔子10g,陈皮5g,炒山楂5g,炒黄芩5g,甘草6g",儿科病名医验案解析,儿科病名医验案解析_病例1,现代临床
脾胃积热,症状辨证证候,有过食肥甘病史,儿科病名医验案解析,儿科病名医验案解析_病例1,现代临床
脾胃积热,症状辨证证候,神清,儿科病名医验案解析,儿科病名医验案解析_病例1,现代临床
脾胃积热,症状辨证证候,烦躁,儿科病名医验案解析,儿科病名医验案解析_病例1,现代临床
脾胃积热,症状辨证证候,咽红,儿科病名医验案解析,儿科病名医验案解析_病例1,现代临床
脾胃积热,症状辨证证候,扁桃体无肿大,儿科病名医验案解析,儿科病名医验案解析_病例1,现代临床
脾胃积热,症状辨证证候,口腔及舌体、齿龈未见溃疡,儿科病名医验案解析,儿科病名医验案解析_病例1,现代临床
脾胃积热,症状辨证证候,两口角糜烂,儿科病名医验案解析,儿科病名医验案解析_病例1,现代临床
脾胃积热,症状辨证证候,周围色红,儿科病名医验案解析,儿科病名医验案解析_病例1,现代临床
脾胃积热,症状辨证证候,心肺未闻异常,儿科病名医验案解析,儿科病名医验案解析_病例1,现代临床
脾胃积热,症状辨证证候,舌质红,儿科病名医验案解析,儿科病名医验案解析_病例1,现代临床
脾胃积热,症状辨证证候,苔黄厚腻,儿科病名医验案解析,儿科病名医验案解析_病例1,现代临床
脾胃积热,症状辨证证候,脉滑数,儿科病名医验案解析,儿科病名医验案解析_病例1,现代临床
脾胃积热,症状辨证证候,大便稍干,儿科病名医验案解析,儿科病名医验案解析_病例1,现代临床
脾胃积热,症状辨证证候,小便黄,儿科病名医验案解析,儿科病名医验案解析_病例1,现代临床
脾胃积热,症状辨证证候,有过食炙博病史,儿科病名医验案解析,儿科病名医验案解析_病例1,现代临床
脾胃积热,症状辨证证候,脾胃受损,儿科病名医验案解析,儿科病名医验案解析_病例1,现代临床
脾胃积热,症状辨证证候,积滞内停,儿科病名医验案解析,儿科病名医验案解析_病例1,现代临床
脾胃积热,症状辨证证候,郁而化热,儿科病名医验案解析,儿科病名医验案解析_病例1,现代临床
脾胃积热,症状辨证证候,积滞郁热阻滞中焦,儿科病名医验案解析,儿科病名医验案解析_病例1,现代临床
脾胃积热,症状辨证证候,气机不畅,儿科病名医验案解析,儿科病名医验案解析_病例1,现代临床
脾胃积热,症状辨证证候,不通则痛,儿科病名医验案解析,儿科病名医验案解析_病例1,现代临床
脾胃积热,症状辨证证候,故发胃脘痛,儿科病名医验案解析,儿科病名医验案解析_病例1,现代临床
脾胃积热,证候导致舌象,舌红,儿科病名医验案解析,儿科病名医验案解析_病例1,现代临床
脾胃积热,证候导致舌象,苔薄黄,儿科病名医验案解析,儿科病名医验案解析_病例1,现代临床
脾胃积热,证候导致脉象,脉滑,儿科病名医验案解析,儿科病名医验案解析_病例1,现代临床
脾胃积热,证候采用方剂,"藿香10g,枳壳10g,桔梗10g",儿科病名医验案解析,儿科病名医验案解析_病例1,现代临床
脾胃积热,证候采用方剂,保和散,儿科病名医验案解析,儿科病名医验案解析_病例1,现代临床
脾胃积热,症状辨证证候,食纳平平,儿科病名医验案解析,儿科病名医验案解析_病例1,现代临床
脾胃积热,症状辨证证候,喜食凉品,儿科病名医验案解析,儿科病名医验案解析_病例1,现代临床
脾胃积热,症状辨证证候,口干,儿科病名医验案解析,儿科病名医验案解析_病例1,现代临床
脾胃积热,症状辨证证候,小便色黄,儿科病名医验案解析,儿科病名医验案解析_病例1,现代临床
脾胃积热,症状辨证证候,大便日行1次,儿科病名医验案解析,儿科病名医验案解析_病例1,现代临床
脾胃积热,症状辨证证候,口腔两侧黏膜、咽部、上下唇及舌下有多处溃疡,儿科病名医验案解析,儿科病名医验案解析_病例1,现代临床
脾胃积热,症状辨证证候,米粒大小,儿科病名医验案解析,儿科病名医验案解析_病例1,现代临床
脾胃积热,症状辨证证候,舌质红,儿科病名医验案解析,儿科病名医验案解析_病例1,现代临床
脾胃积热,症状辨证证候,苔淡黄,儿科病名医验案解析,儿科病名医验案解析_病例1,现代临床
脾胃积热,症状辨证证候,寸口脉弦,儿科病名医验案解析,儿科病名医验案解析_病例1,现代临床
脾胃积热,证候导致舌象,舌质略红,儿科病名医验案解析,儿科病名医验案解析_病例1,现代临床
脾胃积热,证候导致舌象,苔薄,儿科病名医验案解析,儿科病名医验案解析_病例1,现代临床
脾胃积热,证候导致脉象,脉弦,儿科病名医验案解析,儿科病名医验案解析_病例1,现代临床
脾胃积热,证候采用方剂,"苍术5g,葛根5g,黄芩5g,茯苓10g,炒薏苡仁10g,荷叶10g,炒麦芽10g,车前草10g,金银花10g,生甘草3g",儿科病名医验案解析,儿科病名医验案解析_病例1,现代临床
脾胃积热,证候采用方剂,"苍术5g,太子参10g,土茯苓10g,生甘草3g,薏苡仁10g,升麻5g,黄连2g,桔梗5g,荷叶10g,金银花10g",儿科病名医验案解析,儿科病名医验案解析_病例1,现代临床
脾胃积热,证候采用方剂,"苍术5g,太子参10g,茯苓10g,生甘草3g,薏苡仁10g,白扁豆10g,桔梗10g,升麻5g,黄连3g,荷叶10g,炒麦芽10g",儿科病名医验案解析,儿科病名医验案解析_病例1,现代临床
脾胃积热,症状辨证证候,口腔溃疡渐敛,儿科病名医验案解析,儿科病名医验案解析_病例1,现代临床
脾胃积热,症状辨证证候,唇内黏膜仍有小溃疡,儿科病名医验案解析,儿科病名医验案解析_病例1,现代临床
脾胃积热,症状辨证证候,痛感不显,儿科病名医验案解析,儿科病名医验案解析_病例1,现代临床
脾胃积热,症状辨证证候,咽红不痛,儿科病名医验案解析,儿科病名医验案解析_病例1,现代临床
脾胃积热,症状辨证证候,胃纳良好,儿科病名医验案解析,儿科病名医验案解析_病例1,现代临床
脾胃积热,症状辨证证候,无发热,儿科病名医验案解析,儿科病名医验案解析_病例1,现代临床
脾胃积热,症状辨证证候,大便日行2次,儿科病名医验案解析,儿科病名医验案解析_病例1,现代临床
脾胃积热,症状辨证证候,不稀,儿科病名医验案解析,儿科病名医验案解析_病例1,现代临床
脾胃积热,症状辨证证候,舌苔薄,儿科病名医验案解析,儿科病名医验案解析_病例1,现代临床
脾胃积热,症状辨证证候,脉弦,儿科病名医验案解析,儿科病名医验案解析_病例1,现代临床
脾胃积热,证候导致舌象,舌质红,儿科病名医验案解析,儿科病名医验案解析_病例1,现代临床
脾胃积热,证候导致舌象,苔黄,儿科病名医验案解析,儿科病名医验案解析_病例1,现代临床
脾胃积热,证候导致脉象,脉数,儿科病名医验案解析,儿科病名医验案解析_病例1,现代临床
脾胃积热,证候采用方剂,"生地黄10g,淡竹叶10g,川黄连3g,金银花10g,知母10g,车前子(包)10g,瓜蒌仁10g,生甘草6g,灯心草3g",儿科病名医验案解析,儿科病名医验案解析_病例1,现代临床
脾胃积热,症状辨证证候,身热,儿科病名医验案解析,儿科病名医验案解析_病例1,现代临床
脾胃积热,症状辨证证候,大便干结,儿科病名医验案解析,儿科病名医验案解析_病例1,现代临床
脾胃积热,症状辨证证候,小便色黄而少,儿科病名医验案解析,儿科病名医验案解析_病例1,现代临床
脾胃积热,症状辨证证候,啼哭不安,儿科病名医验案解析,儿科病名医验案解析_病例1,现代临床
脾胃积热,症状辨证证候,拒食流涎,儿科病名医验案解析,儿科病名医验案解析_病例1,现代临床
脾胃积热,症状辨证证候,口腔内有大片白色腐状糜烂,儿科病名医验案解析,儿科病名医验案解析_病例1,现代临床
脾胃积热,症状辨证证候,舌面、双侧颊黏膜及牙龈部位均有大片糜烂,儿科病名医验案解析,儿科病名医验案解析_病例1,现代临床
脾胃积热,症状辨证证候,表面有白色腐膜,儿科病名医验案解析,儿科病名医验案解析_病例1,现代临床
脾胃积热,症状辨证证候,咽关两侧均有白色点状溃疡,儿科病名医验案解析,儿科病名医验案解析_病例1,现代临床
脾胃积热,症状辨证证候,边缘红肿,儿科病名医验案解析,儿科病名医验案解析_病例1,现代临床
脾胃积热,症状辨证证候,悬雍垂充血水肿,儿科病名医验案解析,儿科病名医验案解析_病例1,现代临床
脾胃积热,症状辨证证候,双侧扁桃体红肿,儿科病名医验案解析,儿科病名医验案解析_病例1,现代临床
脾胃积热,症状辨证证候,口涎增多,儿科病名医验案解析,儿科病名医验案解析_病例1,现代临床
脾胃积热,症状辨证证候,指纹紫滞,儿科病名医验案解析,儿科病名医验案解析_病例1,现代临床
脾胃积热,症状辨证证候,发热2天,儿科病名医验案解析,儿科病名医验案解析_病例1,现代临床
脾胃积热,症状辨证证候,热退后出现口腔溃疡,儿科病名医验案解析,儿科病名医验案解析_病例1,现代临床
脾胃积热,症状辨证证候,口臭,儿科病名医验案解析,儿科病名医验案解析_病例1,现代临床
脾胃积热,症状辨证证候,拒食,儿科病名医验案解析,儿科病名医验案解析_病例1,现代临床
脾胃积热,症状辨证证候,大便2天未行,儿科病名医验案解析,儿科病名医验案解析_病例1,现代临床
脾胃积热,症状辨证证候,哭闹不安,儿科病名医验案解析,儿科病名医验案解析_病例1,现代临床
脾胃积热,证候导致舌象,舌质红,儿科病名医验案解析,儿科病名医验案解析_病例1,现代临床
脾胃积热,证候导致舌象,苔黄腻,儿科病名医验案解析,儿科病名医验案解析_病例1,现代临床
脾胃积热,证候采用方剂,竹叶木通汤加减,儿科病名医验案解析,儿科病名医验案解析_病例1,现代临床
脾胃积热,症状辨证证候,发热,儿科病名医验案解析,儿科病名医验案解析_病例1,现代临床
脾胃积热,症状辨证证候,拒食,儿科病名医验案解析,儿科病名医验案解析_病例1,现代临床
脾胃积热,症状辨证证候,口臭,儿科病名医验案解析,儿科病名医验案解析_病例1,现代临床
脾胃积热,症状辨证证候,流涎,儿科病名医验案解析,儿科病名医验案解析_病例1,现代临床
脾胃积热,症状辨证证候,小便量少色黄,儿科病名医验案解析,儿科病名医验案解析_病例1,现代临床
脾胃积热,症状辨证证候,已3日无大便,儿科病名医验案解析,儿科病名医验案解析_病例1,现代临床
脾胃积热,症状辨证证候,烦躁不安,儿科病名医验案解析,儿科病名医验案解析_病例1,现代临床
脾胃积热,症状辨证证候,睡眠不宁,儿科病名医验案解析,儿科病名医验案解析_病例1,现代临床
脾胃积热,症状辨证证候,舌面、齿龈及唇内可见数个米粒及豆粒大小的溃疡,儿科病名医验案解析,儿科病名医验案解析_病例1,现代临床
脾胃积热,症状辨证证候,周围鲜红,儿科病名医验案解析,儿科病名医验案解析_病例1,现代临床
脾胃积热,症状辨证证候,表面均覆盖有灰白色假膜,儿科病名医验案解析,儿科病名医验案解析_病例1,现代临床
脾胃积热,证候导致舌象,舌质红,儿科病名医验案解析,儿科病名医验案解析_病例1,现代临床
脾胃积热,证候导致舌象,苔黄,儿科病名医验案解析,儿科病名医验案解析_病例1,现代临床
脾胃积热,证候采用方剂,五倍子泻心汤加减,儿科病名医验案解析,儿科病名医验案解析_病例1,现代临床
五倍子泻心汤加减,方剂组成药材,五倍子4.5g,儿科病名医验案解析,儿科病名医验案解析_病例1,现代临床
五倍子泻心汤加减,方剂组成药材,黄连3g,儿科病名医验案解析,儿科病名医验案解析_病例1,现代临床
五倍子泻心汤加减,方剂组成药材,黄芩6g,儿科病名医验案解析,儿科病名医验案解析_病例1,现代临床
五倍子泻心汤加减,方剂组成药材,大黄6g,儿科病名医验案解析,儿科病名医验案解析_病例1,现代临床
五倍子泻心汤加减,方剂组成药材,薄荷3g,儿科病名医验案解析,儿科病名医验案解析_病例1,现代临床
五倍子,药材具有功效,清泻心脾积热,儿科病名医验案解析,儿科病名医验案解析_病例1,现代临床
黄连,药材具有功效,清泻心脾积热,儿科病名医验案解析,儿科病名医验案解析_病例1,现代临床
黄芩,药材具有功效,清泻心脾积热,儿科病名医验案解析,儿科病名医验案解析_病例1,现代临床
大黄,药材具有功效,清泻心脾积热,儿科病名医验案解析,儿科病名医验案解析_病例1,现代临床
薄荷,药材具有功效,清泻心脾积热,儿科病名医验案解析,儿科病名医验案解析_病例1,现代临床
口疮,归属于经典,素问 至真 要大论,儿科病名医验案解析,儿科病名医验案解析_病例1,现代临床
口疮,归属于经典,诸病源候论 口疮候,儿科病名医验案解析,儿科病名医验案解析_病例1,现代临床
口疮,归属于经典,幼幼集成,儿科病名医验案解析,儿科病名医验案解析_病例1,现代临床
汪受传,名医经验总结,本案患儿有过食炙博病史，脾胃受损，积滞内停，郁而化热。积滞郁热阻滞中焦，气机不畅，不通则痛，故发胃脘痛。治疗关键在于泻脾清胃，化郁热，消食化滞，理气机。方中川黄连、连翘、黄芩、知母清胃泻脾化郁热；半夏、厚朴、菜菔子、陈皮、炒山楂消积化滞，理气畅中；薄荷辛散，为火郁发之之意。方中清胃热，用知母不用生石膏，取其清热而护阴之性；黄芩用炒不用生，弃其苦寒之性，留其清热之功。因小儿为稚阴稚阳之体，脾常不足，用药过苦寒易伤脾胃，伤阴液，体现了时时注意顾护小儿正气的重要性。,儿科病名医验案解析,儿科病名医验案解析_病例1,现代临床
汪受传,名医经验总结,治疗中渐将药方转为甘淡，治以健脾利湿升清，清补兼施，用药旨在清降不伤脾胃之阳，升散能解伏积之火，使虚者得补，实者得泻，则症消病愈。,儿科病名医验案解析,儿科病名医验案解析_病例1,现代临床
口疮,疾病表现症状,发热,儿科病名医验案解析,儿科病名医验案解析_病例1,现代临床
口疮,疾病表现症状,拒食,儿科病名医验案解析,儿科病名医验案解析_病例1,现代临床
口疮,疾病表现症状,口臭,儿科病名医验案解析,儿科病名医验案解析_病例1,现代临床
口疮,疾病表现症状,流涎,儿科病名医验案解析,儿科病名医验案解析_病例1,现代临床
口疮,疾病表现症状,烦躁不安,儿科病名医验案解析,儿科病名医验案解析_病例1,现代临床
口疮,疾病表现症状,睡眠不宁,儿科病名医验案解析,儿科病名医验案解析_病例1,现代临床
口疮,疾病表现症状,小便量少色黄,儿科病名医验案解析,儿科病名医验案解析_病例1,现代临床
口疮,疾病导致舌象,舌面、齿龈及唇内可见数个米粒及豆粒大小的溃疡,儿科病名医验案解析,儿科病名医验案解析_病例1,现代临床
口疮,疾病导致舌象,溃疡周围鲜红,儿科病名医验案解析,儿科病名医验案解析_病例1,现代临床
口疮,疾病导致舌象,表面均覆盖有灰白色假膜,儿科病名医验案解析,儿科病名医验案解析_病例1,现代临床
口疮,证候导致舌象,舌质色淡、体小,儿科病名医验案解析,儿科病名医验案解析_病例1,现代临床
口疮,证候导致舌象,苔薄白滑润,儿科病名医验案解析,儿科病名医验案解析_病例1,现代临床
口疮,证候导致脉象,脉细而缓,儿科病名医验案解析,儿科病名医验案解析_病例1,现代临床
口疮,证候导致舌象,舌质红,儿科病名医验案解析,儿科病名医验案解析_病例1,现代临床
口疮,证候导致舌象,苔黄厚,儿科病名医验案解析,儿科病名医验案解析_病例1,现代临床
口疮,证候导致脉象,脉弦数,儿科病名医验案解析,儿科病名医验案解析_病例1,现代临床
口疮,证候导致舌象,舌质红,儿科病名医验案解析,儿科病名医验案解析_病例1,现代临床
口疮,证候导致舌象,苔黄腻,儿科病名医验案解析,儿科病名医验案解析_病例1,现代临床
口疮,证候导致脉象,脉实有力,儿科病名医验案解析,儿科病名医验案解析_病例1,现代临床
口疮,综合辨证证候,心脾积热,儿科病名医验案解析,儿科病名医验案解析_病例1,现代临床
口疮,综合辨证证候,心肾不交，命门火动,儿科病名医验案解析,儿科病名医验案解析_病例1,现代临床
口疮,综合辨证证候,心脾热毒，循径上攻,儿科病名医验案解析,儿科病名医验案解析_病例1,现代临床
口疮,综合辨证证候,热毒壅盛,儿科病名医验案解析,儿科病名医验案解析_病例1,现代临床
心脾积热,证候采用方剂,五倍子泻心汤加减,儿科病名医验案解析,儿科病名医验案解析_病例1,现代临床
五倍子泻心汤加减,方剂组成药材,五倍子,儿科病名医验案解析,儿科病名医验案解析_病例1,现代临床
五倍子泻心汤加减,方剂组成药材,黄连,儿科病名医验案解析,儿科病名医验案解析_病例1,现代临床
五倍子泻心汤加减,方剂组成药材,黄芩,儿科病名医验案解析,儿科病名医验案解析_病例1,现代临床
五倍子泻心汤加减,方剂组成药材,大黄,儿科病名医验案解析,儿科病名医验案解析_病例1,现代临床
五倍子泻心汤加减,方剂组成药材,薄荷,儿科病名医验案解析,儿科病名医验案解析_病例1,现代临床
大黄,药材具有功效,清心火、泻胃热、通大便,儿科病名医验案解析,儿科病名医验案解析_病例1,现代临床
黄连,药材具有功效,泻心肺之积火,儿科病名医验案解析,儿科病名医验案解析_病例1,现代临床
黄芩,药材具有功效,解上焦之烦热,儿科病名医验案解析,儿科病名医验案解析_病例1,现代临床
薄荷,药材具有功效,辟秽解毒、疏散风热、镇痛利咽,儿科病名医验案解析,儿科病名医验案解析_病例1,现代临床
五倍子,药材具有功效,抗菌消炎、收敛止痛,儿科病名医验案解析,儿科病名医验案解析_病例1,现代临床
心肾不交，命门火动,证候采用方剂,沙参麦门冬汤加减,儿科病名医验案解析,儿科病名医验案解析_病例1,现代临床
沙参麦门冬汤加减,方剂组成药材,肉桂,儿科病名医验案解析,儿科病名医验案解析_病例1,现代临床
沙参麦门冬汤加减,方剂组成药材,黄连,儿科病名医验案解析,儿科病名医验案解析_病例1,现代临床
沙参麦门冬汤加减,方剂组成药材,沙参,儿科病名医验案解析,儿科病名医验案解析_病例1,现代临床
沙参麦门冬汤加减,方剂组成药材,玄参,儿科病名医验案解析,儿科病名医验案解析_病例1,现代临床
沙参麦门冬汤加减,方剂组成药材,黄芪,儿科病名医验案解析,儿科病名医验案解析_病例1,现代临床
沙参麦门冬汤加减,方剂组成药材,枳壳,儿科病名医验案解析,儿科病名医验案解析_病例1,现代临床
沙参麦门冬汤加减,方剂组成药材,白术,儿科病名医验案解析,儿科病名医验案解析_病例1,现代临床
沙参麦门冬汤加减,方剂组成药材,生地黄,儿科病名医验案解析,儿科病名医验案解析_病例1,现代临床
沙参麦门冬汤加减,方剂组成药材,熟地黄,儿科病名医验案解析,儿科病名医验案解析_病例1,现代临床
沙参麦门冬汤加减,方剂组成药材,天冬,儿科病名医验案解析,儿科病名医验案解析_病例1,现代临床
沙参麦门冬汤加减,方剂组成药材,麦冬,儿科病名医验案解析,儿科病名医验案解析_病例1,现代临床
沙参麦门冬汤加减,方剂组成药材,石斛,儿科病名医验案解析,儿科病名医验案解析_病例1,现代临床
沙参麦门冬汤加减,方剂组成药材,茵陈,儿科病名医验案解析,儿科病名医验案解析_病例1,现代临床
心脾热毒，循径上攻,证候采用方剂,导赤散加减,儿科病名医验案解析,儿科病名医验案解析_病例1,现代临床
导赤散加减,方剂组成药材,生地黄,儿科病名医验案解析,儿科病名医验案解析_病例1,现代临床
导赤散加减,方剂组成药材,淡竹叶,儿科病名医验案解析,儿科病名医验案解析_病例1,现代临床
导赤散加减,方剂组成药材,木通,儿科病名医验案解析,儿科病名医验案解析_病例1,现代临床
导赤散加减,方剂组成药材,甘草梢,儿科病名医验案解析,儿科病名医验案解析_病例1,现代临床
导赤散加减,方剂组成药材,黄连,儿科病名医验案解析,儿科病名医验案解析_病例1,现代临床
导赤散加减,方剂组成药材,黄芩,儿科病名医验案解析,儿科病名医验案解析_病例1,现代临床
导赤散加减,方剂组成药材,栀子,儿科病名医验案解析,儿科病名医验案解析_病例1,现代临床
热毒壅盛,证候采用方剂,清热泻脾散加味,儿科病名医验案解析,儿科病名医验案解析_病例1,现代临床
清热泻脾散加味,方剂组成药材,生地黄,儿科病名医验案解析,儿科病名医验案解析_病例1,现代临床
清热泻脾散加味,方剂组成药材,赤茯苓,儿科病名医验案解析,儿科病名医验案解析_病例1,现代临床
清热泻脾散加味,方剂组成药材,山栀子,儿科病名医验案解析,儿科病名医验案解析_病例1,现代临床
清热泻脾散加味,方剂组成药材,灯心草,儿科病名医验案解析,儿科病名医验案解析_病例1,现代临床
清热泻脾散加味,方剂组成药材,黄连,儿科病名医验案解析,儿科病名医验案解析_病例1,现代临床
清热泻脾散加味,方剂组成药材,生石膏,儿科病名医验案解析,儿科病名医验案解析_病例1,现代临床
清热泻脾散加味,方剂组成药材,瓜蒌仁,儿科病名医验案解析,儿科病名医验案解析_病例1,现代临床
清热泻脾散加味,方剂组成药材,金银花,儿科病名医验案解析,儿科病名医验案解析_病例1,现代临床
清热泻脾散加味,方剂组成药材,黄芩,儿科病名医验案解析,儿科病名医验案解析_病例1,现代临床
清热泻脾散加味,方剂组成药材,连翘,儿科病名医验案解析,儿科病名医验案解析_病例1,现代临床
鹅口疮,疾病表现症状,口腔布满白屑,儿科病名医验案解析,儿科病名医验案解析_病例1,现代临床
鹅口疮,疾病表现症状,大便干燥,儿科病名医验案解析,儿科病名医验案解析_病例1,现代临床
鹅口疮,疾病表现症状,小便短黄,儿科病名医验案解析,儿科病名医验案解析_病例1,现代临床
鹅口疮,疾病表现症状,面赤,儿科病名医验案解析,儿科病名医验案解析_病例1,现代临床
鹅口疮,疾病表现症状,唇红,儿科病名医验案解析,儿科病名医验案解析_病例1,现代临床
鹅口疮,疾病导致舌象,舌上白屑密布,儿科病名医验案解析,儿科病名医验案解析_病例1,现代临床
鹅口疮,疾病导致舌象,牙龈及两颊内侧黏膜上白屑密布,儿科病名医验案解析,儿科病名医验案解析_病例1,现代临床
热毒壅盛,证候导致舌象,口腔、舌上、牙龈及两颊内侧黏膜上白屑叠叠肿起,儿科病名医验案解析,儿科病名医验案解析_病例1,现代临床
热毒壅盛,证候导致舌象,舌质红,儿科病名医验案解析,儿科病名医验案解析_病例1,现代临床
热毒壅盛,证候导致脉象,脉数,儿科病名医验案解析,儿科病名医验案解析_病例1,现代临床
热毒壅盛,证候导致舌象,舌面、两颊、上腭溃疡融合成片,儿科病名医验案解析,儿科病名医验案解析_病例1,现代临床
热毒壅盛,症状伴随症状,烦躁啼哭,儿科病名医验案解析,儿科病名医验案解析_病例1,现代临床
热毒壅盛,症状伴随症状,小便短黄,儿科病名医验案解析,儿科病名医验案解析_病例1,现代临床
热毒壅盛,症状伴随症状,大便干燥,儿科病名医验案解析,儿科病名医验案解析_病例1,现代临床
热毒壅盛,症状伴随症状,面赤唇红,儿科病名医验案解析,儿科病名医验案解析_病例1,现代临床
热毒壅盛,症状辨证证候,心火炽盛,儿科病名医验案解析,儿科病名医验案解析_病例1,现代临床
热毒壅盛,证候采用方剂,清热泻脾散加味,儿科病名医验案解析,儿科病名医验案解析_病例1,现代临床
清热泻脾散加味,方剂组成药材,黄芩,儿科病名医验案解析,儿科病名医验案解析_病例1,现代临床
清热泻脾散加味,方剂组成药材,黄连,儿科病名医验案解析,儿科病名医验案解析_病例1,现代临床
清热泻脾散加味,方剂组成药材,栀子,儿科病名医验案解析,儿科病名医验案解析_病例1,现代临床
清热泻脾散加味,方剂组成药材,生地黄,儿科病名医验案解析,儿科病名医验案解析_病例1,现代临床
黄芩,药材具有功效,清心火,儿科病名医验案解析,儿科病名医验案解析_病例1,现代临床
黄连,药材具有功效,清心火,儿科病名医验案解析,儿科病名医验案解析_病例1,现代临床
栀子,药材具有功效,清心火,儿科病名医验案解析,儿科病名医验案解析_病例1,现代临床
小儿厌食,疾病表现症状,食欲减退,儿科病名医验案解析,儿科病名医验案解析_病例1,现代临床
小儿厌食,疾病表现症状,食量明显少于同龄儿童,儿科病名医验案解析,儿科病名医验案解析_病例1,现代临床
小儿厌食,疾病表现症状,恶心呕吐,儿科病名医验案解析,儿科病名医验案解析_病例1,现代临床
小儿厌食,疾病表现症状,食后腹胀,儿科病名医验案解析,儿科病名医验案解析_病例1,现代临床
小儿厌食,疾病表现症状,体弱消瘦,儿科病名医验案解析,儿科病名医验案解析_病例1,现代临床
小儿厌食,疾病表现症状,大便偏干或偏稀,儿科病名医验案解析,儿科病名医验案解析_病例1,现代临床
脾虚胃弱,证候导致舌象,舌质红,儿科病名医验案解析,儿科病名医验案解析_病例1,现代临床
脾虚胃弱,证候导致舌象,苔黄腻,儿科病名医验案解析,儿科病名医验案解析_病例1,现代临床
脾虚胃弱,证候导致脉象,脉沉细,儿科病名医验案解析,儿科病名医验案解析_病例1,现代临床
寒邪客胃,证候导致舌象,舌苔薄,儿科病名医验案解析,儿科病名医验案解析_病例1,现代临床
寒邪客胃,证候导致脉象,脉沉细,儿科病名医验案解析,儿科病名医验案解析_病例1,现代临床
寒邪客胃,症状辨证证候,中阳受损,儿科病名医验案解析,儿科病名医验案解析_病例1,现代临床
寒邪客胃,证候采用方剂,温胃汤,儿科病名医验案解析,儿科病名医验案解析_病例1,现代临床
温胃汤,方剂组成药材,太子参,儿科病名医验案解析,儿科病名医验案解析_病例1,现代临床
温胃汤,方剂组成药材,茯苓,儿科病名医验案解析,儿科病名医验案解析_病例1,现代临床
温胃汤,方剂组成药材,苍术,儿科病名医验案解析,儿科病名医验案解析_病例1,现代临床
温胃汤,方剂组成药材,白豆蔻,儿科病名医验案解析,儿科病名医验案解析_病例1,现代临床
温胃汤,方剂组成药材,生姜,儿科病名医验案解析,儿科病名医验案解析_病例1,现代临床
温胃汤,方剂组成药材,陈皮,儿科病名医验案解析,儿科病名医验案解析_病例1,现代临床
温胃汤,方剂组成药材,大枣,儿科病名医验案解析,儿科病名医验案解析_病例1,现代临床
厌食,疾病表现症状,少食纳差,儿科病名医验案解析,儿科病名医验案解析_病例1,现代临床
厌食,疾病表现症状,脘部作胀不适,儿科病名医验案解析,儿科病名医验案解析_病例1,现代临床
厌食,疾病表现症状,时有吞酸,儿科病名医验案解析,儿科病名医验案解析_病例1,现代临床
厌食,疾病导致舌象,舌苔薄,儿科病名医验案解析,儿科病名医验案解析_病例1,现代临床
寒邪客胃,证候导致舌象,舌质淡,儿科病名医验案解析,儿科病名医验案解析_病例1,现代临床
寒邪客胃,证候导致舌象,苔白,儿科病名医验案解析,儿科病名医验案解析_病例1,现代临床
厌食,证候采用方剂,温胃汤,儿科病名医验案解析,儿科病名医验案解析_病例1,现代临床
温胃汤,方剂组成药材,太子参,儿科病名医验案解析,儿科病名医验案解析_病例1,现代临床
温胃汤,方剂组成药材,茯苓,儿科病名医验案解析,儿科病名医验案解析_病例1,现代临床
温胃汤,方剂组成药材,苍术,儿科病名医验案解析,儿科病名医验案解析_病例1,现代临床
厌食,疾病表现症状,不欲饮食,儿科病名医验案解析,儿科病名医验案解析_病例1,现代临床
厌食,疾病表现症状,口中异味,儿科病名医验案解析,儿科病名医验案解析_病例1,现代临床
厌食,疾病表现症状,面红,儿科病名医验案解析,儿科病名医验案解析_病例1,现代临床
厌食,疾病表现症状,急躁,儿科病名医验案解析,儿科病名医验案解析_病例1,现代临床
厌食,疾病表现症状,腹部自觉发胀,儿科病名医验案解析,儿科病名医验案解析_病例1,现代临床
厌食,疾病表现症状,多矢气,儿科病名医验案解析,儿科病名医验案解析_病例1,现代临床
肝胃不和,证候导致舌象,舌质红,儿科病名医验案解析,儿科病名医验案解析_病例1,现代临床
肝胃不和,证候导致舌象,苔黄,儿科病名医验案解析,儿科病名医验案解析_病例1,现代临床
厌食,疾病导致脉象,脉数,儿科病名医验案解析,儿科病名医验案解析_病例1,现代临床
厌食,证候采用方剂,平肝和胃降逆方,儿科病名医验案解析,儿科病名医验案解析_病例1,现代临床
平肝和胃降逆方,方剂组成药材,太子参,儿科病名医验案解析,儿科病名医验案解析_病例1,现代临床
平肝和胃降逆方,方剂组成药材,生石决明,儿科病名医验案解析,儿科病名医验案解析_病例1,现代临床
食滞脾胃,证候导致舌象,舌苔厚腻,儿科病名医验案解析,儿科病名医验案解析_病例1,现代临床
厌食,疾病表现症状,常诉不饥,儿科病名医验案解析,儿科病名医验案解析_病例1,现代临床
厌食,疾病表现症状,胃脘作胀,儿科病名医验案解析,儿科病名医验案解析_病例1,现代临床
厌食,疾病表现症状,面色黄而少华,儿科病名医验案解析,儿科病名医验案解析_病例1,现代临床
厌食,证候采用方剂,健脾消食方,儿科病名医验案解析,儿科病名医验案解析_病例1,现代临床
健脾消食方,方剂组成药材,苍术,儿科病名医验案解析,儿科病名医验案解析_病例1,现代临床
健脾消食方,方剂组成药材,厚朴,儿科病名医验案解析,儿科病名医验案解析_病例1,现代临床
厌食,疾病表现症状,纳差3个月,儿科病名医验案解析,儿科病名医验案解析_病例1,现代临床
厌食,疾病表现症状,食少饮多,儿科病名医验案解析,儿科病名医验案解析_病例1,现代临床
厌食,疾病表现症状,大便干结,儿科病名医验案解析,儿科病名医验案解析_病例1,现代临床
厌食,疾病表现症状,小便短赤,儿科病名医验案解析,儿科病名医验案解析_病例1,现代临床
厌食,疾病导致舌象,舌质红,儿科病名医验案解析,儿科病名医验案解析_病例1,现代临床
厌食,疾病导致舌象,少津,儿科病名医验案解析,儿科病名医验案解析_病例1,现代临床
厌食,疾病导致舌象,无苔,儿科病名医验案解析,儿科病名医验案解析_病例1,现代临床
厌食,证候采用方剂,养胃合剂,儿科病名医验案解析,儿科病名医验案解析_病例1,现代临床
养胃合剂,方剂组成药材,乌梅,儿科病名医验案解析,儿科病名医验案解析_病例1,现代临床
厌食,疾病表现症状,纳呆伴恶心,儿科病名医验案解析,儿科病名医验案解析_病例1,现代临床
厌食,疾病表现症状,厌食油腻,儿科病名医验案解析,儿科病名医验案解析_病例1,现代临床
厌食,疾病表现症状,腹胀,儿科病名医验案解析,儿科病名医验案解析_病例1,现代临床
厌食,疾病表现症状,大便不调,儿科病名医验案解析,儿科病名医验案解析_病例1,现代临床
食积型厌食,证候导致舌象,舌质淡红,儿科病名医验案解析,儿科病名医验案解析_病例1,现代临床
食积型厌食,证候导致舌象,苔白,儿科病名医验案解析,儿科病名医验案解析_病例1,现代临床
厌食,疾病导致脉象,脉滑数,儿科病名医验案解析,儿科病名医验案解析_病例1,现代临床
厌食,证候采用方剂,和胃消食方,儿科病名医验案解析,儿科病名医验案解析_病例1,现代临床
和胃消食方,方剂组成药材,焦山楂,儿科病名医验案解析,儿科病名医验案解析_病例1,现代临床
和胃消食方,方剂组成药材,焦麦芽,儿科病名医验案解析,儿科病名医验案解析_病例1,现代临床
纳差,疾病表现症状,嗳气多,儿科病名医验案解析,儿科病名医验案解析_病例1,现代临床
纳差,疾病表现症状,食后易吐,儿科病名医验案解析,儿科病名医验案解析_病例1,现代临床
纳差,疾病表现症状,咽干易咳,儿科病名医验案解析,儿科病名医验案解析_病例1,现代临床
纳差,疾病表现症状,大便欠调,儿科病名医验案解析,儿科病名医验案解析_病例1,现代临床
肺脾失调,证候导致舌象,苔薄白,儿科病名医验案解析,儿科病名医验案解析_病例1,现代临床
厌食,证候采用方剂,半夏厚朴枳术汤加减,儿科病名医验案解析,儿科病名医验案解析_病例1,现代临床
半夏厚朴枳术汤加减,方剂组成药材,厚朴,儿科病名医验案解析,儿科病名医验案解析_病例1,现代临床
半夏厚朴枳术汤加减,方剂组成药材,半夏,儿科病名医验案解析,儿科病名医验案解析_病例1,现代临床
半夏厚朴枳术汤加减,方剂组成药材,紫苏梗,儿科病名医验案解析,儿科病名医验案解析_病例1,现代临床
半夏厚朴枳术汤加减,方剂组成药材,枳壳,儿科病名医验案解析,儿科病名医验案解析_病例1,现代临床
半夏厚朴枳术汤加减,方剂组成药材,白术,儿科病名医验案解析,儿科病名医验案解析_病例1,现代临床
半夏厚朴枳术汤加减,方剂组成药材,神曲,儿科病名医验案解析,儿科病名医验案解析_病例1,现代临床
半夏厚朴枳术汤加减,方剂组成药材,莱菔子,儿科病名医验案解析,儿科病名医验案解析_病例1,现代临床
半夏厚朴枳术汤加减,方剂组成药材,连翘,儿科病名医验案解析,儿科病名医验案解析_病例1,现代临床
半夏厚朴枳术汤加减,方剂组成药材,菊花,儿科病名医验案解析,儿科病名医验案解析_病例1,现代临床
半夏厚朴枳术汤加减,方剂组成药材,黄芩,儿科病名医验案解析,儿科病名医验案解析_病例1,现代临床
半夏厚朴枳术汤加减,方剂组成药材,玄参,儿科病名医验案解析,儿科病名医验案解析_病例1,现代临床
半夏厚朴枳术汤加减,方剂组成药材,甘草,儿科病名医验案解析,儿科病名医验案解析_病例1,现代临床
小儿厌食,症状伴随症状,食少,儿科病名医验案解析,儿科病名医验案解析_病例1,现代临床
小儿厌食,症状伴随症状,皮肤干燥,儿科病名医验案解析,儿科病名医验案解析_病例1,现代临床
小儿厌食,症状伴随症状,大便干结,儿科病名医验案解析,儿科病名医验案解析_病例1,现代临床
小儿厌食,症状伴随症状,夜眠差,儿科病名医验案解析,儿科病名医验案解析_病例1,现代临床
小儿厌食,症状伴随症状,出汗多,儿科病名医验案解析,儿科病名医验案解析_病例1,现代临床
小儿厌食,症状伴随症状,生长发育缓慢,儿科病名医验案解析,儿科病名医验案解析_病例1,现代临床
小儿厌食,舌象表现特征,舌质淡红,儿科病名医验案解析,儿科病名医验案解析_病例1,现代临床
小儿厌食,舌象表现特征,苔薄白,儿科病名医验案解析,儿科病名医验案解析_病例1,现代临床
小儿厌食,脉象表现特征,脉平,儿科病名医验案解析,儿科病名医验案解析_病例1,现代临床
小儿厌食,证候导致舌象,气阴两虚,儿科病名医验案解析,儿科病名医验案解析_病例1,现代临床
小儿厌食,证候导致舌象,脾虚失运，湿热内蕴,儿科病名医验案解析,儿科病名医验案解析_病例1,现代临床
小儿厌食,综合辨证证候,脾胃气阴不足,儿科病名医验案解析,儿科病名医验案解析_病例1,现代临床
小儿厌食,综合辨证证候,脾失健运,儿科病名医验案解析,儿科病名医验案解析_病例1,现代临床
小儿厌食,综合辨证证候,气血生化失源,儿科病名医验案解析,儿科病名医验案解析_病例1,现代临床
小儿厌食,综合辨证证候,肝失濡养,儿科病名医验案解析,儿科病名医验案解析_病例1,现代临床
小儿厌食,综合辨证证候,虚风内动,儿科病名医验案解析,儿科病名医验案解析_病例1,现代临床
小儿厌食,证候采用方剂,参苓白术散加减,儿科病名医验案解析,儿科病名医验案解析_病例1,现代临床
参苓白术散加减,方剂组成药材,黄芪,儿科病名医验案解析,儿科病名医验案解析_病例1,现代临床
参苓白术散加减,方剂组成药材,白术,儿科病名医验案解析,儿科病名医验案解析_病例1,现代临床
参苓白术散加减,方剂组成药材,苍术,儿科病名医验案解析,儿科病名医验案解析_病例1,现代临床
参苓白术散加减,方剂组成药材,薏苡仁,儿科病名医验案解析,儿科病名医验案解析_病例1,现代临床
参苓白术散加减,方剂组成药材,白芍,儿科病名医验案解析,儿科病名医验案解析_病例1,现代临床
参苓白术散加减,方剂组成药材,乌梅,儿科病名医验案解析,儿科病名医验案解析_病例1,现代临床
参苓白术散加减,方剂组成药材,茯苓,儿科病名医验案解析,儿科病名医验案解析_病例1,现代临床
参苓白术散加减,方剂组成药材,山药,儿科病名医验案解析,儿科病名医验案解析_病例1,现代临床
参苓白术散加减,方剂组成药材,建神曲,儿科病名医验案解析,儿科病名医验案解析_病例1,现代临床
参苓白术散加减,方剂组成药材,谷芽,儿科病名医验案解析,儿科病名医验案解析_病例1,现代临床
参苓白术散加减,方剂组成药材,麦芽,儿科病名医验案解析,儿科病名医验案解析_病例1,现代临床
参苓白术散加减,方剂组成药材,山楂,儿科病名医验案解析,儿科病名医验案解析_病例1,现代临床
参苓白术散加减,方剂组成药材,连翘,儿科病名医验案解析,儿科病名医验案解析_病例1,现代临床
黄芪,药材具有功效,健脾益气,儿科病名医验案解析,儿科病名医验案解析_病例1,现代临床
白术,药材具有功效,健脾助运,儿科病名医验案解析,儿科病名医验案解析_病例1,现代临床
苍术,药材具有功效,健脾除湿,儿科病名医验案解析,儿科病名医验案解析_病例1,现代临床
藿香,药材具有功效,化湿行气,儿科病名医验案解析,儿科病名医验案解析_病例1,现代临床
佩兰,药材具有功效,化湿行气,儿科病名医验案解析,儿科病名医验案解析_病例1,现代临床
陈皮,药材具有功效,化湿行气,儿科病名医验案解析,儿科病名医验案解析_病例1,现代临床
枳壳,药材具有功效,化湿行气,儿科病名医验案解析,儿科病名医验案解析_病例1,现代临床
党参,药材具有功效,益气健脾,儿科病名医验案解析,儿科病名医验案解析_病例1,现代临床
山药,药材具有功效,益气健脾,儿科病名医验案解析,儿科病名医验案解析_病例1,现代临床
甘草,药材具有功效,益气健脾,儿科病名医验案解析,儿科病名医验案解析_病例1,现代临床
大枣,药材具有功效,益气健脾,儿科病名医验案解析,儿科病名医验案解析_病例1,现代临床
焦三仙,药材具有功效,消食助运化,儿科病名医验案解析,儿科病名医验案解析_病例1,现代临床
助消散,药材具有功效,消食助运化,儿科病名医验案解析,儿科病名医验案解析_病例1,现代临床
生姜,药材具有功效,和胃止呕,儿科病名医验案解析,儿科病名医验案解析_病例1,现代临床
小儿厌食,名医经验总结,万力生,儿科病名医验案解析,儿科病名医验案解析_病例1,现代临床
小儿厌食,名医经验总结,贺兴东,儿科病名医验案解析,儿科病名医验案解析_病例1,现代临床
厌食,疾病表现症状,食欲差,儿科病名医验案解析,儿科病名医验案解析_病例1,现代临床
厌食,疾病表现症状,体重下降,儿科病名医验案解析,儿科病名医验案解析_病例1,现代临床
厌食,疾病表现症状,喜饮,儿科病名医验案解析,儿科病名医验案解析_病例1,现代临床
厌食,疾病表现症状,小便黄,儿科病名医验案解析,儿科病名医验案解析_病例1,现代临床
厌食,疾病表现症状,大便干,儿科病名医验案解析,儿科病名医验案解析_病例1,现代临床
厌食,疾病表现症状,易急,儿科病名医验案解析,儿科病名医验案解析_病例1,现代临床
厌食,疾病表现症状,易怒,儿科病名医验案解析,儿科病名医验案解析_病例1,现代临床
厌食,疾病表现症状,睡眠不实,儿科病名医验案解析,儿科病名医验案解析_病例1,现代临床
厌食,疾病表现症状,多梦,儿科病名医验案解析,儿科病名医验案解析_病例1,现代临床
厌食,疾病导致舌象,舌质淡红,儿科病名医验案解析,儿科病名医验案解析_病例1,现代临床
厌食,疾病导致舌象,苔少,儿科病名医验案解析,儿科病名医验案解析_病例1,现代临床
厌食,疾病导致脉象,脉象沉细无力,儿科病名医验案解析,儿科病名医验案解析_病例1,现代临床
厌食,症状伴随症状,拒食,儿科病名医验案解析,儿科病名医验案解析_病例1,现代临床
厌食,症状伴随症状,食后腹部不适,儿科病名医验案解析,儿科病名医验案解析_病例1,现代临床
厌食,症状伴随症状,恶心,儿科病名医验案解析,儿科病名医验案解析_病例1,现代临床
厌食,症状伴随症状,干呕,儿科病名医验案解析,儿科病名医验案解析_病例1,现代临床
厌食,症状伴随症状,腹部胀满,儿科病名医验案解析,儿科病名医验案解析_病例1,现代临床
厌食,症状伴随症状,疼痛,儿科病名医验案解析,儿科病名医验案解析_病例1,现代临床
厌食,症状伴随症状,打嗝,儿科病名医验案解析,儿科病名医验案解析_病例1,现代临床
厌食,症状伴随症状,精神倦怠,儿科病名医验案解析,儿科病名医验案解析_病例1,现代临床
厌食,症状伴随症状,乏力,儿科病名医验案解析,儿科病名医验案解析_病例1,现代临床
厌食,症状伴随症状,郁郁寡欢,儿科病名医验案解析,儿科病名医验案解析_病例1,现代临床
厌食,症状伴随症状,夜寐多梦,儿科病名医验案解析,儿科病名医验案解析_病例1,现代临床
厌食,症状伴随症状,月经近3个月未行,儿科病名医验案解析,儿科病名医验案解析_病例1,现代临床
厌食,证候导致舌象,舌质红,儿科病名医验案解析,儿科病名医验案解析_病例1,现代临床
厌食,证候导致舌象,苔白略黄,儿科病名医验案解析,儿科病名医验案解析_病例1,现代临床
厌食,证候导致脉象,脉沉缓,儿科病名医验案解析,儿科病名医验案解析_病例1,现代临床
厌食,综合辨证证候,脾气虚弱，运化无力,儿科病名医验案解析,儿科病名医验案解析_病例1,现代临床
厌食,综合辨证证候,脾胃气虚，肝胃不和,儿科病名医验案解析,儿科病名医验案解析_病例1,现代临床
厌食,证候采用方剂,养胃增液汤加减,儿科病名医验案解析,儿科病名医验案解析_病例1,现代临床
厌食,证候采用方剂,健脾和胃，疏肝解郁方,儿科病名医验案解析,儿科病名医验案解析_病例1,现代临床
呕吐,疾病表现症状,恶心泛恶,儿科病名医验案解析,儿科病名医验案解析_病例1,现代临床
呕吐,疾病表现症状,呕吐,儿科病名医验案解析,儿科病名医验案解析_病例1,现代临床
呕吐,疾病表现症状,口渴喜饮,儿科病名医验案解析,儿科病名医验案解析_病例1,现代临床
呕吐,疾病表现症状,唇干面赤,儿科病名医验案解析,儿科病名医验案解析_病例1,现代临床
呕吐,疾病表现症状,烦躁不休,儿科病名医验案解析,儿科病名医验案解析_病例1,现代临床
呕吐,疾病表现症状,大便秘结,儿科病名医验案解析,儿科病名医验案解析_病例1,现代临床
呕吐,疾病表现症状,小便黄少,儿科病名医验案解析,儿科病名医验案解析_病例1,现代临床
呕吐,疾病导致舌象,舌红,儿科病名医验案解析,儿科病名医验案解析_病例1,现代临床
呕吐,疾病导致舌象,苔黄腻厚,儿科病名医验案解析,儿科病名医验案解析_病例1,现代临床
呕吐,疾病导致脉象,脉滑数,儿科病名医验案解析,儿科病名医验案解析_病例1,现代临床
呕吐,综合辨证证候,食滞中阻，脾胃蕴热,儿科病名医验案解析,儿科病名医验案解析_病例1,现代临床
呕吐,证候采用方剂,黄连汤合温胆汤加味,儿科病名医验案解析,儿科病名医验案解析_病例1,现代临床
健脾和胃，疏肝解郁方,方剂组成药材,生麦芽,儿科病名医验案解析,儿科病名医验案解析_病例1,现代临床
健脾和胃，疏肝解郁方,方剂组成药材,厚朴,儿科病名医验案解析,儿科病名医验案解析_病例1,现代临床
健脾和胃，疏肝解郁方,方剂组成药材,神曲,儿科病名医验案解析,儿科病名医验案解析_病例1,现代临床
健脾和胃，疏肝解郁方,方剂组成药材,生谷芽,儿科病名医验案解析,儿科病名医验案解析_病例1,现代临床
健脾和胃，疏肝解郁方,方剂组成药材,生稻芽,儿科病名医验案解析,儿科病名医验案解析_病例1,现代临床
健脾和胃，疏肝解郁方,方剂组成药材,草豆蔻,儿科病名医验案解析,儿科病名医验案解析_病例1,现代临床
健脾和胃，疏肝解郁方,方剂组成药材,砂仁,儿科病名医验案解析,儿科病名医验案解析_病例1,现代临床
健脾和胃，疏肝解郁方,方剂组成药材,鸡内金,儿科病名医验案解析,儿科病名医验案解析_病例1,现代临床
健脾和胃，疏肝解郁方,方剂组成药材,石斛,儿科病名医验案解析,儿科病名医验案解析_病例1,现代临床
健脾和胃，疏肝解郁方,方剂组成药材,合欢花,儿科病名医验案解析,儿科病名医验案解析_病例1,现代临床
健脾和胃，疏肝解郁方,方剂组成药材,香橼,儿科病名医验案解析,儿科病名医验案解析_病例1,现代临床
健脾和胃，疏肝解郁方,方剂组成药材,佛手,儿科病名医验案解析,儿科病名医验案解析_病例1,现代临床
健脾和胃，疏肝解郁方,方剂组成药材,瓜蒌,儿科病名医验案解析,儿科病名医验案解析_病例1,现代临床
健脾和胃，疏肝解郁方,方剂组成药材,焦山楂,儿科病名医验案解析,儿科病名医验案解析_病例1,现代临床
黄连汤合温胆汤加味,方剂组成药材,藿香,儿科病名医验案解析,儿科病名医验案解析_病例1,现代临床
黄连汤合温胆汤加味,方剂组成药材,黄连,儿科病名医验案解析,儿科病名医验案解析_病例1,现代临床
黄连汤合温胆汤加味,方剂组成药材,大腹皮,儿科病名医验案解析,儿科病名医验案解析_病例1,现代临床
黄连汤合温胆汤加味,方剂组成药材,法半夏,儿科病名医验案解析,儿科病名医验案解析_病例1,现代临床
黄连汤合温胆汤加味,方剂组成药材,甘草,儿科病名医验案解析,儿科病名医验案解析_病例1,现代临床
黄连汤合温胆汤加味,方剂组成药材,胆南星,儿科病名医验案解析,儿科病名医验案解析_病例1,现代临床
黄连汤合温胆汤加味,方剂组成药材,竹茹,儿科病名医验案解析,儿科病名医验案解析_病例1,现代临床
黄连汤合温胆汤加味,方剂组成药材,枳实,儿科病名医验案解析,儿科病名医验案解析_病例1,现代临床
黄连汤合温胆汤加味,方剂组成药材,茯苓,儿科病名医验案解析,儿科病名医验案解析_病例1,现代临床
黄连汤合温胆汤加味,方剂组成药材,大黄,儿科病名医验案解析,儿科病名医验案解析_病例1,现代临床
黄连汤合温胆汤加味,方剂组成药材,生姜,儿科病名医验案解析,儿科病名医验案解析_病例1,现代临床
健脾和胃，疏肝解郁方,药材具有功效,健脾和胃,儿科病名医验案解析,儿科病名医验案解析_病例1,现代临床
健脾和胃，疏肝解郁方,药材具有功效,疏肝解郁,儿科病名医验案解析,儿科病名医验案解析_病例1,现代临床
黄连汤合温胆汤加味,药材具有功效,清热和胃,儿科病名医验案解析,儿科病名医验案解析_病例1,现代临床
黄连汤合温胆汤加味,药材具有功效,健脾止呕,儿科病名医验案解析,儿科病名医验案解析_病例1,现代临床
急性胃炎,疾病表现症状,呕吐,儿科病名医验案解析,儿科病名医验案解析_病例1,现代临床
急性胃炎,疾病表现症状,发热,儿科病名医验案解析,儿科病名医验案解析_病例1,现代临床
周期性呕吐,疾病表现症状,反复呕吐,儿科病名医验案解析,儿科病名医验案解析_病例1,现代临床
周期性呕吐,症状伴随症状,面色青黄,儿科病名医验案解析,儿科病名医验案解析_病例1,现代临床
周期性呕吐,症状伴随症状,性情急躁,儿科病名医验案解析,儿科病名医验案解析_病例1,现代临床
周期性呕吐,症状伴随症状,身体消瘦,儿科病名医验案解析,儿科病名医验案解析_病例1,现代临床
周期性呕吐,症状伴随症状,大便偏干,儿科病名医验案解析,儿科病名医验案解析_病例1,现代临床
周期性呕吐,疾病导致舌象,舌质红,儿科病名医验案解析,儿科病名医验案解析_病例1,现代临床
周期性呕吐,疾病导致舌象,苔厚,儿科病名医验案解析,儿科病名医验案解析_病例1,现代临床
周期性呕吐,疾病导致脉象,脉滑数,儿科病名医验案解析,儿科病名医验案解析_病例1,现代临床
脾胃积热,证候导致舌象,舌质红,儿科病名医验案解析,儿科病名医验案解析_病例1,现代临床
脾胃积热,证候导致舌象,苔厚,儿科病名医验案解析,儿科病名医验案解析_病例1,现代临床
脾胃积热,证候导致脉象,脉滑数,儿科病名医验案解析,儿科病名医验案解析_病例1,现代临床
脾胃积热,证候采用方剂,升降散合黄连温胆汤加减,儿科病名医验案解析,儿科病名医验案解析_病例1,现代临床
呕吐,症状辨证证候,脾胃积热,儿科病名医验案解析,儿科病名医验案解析_病例1,现代临床
呕吐,症状辨证证候,升降失常,儿科病名医验案解析,儿科病名医验案解析_病例1,现代临床
脾阳不振,证候导致舌象,舌淡,儿科病名医验案解析,儿科病名医验案解析_病例1,现代临床
脾阳不振,证候导致舌象,苔白,儿科病名医验案解析,儿科病名医验案解析_病例1,现代临床
脾阳不振,证候导致脉象,脉细无力,儿科病名医验案解析,儿科病名医验案解析_病例1,现代临床
脾阳不振,证候采用方剂,温中散寒方,儿科病名医验案解析,儿科病名医验案解析_病例1,现代临床
痰结心下,证候导致舌象,舌苔白腻,儿科病名医验案解析,儿科病名医验案解析_病例1,现代临床
痰结心下,证候导致脉象,脉象弦滑,儿科病名医验案解析,儿科病名医验案解析_病例1,现代临床
痰结心下,证候采用方剂,小陷胸汤加减,儿科病名医验案解析,儿科病名医验案解析_病例1,现代临床
脾湿胃逆,证候导致舌象,舌淡润,儿科病名医验案解析,儿科病名医验案解析_病例1,现代临床
脾湿胃逆,证候导致舌象,苔白略腻,儿科病名医验案解析,儿科病名医验案解析_病例1,现代临床
脾湿胃逆,证候导致脉象,滑中微弦,儿科病名医验案解析,儿科病名医验案解析_病例1,现代临床
脾湿胃逆,证候采用方剂,悦脾汤,儿科病名医验案解析,儿科病名医验案解析_病例1,现代临床
脾湿胃寒,证候导致舌象,舌淡,儿科病名医验案解析,儿科病名医验案解析_病例1,现代临床
脾湿胃寒,证候导致舌象,舌体胖大、有齿痕,儿科病名医验案解析,儿科病名医验案解析_病例1,现代临床
脾湿胃寒,证候导致舌象,苔灰白厚腻,儿科病名医验案解析,儿科病名医验案解析_病例1,现代临床
脾湿胃寒,证候导致脉象,脉滑细弱,儿科病名医验案解析,儿科病名医验案解析_病例1,现代临床
脾湿胃寒,证候采用方剂,悦脾汤,儿科病名医验案解析,儿科病名医验案解析_病例1,现代临床
升降散合黄连温胆汤加减,方剂组成药材,蝉蜕,儿科病名医验案解析,儿科病名医验案解析_病例1,现代临床
升降散合黄连温胆汤加减,方剂组成药材,炒僵蚕,儿科病名医验案解析,儿科病名医验案解析_病例1,现代临床
升降散合黄连温胆汤加减,方剂组成药材,姜黄,儿科病名医验案解析,儿科病名医验案解析_病例1,现代临床
升降散合黄连温胆汤加减,方剂组成药材,生大黄,儿科病名医验案解析,儿科病名医验案解析_病例1,现代临床
升降散合黄连温胆汤加减,方剂组成药材,姜半夏,儿科病名医验案解析,儿科病名医验案解析_病例1,现代临床
升降散合黄连温胆汤加减,方剂组成药材,枳实,儿科病名医验案解析,儿科病名医验案解析_病例1,现代临床
升降散合黄连温胆汤加减,方剂组成药材,竹茹,儿科病名医验案解析,儿科病名医验案解析_病例1,现代临床
升降散合黄连温胆汤加减,方剂组成药材,陈皮,儿科病名医验案解析,儿科病名医验案解析_病例1,现代临床
升降散合黄连温胆汤加减,方剂组成药材,甘草,儿科病名医验案解析,儿科病名医验案解析_病例1,现代临床
升降散合黄连温胆汤加减,方剂组成药材,黄连,儿科病名医验案解析,儿科病名医验案解析_病例1,现代临床
升降散合黄连温胆汤加减,方剂组成药材,生姜,儿科病名医验案解析,儿科病名医验案解析_病例1,现代临床
小陷胸汤加减,方剂组成药材,瓜蒌,儿科病名医验案解析,儿科病名医验案解析_病例1,现代临床
小陷胸汤加减,方剂组成药材,川黄连,儿科病名医验案解析,儿科病名医验案解析_病例1,现代临床
小陷胸汤加减,方剂组成药材,半夏,儿科病名医验案解析,儿科病名医验案解析_病例1,现代临床
小陷胸汤加减,方剂组成药材,栀子炭,儿科病名医验案解析,儿科病名医验案解析_病例1,现代临床
小陷胸汤加减,方剂组成药材,荷梗,儿科病名医验案解析,儿科病名医验案解析_病例1,现代临床
小陷胸汤加减,方剂组成药材,竹茹,儿科病名医验案解析,儿科病名医验案解析_病例1,现代临床
悦脾汤,方剂组成药材,藿香,儿科病名医验案解析,儿科病名医验案解析_病例1,现代临床
悦脾汤,方剂组成药材,佩兰,儿科病名医验案解析,儿科病名医验案解析_病例1,现代临床
悦脾汤,方剂组成药材,紫苏梗,儿科病名医验案解析,儿科病名医验案解析_病例1,现代临床
悦脾汤,方剂组成药材,竹茹,儿科病名医验案解析,儿科病名医验案解析_病例1,现代临床
悦脾汤,方剂组成药材,佛手,儿科病名医验案解析,儿科病名医验案解析_病例1,现代临床
悦脾汤,方剂组成药材,焦槟榔,儿科病名医验案解析,儿科病名医验案解析_病例1,现代临床
悦脾汤,方剂组成药材,砂仁,儿科病名医验案解析,儿科病名医验案解析_病例1,现代临床
悦脾汤,方剂组成药材,姜半夏,儿科病名医验案解析,儿科病名医验案解析_病例1,现代临床
悦脾汤,方剂组成药材,橘皮,儿科病名医验案解析,儿科病名医验案解析_病例1,现代临床
悦脾汤,方剂组成药材,刀豆子,儿科病名医验案解析,儿科病名医验案解析_病例1,现代临床
悦脾汤,方剂组成药材,生姜,儿科病名医验案解析,儿科病名医验案解析_病例1,现代临床
温中散寒方,方剂组成药材,丁香,儿科病名医验案解析,儿科病名医验案解析_病例1,现代临床
温中散寒方,方剂组成药材,干姜,儿科病名医验案解析,儿科病名医验案解析_病例1,现代临床
温中散寒方,方剂组成药材,柿蒂,儿科病名医验案解析,儿科病名医验案解析_病例1,现代临床
温中散寒方,方剂组成药材,吴茱萸,儿科病名医验案解析,儿科病名医验案解析_病例1,现代临床
温中散寒方,方剂组成药材,党参,儿科病名医验案解析,儿科病名医验案解析_病例1,现代临床
温中散寒方,方剂组成药材,白术,儿科病名医验案解析,儿科病名医验案解析_病例1,现代临床
温中散寒方,方剂组成药材,甘草,儿科病名医验案解析,儿科病名医验案解析_病例1,现代临床
温中散寒方,方剂组成药材,附子,儿科病名医验案解析,儿科病名医验案解析_病例1,现代临床
温中散寒方,方剂组成药材,半夏,儿科病名医验案解析,儿科病名医验案解析_病例1,现代临床
温中散寒方,方剂组成药材,赭石,儿科病名医验案解析,儿科病名医验案解析_病例1,现代临床
悦脾汤,方剂组成药材,藿香,儿科病名医验案解析,儿科病名医验案解析_病例1,现代临床
悦脾汤,方剂组成药材,丁香,儿科病名医验案解析,儿科病名医验案解析_病例1,现代临床
悦脾汤,方剂组成药材,刀豆子,儿科病名医验案解析,儿科病名医验案解析_病例1,现代临床
悦脾汤,方剂组成药材,竹茹,儿科病名医验案解析,儿科病名医验案解析_病例1,现代临床
悦脾汤,方剂组成药材,茯苓,儿科病名医验案解析,儿科病名医验案解析_病例1,现代临床
悦脾汤,方剂组成药材,吴茱萸,儿科病名医验案解析,儿科病名医验案解析_病例1,现代临床
悦脾汤,方剂组成药材,黄连,儿科病名医验案解析,儿科病名医验案解析_病例1,现代临床
悦脾汤,方剂组成药材,旋覆花,儿科病名医验案解析,儿科病名医验案解析_病例1,现代临床
悦脾汤,方剂组成药材,赭石,儿科病名医验案解析,儿科病名医验案解析_病例1,现代临床
悦脾汤,方剂组成药材,鸡内金,儿科病名医验案解析,儿科病名医验案解析_病例1,现代临床
升降散合黄连温胆汤加减,归属于经典,伤寒论,儿科病名医验案解析,儿科病名医验案解析_病例1,现代临床
小陷胸汤加减,归属于经典,伤寒论,儿科病名医验案解析,儿科病名医验案解析_病例1,现代临床
贺兴东,名医经验总结,儿科病名医验案解析,儿科病名医验案解析,儿科病名医验案解析_病例1,现代临床
于作洋,名医经验总结,现代中医临证经验辑粹 儿科病,儿科病名医验案解析,儿科病名医验案解析_病例1,现代临床
刘晨涛,名医经验总结,儿科专家卷 宋祚民,儿科病名医验案解析,儿科病名医验案解析_病例1,现代临床
呕吐,疾病表现症状,脘痞不适,儿科病名医验案解析,儿科病名医验案解析_病例1,现代临床
呕吐,疾病表现症状,少腹痛减,儿科病名医验案解析,儿科病名医验案解析_病例1,现代临床
呕吐,疾病导致舌象,舌质淡红,儿科病名医验案解析,儿科病名医验案解析_病例1,现代临床
呕吐,疾病导致舌象,舌体胖大,儿科病名医验案解析,儿科病名医验案解析_病例1,现代临床
呕吐,疾病导致舌象,有齿痕,儿科病名医验案解析,儿科病名医验案解析_病例1,现代临床
呕吐,疾病导致舌象,苔灰白略厚,儿科病名医验案解析,儿科病名医验案解析_病例1,现代临床
呕吐,疾病导致脉象,脉细滑,儿科病名医验案解析,儿科病名医验案解析_病例1,现代临床
呕吐,症状伴随症状,食欲大增,儿科病名医验案解析,儿科病名医验案解析_病例1,现代临床
呕吐,症状伴随症状,大便成形,儿科病名医验案解析,儿科病名医验案解析_病例1,现代临床
呕吐,症状伴随症状,少腹时有疼痛,儿科病名医验案解析,儿科病名医验案解析_病例1,现代临床
呕吐,症状伴随症状,舌苔渐薄,儿科病名医验案解析,儿科病名医验案解析_病例1,现代临床
呕吐,症状伴随症状,脉象同前,儿科病名医验案解析,儿科病名医验案解析_病例1,现代临床
呕吐,症状伴随症状,腹痛渐止,儿科病名医验案解析,儿科病名医验案解析_病例1,现代临床
呕吐,症状伴随症状,胃脘复见痞满隐痛,儿科病名医验案解析,儿科病名医验案解析_病例1,现代临床
呕吐,症状伴随症状,自觉饥饿而无食欲,儿科病名医验案解析,儿科病名医验案解析_病例1,现代临床
呕吐,症状伴随症状,大便不畅,儿科病名医验案解析,儿科病名医验案解析_病例1,现代临床
呕吐,症状伴随症状,舌淡,儿科病名医验案解析,儿科病名医验案解析_病例1,现代临床
呕吐,症状伴随症状,苔白,儿科病名医验案解析,儿科病名医验案解析_病例1,现代临床
呕吐,症状伴随症状,脉弦细,儿科病名医验案解析,儿科病名医验案解析_病例1,现代临床
呕吐,症状伴随症状,舌淡红,儿科病名医验案解析,儿科病名医验案解析_病例1,现代临床
呕吐,症状伴随症状,苔白少津,儿科病名医验案解析,儿科病名医验案解析_病例1,现代临床
呕吐,症状伴随症状,脉细,儿科病名医验案解析,儿科病名医验案解析_病例1,现代临床
呕吐,症状辨证证候,湿阻中焦,儿科病名医验案解析,儿科病名医验案解析_病例1,现代临床
湿阻中焦,证候导致舌象,舌淡红,儿科病名医验案解析,儿科病名医验案解析_病例1,现代临床
湿阻中焦,证候导致舌象,苔白腻,儿科病名医验案解析,儿科病名医验案解析_病例1,现代临床
湿阻中焦,证候导致脉象,脉滑缓,儿科病名医验案解析,儿科病名医验案解析_病例1,现代临床
湿阻中焦,证候采用方剂,二陈汤合连苏饮加减,儿科病名医验案解析,儿科病名医验案解析_病例1,现代临床
二陈汤合连苏饮加减,方剂组成药材,伏龙肝,儿科病名医验案解析,儿科病名医验案解析_病例1,现代临床
二陈汤合连苏饮加减,方剂组成药材,半夏,儿科病名医验案解析,儿科病名医验案解析_病例1,现代临床
二陈汤合连苏饮加减,方剂组成药材,化橘红,儿科病名医验案解析,儿科病名医验案解析_病例1,现代临床
二陈汤合连苏饮加减,方剂组成药材,竹茹,儿科病名医验案解析,儿科病名医验案解析_病例1,现代临床
二陈汤合连苏饮加减,方剂组成药材,黄连,儿科病名医验案解析,儿科病名医验案解析_病例1,现代临床
二陈汤合连苏饮加减,方剂组成药材,紫苏叶,儿科病名医验案解析,儿科病名医验案解析_病例1,现代临床
二陈汤合连苏饮加减,方剂组成药材,生赭石,儿科病名医验案解析,儿科病名医验案解析_病例1,现代临床
二陈汤合连苏饮加减,方剂组成药材,草豆蔻,儿科病名医验案解析,儿科病名医验案解析_病例1,现代临床
二陈汤合连苏饮加减,方剂组成药材,砂仁,儿科病名医验案解析,儿科病名医验案解析_病例1,现代临床
二陈汤合连苏饮加减,方剂组成药材,鸡内金,儿科病名医验案解析,儿科病名医验案解析_病例1,现代临床
二陈汤合连苏饮加减,方剂组成药材,川牛膝,儿科病名医验案解析,儿科病名医验案解析_病例1,现代临床
二陈汤合连苏饮加减,方剂组成药材,枳壳,儿科病名医验案解析,儿科病名医验案解析_病例1,现代临床
半夏,药材具有功效,燥湿化痰,儿科病名医验案解析,儿科病名医验案解析_病例1,现代临床
半夏,药材具有功效,降逆和胃,儿科病名医验案解析,儿科病名医验案解析_病例1,现代临床
化橘红,药材具有功效,理气宽中祛湿,儿科病名医验案解析,儿科病名医验案解析_病例1,现代临床
黄连,药材具有功效,清热泻火燥湿,儿科病名医验案解析,儿科病名医验案解析_病例1,现代临床
紫苏叶,药材具有功效,宣郁透热,儿科病名医验案解析,儿科病名医验案解析_病例1,现代临床
紫苏叶,药材具有功效,温中和气,儿科病名医验案解析,儿科病名医验案解析_病例1,现代临床
呕吐,症状辨证证候,邪热犯胃,儿科病名医验案解析,儿科病名医验案解析_病例1,现代临床
邪热犯胃,证候导致舌象,舌红,儿科病名医验案解析,儿科病名医验案解析_病例1,现代临床
邪热犯胃,证候导致舌象,苔少根稍厚,儿科病名医验案解析,儿科病名医验案解析_病例1,现代临床
邪热犯胃,证候导致脉象,脉滑细,儿科病名医验案解析,儿科病名医验案解析_病例1,现代临床
邪热犯胃,证候采用方剂,半夏,儿科病名医验案解析,儿科病名医验案解析_病例1,现代临床
邪热犯胃,证候采用方剂,化橘红,儿科病名医验案解析,儿科病名医验案解析_病例1,现代临床
邪热犯胃,证候采用方剂,伏龙肝,儿科病名医验案解析,儿科病名医验案解析_病例1,现代临床
邪热犯胃,证候采用方剂,竹茹,儿科病名医验案解析,儿科病名医验案解析_病例1,现代临床
邪热犯胃,证候采用方剂,紫苏叶,儿科病名医验案解析,儿科病名医验案解析_病例1,现代临床
邪热犯胃,证候采用方剂,黄连,儿科病名医验案解析,儿科病名医验案解析_病例1,现代临床
邪热犯胃,证候采用方剂,白芷,儿科病名医验案解析,儿科病名医验案解析_病例1,现代临床
邪热犯胃,证候采用方剂,菊花,儿科病名医验案解析,儿科病名医验案解析_病例1,现代临床
邪热犯胃,证候采用方剂,钩藤,儿科病名医验案解析,儿科病名医验案解析_病例1,现代临床
邪热犯胃,证候采用方剂,僵蚕,儿科病名医验案解析,儿科病名医验案解析_病例1,现代临床
邪热犯胃,证候采用方剂,鸡内金,儿科病名医验案解析,儿科病名医验案解析_病例1,现代临床
邪热犯胃,证候采用方剂,草豆蔻,儿科病名医验案解析,儿科病名医验案解析_病例1,现代临床
邪热犯胃,证候采用方剂,砂仁,儿科病名医验案解析,儿科病名医验案解析_病例1,现代临床
呕吐,症状辨证证候,恶露秽浊伤胃,儿科病名医验案解析,儿科病名医验案解析_病例1,现代临床
恶露秽浊伤胃,证候导致舌象,舌红,儿科病名医验案解析,儿科病名医验案解析_病例1,现代临床
恶露秽浊伤胃,证候导致舌象,口疮,儿科病名医验案解析,儿科病名医验案解析_病例1,现代临床
恶露秽浊伤胃,证候导致舌象,大便秘而不通,儿科病名医验案解析,儿科病名医验案解析_病例1,现代临床
恶露秽浊伤胃,证候导致脉象,脉细,儿科病名医验案解析,儿科病名医验案解析_病例1,现代临床
恶露秽浊伤胃,证候采用方剂,姜半夏,儿科病名医验案解析,儿科病名医验案解析_病例1,现代临床
恶露秽浊伤胃,证候采用方剂,橘皮,儿科病名医验案解析,儿科病名医验案解析_病例1,现代临床
恶露秽浊伤胃,证候采用方剂,姜竹茹,儿科病名医验案解析,儿科病名医验案解析_病例1,现代临床
恶露秽浊伤胃,证候采用方剂,川郁金,儿科病名医验案解析,儿科病名医验案解析_病例1,现代临床
恶露秽浊伤胃,证候采用方剂,黄连,儿科病名医验案解析,儿科病名医验案解析_病例1,现代临床
恶露秽浊伤胃,证候采用方剂,麦芽,儿科病名医验案解析,儿科病名医验案解析_病例1,现代临床
恶露秽浊伤胃,证候采用方剂,赭石,儿科病名医验案解析,儿科病名医验案解析_病例1,现代临床
恶露秽浊伤胃,证候采用方剂,云茯苓,儿科病名医验案解析,儿科病名医验案解析_病例1,现代临床
恶露秽浊伤胃,证候采用方剂,旋覆花,儿科病名医验案解析,儿科病名医验案解析_病例1,现代临床
恶露秽浊伤胃,证候采用方剂,生姜,儿科病名医验案解析,儿科病名医验案解析_病例1,现代临床
呕吐,症状辨证证候,胎毒积热,儿科病名医验案解析,儿科病名医验案解析_病例1,现代临床
胎毒积热,证候导致舌象,舌红,儿科病名医验案解析,儿科病名医验案解析_病例1,现代临床
胎毒积热,证候导致舌象,口疮,儿科病名医验案解析,儿科病名医验案解析_病例1,现代临床
胎毒积热,证候导致舌象,大便秘而不通,儿科病名医验案解析,儿科病名医验案解析_病例1,现代临床
胎毒积热,证候导致舌象,时有少许绿色胆汁,儿科病名医验案解析,儿科病名医验案解析_病例1,现代临床
胎毒积热,证候导致脉象,脉细,儿科病名医验案解析,儿科病名医验案解析_病例1,现代临床
顽固吐乳,疾病导致舌象,舌红口疮,儿科病名医验案解析,儿科病名医验案解析_病例1,现代临床
顽固吐乳,疾病表现症状,大便秘而不通,儿科病名医验案解析,儿科病名医验案解析_病例1,现代临床
顽固吐乳,疾病表现症状,体重仅2.5kg,儿科病名医验案解析,儿科病名医验案解析_病例1,现代临床
顽固吐乳,疾病表现症状,神萎,儿科病名医验案解析,儿科病名医验案解析_病例1,现代临床
顽固吐乳,症状伴随症状,最近呕吐，时有少许绿色胆汁,儿科病名医验案解析,儿科病名医验案解析_病例1,现代临床
顽固吐乳,症状辨证证候,辨证胎毒积热，逆冲于胃,儿科病名医验案解析,儿科病名医验案解析_病例1,现代临床
顽固吐乳,证候导致舌象,舌红口疮,儿科病名医验案解析,儿科病名医验案解析_病例1,现代临床
顽固吐乳,证候导致脉象,脉沉弦,儿科病名医验案解析,儿科病名医验案解析_病例1,现代临床
顽固吐乳,证候采用方剂,泻心汤加减,儿科病名医验案解析,儿科病名医验案解析_病例1,现代临床
泻心汤加减,方剂组成药材,生大黄,儿科病名医验案解析,儿科病名医验案解析_病例1,现代临床
泻心汤加减,方剂组成药材,生川黄连,儿科病名医验案解析,儿科病名医验案解析_病例1,现代临床
泻心汤加减,方剂组成药材,黄芩,儿科病名医验案解析,儿科病名医验案解析_病例1,现代临床
泻心汤加减,方剂组成药材,清半夏,儿科病名医验案解析,儿科病名医验案解析_病例1,现代临床
泻心汤加减,方剂组成药材,生姜,儿科病名医验案解析,儿科病名医验案解析_病例1,现代临床
泻心汤加减,方剂组成药材,大枣,儿科病名医验案解析,儿科病名医验案解析_病例1,现代临床
腹痛,疾病表现症状,腹部胀满疼痛,儿科病名医验案解析,儿科病名医验案解析_病例1,现代临床
腹痛,症状伴随症状,食后多发,儿科病名医验案解析,儿科病名医验案解析_病例1,现代临床
腹痛,症状伴随症状,间发腹痛,儿科病名医验案解析,儿科病名医验案解析_病例1,现代临床
腹痛,症状伴随症状,面黄纳呆,儿科病名医验案解析,儿科病名医验案解析_病例1,现代临床
腹痛,症状伴随症状,时发干呕,儿科病名医验案解析,儿科病名医验案解析_病例1,现代临床
腹痛,症状伴随症状,大便正常,儿科病名医验案解析,儿科病名医验案解析_病例1,现代临床
腹痛,疾病导致舌象,舌苔薄白,儿科病名医验案解析,儿科病名医验案解析_病例1,现代临床
腹痛,疾病导致脉象,脉沉弦,儿科病名医验案解析,儿科病名医验案解析_病例1,现代临床
腹痛,症状辨证证候,辨证寒积内阻，脾困气滞,儿科病名医验案解析,儿科病名医验案解析_病例1,现代临床
腹痛,证候导致舌象,舌苔薄白,儿科病名医验案解析,儿科病名医验案解析_病例1,现代临床
腹痛,证候导致脉象,脉沉弦,儿科病名医验案解析,儿科病名医验案解析_病例1,现代临床
腹痛,证候采用方剂,紫苏梗,儿科病名医验案解析,儿科病名医验案解析_病例1,现代临床
腹痛,证候采用方剂,木香,儿科病名医验案解析,儿科病名医验案解析_病例1,现代临床
腹痛,证候采用方剂,槟榔,儿科病名医验案解析,儿科病名医验案解析_病例1,现代临床
腹痛,证候采用方剂,川厚朴,儿科病名医验案解析,儿科病名医验案解析_病例1,现代临床
腹痛,证候采用方剂,熟大黄,儿科病名医验案解析,儿科病名医验案解析_病例1,现代临床
腹痛,证候采用方剂,枳壳,儿科病名医验案解析,儿科病名医验案解析_病例1,现代临床
腹痛,证候采用方剂,六神曲,儿科病名医验案解析,儿科病名医验案解析_病例1,现代临床
腹痛,证候采用方剂,半夏,儿科病名医验案解析,儿科病名医验案解析_病例1,现代临床
腹痛,证候采用方剂,山楂,儿科病名医验案解析,儿科病名医验案解析_病例1,现代临床
腹痛,证候采用方剂,杭白芍,儿科病名医验案解析,儿科病名医验案解析_病例1,现代临床
腹痛,证候采用方剂,甘草,儿科病名医验案解析,儿科病名医验案解析_病例1,现代临床
腹痛,症状伴随症状,纳差,儿科病名医验案解析,儿科病名医验案解析_病例1,现代临床
腹痛,症状伴随症状,面色少华,儿科病名医验案解析,儿科病名医验案解析_病例1,现代临床
腹痛,症状伴随症状,大便偏干,儿科病名医验案解析,儿科病名医验案解析_病例1,现代临床
腹痛,症状伴随症状,数日中有几次遗尿,儿科病名医验案解析,儿科病名医验案解析_病例1,现代临床
腹痛,疾病导致舌象,舌苔薄白,儿科病名医验案解析,儿科病名医验案解析_病例1,现代临床
腹痛,疾病导致脉象,脉弱,儿科病名医验案解析,儿科病名医验案解析_病例1,现代临床
腹痛,症状辨证证候,辨证脾阳不振，中焦气滞,儿科病名医验案解析,儿科病名医验案解析_病例1,现代临床
腹痛,证候导致舌象,舌苔薄白,儿科病名医验案解析,儿科病名医验案解析_病例1,现代临床
腹痛,证候导致脉象,脉弱,儿科病名医验案解析,儿科病名医验案解析_病例1,现代临床
腹痛,证候采用方剂,生黄芪,儿科病名医验案解析,儿科病名医验案解析_病例1,现代临床
腹痛,证候采用方剂,川桂枝,儿科病名医验案解析,儿科病名医验案解析_病例1,现代临床
腹痛,证候采用方剂,白芍,儿科病名医验案解析,儿科病名医验案解析_病例1,现代临床
腹痛,证候采用方剂,炙甘草,儿科病名医验案解析,儿科病名医验案解析_病例1,现代临床
腹痛,证候采用方剂,煨姜,儿科病名医验案解析,儿科病名医验案解析_病例1,现代临床
腹痛,证候采用方剂,高良姜,儿科病名医验案解析,儿科病名医验案解析_病例1,现代临床
腹痛,证候采用方剂,木香,儿科病名医验案解析,儿科病名医验案解析_病例1,现代临床
腹痛,证候采用方剂,槟榔,儿科病名医验案解析,儿科病名医验案解析_病例1,现代临床
腹痛,证候采用方剂,香橼皮,儿科病名医验案解析,儿科病名医验案解析_病例1,现代临床
腹痛,证候采用方剂,柴胡,儿科病名医验案解析,儿科病名医验案解析_病例1,现代临床
腹痛,证候采用方剂,白术,儿科病名医验案解析,儿科病名医验案解析_病例1,现代临床
腹痛,证候采用方剂,焦山楂,儿科病名医验案解析,儿科病名医验案解析_病例1,现代临床
腹痛,证候采用方剂,焦神曲,儿科病名医验案解析,儿科病名医验案解析_病例1,现代临床
腹痛,症状伴随症状,食欲欠佳,儿科病名医验案解析,儿科病名医验案解析_病例1,现代临床
腹痛,症状伴随症状,食量较小,儿科病名医验案解析,儿科病名医验案解析_病例1,现代临床
腹痛,症状伴随症状,本周有2次遗尿,儿科病名医验案解析,儿科病名医验案解析_病例1,现代临床
腹痛,症状伴随症状,面色欠华,儿科病名医验案解析,儿科病名医验案解析_病例1,现代临床
腹痛,疾病导致舌象,舌质淡,儿科病名医验案解析,儿科病名医验案解析_病例1,现代临床
腹痛,疾病导致舌象,苔薄白,儿科病名医验案解析,儿科病名医验案解析_病例1,现代临床
腹痛,疾病导致脉象,脉沉弦,儿科病名医验案解析,儿科病名医验案解析_病例1,现代临床
腹痛,症状辨证证候,辨证中焦虚寒，寒凝气滞,儿科病名医验案解析,儿科病名医验案解析_病例1,现代临床
腹痛,证候导致舌象,舌淡红,儿科病名医验案解析,儿科病名医验案解析_病例1,现代临床
腹痛,证候导致舌象,苔薄白,儿科病名医验案解析,儿科病名医验案解析_病例1,现代临床
腹痛,证候导致脉象,脉沉弦,儿科病名医验案解析,儿科病名医验案解析_病例1,现代临床
腹痛,证候采用方剂,小建中汤加减,儿科病名医验案解析,儿科病名医验案解析_病例1,现代临床
小建中汤加减,方剂组成药材,桂枝,儿科病名医验案解析,儿科病名医验案解析_病例1,现代临床
小建中汤加减,方剂组成药材,苍术,儿科病名医验案解析,儿科病名医验案解析_病例1,现代临床
小建中汤加减,方剂组成药材,干姜,儿科病名医验案解析,儿科病名医验案解析_病例1,现代临床
小建中汤加减,方剂组成药材,藿香,儿科病名医验案解析,儿科病名医验案解析_病例1,现代临床
小建中汤加减,方剂组成药材,鸡内金,儿科病名医验案解析,儿科病名医验案解析_病例1,现代临床
小建中汤加减,方剂组成药材,焦山楂,儿科病名医验案解析,儿科病名医验案解析_病例1,现代临床
小建中汤加减,方剂组成药材,葛根,儿科病名医验案解析,儿科病名医验案解析_病例1,现代临床
小建中汤加减,方剂组成药材,丹参,儿科病名医验案解析,儿科病名医验案解析_病例1,现代临床
小建中汤加减,方剂组成药材,杭白芍,儿科病名医验案解析,儿科病名医验案解析_病例1,现代临床
小建中汤加减,方剂组成药材,炙甘草,儿科病名医验案解析,儿科病名医验案解析_病例1,现代临床
小建中汤加减,方剂组成药材,大枣,儿科病名医验案解析,儿科病名医验案解析_病例1,现代临床
腹痛,疾病表现症状,喜温,儿科病名医验案解析,儿科病名医验案解析_病例1,现代临床
腹痛,疾病表现症状,腹胀软,儿科病名医验案解析,儿科病名医验案解析_病例1,现代临床
腹痛,疾病导致舌象,舌淡红、苔薄白,儿科病名医验案解析,儿科病名医验案解析_病例1,现代临床
腹痛,疾病导致脉象,脉沉弦,儿科病名医验案解析,儿科病名医验案解析_病例1,现代临床
中焦虚寒,证候导致舌象,舌淡红、苔薄白,儿科病名医验案解析,儿科病名医验案解析_病例1,现代临床
中焦虚寒,证候导致脉象,脉沉弦,儿科病名医验案解析,儿科病名医验案解析_病例1,现代临床
腹痛,症状伴随症状,嗳气酸腐,儿科病名医验案解析,儿科病名医验案解析_病例1,现代临床
腹痛,症状伴随症状,矢气臭秽,儿科病名医验案解析,儿科病名医验案解析_病例1,现代临床
腹痛,症状伴随症状,面色苍黄暗滞,儿科病名医验案解析,儿科病名医验案解析_病例1,现代临床
腹痛,症状伴随症状,舌苔白腻,儿科病名医验案解析,儿科病名医验案解析_病例1,现代临床
腹痛,症状伴随症状,脉滑,儿科病名医验案解析,儿科病名医验案解析_病例1,现代临床
腹痛,症状伴随症状,上腹部痛,儿科病名医验案解析,儿科病名医验案解析_病例1,现代临床
腹痛,症状伴随症状,时吐酸水,儿科病名医验案解析,儿科病名医验案解析_病例1,现代临床
腹痛,症状伴随症状,面部轻度水肿,儿科病名医验案解析,儿科病名医验案解析_病例1,现代临床
腹痛,症状伴随症状,上腹部胃区有轻压痛,儿科病名医验案解析,儿科病名医验案解析_病例1,现代临床
腹痛,症状伴随症状,舌苔微黄稍腻,儿科病名医验案解析,儿科病名医验案解析_病例1,现代临床
腹痛,症状伴随症状,上腭淡白,儿科病名医验案解析,儿科病名医验案解析_病例1,现代临床
腹痛,症状伴随症状,脉弦紧,儿科病名医验案解析,儿科病名医验案解析_病例1,现代临床
腹痛,症状伴随症状,满腹作痛,儿科病名医验案解析,儿科病名医验案解析_病例1,现代临床
腹痛,症状伴随症状,脐周为甚,儿科病名医验案解析,儿科病名医验案解析_病例1,现代临床
腹痛,症状伴随症状,时轻时重,儿科病名医验案解析,儿科病名医验案解析_病例1,现代临床
腹痛,症状伴随症状,偶有嗳气,儿科病名医验案解析,儿科病名医验案解析_病例1,现代临床
腹痛,症状伴随症状,大便调,儿科病名医验案解析,儿科病名医验案解析_病例1,现代临床
腹痛,症状伴随症状,小溲黄,儿科病名医验案解析,儿科病名医验案解析_病例1,现代临床
腹痛,症状伴随症状,舌淡,儿科病名医验案解析,儿科病名医验案解析_病例1,现代临床
腹痛,症状伴随症状,无苔,儿科病名医验案解析,儿科病名医验案解析_病例1,现代临床
腹痛,症状伴随症状,脉沉缓,儿科病名医验案解析,儿科病名医验案解析_病例1,现代临床
腹痛,症状伴随症状,腹痛每天作,儿科病名医验案解析,儿科病名医验案解析_病例1,现代临床
腹痛,症状伴随症状,时在胃脘部,儿科病名医验案解析,儿科病名医验案解析_病例1,现代临床
腹痛,症状伴随症状,时在脐周,儿科病名医验案解析,儿科病名医验案解析_病例1,现代临床
腹痛,症状伴随症状,食欲佳,儿科病名医验案解析,儿科病名医验案解析_病例1,现代临床
腹痛,症状伴随症状,多汗,儿科病名医验案解析,儿科病名医验案解析_病例1,现代临床
腹痛,症状伴随症状,大便偏硬,儿科病名医验案解析,儿科病名医验案解析_病例1,现代临床
腹痛,症状伴随症状,胃、肠腔轻度充气,儿科病名医验案解析,儿科病名医验案解析_病例1,现代临床
腹痛,症状伴随症状,舌质略红,儿科病名医验案解析,儿科病名医验案解析_病例1,现代临床
腹痛,症状伴随症状,苔薄微黄,儿科病名医验案解析,儿科病名医验案解析_病例1,现代临床
腹痛,症状伴随症状,脉滑实,儿科病名医验案解析,儿科病名医验案解析_病例1,现代临床
腹痛,症状伴随症状,上腹痛,儿科病名医验案解析,儿科病名医验案解析_病例1,现代临床
腹痛,症状伴随症状,拒按,儿科病名医验案解析,儿科病名医验案解析_病例1,现代临床
腹痛,症状伴随症状,哭闹即泻,儿科病名医验案解析,儿科病名医验案解析_病例1,现代临床
腹痛,症状伴随症状,日数行,儿科病名医验案解析,儿科病名医验案解析_病例1,现代临床
腹痛,症状伴随症状,质稀,儿科病名医验案解析,儿科病名医验案解析_病例1,现代临床
腹痛,症状伴随症状,味如败卵,儿科病名医验案解析,儿科病名医验案解析_病例1,现代临床
腹痛,症状伴随症状,嗳噫食臭,儿科病名医验案解析,儿科病名医验案解析_病例1,现代临床
腹痛,症状伴随症状,温温发热,儿科病名医验案解析,儿科病名医验案解析_病例1,现代临床
腹痛,症状伴随症状,舌苔黄厚,儿科病名医验案解析,儿科病名医验案解析_病例1,现代临床
食积气滞型腹痛,证候采用方剂,木香槟榔方,儿科病名医验案解析,儿科病名医验案解析_病例1,现代临床
木香槟榔方,方剂组成药材,木香,儿科病名医验案解析,儿科病名医验案解析_病例1,现代临床
木香槟榔方,方剂组成药材,青皮,儿科病名医验案解析,儿科病名医验案解析_病例1,现代临床
木香槟榔方,方剂组成药材,陈皮,儿科病名医验案解析,儿科病名医验案解析_病例1,现代临床
木香槟榔方,方剂组成药材,大黄,儿科病名医验案解析,儿科病名医验案解析_病例1,现代临床
木香槟榔方,方剂组成药材,槟榔,儿科病名医验案解析,儿科病名医验案解析_病例1,现代临床
木香槟榔方,方剂组成药材,莱菔子,儿科病名医验案解析,儿科病名医验案解析_病例1,现代临床
木香槟榔方,方剂组成药材,六神曲,儿科病名医验案解析,儿科病名医验案解析_病例1,现代临床
木香槟榔方,方剂组成药材,枳壳,儿科病名医验案解析,儿科病名医验案解析_病例1,现代临床
木香槟榔方,方剂组成药材,香附,儿科病名医验案解析,儿科病名医验案解析_病例1,现代临床
木香槟榔方,方剂组成药材,鸡内金,儿科病名医验案解析,儿科病名医验案解析_病例1,现代临床
木香槟榔方,方剂组成药材,黄连,儿科病名医验案解析,儿科病名医验案解析_病例1,现代临床
木香,药材具有功效,行气止痛，健脾和胃,儿科病名医验案解析,儿科病名医验案解析_病例1,现代临床
槟榔,药材具有功效,破积下气,儿科病名医验案解析,儿科病名医验案解析_病例1,现代临床
陈皮,药材具有功效,理气健脾，和胃止呕,儿科病名医验案解析,儿科病名医验案解析_病例1,现代临床
枳壳,药材具有功效,理气宽胸，行滞消积,儿科病名医验案解析,儿科病名医验案解析_病例1,现代临床
黄连,药材具有功效,清热燥湿，泻火解毒,儿科病名医验案解析,儿科病名医验案解析_病例1,现代临床
香附,药材具有功效,升降清气，解郁止痛,儿科病名医验案解析,儿科病名医验案解析_病例1,现代临床
鸡内金,药材具有功效,健脾胃，消食积,儿科病名医验案解析,儿科病名医验案解析_病例1,现代临床
莱菔子,药材具有功效,消食，除胀，降气,儿科病名医验案解析,儿科病名医验案解析_病例1,现代临床
六神曲,药材具有功效,健脾和胃，消食化滞,儿科病名医验案解析,儿科病名医验案解析_病例1,现代临床
寒湿互滞,证候采用方剂,建神曲方,儿科病名医验案解析,儿科病名医验案解析_病例1,现代临床
建神曲方,方剂组成药材,建神曲,儿科病名医验案解析,儿科病名医验案解析_病例1,现代临床
建神曲方,方剂组成药材,丁香,儿科病名医验案解析,儿科病名医验案解析_病例1,现代临床
建神曲方,方剂组成药材,茴香,儿科病名医验案解析,儿科病名医验案解析_病例1,现代临床
建神曲方,方剂组成药材,砂仁,儿科病名医验案解析,儿科病名医验案解析_病例1,现代临床
建神曲方,方剂组成药材,草豆蔻,儿科病名医验案解析,儿科病名医验案解析_病例1,现代临床
寒湿郁阴，气滞作痛,证候采用方剂,川楝子方,儿科病名医验案解析,儿科病名医验案解析_病例1,现代临床
川楝子方,方剂组成药材,川楝子,儿科病名医验案解析,儿科病名医验案解析_病例1,现代临床
川楝子方,方剂组成药材,台乌药,儿科病名医验案解析,儿科病名医验案解析_病例1,现代临床
川楝子方,方剂组成药材,广木香,儿科病名医验案解析,儿科病名医验案解析_病例1,现代临床
川楝子方,方剂组成药材,川郁金,儿科病名医验案解析,儿科病名医验案解析_病例1,现代临床
川楝子方,方剂组成药材,香附,儿科病名医验案解析,儿科病名医验案解析_病例1,现代临床
川楝子方,方剂组成药材,姜黄,儿科病名医验案解析,儿科病名医验案解析_病例1,现代临床
川楝子方,方剂组成药材,桃仁泥,儿科病名医验案解析,儿科病名医验案解析_病例1,现代临床
川楝子方,方剂组成药材,川厚朴,儿科病名医验案解析,儿科病名医验案解析_病例1,现代临床
川楝子方,方剂组成药材,焦三仙,儿科病名医验案解析,儿科病名医验案解析_病例1,现代临床
川楝子方,方剂组成药材,炮姜,儿科病名医验案解析,儿科病名医验案解析_病例1,现代临床
中焦气滞，胃热内蕴,证候采用方剂,炙黄芪方,儿科病名医验案解析,儿科病名医验案解析_病例1,现代临床
炙黄芪方,方剂组成药材,炙黄芪,儿科病名医验案解析,儿科病名医验案解析_病例1,现代临床
炙黄芪方,方剂组成药材,川楝子,儿科病名医验案解析,儿科病名医验案解析_病例1,现代临床
炙黄芪方,方剂组成药材,白芍,儿科病名医验案解析,儿科病名医验案解析_病例1,现代临床
炙黄芪方,方剂组成药材,甘草,儿科病名医验案解析,儿科病名医验案解析_病例1,现代临床
炙黄芪方,方剂组成药材,延胡索,儿科病名医验案解析,儿科病名医验案解析_病例1,现代临床
炙黄芪方,方剂组成药材,公丁香,儿科病名医验案解析,儿科病名医验案解析_病例1,现代临床
炙黄芪方,方剂组成药材,槟榔,儿科病名医验案解析,儿科病名医验案解析_病例1,现代临床
炙黄芪方,方剂组成药材,青黛,儿科病名医验案解析,儿科病名医验案解析_病例1,现代临床
炙黄芪方,方剂组成药材,川黄连,儿科病名医验案解析,儿科病名医验案解析_病例1,现代临床
炙黄芪方,方剂组成药材,煅龙骨,儿科病名医验案解析,儿科病名医验案解析_病例1,现代临床
炙黄芪方,方剂组成药材,煅牡蛎,儿科病名医验案解析,儿科病名医验案解析_病例1,现代临床
炙黄芪方,方剂组成药材,瓜蒌仁,儿科病名医验案解析,儿科病名医验案解析_病例1,现代临床
炙黄芪方,方剂组成药材,制香附,儿科病名医验案解析,儿科病名医验案解析_病例1,现代临床
炙黄芪方,方剂组成药材,淡吴茱萸,儿科病名医验案解析,儿科病名医验案解析_病例1,现代临床
伤食泄泻,证候采用方剂,整枳壳方,儿科病名医验案解析,儿科病名医验案解析_病例1,现代临床
整枳壳方,方剂组成药材,整枳壳,儿科病名医验案解析,儿科病名医验案解析_病例1,现代临床
整枳壳方,方剂组成药材,焦山楂,儿科病名医验案解析,儿科病名医验案解析_病例1,现代临床
整枳壳方,方剂组成药材,炒麦芽,儿科病名医验案解析,儿科病名医验案解析_病例1,现代临床
整枳壳方,方剂组成药材,连翘,儿科病名医验案解析,儿科病名医验案解析_病例1,现代临床
整枳壳方,方剂组成药材,莱菔子,儿科病名医验案解析,儿科病名医验案解析_病例1,现代临床
整枳壳方,方剂组成药材,茯苓,儿科病名医验案解析,儿科病名医验案解析_病例1,现代临床
整枳壳方,方剂组成药材,炒薏苡仁,儿科病名医验案解析,儿科病名医验案解析_病例1,现代临床
整枳壳方,方剂组成药材,炙鸡内金,儿科病名医验案解析,儿科病名医验案解析_病例1,现代临床
整枳壳方,方剂组成药材,通草,儿科病名医验案解析,儿科病名医验案解析_病例1,现代临床
整枳壳方,方剂组成药材,干荷叶,儿科病名医验案解析,儿科病名医验案解析_病例1,现代临床
刘克丽，王孟清.儿科病名家医案妙方解析,归属于经典,人民军医出版社,儿科病名医验案解析,儿科病名医验案解析_病例1,现代临床
崔应珉，王淼，沈芳芳.中华名医名方薪传儿科病,归属于经典,郑州大学出版社,儿科病名医验案解析,儿科病名医验案解析_病例1,现代临床
朱音.近代国医名家经典案例儿科病证,归属于经典,上海科学技术出版社,儿科病名医验案解析,儿科病名医验案解析_病例1,现代临床
万力生.汪受传儿科临证医论医案精选,归属于经典,学苑出版社,儿科病名医验案解析,儿科病名医验案解析_病例1,现代临床
小儿腹泻,证候导致舌象,舌无苔,儿科病名医验案解析,例一,现代临床
小儿腹泻,症状伴随症状,纳差,儿科病名医验案解析,例一,现代临床
小儿腹泻,症状伴随症状,腹泻,儿科病名医验案解析,例一,现代临床
小儿腹泻,症状伴随症状,不消化食物,儿科病名医验案解析,例一,现代临床
小儿腹泻,症状伴随症状,面黄身瘦发枯,儿科病名医验案解析,例一,现代临床
小儿腹泻,症状伴随症状,便次增多,儿科病名医验案解析,例一,现代临床
小儿腹泻,症状伴随症状,色黄水样便,儿科病名医验案解析,例一,现代临床
小儿腹泻,证候导致舌象,舌净,儿科病名医验案解析,例一,现代临床
小儿腹泻,症状伴随症状,汗多,儿科病名医验案解析,例一,现代临床
小儿腹泻,症状伴随症状,饮食仍差,儿科病名医验案解析,例一,现代临床
小儿腹泻,证候导致脉象,指纹隐伏,儿科病名医验案解析,例一,现代临床
小儿腹泻,证候导致脉象,指纹淡,儿科病名医验案解析,例一,现代临床
小儿腹泻,证候采用方剂,资生健脾丸,儿科病名医验案解析,例一,现代临床
资生健脾丸,方剂组成药材,党参,儿科病名医验案解析,例一,现代临床
资生健脾丸,方剂组成药材,茯苓,儿科病名医验案解析,例一,现代临床
资生健脾丸,方剂组成药材,白术,儿科病名医验案解析,例一,现代临床
资生健脾丸,方剂组成药材,怀山药,儿科病名医验案解析,例一,现代临床
资生健脾丸,方剂组成药材,炒鸡内金,儿科病名医验案解析,例一,现代临床
资生健脾丸,方剂组成药材,神曲,儿科病名医验案解析,例一,现代临床
资生健脾丸,方剂组成药材,使君子,儿科病名医验案解析,例一,现代临床
资生健脾丸,方剂组成药材,雷丸,儿科病名医验案解析,例一,现代临床
资生健脾丸,方剂组成药材,甘草,儿科病名医验案解析,例一,现代临床
小儿腹泻,证候辨证,饮食不节、伤及脾胃,儿科病名医验案解析,例一,现代临床
小儿腹泻,证候采用方剂,葛根芩连汤加减,儿科病名医验案解析,例一,现代临床
葛根芩连汤加减,方剂组成药材,葛根,儿科病名医验案解析,例一,现代临床
葛根芩连汤加减,方剂组成药材,黄连,儿科病名医验案解析,例一,现代临床
葛根芩连汤加减,方剂组成药材,黄芩,儿科病名医验案解析,例一,现代临床
葛根芩连汤加减,方剂组成药材,陈皮,儿科病名医验案解析,例一,现代临床
葛根芩连汤加减,方剂组成药材,紫苏梗,儿科病名医验案解析,例一,现代临床
葛根芩连汤加减,方剂组成药材,木香,儿科病名医验案解析,例一,现代临床
葛根芩连汤加减,方剂组成药材,苍术,儿科病名医验案解析,例一,现代临床
葛根芩连汤加减,方剂组成药材,炒山楂,儿科病名医验案解析,例一,现代临床
葛根芩连汤加减,方剂组成药材,甘草,儿科病名医验案解析,例一,现代临床
葛根芩连汤加减,方剂组成药材,茯苓,儿科病名医验案解析,例一,现代临床
葛根芩连汤加减,方剂组成药材,连翘,儿科病名医验案解析,例一,现代临床
葛根芩连汤加减,方剂组成药材,板蓝根,儿科病名医验案解析,例一,现代临床
小儿腹泻,证候导致舌象,舌淡红,儿科病名医验案解析,例一,现代临床
小儿腹泻,证候导致舌象,苔薄白腻,儿科病名医验案解析,例一,现代临床
小儿腹泻,证候导致脉象,脉濡滑,儿科病名医验案解析,例一,现代临床
小儿腹泻,证候辨证,脾虚失运，湿热积滞,儿科病名医验案解析,例一,现代临床
小儿腹泻,症状伴随症状,食后即泻,儿科病名医验案解析,例一,现代临床
小儿腹泻,症状伴随症状,排泄物色绿,儿科病名医验案解析,例一,现代临床
小儿腹泻,症状伴随症状,夹未消化乳块及辅食,儿科病名医验案解析,例一,现代临床
小儿腹泻,症状伴随症状,大便稀溏,儿科病名医验案解析,例一,现代临床
小儿腹泻,症状伴随症状,色黄,儿科病名医验案解析,例一,现代临床
小儿腹泻,症状伴随症状,夹有未消化乳块及辅食,儿科病名医验案解析,例一,现代临床
小儿腹泻,症状伴随症状,每日排便6-7次,儿科病名医验案解析,例一,现代临床
小儿腹泻,证候采用方剂,五味异功散加砂仁,儿科病名医验案解析,例一,现代临床
五味异功散加砂仁,方剂组成药材,北沙参,儿科病名医验案解析,例一,现代临床
五味异功散加砂仁,方剂组成药材,炒白术,儿科病名医验案解析,例一,现代临床
五味异功散加砂仁,方剂组成药材,茯苓,儿科病名医验案解析,例一,现代临床
五味异功散加砂仁,方剂组成药材,炙甘草,儿科病名医验案解析,例一,现代临床
五味异功散加砂仁,方剂组成药材,陈皮,儿科病名医验案解析,例一,现代临床
五味异功散加砂仁,方剂组成药材,砂仁,儿科病名医验案解析,例一,现代临床
五味异功散加砂仁,方剂组成药材,炒谷芽,儿科病名医验案解析,例一,现代临床
五味异功散加砂仁,方剂组成药材,炒麦芽,儿科病名医验案解析,例一,现代临床
五味异功散加砂仁,方剂组成药材,鸡内金,儿科病名医验案解析,例一,现代临床
五味异功散加砂仁,方剂组成药材,荷叶,儿科病名医验案解析,例一,现代临床
五味异功散加砂仁,方剂组成药材,煨诃子,儿科病名医验案解析,例一,现代临床
小儿腹泻,症状伴随症状,嗳气,儿科病名医验案解析,例一,现代临床
小儿腹泻,症状伴随症状,呕吐,儿科病名医验案解析,例一,现代临床
小儿腹泻,症状伴随症状,厌食,儿科病名医验案解析,例一,现代临床
小儿腹泻,症状伴随症状,腹胀,儿科病名医验案解析,例一,现代临床
小儿腹泻,证候辨证,饮食不化之腹泻,儿科病名医验案解析,例一,现代临床
小儿腹泻,证候采用方剂,乌梅丸加减,儿科病名医验案解析,例一,现代临床
乌梅丸加减,方剂组成药材,乌梅,儿科病名医验案解析,例一,现代临床
乌梅丸加减,方剂组成药材,桂枝,儿科病名医验案解析,例一,现代临床
乌梅丸加减,方剂组成药材,佛手,儿科病名医验案解析,例一,现代临床
乌梅丸加减,方剂组成药材,川黄连,儿科病名医验案解析,例一,现代临床
乌梅丸加减,方剂组成药材,川黄檗,儿科病名医验案解析,例一,现代临床
乌梅丸加减,方剂组成药材,白头翁,儿科病名医验案解析,例一,现代临床
乌梅丸加减,方剂组成药材,白豆蔻,儿科病名医验案解析,例一,现代临床
乌梅丸加减,方剂组成药材,白术,儿科病名医验案解析,例一,现代临床
乌梅丸加减,方剂组成药材,茯苓,儿科病名医验案解析,例一,现代临床
小儿腹泻,证候辨证,肝郁气结，肝气犯胃，上热下寒,儿科病名医验案解析,例一,现代临床
小儿腹泻,症状伴随症状,腹部胀满疼痛,儿科病名医验案解析,例一,现代临床
小儿腹泻,症状伴随症状,矢气频作,儿科病名医验案解析,例一,现代临床
小儿腹泻,症状伴随症状,食纳不香,儿科病名医验案解析,例一,现代临床
小儿腹泻,症状伴随症状,日见消瘦,儿科病名医验案解析,例一,现代临床
小儿腹泻,症状伴随症状,下腹有压痛,儿科病名医验案解析,例一,现代临床
小儿腹泻,症状伴随症状,口干欲饮,儿科病名医验案解析,例一,现代临床
小儿腹泻,证候导致舌象,舌边红,儿科病名医验案解析,例一,现代临床
小儿腹泻,证候导致舌象,苔白,儿科病名医验案解析,例一,现代临床
小儿腹泻,证候导致脉象,脉弦,儿科病名医验案解析,例一,现代临床
小儿迁延性腹泻,疾病表现症状,腹胀、腹泻,儿科病名医验案解析,例一,现代临床
小儿迁延性腹泻,疾病导致舌象,舌淡、苔净,儿科病名医验案解析,例一,现代临床
小儿迁延性腹泻,疾病导致脉象,脉细,儿科病名医验案解析,例一,现代临床
小儿迁延性腹泻,症状伴随症状,夹白胨如鱼脑,儿科病名医验案解析,例一,现代临床
小儿迁延性腹泻,症状伴随症状,目眶下陷,儿科病名医验案解析,例一,现代临床
小儿迁延性腹泻,症状伴随症状,纳谷不香,儿科病名医验案解析,例一,现代临床
小儿迁延性腹泻,症状伴随症状,腹不胀,儿科病名医验案解析,例一,现代临床
小儿迁延性腹泻,症状伴随症状,小便清长,儿科病名医验案解析,例一,现代临床
小儿迁延性腹泻,症状辨证证候,余邪未清，肠失固摄,儿科病名医验案解析,例一,现代临床
余邪未清，肠失固摄,证候采用方剂,桃花汤加减,儿科病名医验案解析,例一,现代临床
桃花汤加减,方剂组成药材,赤石脂、煨诃子、焦白术、白芍、茯苓、黄连、木香,儿科病名医验案解析,例一,现代临床
赤石脂,药材具有功效,酸涩甘湿，固下散寒,儿科病名医验案解析,例一,现代临床
小儿迁延性腹泻,症状伴随症状,"大便常规：白细胞( ),未见巨噬细胞",儿科病名医验案解析,例一,现代临床
小儿迁延性腹泻,症状伴随症状,感冒后腹泻,儿科病名医验案解析,例一,现代临床
小儿迁延性腹泻,症状伴随症状,大便始如水样,儿科病名医验案解析,例一,现代临床
小儿迁延性腹泻,症状伴随症状,下利无度,儿科病名医验案解析,例一,现代临床
小儿迁延性腹泻,症状伴随症状,夹少许黏液,儿科病名医验案解析,例一,现代临床
小儿迁延性腹泻,症状伴随症状,经治疗感冒已愈,儿科病名医验案解析,例一,现代临床
小儿迁延性腹泻,症状伴随症状,腹泻仍作,儿科病名医验案解析,例一,现代临床
小儿迁延性腹泻,症状伴随症状,每日5 6次,儿科病名医验案解析,例一,现代临床
小儿迁延性腹泻,症状伴随症状,夹白胨如鱼脑,儿科病名医验案解析,例一,现代临床
小儿迁延性腹泻,症状伴随症状,目眶下陷,儿科病名医验案解析,例一,现代临床
小儿迁延性腹泻,症状伴随症状,纳谷不香,儿科病名医验案解析,例一,现代临床
小儿迁延性腹泻,症状伴随症状,腹不胀,儿科病名医验案解析,例一,现代临床
小儿迁延性腹泻,症状伴随症状,小便清长,儿科病名医验案解析,例一,现代临床
小儿迁延性腹泻,症状辨证证候,余邪未清，肠失固摄,儿科病名医验案解析,例一,现代临床
余邪未清，肠失固摄,证候采用方剂,桃花汤加减,儿科病名医验案解析,例一,现代临床
桃花汤加减,方剂组成药材,赤石脂、煨诃子、焦白术、白芍、茯苓、黄连、木香,儿科病名医验案解析,例一,现代临床
赤石脂,药材具有功效,酸涩甘湿，固下散寒,儿科病名医验案解析,例一,现代临床
小儿迁延性腹泻,症状伴随症状,"大便常规：白细胞( ),未见巨噬细胞",儿科病名医验案解析,例一,现代临床
小儿迁延性腹泻,症状伴随症状,感冒后腹泻,儿科病名医验案解析,例一,现代临床
小儿迁延性腹泻,症状伴随症状,大便始如水样,儿科病名医验案解析,例一,现代临床
小儿迁延性腹泻,症状伴随症状,下利无度,儿科病名医验案解析,例一,现代临床
小儿迁延性腹泻,症状伴随症状,夹少许黏液,儿科病名医验案解析,例一,现代临床
小儿迁延性腹泻,症状伴随症状,经治疗感冒已愈,儿科病名医验案解析,例一,现代临床
小儿迁延性腹泻,症状伴随症状,腹泻仍作,儿科病名医验案解析,例一,现代临床
小儿迁延性腹泻,症状伴随症状,每日5 6次,儿科病名医验案解析,例一,现代临床
小儿迁延性腹泻,症状伴随症状,夹白胨如鱼脑,儿科病名医验案解析,例一,现代临床
小儿迁延性腹泻,症状伴随症状,目眶下陷,儿科病名医验案解析,例一,现代临床
小儿迁延性腹泻,症状伴随症状,纳谷不香,儿科病名医验案解析,例一,现代临床
小儿迁延性腹泻,症状伴随症状,腹不胀,儿科病名医验案解析,例一,现代临床
小儿迁延性腹泻,症状伴随症状,小便清长,儿科病名医验案解析,例一,现代临床
小儿迁延性腹泻,症状辨证证候,余邪未清，肠失固摄,儿科病名医验案解析,例一,现代临床
余邪未清，肠失固摄,证候采用方剂,桃花汤加减,儿科病名医验案解析,例一,现代临床
桃花汤加减,方剂组成药材,赤石脂、煨诃子、焦白术、白芍、茯苓、黄连、木香,儿科病名医验案解析,例一,现代临床
赤石脂,药材具有功效,酸涩甘湿，固下散寒,儿科病名医验案解析,例一,现代临床
小儿迁延性腹泻,症状伴随症状,"大便常规：白细胞( ),未见巨噬细胞",儿科病名医验案解析,例一,现代临床
小儿迁延性腹泻,症状伴随症状,感冒后腹泻,儿科病名医验案解析,例一,现代临床
小儿迁延性腹泻,症状伴随症状,大便始如水样,儿科病名医验案解析,例一,现代临床
小儿迁延性腹泻,症状伴随症状,下利无度,儿科病名医验案解析,例一,现代临床
小儿迁延性腹泻,症状伴随症状,夹少许黏液,儿科病名医验案解析,例一,现代临床
小儿迁延性腹泻,症状伴随症状,经治疗感冒已愈,儿科病名医验案解析,例一,现代临床
小儿迁延性腹泻,症状伴随症状,腹泻仍作,儿科病名医验案解析,例一,现代临床
小儿迁延性腹泻,症状伴随症状,每日5 6次,儿科病名医验案解析,例一,现代临床
小儿迁延性腹泻,症状伴随症状,夹白胨如鱼脑,儿科病名医验案解析,例一,现代临床
小儿迁延性腹泻,症状伴随症状,目眶下陷,儿科病名医验案解析,例一,现代临床
小儿迁延性腹泻,症状伴随症状,纳谷不香,儿科病名医验案解析,例一,现代临床
小儿迁延性腹泻,症状伴随症状,腹不胀,儿科病名医验案解析,例一,现代临床
小儿迁延性腹泻,症状伴随症状,小便清长,儿科病名医验案解析,例一,现代临床
小儿迁延性腹泻,症状辨证证候,余邪未清，肠失固摄,儿科病名医验案解析,例一,现代临床
余邪未清，肠失固摄,证候采用方剂,桃花汤加减,儿科病名医验案解析,例一,现代临床
桃花汤加减,方剂组成药材,赤石脂、煨诃子、焦白术、白芍、茯苓、黄连、木香,儿科病名医验案解析,例一,现代临床
赤石脂,药材具有功效,酸涩甘湿，固下散寒,儿科病名医验案解析,例一,现代临床
小儿迁延性腹泻,症状伴随症状,"大便常规：白细胞( ),未见巨噬细胞",儿科病名医验案解析,例一,现代临床
小儿迁延性腹泻,症状伴随症状,感冒后腹泻,儿科病名医验案解析,例一,现代临床
小儿迁延性腹泻,症状伴随症状,大便始如水样,儿科病名医验案解析,例一,现代临床
小儿迁延性腹泻,症状伴随症状,下利无度,儿科病名医验案解析,例一,现代临床
小儿迁延性腹泻,症状伴随症状,夹少许黏液,儿科病名医验案解析,例一,现代临床
小儿迁延性腹泻,症状伴随症状,经治疗感冒已愈,儿科病名医验案解析,例一,现代临床
小儿迁延性腹泻,症状伴随症状,腹泻仍作,儿科病名医验案解析,例一,现代临床
小儿迁延性腹泻,症状伴随症状,每日5 6次,儿科病名医验案解析,例一,现代临床
小儿迁延性腹泻,症状伴随症状,夹白胨如鱼脑,儿科病名医验案解析,例一,现代临床
小儿迁延性腹泻,症状伴随症状,目眶下陷,儿科病名医验案解析,例一,现代临床
小儿迁延性腹泻,症状伴随症状,纳谷不香,儿科病名医验案解析,例一,现代临床
小儿迁延性腹泻,症状伴随症状,腹不胀,儿科病名医验案解析,例一,现代临床
小儿迁延性腹泻,症状伴随症状,小便清长,儿科病名医验案解析,例一,现代临床
小儿迁延性腹泻,症状辨证证候,余邪未清，肠失固摄,儿科病名医验案解析,例一,现代临床
余邪未清，肠失固摄,证候采用方剂,桃花汤加减,儿科病名医验案解析,例一,现代临床
桃花汤加减,方剂组成药材,赤石脂、煨诃子、焦白术、白芍、茯苓、黄连、木香,儿科病名医验案解析,例一,现代临床
赤石脂,药材具有功效,酸涩甘湿，固下散寒,儿科病名医验案解析,例一,现代临床
脾胃虚寒证,疾病表现症状,脘腹冷痛,儿科病名医验案解析,例一,现代临床
脾胃虚寒证,疾病表现症状,呕吐泄泻,儿科病名医验案解析,例一,现代临床
脾胃虚寒证,疾病表现症状,手足不温,儿科病名医验案解析,例一,现代临床
附子理中丸,方剂组成药材,炮姜,儿科病名医验案解析,例一,现代临床
附子理中丸,方剂组成药材,肉豆蔻,儿科病名医验案解析,例一,现代临床
附子理中丸,方剂组成药材,草豆蔻,儿科病名医验案解析,例一,现代临床
附子理中丸,方剂组成药材,砂仁,儿科病名医验案解析,例一,现代临床
附子理中丸,方剂组成药材,益智,儿科病名医验案解析,例一,现代临床
附子理中丸,方剂组成药材,附子,儿科病名医验案解析,例一,现代临床
炮姜,药材具有功效,温中散寒,儿科病名医验案解析,例一,现代临床
肉桂,药材具有功效,温中散寒,儿科病名医验案解析,例一,现代临床
丁香,药材具有功效,补气健脾,儿科病名医验案解析,例一,现代临床
益智,药材具有功效,补气健脾,儿科病名医验案解析,例一,现代临床
白术,药材具有功效,健脾燥湿,儿科病名医验案解析,例一,现代临床
苍术,药材具有功效,健脾燥湿,儿科病名医验案解析,例一,现代临床
木香,药材具有功效,缓急止痛,儿科病名医验案解析,例一,现代临床
诃子,药材具有功效,暖胃,儿科病名医验案解析,例一,现代临床
婴幼儿腹泻,归属于经典,中国百年百名中医临床家丛书 刘弼臣,儿科病名医验案解析,例一,现代临床
湿热内郁,症状伴随症状,腹泻,儿科病名医验案解析,例一,现代临床
湿热内郁,症状伴随症状,周身肌肉不丰,儿科病名医验案解析,例一,现代临床
湿热内郁,症状伴随症状,面色萎黄不泽,儿科病名医验案解析,例一,现代临床
湿热内郁,症状伴随症状,口干少津,儿科病名医验案解析,例一,现代临床
湿热内郁,症状伴随症状,小溲短赤,儿科病名医验案解析,例一,现代临床
湿热内郁,舌象表现特征,舌淡,儿科病名医验案解析,例一,现代临床
湿热内郁,舌象表现特征,无苔,儿科病名医验案解析,例一,现代临床
湿热内郁,脉象表现特征,指纹淡紫,儿科病名医验案解析,例一,现代临床
脾虚湿盛,症状伴随症状,腹泻,儿科病名医验案解析,例一,现代临床
脾虚湿盛,症状伴随症状,粪便呈稀水样,儿科病名医验案解析,例一,现代临床
脾虚湿盛,症状伴随症状,纳差,儿科病名医验案解析,例一,现代临床
脾虚湿盛,症状伴随症状,汗多,儿科病名医验案解析,例一,现代临床
脾虚湿盛,症状伴随症状,尿少,儿科病名医验案解析,例一,现代临床
脾虚湿盛,舌象表现特征,舌淡,儿科病名医验案解析,例一,现代临床
脾虚湿盛,舌象表现特征,苔白,儿科病名医验案解析,例一,现代临床
脾虚湿盛,脉象表现特征,指纹淡紫,儿科病名医验案解析,例一,现代临床
湿热泻,症状伴随症状,腹泻,儿科病名医验案解析,例一,现代临床
湿热泻,症状伴随症状,大便每天4 5次,儿科病名医验案解析,例一,现代临床
湿热泻,症状伴随症状,泻下急迫,儿科病名医验案解析,例一,现代临床
湿热泻,症状伴随症状,量多,儿科病名医验案解析,例一,现代临床
湿热泻,症状伴随症状,无黏液,儿科病名医验案解析,例一,现代临床
湿热泻,症状伴随症状,无便前腹痛,儿科病名医验案解析,例一,现代临床
湿热泻,症状伴随症状,不吐,儿科病名医验案解析,例一,现代临床
湿热泻,症状伴随症状,胃纳可,儿科病名医验案解析,例一,现代临床
湿热泻,症状伴随症状,小便尚可,儿科病名医验案解析,例一,现代临床
湿热泻,舌象表现特征,舌红,儿科病名医验案解析,例一,现代临床
湿热泻,舌象表现特征,苔薄黄,儿科病名医验案解析,例一,现代临床
湿热泻,脉象表现特征,指纹紫滞,儿科病名医验案解析,例一,现代临床
湿热泻,证候采用方剂,葛根芩连汤加味,儿科病名医验案解析,例一,现代临床
葛根芩连汤加味,方剂组成药材,葛根,儿科病名医验案解析,例一,现代临床
葛根芩连汤加味,方剂组成药材,黄连,儿科病名医验案解析,例一,现代临床
葛根芩连汤加味,方剂组成药材,黄芩,儿科病名医验案解析,例一,现代临床
葛根芩连汤加味,方剂组成药材,干姜,儿科病名医验案解析,例一,现代临床
葛根芩连汤加味,方剂组成药材,云茯苓,儿科病名医验案解析,例一,现代临床
葛根芩连汤加味,方剂组成药材,苍术,儿科病名医验案解析,例一,现代临床
葛根芩连汤加味,方剂组成药材,白术,儿科病名医验案解析,例一,现代临床
葛根芩连汤加味,方剂组成药材,寒水石,儿科病名医验案解析,例一,现代临床
葛根芩连汤加味,方剂组成药材,防风,儿科病名医验案解析,例一,现代临床
葛根芩连汤加味,方剂组成药材,白芷,儿科病名医验案解析,例一,现代临床
葛根芩连汤加味,方剂组成药材,六一散,儿科病名医验案解析,例一,现代临床
葛根,药材具有功效,生津升阳,儿科病名医验案解析,例一,现代临床
防风,药材具有功效,疏利气机,儿科病名医验案解析,例一,现代临床
防风,药材具有功效,振兴脾气,儿科病名医验案解析,例一,现代临床
防风,药材具有功效,流畅气机,儿科病名医验案解析,例一,现代临床
防风,药材具有功效,恢复转枢,儿科病名医验案解析,例一,现代临床
黄连,药材具有功效,苦寒燥湿泄热,儿科病名医验案解析,例一,现代临床
黄芩,药材具有功效,苦寒燥湿泄热,儿科病名医验案解析,例一,现代临床
六一散,药材具有功效,解暑清热利湿,儿科病名医验案解析,例一,现代临床
苍术,药材具有功效,燥湿利湿,儿科病名医验案解析,例一,现代临床
寒水石,药材具有功效,清热利湿,儿科病名医验案解析,例一,现代临床
寒水石,药材具有功效,健胃止泻,儿科病名医验案解析,例一,现代临床
干姜,药材具有功效,助运化湿,儿科病名医验案解析,例一,现代临床
干姜,药材具有功效,防芩连等药苦寒伤中,儿科病名医验案解析,例一,现代临床
迁延性腹泻,疾病表现症状,粪便呈稀水样,儿科病名医验案解析,例一,现代临床
迁延性腹泻,疾病表现症状,有不消化食物,儿科病名医验案解析,例一,现代临床
迁延性腹泻,疾病表现症状,无黏液,儿科病名医验案解析,例一,现代临床
迁延性腹泻,疾病表现症状,味不大,儿科病名医验案解析,例一,现代临床
迁延性腹泻,疾病表现症状,每日3-4次,儿科病名医验案解析,例一,现代临床
迁延性腹泻,疾病表现症状,纳差,儿科病名医验案解析,例一,现代临床
迁延性腹泻,疾病表现症状,汗多,儿科病名医验案解析,例一,现代临床
迁延性腹泻,疾病表现症状,尿少,儿科病名医验案解析,例一,现代临床
迁延性腹泻,疾病表现症状,寐安,儿科病名医验案解析,例一,现代临床
脾虚湿盛,证候导致舌象,舌淡,儿科病名医验案解析,例一,现代临床
脾虚湿盛,证候导致舌象,苔白,儿科病名医验案解析,例一,现代临床
脾虚湿盛,证候导致舌象,指纹淡紫,儿科病名医验案解析,例一,现代临床
脾虚湿盛,证候导致脉象,脉细,儿科病名医验案解析,例一,现代临床
脾虚湿盛,证候采用方剂,钱乙白术散加减,儿科病名医验案解析,例一,现代临床
钱乙白术散加减,方剂组成药材,葛根,儿科病名医验案解析,例一,现代临床
钱乙白术散加减,方剂组成药材,白术,儿科病名医验案解析,例一,现代临床
钱乙白术散加减,方剂组成药材,生山药,儿科病名医验案解析,例一,现代临床
钱乙白术散加减,方剂组成药材,半夏,儿科病名医验案解析,例一,现代临床
钱乙白术散加减,方剂组成药材,云茯苓,儿科病名医验案解析,例一,现代临床
钱乙白术散加减,方剂组成药材,泽泻,儿科病名医验案解析,例一,现代临床
钱乙白术散加减,方剂组成药材,苍术,儿科病名医验案解析,例一,现代临床
钱乙白术散加减,方剂组成药材,木香,儿科病名医验案解析,例一,现代临床
钱乙白术散加减,方剂组成药材,焦三仙,儿科病名医验案解析,例一,现代临床
钱乙白术散加减,方剂组成药材,白芷,儿科病名医验案解析,例一,现代临床
钱乙白术散加减,方剂组成药材,六一散,儿科病名医验案解析,例一,现代临床
钱乙白术散加减,方剂组成药材,石榴皮,儿科病名医验案解析,例一,现代临床
葛根,药材具有功效,健运脾胃,儿科病名医验案解析,例一,现代临床
葛根,药材具有功效,消乳化食,儿科病名医验案解析,例一,现代临床
石榴皮,药材具有功效,涩肠止泻,儿科病名医验案解析,例一,现代临床
小儿腹泻病,疾病表现症状,大便质稀,儿科病名医验案解析,例一,现代临床
小儿腹泻病,疾病表现症状,次数多,儿科病名医验案解析,例一,现代临床
小儿腹泻病,疾病表现症状,呈水样,儿科病名医验案解析,例一,现代临床
小儿腹泻病,疾病表现症状,无发热,儿科病名医验案解析,例一,现代临床
小儿腹泻病,疾病表现症状,有时恶心,儿科病名医验案解析,例一,现代临床
小儿腹泻病,疾病表现症状,汗多,儿科病名医验案解析,例一,现代临床
小儿腹泻病,疾病表现症状,纳眠可,儿科病名医验案解析,例一,现代临床
小儿腹泻病,疾病表现症状,小便不少,儿科病名医验案解析,例一,现代临床
脾气不足，湿滞中焦,证候导致舌象,舌淡红,儿科病名医验案解析,例一,现代临床
脾气不足，湿滞中焦,证候导致舌象,苔白腻,儿科病名医验案解析,例一,现代临床
脾气不足，湿滞中焦,证候导致脉象,脉滑,儿科病名医验案解析,例一,现代临床
脾气不足，湿滞中焦,证候采用方剂,参苓白术散合左金丸加减,儿科病名医验案解析,例一,现代临床
参苓白术散合左金丸加减,方剂组成药材,云茯苓,儿科病名医验案解析,例一,现代临床
参苓白术散合左金丸加减,方剂组成药材,肉豆蔻,儿科病名医验案解析,例一,现代临床
参苓白术散合左金丸加减,方剂组成药材,六一散,儿科病名医验案解析,例一,现代临床
参苓白术散合左金丸加减,方剂组成药材,伏龙肝,儿科病名医验案解析,例一,现代临床
参苓白术散合左金丸加减,方剂组成药材,吴茱萸,儿科病名医验案解析,例一,现代临床
参苓白术散合左金丸加减,方剂组成药材,黄连,儿科病名医验案解析,例一,现代临床
参苓白术散合左金丸加减,方剂组成药材,赤石脂,儿科病名医验案解析,例一,现代临床
参苓白术散合左金丸加减,方剂组成药材,白术,儿科病名医验案解析,例一,现代临床
参苓白术散合左金丸加减,方剂组成药材,禹余粮,儿科病名医验案解析,例一,现代临床
参苓白术散合左金丸加减,方剂组成药材,谷芽,儿科病名医验案解析,例一,现代临床
参苓白术散合左金丸加减,方剂组成药材,稻芽,儿科病名医验案解析,例一,现代临床
参苓白术散合左金丸加减,方剂组成药材,鲜芦根,儿科病名医验案解析,例一,现代临床
参苓白术散合左金丸加减,方剂组成药材,明矾,儿科病名医验案解析,例一,现代临床
消化不良,疾病表现症状,反复腹泻,儿科病名医验案解析,例一,现代临床
消化不良,疾病表现症状,大便每日2-3次,儿科病名医验案解析,例一,现代临床
消化不良,疾病表现症状,不成形,儿科病名医验案解析,例一,现代临床
消化不良,疾病表现症状,消瘦,儿科病名医验案解析,例一,现代临床
消化不良,疾病表现症状,面黄,儿科病名医验案解析,例一,现代临床
消化不良,疾病表现症状,纳食,儿科病名医验案解析,例一,现代临床
消化不良,疾病表现症状,小便正常,儿科病名医验案解析,例一,现代临床
湿热中阻，迫注大肠,证候导致舌象,舌淡红,儿科病名医验案解析,例一,现代临床
湿热中阻，迫注大肠,证候导致舌象,苔白,儿科病名医验案解析,例一,现代临床
湿热中阻，迫注大肠,证候导致脉象,脉滑,儿科病名医验案解析,例一,现代临床
湿热中阻，迫注大肠,证候采用方剂,白头翁汤合葛根黄芩黄连汤加减,儿科病名医验案解析,例一,现代临床
白头翁汤合葛根黄芩黄连汤加减,方剂组成药材,秦皮,儿科病名医验案解析,例一,现代临床
白头翁汤合葛根黄芩黄连汤加减,方剂组成药材,白头翁,儿科病名医验案解析,例一,现代临床
白头翁汤合葛根黄芩黄连汤加减,方剂组成药材,谷芽,儿科病名医验案解析,例一,现代临床
白头翁汤合葛根黄芩黄连汤加减,方剂组成药材,稻芽,儿科病名医验案解析,例一,现代临床
白头翁汤合葛根黄芩黄连汤加减,方剂组成药材,浮小麦,儿科病名医验案解析,例一,现代临床
白头翁汤合葛根黄芩黄连汤加减,方剂组成药材,莲子心,儿科病名医验案解析,例一,现代临床
白头翁汤合葛根黄芩黄连汤加减,方剂组成药材,钩藤,儿科病名医验案解析,例一,现代临床
白头翁汤合葛根黄芩黄连汤加减,方剂组成药材,草豆蔻,儿科病名医验案解析,例一,现代临床
白头翁汤合葛根黄芩黄连汤加减,方剂组成药材,砂仁,儿科病名医验案解析,例一,现代临床
白头翁汤合葛根黄芩黄连汤加减,方剂组成药材,六一散,儿科病名医验案解析,例一,现代临床
白头翁汤合葛根黄芩黄连汤加减,方剂组成药材,葛根,儿科病名医验案解析,例一,现代临床
白头翁汤合葛根黄芩黄连汤加减,方剂组成药材,黄芩,儿科病名医验案解析,例一,现代临床
白头翁汤合葛根黄芩黄连汤加减,方剂组成药材,黄连,儿科病名医验案解析,例一,现代临床
白头翁汤合葛根黄芩黄连汤加减,方剂组成药材,生山药,儿科病名医验案解析,例一,现代临床
白头翁汤合葛根黄芩黄连汤加减,方剂组成药材,橘核,儿科病名医验案解析,例一,现代临床
高热,疾病表现症状,抽搐,儿科病名医验案解析,例一,现代临床
高热,疾病表现症状,烦躁,儿科病名医验案解析,例一,现代临床
高热,疾病表现症状,口渴,儿科病名医验案解析,例一,现代临床
高热,疾病表现症状,时有惊惕,儿科病名医验案解析,例一,现代临床
高热,疾病表现症状,精神疲倦,儿科病名医验案解析,例一,现代临床
高热,疾病表现症状,流涕,儿科病名医验案解析,例一,现代临床
高热,疾病表现症状,咳嗽有痰,儿科病名医验案解析,例一,现代临床
痰火郁结,证候导致舌象,舌红,儿科病名医验案解析,例一,现代临床
痰火郁结,证候导致舌象,苔白略干,儿科病名医验案解析,例一,现代临床
痰火郁结,证候导致脉象,脉浮滑数,儿科病名医验案解析,例一,现代临床
风温之邪,证候导致舌象,舌红,儿科病名医验案解析,例一,现代临床
风温之邪,证候导致舌象,苔少略干,儿科病名医验案解析,例一,现代临床
风温之邪,证候导致脉象,脉浮滑数,儿科病名医验案解析,例一,现代临床
风温之邪,症状伴随症状,高热不退,儿科病名医验案解析,例一,现代临床
风温之邪,症状伴随症状,烦躁,儿科病名医验案解析,例一,现代临床
风温之邪,症状伴随症状,神疲,儿科病名医验案解析,例一,现代临床
风温之邪,症状伴随症状,微有汗出,儿科病名医验案解析,例一,现代临床
风温之邪,症状伴随症状,睡眠有时仍见惊惕,儿科病名医验案解析,例一,现代临床
风温之邪,症状伴随症状,轻咳,儿科病名医验案解析,例一,现代临床
风温之邪,症状伴随症状,有痰,儿科病名医验案解析,例一,现代临床
风温之邪,症状伴随症状,少涕,儿科病名医验案解析,例一,现代临床
风温之邪,症状伴随症状,大便正常,儿科病名医验案解析,例一,现代临床
风温之邪,症状伴随症状,小便淡黄,儿科病名医验案解析,例一,现代临床
风温之邪,症状伴随症状,唇红干,儿科病名医验案解析,例一,现代临床
身热虽退,症状伴随症状,渴减,儿科病名医验案解析,例一,现代临床
身热虽退,症状伴随症状,睡眠安分,儿科病名医验案解析,例一,现代临床
身热虽退,症状伴随症状,纳可,儿科病名医验案解析,例一,现代临床
身热虽退,症状伴随症状,咳疏,儿科病名医验案解析,例一,现代临床
身热虽退,症状伴随症状,有少许鼻涕,儿科病名医验案解析,例一,现代临床
身热虽退,症状伴随症状,大小便正常,儿科病名医验案解析,例一,现代临床
痰火郁结,证候采用方剂,青蒿,儿科病名医验案解析,例一,现代临床
痰火郁结,证候采用方剂,荆芥,儿科病名医验案解析,例一,现代临床
痰火郁结,证候采用方剂,桑叶,儿科病名医验案解析,例一,现代临床
痰火郁结,证候采用方剂,钩藤,儿科病名医验案解析,例一,现代临床
痰火郁结,证候采用方剂,连翘,儿科病名医验案解析,例一,现代临床
痰火郁结,证候采用方剂,黄芩,儿科病名医验案解析,例一,现代临床
痰火郁结,证候采用方剂,牛蒡子,儿科病名医验案解析,例一,现代临床
痰火郁结,证候采用方剂,板蓝根,儿科病名医验案解析,例一,现代临床
痰火郁结,证候采用方剂,桔梗,儿科病名医验案解析,例一,现代临床
痰火郁结,证候采用方剂,蒲公英,儿科病名医验案解析,例一,现代临床
痰火郁结,证候采用方剂,甘草,儿科病名医验案解析,例一,现代临床
风温之邪,证候采用方剂,羚羊角,儿科病名医验案解析,例一,现代临床
风温之邪,证候采用方剂,生石膏,儿科病名医验案解析,例一,现代临床
风温之邪,证候采用方剂,干荷梗,儿科病名医验案解析,例一,现代临床
风温之邪,证候采用方剂,黄连,儿科病名医验案解析,例一,现代临床
风温之邪,证候采用方剂,青蒿,儿科病名医验案解析,例一,现代临床
风温之邪,证候采用方剂,黄芩,儿科病名医验案解析,例一,现代临床
风温之邪,证候采用方剂,板蓝根,儿科病名医验案解析,例一,现代临床
风温之邪,证候采用方剂,海藻,儿科病名医验案解析,例一,现代临床
风温之邪,证候采用方剂,钩藤,儿科病名医验案解析,例一,现代临床
风温之邪,证候采用方剂,蒲公英,儿科病名医验案解析,例一,现代临床
风温之邪,证候采用方剂,甘草,儿科病名医验案解析,例一,现代临床
风温之邪,证候采用方剂,浮海石,儿科病名医验案解析,例一,现代临床
身热虽退,证候采用方剂,黄芩,儿科病名医验案解析,例一,现代临床
身热虽退,证候采用方剂,淡竹叶,儿科病名医验案解析,例一,现代临床
身热虽退,证候采用方剂,杭菊花,儿科病名医验案解析,例一,现代临床
身热虽退,证候采用方剂,白芍,儿科病名医验案解析,例一,现代临床
身热虽退,证候采用方剂,甘草,儿科病名医验案解析,例一,现代临床
身热虽退,证候采用方剂,谷芽,儿科病名医验案解析,例一,现代临床
上呼吸道感染,疾病表现症状,发热,儿科病名医验案解析,例一,现代临床
上呼吸道感染,疾病表现症状,面红目赤,儿科病名医验案解析,例一,现代临床
上呼吸道感染,疾病表现症状,烦渴,儿科病名医验案解析,例一,现代临床
上呼吸道感染,疾病表现症状,双眼窜视,儿科病名医验案解析,例一,现代临床
上呼吸道感染,疾病表现症状,手足抽搐,儿科病名医验案解析,例一,现代临床
上呼吸道感染,疾病表现症状,喉间痰鸣,儿科病名医验案解析,例一,现代临床
上呼吸道感染,疾病表现症状,壮热,儿科病名医验案解析,例一,现代临床
上呼吸道感染,疾病表现症状,烦躁不安,儿科病名医验案解析,例一,现代临床
上呼吸道感染,疾病表现症状,间有惊惕,儿科病名医验案解析,例一,现代临床
上呼吸道感染,疾病表现症状,唇红口渴,儿科病名医验案解析,例一,现代临床
上呼吸道感染,疾病表现症状,喉间痰鸣,儿科病名医验案解析,例一,现代临床
上呼吸道感染,疾病表现症状,大便秘结,儿科病名医验案解析,例一,现代临床
上呼吸道感染,疾病表现症状,小便短赤,儿科病名医验案解析,例一,现代临床
肝胆火旺,证候导致舌象,舌边红,儿科病名医验案解析,例一,现代临床
肝胆火旺,证候导致舌象,苔黄稍干,儿科病名医验案解析,例一,现代临床
肝胆火旺,证候导致脉象,脉弦滑效,儿科病名医验案解析,例一,现代临床
肝胆火旺,证候导致舌象,舌边略红,儿科病名医验案解析,例一,现代临床
肝胆火旺,证候导致舌象,苔淡黄,儿科病名医验案解析,例一,现代临床
肝胆火旺,证候导致脉象,脉滑数,儿科病名医验案解析,例一,现代临床
肝胆火旺,证候采用方剂,龙胆泻肝汤加减,儿科病名医验案解析,例一,现代临床
肝胆火旺,证候采用方剂,龙胆,儿科病名医验案解析,例一,现代临床
肝胆火旺,证候采用方剂,栀子,儿科病名医验案解析,例一,现代临床
肝胆火旺,证候采用方剂,大黄,儿科病名医验案解析,例一,现代临床
肝胆火旺,证候采用方剂,黄芩,儿科病名医验案解析,例一,现代临床
肝胆火旺,证候采用方剂,天竺黄,儿科病名医验案解析,例一,现代临床
肝胆火旺,证候采用方剂,柴胡,儿科病名医验案解析,例一,现代临床
肝胆火旺,证候采用方剂,甘草,儿科病名医验案解析,例一,现代临床
肝胆火旺,证候采用方剂,羚羊角,儿科病名医验案解析,例一,现代临床
肝胆火旺,证候采用方剂,钩藤,儿科病名医验案解析,例一,现代临床
肝胆火旺,证候采用方剂,杭菊花,儿科病名医验案解析,例一,现代临床
气阴两伤,证候导致舌象,舌淡红,儿科病名医验案解析,例一,现代临床
气阴两伤,证候导致舌象,苔薄白,儿科病名医验案解析,例一,现代临床
气阴两伤,证候导致脉象,脉细,儿科病名医验案解析,例一,现代临床
气阴两伤,证候导致舌象,舌质淡,儿科病名医验案解析,例一,现代临床
气阴两伤,证候导致舌象,苔薄白,儿科病名医验案解析,例一,现代临床
气阴两伤,证候导致脉象,脉细,儿科病名医验案解析,例一,现代临床
气阴两伤,证候采用方剂,生龙骨,儿科病名医验案解析,例一,现代临床
气阴两伤,证候采用方剂,生牡蛎,儿科病名医验案解析,例一,现代临床
气阴两伤,证候采用方剂,天麻,儿科病名医验案解析,例一,现代临床
气阴两伤,证候采用方剂,钩藤,儿科病名医验案解析,例一,现代临床
气阴两伤,证候采用方剂,宣木瓜,儿科病名医验案解析,例一,现代临床
气阴两伤,证候采用方剂,建莲子肉,儿科病名医验案解析,例一,现代临床
气阴两伤,证候采用方剂,炒白芍,儿科病名医验案解析,例一,现代临床
气阴两伤,证候采用方剂,甘草,儿科病名医验案解析,例一,现代临床
肺卫燥热,证候导致舌象,舌质红,儿科病名医验案解析,例一,现代临床
肺卫燥热,证候导致脉象,脉浮数,儿科病名医验案解析,例一,现代临床
肺卫燥热,证候采用方剂,桑叶,儿科病名医验案解析,例一,现代临床
肺卫燥热,证候采用方剂,杏仁,儿科病名医验案解析,例一,现代临床
肺卫燥热,证候采用方剂,生石膏,儿科病名医验案解析,例一,现代临床
肺卫燥热,证候采用方剂,甘草,儿科病名医验案解析,例一,现代临床
肺卫燥热,证候采用方剂,枳壳,儿科病名医验案解析,例一,现代临床
肺卫燥热,证候采用方剂,桔梗,儿科病名医验案解析,例一,现代临床
肺卫燥热,证候采用方剂,僵蚕,儿科病名医验案解析,例一,现代临床
肺卫燥热,证候采用方剂,紫苏梗,儿科病名医验案解析,例一,现代临床
肺卫燥热,证候采用方剂,黄芩,儿科病名医验案解析,例一,现代临床
肺卫燥热,证候采用方剂,天花粉,儿科病名医验案解析,例一,现代临床
肺卫燥热,证候采用方剂,竹茹,儿科病名医验案解析,例一,现代临床
肺卫燥热,证候采用方剂,苍耳子,儿科病名医验案解析,例一,现代临床
肺卫燥热,证候采用方剂,蛇胆陈皮末,儿科病名医验案解析,例一,现代临床
热极化火,证候导致舌象,舌苔黄腻,儿科病名医验案解析,例一,现代临床
热极化火,证候导致舌象,舌质红,儿科病名医验案解析,例一,现代临床
热极化火,证候导致脉象,脉弦数,儿科病名医验案解析,例一,现代临床
热极化火,证候采用方剂,金银花,儿科病名医验案解析,例一,现代临床
热极化火,证候采用方剂,连翘,儿科病名医验案解析,例一,现代临床
热极化火,证候采用方剂,钩藤,儿科病名医验案解析,例一,现代临床
热极化火,证候采用方剂,生地黄,儿科病名医验案解析,例一,现代临床
热极化火,证候采用方剂,薄荷,儿科病名医验案解析,例一,现代临床
热极化火,证候采用方剂,僵蚕,儿科病名医验案解析,例一,现代临床
热极化火,证候采用方剂,黄芩,儿科病名医验案解析,例一,现代临床
热极化火,证候采用方剂,石膏,儿科病名医验案解析,例一,现代临床
热极化火,证候采用方剂,大黄,儿科病名医验案解析,例一,现代临床
热极化火,证候采用方剂,淡竹叶,儿科病名医验案解析,例一,现代临床
热极化火,证候采用方剂,甘草,儿科病名医验案解析,例一,现代临床
热极化火,疾病表现症状,神志不清,儿科病名医验案解析,例一,现代临床
热极化火,疾病表现症状,牙关紧闭,儿科病名医验案解析,例一,现代临床
热极化火,疾病表现症状,项背强直,儿科病名医验案解析,例一,现代临床
热极化火,疾病表现症状,高热抽搐,儿科病名医验案解析,例一,现代临床
热极化火,疾病表现症状,涕泪皆无,儿科病名医验案解析,例一,现代临床
热极化火,疾病表现症状,口唇干燥,儿科病名医验案解析,例一,现代临床
热极化火,疾病表现症状,二便不利,儿科病名医验案解析,例一,现代临床
热极化火,疾病导致舌象,舌苔黄腻,儿科病名医验案解析,例一,现代临床
热极化火,疾病导致舌象,舌质红,儿科病名医验案解析,例一,现代临床
热极化火,疾病导致脉象,脉弦数,儿科病名医验案解析,例一,现代临床
热极化火,证候导致舌象,舌苔黄腻,儿科病名医验案解析,例一,现代临床
热极化火,证候导致舌象,舌质红,儿科病名医验案解析,例一,现代临床
热极化火,证候导致脉象,脉弦数,儿科病名医验案解析,例一,现代临床
热极化火,综合辨证证候,热扰神明,儿科病名医验案解析,例一,现代临床
热扰神明,症状伴随症状,神志不清,儿科病名医验案解析,例一,现代临床
热扰神明,症状伴随症状,高热抽搐,儿科病名医验案解析,例一,现代临床
热扰神明,症状伴随症状,涕泪皆无,儿科病名医验案解析,例一,现代临床
热扰神明,症状伴随症状,口唇干燥,儿科病名医验案解析,例一,现代临床
热扰神明,症状伴随症状,二便不利,儿科病名医验案解析,例一,现代临床
热扰神明,证候导致舌象,舌苔黄腻,儿科病名医验案解析,例一,现代临床
热扰神明,证候导致舌象,舌质红,儿科病名医验案解析,例一,现代临床
热扰神明,证候导致脉象,脉弦数,儿科病名医验案解析,例一,现代临床
热扰神明,证候采用方剂,清热解毒，平肝息风,儿科病名医验案解析,例一,现代临床
清热解毒，平肝息风,方剂组成药材,金银花,儿科病名医验案解析,例一,现代临床
清热解毒，平肝息风,方剂组成药材,连翘,儿科病名医验案解析,例一,现代临床
清热解毒，平肝息风,方剂组成药材,钩藤,儿科病名医验案解析,例一,现代临床
清热解毒，平肝息风,方剂组成药材,生地黄,儿科病名医验案解析,例一,现代临床
清热解毒，平肝息风,方剂组成药材,薄荷,儿科病名医验案解析,例一,现代临床
清热解毒，平肝息风,方剂组成药材,僵蚕,儿科病名医验案解析,例一,现代临床
清热解毒，平肝息风,方剂组成药材,黄芩,儿科病名医验案解析,例一,现代临床
清热解毒，平肝息风,方剂组成药材,石膏,儿科病名医验案解析,例一,现代临床
清热解毒，平肝息风,方剂组成药材,大黄,儿科病名医验案解析,例一,现代临床
清热解毒，平肝息风,方剂组成药材,淡竹叶,儿科病名医验案解析,例一,现代临床
清热解毒，平肝息风,方剂组成药材,甘草,儿科病名医验案解析,例一,现代临床
金银花,药材具有功效,清热解毒,儿科病名医验案解析,例一,现代临床
连翘,药材具有功效,清热解毒,儿科病名医验案解析,例一,现代临床
钩藤,药材具有功效,平肝息风,儿科病名医验案解析,例一,现代临床
薄荷,药材具有功效,疏风散热,儿科病名医验案解析,例一,现代临床
僵蚕,药材具有功效,息风止痉,儿科病名医验案解析,例一,现代临床
黄芩,药材具有功效,清热燥湿,儿科病名医验案解析,例一,现代临床
石膏,药材具有功效,清热泻火,儿科病名医验案解析,例一,现代临床
大黄,药材具有功效,泻下攻积,儿科病名医验案解析,例一,现代临床
淡竹叶,药材具有功效,清热生津,儿科病名医验案解析,例一,现代临床
甘草,药材具有功效,调和诸药,儿科病名医验案解析,例一,现代临床
惊风,疾病表现症状,间断抽搐,儿科病名医验案解析,例一,现代临床
惊风,疾病表现症状,双目上视,儿科病名医验案解析,例一,现代临床
惊风,疾病表现症状,四肢发紧,儿科病名医验案解析,例一,现代临床
惊风,疾病导致舌象,舌尖红,儿科病名医验案解析,例一,现代临床
惊风,疾病导致舌象,苔白腻,儿科病名医验案解析,例一,现代临床
心肝蕴热，痰湿内扰,综合辨证证候,惊风,儿科病名医验案解析,例一,现代临床
心肝蕴热，痰湿内扰,证候导致舌象,舌尖红,儿科病名医验案解析,例一,现代临床
心肝蕴热，痰湿内扰,证候导致舌象,苔白腻,儿科病名医验案解析,例一,现代临床
心肝蕴热，痰湿内扰,证候采用方剂,疏肝清心，清热化痰,儿科病名医验案解析,例一,现代临床
疏肝清心，清热化痰,方剂组成药材,石决明,儿科病名医验案解析,例一,现代临床
疏肝清心，清热化痰,方剂组成药材,白蒺藜,儿科病名医验案解析,例一,现代临床
疏肝清心，清热化痰,方剂组成药材,全蝎,儿科病名医验案解析,例一,现代临床
疏肝清心，清热化痰,方剂组成药材,僵蚕,儿科病名医验案解析,例一,现代临床
疏肝清心，清热化痰,方剂组成药材,钩藤,儿科病名医验案解析,例一,现代临床
疏肝清心，清热化痰,方剂组成药材,杭白菊,儿科病名医验案解析,例一,现代临床
疏肝清心，清热化痰,方剂组成药材,丹参,儿科病名医验案解析,例一,现代临床
疏肝清心，清热化痰,方剂组成药材,莲子心,儿科病名医验案解析,例一,现代临床
疏肝清心，清热化痰,方剂组成药材,胆南星,儿科病名医验案解析,例一,现代临床
疏肝清心，清热化痰,方剂组成药材,天竺黄,儿科病名医验案解析,例一,现代临床
疏肝清心，清热化痰,方剂组成药材,龙胆,儿科病名医验案解析,例一,现代临床
石决明,药材具有功效,平肝潜阳,儿科病名医验案解析,例一,现代临床
白蒺藜,药材具有功效,疏肝解郁,儿科病名医验案解析,例一,现代临床
全蝎,药材具有功效,息风止痉,儿科病名医验案解析,例一,现代临床
僵蚕,药材具有功效,息风止痉,儿科病名医验案解析,例一,现代临床
钩藤,药材具有功效,平肝息风,儿科病名医验案解析,例一,现代临床
杭白菊,药材具有功效,疏风散热,儿科病名医验案解析,例一,现代临床
丹参,药材具有功效,活血化瘀,儿科病名医验案解析,例一,现代临床
莲子心,药材具有功效,清心安神,儿科病名医验案解析,例一,现代临床
胆南星,药材具有功效,清热化痰,儿科病名医验案解析,例一,现代临床
天竺黄,药材具有功效,清热化痰,儿科病名医验案解析,例一,现代临床
龙胆,药材具有功效,清热燥湿,儿科病名医验案解析,例一,现代临床
痰积化热证,综合辨证证候,多动症,儿科病名医验案解析,例一,现代临床
痰积化热证,证候导致舌象,舌红,儿科病名医验案解析,例一,现代临床
痰积化热证,证候导致舌象,苔黄腻,儿科病名医验案解析,例一,现代临床
痰积化热证,证候导致脉象,脉象滑数,儿科病名医验案解析,例一,现代临床
痰积化热证,证候采用方剂,豁痰镇惊息风,儿科病名医验案解析,例一,现代临床
豁痰镇惊息风,方剂组成药材,石菖蒲,儿科病名医验案解析,例一,现代临床
豁痰镇惊息风,方剂组成药材,胆南星,儿科病名医验案解析,例一,现代临床
豁痰镇惊息风,方剂组成药材,法半夏,儿科病名医验案解析,例一,现代临床
豁痰镇惊息风,方剂组成药材,铁落花,儿科病名医验案解析,例一,现代临床
豁痰镇惊息风,方剂组成药材,云茯苓,儿科病名医验案解析,例一,现代临床
豁痰镇惊息风,方剂组成药材,明天麻,儿科病名医验案解析,例一,现代临床
豁痰镇惊息风,方剂组成药材,紫丹参,儿科病名医验案解析,例一,现代临床
豁痰镇惊息风,方剂组成药材,麦冬,儿科病名医验案解析,例一,现代临床
豁痰镇惊息风,方剂组成药材,川贝母,儿科病名医验案解析,例一,现代临床
豁痰镇惊息风,方剂组成药材,陈皮,儿科病名医验案解析,例一,现代临床
石菖蒲,药材具有功效,豁痰开窍,儿科病名医验案解析,例一,现代临床
胆南星,药材具有功效,清热化痰,儿科病名医验案解析,例一,现代临床
法半夏,药材具有功效,燥湿化痰,儿科病名医验案解析,例一,现代临床
铁落花,药材具有功效,镇惊息风,儿科病名医验案解析,例一,现代临床
云茯苓,药材具有功效,利水渗湿,儿科病名医验案解析,例一,现代临床
明天麻,药材具有功效,息风止痉,儿科病名医验案解析,例一,现代临床
紫丹参,药材具有功效,活血化瘀,儿科病名医验案解析,例一,现代临床
麦冬,药材具有功效,养阴生津,儿科病名医验案解析,例一,现代临床
川贝母,药材具有功效,清热化痰,儿科病名医验案解析,例一,现代临床
陈皮,药材具有功效,燥湿化痰,儿科病名医验案解析,例一,现代临床
阴虚火旺,综合辨证证候,多动症,儿科病名医验案解析,例一,现代临床
阴虚火旺,证候导致舌象,舌质红绛,儿科病名医验案解析,例一,现代临床
阴虚火旺,证候导致舌象,苔花剥,儿科病名医验案解析,例一,现代临床
阴虚火旺,证候导致脉象,脉象细数,儿科病名医验案解析,例一,现代临床
阴虚火旺,证候采用方剂,滋阴清热，补心安神,儿科病名医验案解析,例一,现代临床
滋阴清热，补心安神,方剂组成药材,石菖蒲,儿科病名医验案解析,例一,现代临床
滋阴清热，补心安神,方剂组成药材,沙参,儿科病名医验案解析,例一,现代临床
滋阴清热，补心安神,方剂组成药材,玄参,儿科病名医验案解析,例一,现代临床
滋阴清热，补心安神,方剂组成药材,生地黄,儿科病名医验案解析,例一,现代临床
滋阴清热，补心安神,方剂组成药材,紫丹参,儿科病名医验案解析,例一,现代临床
滋阴清热，补心安神,方剂组成药材,草果,儿科病名医验案解析,例一,现代临床
滋阴清热，补心安神,方剂组成药材,茯苓,儿科病名医验案解析,例一,现代临床
滋阴清热，补心安神,方剂组成药材,麦冬,儿科病名医验案解析,例一,现代临床
滋阴清热，补心安神,方剂组成药材,当归,儿科病名医验案解析,例一,现代临床
滋阴清热，补心安神,方剂组成药材,柏子仁,儿科病名医验案解析,例一,现代临床
滋阴清热，补心安神,方剂组成药材,炙甘草,儿科病名医验案解析,例一,现代临床
石菖蒲,药材具有功效,豁痰开窍,儿科病名医验案解析,例一,现代临床
沙参,药材具有功效,养阴清热,儿科病名医验案解析,例一,现代临床
玄参,药材具有功效,养阴清热,儿科病名医验案解析,例一,现代临床
生地黄,药材具有功效,养阴生津,儿科病名医验案解析,例一,现代临床
紫丹参,药材具有功效,活血化瘀,儿科病名医验案解析,例一,现代临床
草果,药材具有功效,燥湿化痰,儿科病名医验案解析,例一,现代临床
茯苓,药材具有功效,利水渗湿,儿科病名医验案解析,例一,现代临床
麦冬,药材具有功效,养阴生津,儿科病名医验案解析,例一,现代临床
当归,药材具有功效,补血调经,儿科病名医验案解析,例一,现代临床
柏子仁,药材具有功效,养心安神,儿科病名医验案解析,例一,现代临床
炙甘草,药材具有功效,调和诸药,儿科病名医验案解析,例一,现代临床
痰火内扰,综合辨证证候,注意力缺陷多动症,儿科病名医验案解析,例一,现代临床
痰火内扰,证候导致舌象,舌质红,儿科病名医验案解析,例一,现代临床
痰火内扰,证候导致舌象,苔薄黄,儿科病名医验案解析,例一,现代临床
痰火内扰,证候导致脉象,脉弦数,儿科病名医验案解析,例一,现代临床
痰火内扰,证候采用方剂,清热泻火，化痰宁心,儿科病名医验案解析,例一,现代临床
清热泻火，化痰宁心,方剂组成药材,制半夏,儿科病名医验案解析,例一,现代临床
清热泻火，化痰宁心,方剂组成药材,胆南星,儿科病名医验案解析,例一,现代临床
清热泻火，化痰宁心,方剂组成药材,茯苓,儿科病名医验案解析,例一,现代临床
清热泻火，化痰宁心,方剂组成药材,远志,儿科病名医验案解析,例一,现代临床
清热泻火，化痰宁心,方剂组成药材,柴胡,儿科病名医验案解析,例一,现代临床
清热泻火，化痰宁心,方剂组成药材,郁金,儿科病名医验案解析,例一,现代临床
清热泻火，化痰宁心,方剂组成药材,竹茹,儿科病名医验案解析,例一,现代临床
清热泻火，化痰宁心,方剂组成药材,陈皮,儿科病名医验案解析,例一,现代临床
清热泻火，化痰宁心,方剂组成药材,甘草,儿科病名医验案解析,例一,现代临床
制半夏,药材具有功效,燥湿化痰,儿科病名医验案解析,例一,现代临床
胆南星,药材具有功效,清热化痰,儿科病名医验案解析,例一,现代临床
茯苓,药材具有功效,利水渗湿,儿科病名医验案解析,例一,现代临床
远志,药材具有功效,宁心安神,儿科病名医验案解析,例一,现代临床
柴胡,药材具有功效,疏肝解郁,儿科病名医验案解析,例一,现代临床
郁金,药材具有功效,活血止痛,儿科病名医验案解析,例一,现代临床
竹茹,药材具有功效,清热化痰,儿科病名医验案解析,例一,现代临床
陈皮,药材具有功效,燥湿化痰,儿科病名医验案解析,例一,现代临床
甘草,药材具有功效,调和诸药,儿科病名医验案解析,例一,现代临床
抽动秽语综合征,疾病表现症状,挤眼、耸肩、努嘴、骂人,儿科病名医验案解析,例一,现代临床
多发性抽动综合征,疾病表现症状,挤眼、耸鼻、耸肩、多动不安、时常骂人,儿科病名医验案解析,例一,现代临床
多动综合征,疾病表现症状,眼、口、鼻不断抽动、坐卧不安、多动烦躁、时常骂人,儿科病名医验案解析,例一,现代临床
多动症,疾病表现症状,注意力不集中、上课时小动作多、性格孤僻、语言表达力差,儿科病名医验案解析,例一,现代临床
多动症,症状伴随症状,大便干结、小溲黄赤、口渴多饮、唇色樱红、胃纳不香、口臭咽痛,儿科病名医验案解析,例一,现代临床
多动症,疾病导致舌象,舌红、苔薄白,儿科病名医验案解析,例一,现代临床
多动症,疾病导致脉象,脉象弦数,儿科病名医验案解析,例一,现代临床
多动症,症状辨证证候,肝气郁结，上扰神明,儿科病名医验案解析,例一,现代临床
多动症,证候导致舌象,舌质红、苔薄白,儿科病名医验案解析,例一,现代临床
多动症,证候导致脉象,脉象细弦或弦数,儿科病名医验案解析,例一,现代临床
多动症,综合辨证证候,怒气伤肝，肝气郁结，肝阳上亢，心神被扰,儿科病名医验案解析,例一,现代临床
多动症,证候采用方剂,珍珠母、生百合、钩藤、首乌藤、生白芍、生地黄、当归、炒酸枣仁、柏子仁、制鳖甲、玉竹、炒白术,儿科病名医验案解析,例一,现代临床
多动症,证候采用方剂,生黄芪、党参、益智、枸杞子、肉苁蓉、炙远志、熟地黄、楮实子、升麻、核桃仁、炙甘草,儿科病名医验案解析,例一,现代临床
多动症,证候采用方剂,川厚朴、赤茯苓、川黄檗、知母、泽泻、川黄连、条黄芩、藿兰、佩兰、苍术、猪苓,儿科病名医验案解析,例一,现代临床
多动症,证候采用方剂,石菖蒲、郁金、莲子心,儿科病名医验案解析,例一,现代临床
多动症,症状伴随症状,头晕目眩、学习时精力分散、考试成绩逐日下降、盗汗、多梦呓语、每2-5日尿床1次,儿科病名医验案解析,例一,现代临床
多动症,疾病导致舌象,舌淡红无苔,儿科病名医验案解析,例一,现代临床
多动症,疾病导致脉象,脉细缓,儿科病名医验案解析,例一,现代临床
多动症,症状辨证证候,脾肾两亏，心肾不交,儿科病名医验案解析,例一,现代临床
多动症,综合辨证证候,久病脾肾两虚，脾胃虚则不和，胃不和则寐不安，肾阴亏则心阳亢，心阳亢则多动躁扰不宁,儿科病名医验案解析,例一,现代临床
多动症,症状伴随症状,大便干结、小溲黄赤、口渴多饮、唇色樱红、胃纳不香、口臭咽痛,儿科病名医验案解析,例一,现代临床
多动症,疾病导致舌象,舌尖红、苔白腻,儿科病名医验案解析,例一,现代临床
多动症,疾病导致脉象,脉象滑数,儿科病名医验案解析,例一,现代临床
多动症,症状辨证证候,湿火内阻，熏蒸扰神,儿科病名医验案解析,例一,现代临床
多动症,综合辨证证候,湿火未净,儿科病名医验案解析,例一,现代临床
